ISO-10303-21;
HEADER;
FILE_DESCRIPTION(('Open CASCADE Model'),'2;1');
FILE_NAME('Open CASCADE Shape Model','2026-09-25T22:16:11',('Author'),(
    'Open CASCADE'),'Open CASCADE STEP processor 8.0','build123d',
  'Unknown');
FILE_SCHEMA(('AUTOMOTIVE_DESIGN { 1 0 10303 214 1 1 1 1 }'));
ENDSEC;
DATA;
#1 = APPLICATION_PROTOCOL_DEFINITION('international standard',
  'automotive_design',2000,#2);
#2 = APPLICATION_CONTEXT(
  'core data for automotive mechanical design processes');
#3 = SHAPE_DEFINITION_REPRESENTATION(#4,#10);
#4 = PRODUCT_DEFINITION_SHAPE('','',#5);
#5 = PRODUCT_DEFINITION('design','',#6,#9);
#6 = PRODUCT_DEFINITION_FORMATION('','',#7);
#7 = PRODUCT('COMPOUND','COMPOUND','',(#8));
#8 = PRODUCT_CONTEXT('',#2,'mechanical');
#9 = PRODUCT_DEFINITION_CONTEXT('part definition',#2,'design');
#10 = SHAPE_REPRESENTATION('',(#11,#15,#19,#23,#27,#31,#35,#39,#43,#47,
    #51,#55),#59);
#11 = AXIS2_PLACEMENT_3D('',#12,#13,#14);
#12 = CARTESIAN_POINT('',(0.,0.,0.));
#13 = DIRECTION('',(0.,0.,1.));
#14 = DIRECTION('',(1.,0.,-0.));
#15 = AXIS2_PLACEMENT_3D('',#16,#17,#18);
#16 = CARTESIAN_POINT('',(0.,0.,0.));
#17 = DIRECTION('',(0.,0.,1.));
#18 = DIRECTION('',(1.,0.,-0.));
#19 = AXIS2_PLACEMENT_3D('',#20,#21,#22);
#20 = CARTESIAN_POINT('',(0.,0.,0.));
#21 = DIRECTION('',(0.,0.,1.));
#22 = DIRECTION('',(1.,0.,-0.));
#23 = AXIS2_PLACEMENT_3D('',#24,#25,#26);
#24 = CARTESIAN_POINT('',(0.,0.,0.));
#25 = DIRECTION('',(0.,0.,1.));
#26 = DIRECTION('',(1.,0.,-0.));
#27 = AXIS2_PLACEMENT_3D('',#28,#29,#30);
#28 = CARTESIAN_POINT('',(300.,0.,2.7135E+03));
#29 = DIRECTION('',(0.,0.,1.));
#30 = DIRECTION('',(1.,0.,-0.));
#31 = AXIS2_PLACEMENT_3D('',#32,#33,#34);
#32 = CARTESIAN_POINT('',(0.,0.,0.));
#33 = DIRECTION('',(0.,0.,1.));
#34 = DIRECTION('',(1.,0.,-0.));
#35 = AXIS2_PLACEMENT_3D('',#36,#37,#38);
#36 = CARTESIAN_POINT('',(0.,0.,0.));
#37 = DIRECTION('',(0.,0.,1.));
#38 = DIRECTION('',(1.,0.,-0.));
#39 = AXIS2_PLACEMENT_3D('',#40,#41,#42);
#40 = CARTESIAN_POINT('',(0.,0.,0.));
#41 = DIRECTION('',(0.,0.,1.));
#42 = DIRECTION('',(1.,0.,-0.));
#43 = AXIS2_PLACEMENT_3D('',#44,#45,#46);
#44 = CARTESIAN_POINT('',(0.,0.,0.));
#45 = DIRECTION('',(0.,0.,1.));
#46 = DIRECTION('',(1.,0.,-0.));
#47 = AXIS2_PLACEMENT_3D('',#48,#49,#50);
#48 = CARTESIAN_POINT('',(0.,0.,0.));
#49 = DIRECTION('',(0.,0.,1.));
#50 = DIRECTION('',(1.,0.,-0.));
#51 = AXIS2_PLACEMENT_3D('',#52,#53,#54);
#52 = CARTESIAN_POINT('',(0.,0.,0.));
#53 = DIRECTION('',(0.,0.,1.));
#54 = DIRECTION('',(1.,0.,-0.));
#55 = AXIS2_PLACEMENT_3D('',#56,#57,#58);
#56 = CARTESIAN_POINT('',(0.,0.,0.));
#57 = DIRECTION('',(0.,0.,1.));
#58 = DIRECTION('',(1.,0.,-0.));
#59 = ( GEOMETRIC_REPRESENTATION_CONTEXT(3) 
GLOBAL_UNCERTAINTY_ASSIGNED_CONTEXT((#63)) GLOBAL_UNIT_ASSIGNED_CONTEXT(
(#60,#61,#62)) REPRESENTATION_CONTEXT('Context #1',
  '3D Context with UNIT and UNCERTAINTY') );
#60 = ( LENGTH_UNIT() NAMED_UNIT(*) SI_UNIT(.MILLI.,.METRE.) );
#61 = ( NAMED_UNIT(*) PLANE_ANGLE_UNIT() SI_UNIT($,.RADIAN.) );
#62 = ( NAMED_UNIT(*) SI_UNIT($,.STERADIAN.) SOLID_ANGLE_UNIT() );
#63 = UNCERTAINTY_MEASURE_WITH_UNIT(LENGTH_MEASURE(2.E-07),#60,
  'distance_accuracy_value','confusion accuracy');
#64 = PRODUCT_RELATED_PRODUCT_CATEGORY('part',$,(#7));
#65 = SHAPE_DEFINITION_REPRESENTATION(#66,#72);
#66 = PRODUCT_DEFINITION_SHAPE('','',#67);
#67 = PRODUCT_DEFINITION('design','',#68,#71);
#68 = PRODUCT_DEFINITION_FORMATION('','',#69);
#69 = PRODUCT('COMPOUND','COMPOUND','',(#70));
#70 = PRODUCT_CONTEXT('',#2,'mechanical');
#71 = PRODUCT_DEFINITION_CONTEXT('part definition',#2,'design');
#72 = SHAPE_REPRESENTATION('',(#11,#73,#1027,#1209),#1391);
#73 = MANIFOLD_SOLID_BREP('',#74);
#74 = CLOSED_SHELL('',(#75,#297,#373,#449,#525,#683,#759,#830,#864,#896,
    #925,#952,#986,#1018));
#75 = ADVANCED_FACE('',(#76),#90,.F.);
#76 = FACE_BOUND('',#77,.F.);
#77 = EDGE_LOOP('',(#78,#113,#141,#169,#195,#221,#247,#273));
#78 = ORIENTED_EDGE('',*,*,#79,.F.);
#79 = EDGE_CURVE('',#80,#82,#84,.T.);
#80 = VERTEX_POINT('',#81);
#81 = CARTESIAN_POINT('',(57.15,-55.,2.89E+03));
#82 = VERTEX_POINT('',#83);
#83 = CARTESIAN_POINT('',(57.15,-7.57627876995,2.89E+03));
#84 = SURFACE_CURVE('',#85,(#89,#101),.PCURVE_S1.);
#85 = LINE('',#86,#87);
#86 = CARTESIAN_POINT('',(57.15,-55.,2.89E+03));
#87 = VECTOR('',#88,1.);
#88 = DIRECTION('',(-0.,1.,0.));
#89 = PCURVE('',#90,#95);
#90 = PLANE('',#91);
#91 = AXIS2_PLACEMENT_3D('',#92,#93,#94);
#92 = CARTESIAN_POINT('',(57.15,-55.,2.71E+03));
#93 = DIRECTION('',(1.,0.,-0.));
#94 = DIRECTION('',(0.,0.,1.));
#95 = DEFINITIONAL_REPRESENTATION('',(#96),#100);
#96 = LINE('',#97,#98);
#97 = CARTESIAN_POINT('',(180.,0.));
#98 = VECTOR('',#99,1.);
#99 = DIRECTION('',(0.,-1.));
#100 = ( GEOMETRIC_REPRESENTATION_CONTEXT(2) 
PARAMETRIC_REPRESENTATION_CONTEXT() REPRESENTATION_CONTEXT('2D SPACE',''
  ) );
#101 = PCURVE('',#102,#107);
#102 = PLANE('',#103);
#103 = AXIS2_PLACEMENT_3D('',#104,#105,#106);
#104 = CARTESIAN_POINT('',(57.15,-55.,2.89E+03));
#105 = DIRECTION('',(0.,0.,1.));
#106 = DIRECTION('',(1.,0.,-0.));
#107 = DEFINITIONAL_REPRESENTATION('',(#108),#112);
#108 = LINE('',#109,#110);
#109 = CARTESIAN_POINT('',(0.,0.));
#110 = VECTOR('',#111,1.);
#111 = DIRECTION('',(0.,1.));
#112 = ( GEOMETRIC_REPRESENTATION_CONTEXT(2) 
PARAMETRIC_REPRESENTATION_CONTEXT() REPRESENTATION_CONTEXT('2D SPACE',''
  ) );
#113 = ORIENTED_EDGE('',*,*,#114,.F.);
#114 = EDGE_CURVE('',#115,#80,#117,.T.);
#115 = VERTEX_POINT('',#116);
#116 = CARTESIAN_POINT('',(57.15,-55.,2.71E+03));
#117 = SURFACE_CURVE('',#118,(#122,#129),.PCURVE_S1.);
#118 = LINE('',#119,#120);
#119 = CARTESIAN_POINT('',(57.15,-55.,2.71E+03));
#120 = VECTOR('',#121,1.);
#121 = DIRECTION('',(0.,0.,1.));
#122 = PCURVE('',#90,#123);
#123 = DEFINITIONAL_REPRESENTATION('',(#124),#128);
#124 = LINE('',#125,#126);
#125 = CARTESIAN_POINT('',(0.,0.));
#126 = VECTOR('',#127,1.);
#127 = DIRECTION('',(1.,0.));
#128 = ( GEOMETRIC_REPRESENTATION_CONTEXT(2) 
PARAMETRIC_REPRESENTATION_CONTEXT() REPRESENTATION_CONTEXT('2D SPACE',''
  ) );
#129 = PCURVE('',#130,#135);
#130 = PLANE('',#131);
#131 = AXIS2_PLACEMENT_3D('',#132,#133,#134);
#132 = CARTESIAN_POINT('',(57.15,-55.,2.71E+03));
#133 = DIRECTION('',(-0.,1.,0.));
#134 = DIRECTION('',(0.,0.,1.));
#135 = DEFINITIONAL_REPRESENTATION('',(#136),#140);
#136 = LINE('',#137,#138);
#137 = CARTESIAN_POINT('',(0.,0.));
#138 = VECTOR('',#139,1.);
#139 = DIRECTION('',(1.,0.));
#140 = ( GEOMETRIC_REPRESENTATION_CONTEXT(2) 
PARAMETRIC_REPRESENTATION_CONTEXT() REPRESENTATION_CONTEXT('2D SPACE',''
  ) );
#141 = ORIENTED_EDGE('',*,*,#142,.T.);
#142 = EDGE_CURVE('',#115,#143,#145,.T.);
#143 = VERTEX_POINT('',#144);
#144 = CARTESIAN_POINT('',(57.15,-7.57627876995,2.71E+03));
#145 = SURFACE_CURVE('',#146,(#150,#157),.PCURVE_S1.);
#146 = LINE('',#147,#148);
#147 = CARTESIAN_POINT('',(57.15,-55.,2.71E+03));
#148 = VECTOR('',#149,1.);
#149 = DIRECTION('',(-0.,1.,0.));
#150 = PCURVE('',#90,#151);
#151 = DEFINITIONAL_REPRESENTATION('',(#152),#156);
#152 = LINE('',#153,#154);
#153 = CARTESIAN_POINT('',(0.,0.));
#154 = VECTOR('',#155,1.);
#155 = DIRECTION('',(0.,-1.));
#156 = ( GEOMETRIC_REPRESENTATION_CONTEXT(2) 
PARAMETRIC_REPRESENTATION_CONTEXT() REPRESENTATION_CONTEXT('2D SPACE',''
  ) );
#157 = PCURVE('',#158,#163);
#158 = PLANE('',#159);
#159 = AXIS2_PLACEMENT_3D('',#160,#161,#162);
#160 = CARTESIAN_POINT('',(57.15,-55.,2.71E+03));
#161 = DIRECTION('',(0.,0.,1.));
#162 = DIRECTION('',(1.,0.,-0.));
#163 = DEFINITIONAL_REPRESENTATION('',(#164),#168);
#164 = LINE('',#165,#166);
#165 = CARTESIAN_POINT('',(0.,0.));
#166 = VECTOR('',#167,1.);
#167 = DIRECTION('',(0.,1.));
#168 = ( GEOMETRIC_REPRESENTATION_CONTEXT(2) 
PARAMETRIC_REPRESENTATION_CONTEXT() REPRESENTATION_CONTEXT('2D SPACE',''
  ) );
#169 = ORIENTED_EDGE('',*,*,#170,.T.);
#170 = EDGE_CURVE('',#143,#171,#173,.T.);
#171 = VERTEX_POINT('',#172);
#172 = CARTESIAN_POINT('',(57.15,-7.57627876995,2.715E+03));
#173 = SURFACE_CURVE('',#174,(#178,#184),.PCURVE_S1.);
#174 = LINE('',#175,#176);
#175 = CARTESIAN_POINT('',(57.15,-7.57627876995,2.709E+03));
#176 = VECTOR('',#177,1.);
#177 = DIRECTION('',(0.,0.,1.));
#178 = PCURVE('',#90,#179);
#179 = DEFINITIONAL_REPRESENTATION('',(#180),#183);
#180 = B_SPLINE_CURVE_WITH_KNOTS('',1,(#181,#182),.UNSPECIFIED.,.F.,.F.,
  (2,2),(-6.000000212225E-07,182.0000006),.PIECEWISE_BEZIER_KNOTS.);
#181 = CARTESIAN_POINT('',(-1.0000006,-47.42372123005));
#182 = CARTESIAN_POINT('',(181.0000006,-47.42372123005));
#183 = ( GEOMETRIC_REPRESENTATION_CONTEXT(2) 
PARAMETRIC_REPRESENTATION_CONTEXT() REPRESENTATION_CONTEXT('2D SPACE',''
  ) );
#184 = PCURVE('',#185,#190);
#185 = CYLINDRICAL_SURFACE('',#186,57.65);
#186 = AXIS2_PLACEMENT_3D('',#187,#188,#189);
#187 = CARTESIAN_POINT('',(0.,0.,2.709E+03));
#188 = DIRECTION('',(0.,0.,1.));
#189 = DIRECTION('',(1.,0.,-0.));
#190 = DEFINITIONAL_REPRESENTATION('',(#191),#194);
#191 = B_SPLINE_CURVE_WITH_KNOTS('',1,(#192,#193),.UNSPECIFIED.,.F.,.F.,
  (2,2),(1.,6.),.PIECEWISE_BEZIER_KNOTS.);
#192 = CARTESIAN_POINT('',(6.151385513082,1.));
#193 = CARTESIAN_POINT('',(6.151385513082,6.));
#194 = ( GEOMETRIC_REPRESENTATION_CONTEXT(2) 
PARAMETRIC_REPRESENTATION_CONTEXT() REPRESENTATION_CONTEXT('2D SPACE',''
  ) );
#195 = ORIENTED_EDGE('',*,*,#196,.T.);
#196 = EDGE_CURVE('',#171,#197,#199,.T.);
#197 = VERTEX_POINT('',#198);
#198 = CARTESIAN_POINT('',(57.15,-50.,2.715E+03));
#199 = SURFACE_CURVE('',#200,(#204,#210),.PCURVE_S1.);
#200 = LINE('',#201,#202);
#201 = CARTESIAN_POINT('',(57.15,-52.5,2.715E+03));
#202 = VECTOR('',#203,1.);
#203 = DIRECTION('',(0.,-1.,0.));
#204 = PCURVE('',#90,#205);
#205 = DEFINITIONAL_REPRESENTATION('',(#206),#209);
#206 = B_SPLINE_CURVE_WITH_KNOTS('',1,(#207,#208),.UNSPECIFIED.,.F.,.F.,
  (2,2),(-102.5,-2.5),.PIECEWISE_BEZIER_KNOTS.);
#207 = CARTESIAN_POINT('',(5.,-105.));
#208 = CARTESIAN_POINT('',(5.,-5.));
#209 = ( GEOMETRIC_REPRESENTATION_CONTEXT(2) 
PARAMETRIC_REPRESENTATION_CONTEXT() REPRESENTATION_CONTEXT('2D SPACE',''
  ) );
#210 = PCURVE('',#211,#216);
#211 = PLANE('',#212);
#212 = AXIS2_PLACEMENT_3D('',#213,#214,#215);
#213 = CARTESIAN_POINT('',(55.15,-50.,2.715E+03));
#214 = DIRECTION('',(0.,0.,1.));
#215 = DIRECTION('',(1.,0.,-0.));
#216 = DEFINITIONAL_REPRESENTATION('',(#217),#220);
#217 = B_SPLINE_CURVE_WITH_KNOTS('',1,(#218,#219),.UNSPECIFIED.,.F.,.F.,
  (2,2),(-102.5,-2.5),.PIECEWISE_BEZIER_KNOTS.);
#218 = CARTESIAN_POINT('',(2.,100.));
#219 = CARTESIAN_POINT('',(2.,0.));
#220 = ( GEOMETRIC_REPRESENTATION_CONTEXT(2) 
PARAMETRIC_REPRESENTATION_CONTEXT() REPRESENTATION_CONTEXT('2D SPACE',''
  ) );
#221 = ORIENTED_EDGE('',*,*,#222,.T.);
#222 = EDGE_CURVE('',#197,#223,#225,.T.);
#223 = VERTEX_POINT('',#224);
#224 = CARTESIAN_POINT('',(57.15,-50.,2.885E+03));
#225 = SURFACE_CURVE('',#226,(#230,#236),.PCURVE_S1.);
#226 = LINE('',#227,#228);
#227 = CARTESIAN_POINT('',(57.15,-50.,2.7125E+03));
#228 = VECTOR('',#229,1.);
#229 = DIRECTION('',(0.,0.,1.));
#230 = PCURVE('',#90,#231);
#231 = DEFINITIONAL_REPRESENTATION('',(#232),#235);
#232 = B_SPLINE_CURVE_WITH_KNOTS('',1,(#233,#234),.UNSPECIFIED.,.F.,.F.,
  (2,2),(2.5,172.5),.PIECEWISE_BEZIER_KNOTS.);
#233 = CARTESIAN_POINT('',(5.,-5.));
#234 = CARTESIAN_POINT('',(175.,-5.));
#235 = ( GEOMETRIC_REPRESENTATION_CONTEXT(2) 
PARAMETRIC_REPRESENTATION_CONTEXT() REPRESENTATION_CONTEXT('2D SPACE',''
  ) );
#236 = PCURVE('',#237,#242);
#237 = PLANE('',#238);
#238 = AXIS2_PLACEMENT_3D('',#239,#240,#241);
#239 = CARTESIAN_POINT('',(55.15,-50.,2.715E+03));
#240 = DIRECTION('',(-0.,1.,0.));
#241 = DIRECTION('',(0.,0.,1.));
#242 = DEFINITIONAL_REPRESENTATION('',(#243),#246);
#243 = B_SPLINE_CURVE_WITH_KNOTS('',1,(#244,#245),.UNSPECIFIED.,.F.,.F.,
  (2,2),(2.5,172.5),.PIECEWISE_BEZIER_KNOTS.);
#244 = CARTESIAN_POINT('',(0.,2.));
#245 = CARTESIAN_POINT('',(170.,2.));
#246 = ( GEOMETRIC_REPRESENTATION_CONTEXT(2) 
PARAMETRIC_REPRESENTATION_CONTEXT() REPRESENTATION_CONTEXT('2D SPACE',''
  ) );
#247 = ORIENTED_EDGE('',*,*,#248,.F.);
#248 = EDGE_CURVE('',#249,#223,#251,.T.);
#249 = VERTEX_POINT('',#250);
#250 = CARTESIAN_POINT('',(57.15,-7.57627876995,2.885E+03));
#251 = SURFACE_CURVE('',#252,(#256,#262),.PCURVE_S1.);
#252 = LINE('',#253,#254);
#253 = CARTESIAN_POINT('',(57.15,-52.5,2.885E+03));
#254 = VECTOR('',#255,1.);
#255 = DIRECTION('',(0.,-1.,0.));
#256 = PCURVE('',#90,#257);
#257 = DEFINITIONAL_REPRESENTATION('',(#258),#261);
#258 = B_SPLINE_CURVE_WITH_KNOTS('',1,(#259,#260),.UNSPECIFIED.,.F.,.F.,
  (2,2),(-102.5,-2.5),.PIECEWISE_BEZIER_KNOTS.);
#259 = CARTESIAN_POINT('',(175.,-105.));
#260 = CARTESIAN_POINT('',(175.,-5.));
#261 = ( GEOMETRIC_REPRESENTATION_CONTEXT(2) 
PARAMETRIC_REPRESENTATION_CONTEXT() REPRESENTATION_CONTEXT('2D SPACE',''
  ) );
#262 = PCURVE('',#263,#268);
#263 = PLANE('',#264);
#264 = AXIS2_PLACEMENT_3D('',#265,#266,#267);
#265 = CARTESIAN_POINT('',(55.15,-50.,2.885E+03));
#266 = DIRECTION('',(0.,0.,1.));
#267 = DIRECTION('',(1.,0.,-0.));
#268 = DEFINITIONAL_REPRESENTATION('',(#269),#272);
#269 = B_SPLINE_CURVE_WITH_KNOTS('',1,(#270,#271),.UNSPECIFIED.,.F.,.F.,
  (2,2),(-102.5,-2.5),.PIECEWISE_BEZIER_KNOTS.);
#270 = CARTESIAN_POINT('',(2.,100.));
#271 = CARTESIAN_POINT('',(2.,0.));
#272 = ( GEOMETRIC_REPRESENTATION_CONTEXT(2) 
PARAMETRIC_REPRESENTATION_CONTEXT() REPRESENTATION_CONTEXT('2D SPACE',''
  ) );
#273 = ORIENTED_EDGE('',*,*,#274,.T.);
#274 = EDGE_CURVE('',#249,#82,#275,.T.);
#275 = SURFACE_CURVE('',#276,(#280,#286),.PCURVE_S1.);
#276 = LINE('',#277,#278);
#277 = CARTESIAN_POINT('',(57.15,-7.57627876995,2.709E+03));
#278 = VECTOR('',#279,1.);
#279 = DIRECTION('',(0.,0.,1.));
#280 = PCURVE('',#90,#281);
#281 = DEFINITIONAL_REPRESENTATION('',(#282),#285);
#282 = B_SPLINE_CURVE_WITH_KNOTS('',1,(#283,#284),.UNSPECIFIED.,.F.,.F.,
  (2,2),(-6.000000212225E-07,182.0000006),.PIECEWISE_BEZIER_KNOTS.);
#283 = CARTESIAN_POINT('',(-1.0000006,-47.42372123005));
#284 = CARTESIAN_POINT('',(181.0000006,-47.42372123005));
#285 = ( GEOMETRIC_REPRESENTATION_CONTEXT(2) 
PARAMETRIC_REPRESENTATION_CONTEXT() REPRESENTATION_CONTEXT('2D SPACE',''
  ) );
#286 = PCURVE('',#287,#292);
#287 = CYLINDRICAL_SURFACE('',#288,57.65);
#288 = AXIS2_PLACEMENT_3D('',#289,#290,#291);
#289 = CARTESIAN_POINT('',(0.,0.,2.709E+03));
#290 = DIRECTION('',(0.,0.,1.));
#291 = DIRECTION('',(1.,0.,-0.));
#292 = DEFINITIONAL_REPRESENTATION('',(#293),#296);
#293 = B_SPLINE_CURVE_WITH_KNOTS('',1,(#294,#295),.UNSPECIFIED.,.F.,.F.,
  (2,2),(176.,181.),.PIECEWISE_BEZIER_KNOTS.);
#294 = CARTESIAN_POINT('',(6.151385513082,176.));
#295 = CARTESIAN_POINT('',(6.151385513082,181.));
#296 = ( GEOMETRIC_REPRESENTATION_CONTEXT(2) 
PARAMETRIC_REPRESENTATION_CONTEXT() REPRESENTATION_CONTEXT('2D SPACE',''
  ) );
#297 = ADVANCED_FACE('',(#298),#130,.F.);
#298 = FACE_BOUND('',#299,.F.);
#299 = EDGE_LOOP('',(#300,#323,#324,#347));
#300 = ORIENTED_EDGE('',*,*,#301,.F.);
#301 = EDGE_CURVE('',#115,#302,#304,.T.);
#302 = VERTEX_POINT('',#303);
#303 = CARTESIAN_POINT('',(87.15,-55.,2.71E+03));
#304 = SURFACE_CURVE('',#305,(#309,#316),.PCURVE_S1.);
#305 = LINE('',#306,#307);
#306 = CARTESIAN_POINT('',(57.15,-55.,2.71E+03));
#307 = VECTOR('',#308,1.);
#308 = DIRECTION('',(1.,0.,-0.));
#309 = PCURVE('',#130,#310);
#310 = DEFINITIONAL_REPRESENTATION('',(#311),#315);
#311 = LINE('',#312,#313);
#312 = CARTESIAN_POINT('',(0.,0.));
#313 = VECTOR('',#314,1.);
#314 = DIRECTION('',(0.,1.));
#315 = ( GEOMETRIC_REPRESENTATION_CONTEXT(2) 
PARAMETRIC_REPRESENTATION_CONTEXT() REPRESENTATION_CONTEXT('2D SPACE',''
  ) );
#316 = PCURVE('',#158,#317);
#317 = DEFINITIONAL_REPRESENTATION('',(#318),#322);
#318 = LINE('',#319,#320);
#319 = CARTESIAN_POINT('',(0.,0.));
#320 = VECTOR('',#321,1.);
#321 = DIRECTION('',(1.,0.));
#322 = ( GEOMETRIC_REPRESENTATION_CONTEXT(2) 
PARAMETRIC_REPRESENTATION_CONTEXT() REPRESENTATION_CONTEXT('2D SPACE',''
  ) );
#323 = ORIENTED_EDGE('',*,*,#114,.T.);
#324 = ORIENTED_EDGE('',*,*,#325,.T.);
#325 = EDGE_CURVE('',#80,#326,#328,.T.);
#326 = VERTEX_POINT('',#327);
#327 = CARTESIAN_POINT('',(87.15,-55.,2.89E+03));
#328 = SURFACE_CURVE('',#329,(#333,#340),.PCURVE_S1.);
#329 = LINE('',#330,#331);
#330 = CARTESIAN_POINT('',(57.15,-55.,2.89E+03));
#331 = VECTOR('',#332,1.);
#332 = DIRECTION('',(1.,0.,-0.));
#333 = PCURVE('',#130,#334);
#334 = DEFINITIONAL_REPRESENTATION('',(#335),#339);
#335 = LINE('',#336,#337);
#336 = CARTESIAN_POINT('',(180.,0.));
#337 = VECTOR('',#338,1.);
#338 = DIRECTION('',(0.,1.));
#339 = ( GEOMETRIC_REPRESENTATION_CONTEXT(2) 
PARAMETRIC_REPRESENTATION_CONTEXT() REPRESENTATION_CONTEXT('2D SPACE',''
  ) );
#340 = PCURVE('',#102,#341);
#341 = DEFINITIONAL_REPRESENTATION('',(#342),#346);
#342 = LINE('',#343,#344);
#343 = CARTESIAN_POINT('',(0.,0.));
#344 = VECTOR('',#345,1.);
#345 = DIRECTION('',(1.,0.));
#346 = ( GEOMETRIC_REPRESENTATION_CONTEXT(2) 
PARAMETRIC_REPRESENTATION_CONTEXT() REPRESENTATION_CONTEXT('2D SPACE',''
  ) );
#347 = ORIENTED_EDGE('',*,*,#348,.F.);
#348 = EDGE_CURVE('',#302,#326,#349,.T.);
#349 = SURFACE_CURVE('',#350,(#354,#361),.PCURVE_S1.);
#350 = LINE('',#351,#352);
#351 = CARTESIAN_POINT('',(87.15,-55.,2.71E+03));
#352 = VECTOR('',#353,1.);
#353 = DIRECTION('',(0.,0.,1.));
#354 = PCURVE('',#130,#355);
#355 = DEFINITIONAL_REPRESENTATION('',(#356),#360);
#356 = LINE('',#357,#358);
#357 = CARTESIAN_POINT('',(0.,30.));
#358 = VECTOR('',#359,1.);
#359 = DIRECTION('',(1.,0.));
#360 = ( GEOMETRIC_REPRESENTATION_CONTEXT(2) 
PARAMETRIC_REPRESENTATION_CONTEXT() REPRESENTATION_CONTEXT('2D SPACE',''
  ) );
#361 = PCURVE('',#362,#367);
#362 = PLANE('',#363);
#363 = AXIS2_PLACEMENT_3D('',#364,#365,#366);
#364 = CARTESIAN_POINT('',(87.15,-55.,2.71E+03));
#365 = DIRECTION('',(1.,0.,-0.));
#366 = DIRECTION('',(0.,0.,1.));
#367 = DEFINITIONAL_REPRESENTATION('',(#368),#372);
#368 = LINE('',#369,#370);
#369 = CARTESIAN_POINT('',(0.,0.));
#370 = VECTOR('',#371,1.);
#371 = DIRECTION('',(1.,0.));
#372 = ( GEOMETRIC_REPRESENTATION_CONTEXT(2) 
PARAMETRIC_REPRESENTATION_CONTEXT() REPRESENTATION_CONTEXT('2D SPACE',''
  ) );
#373 = ADVANCED_FACE('',(#374),#362,.T.);
#374 = FACE_BOUND('',#375,.T.);
#375 = EDGE_LOOP('',(#376,#377,#400,#428));
#376 = ORIENTED_EDGE('',*,*,#348,.F.);
#377 = ORIENTED_EDGE('',*,*,#378,.T.);
#378 = EDGE_CURVE('',#302,#379,#381,.T.);
#379 = VERTEX_POINT('',#380);
#380 = CARTESIAN_POINT('',(87.15,55.,2.71E+03));
#381 = SURFACE_CURVE('',#382,(#386,#393),.PCURVE_S1.);
#382 = LINE('',#383,#384);
#383 = CARTESIAN_POINT('',(87.15,-55.,2.71E+03));
#384 = VECTOR('',#385,1.);
#385 = DIRECTION('',(-0.,1.,0.));
#386 = PCURVE('',#362,#387);
#387 = DEFINITIONAL_REPRESENTATION('',(#388),#392);
#388 = LINE('',#389,#390);
#389 = CARTESIAN_POINT('',(0.,0.));
#390 = VECTOR('',#391,1.);
#391 = DIRECTION('',(0.,-1.));
#392 = ( GEOMETRIC_REPRESENTATION_CONTEXT(2) 
PARAMETRIC_REPRESENTATION_CONTEXT() REPRESENTATION_CONTEXT('2D SPACE',''
  ) );
#393 = PCURVE('',#158,#394);
#394 = DEFINITIONAL_REPRESENTATION('',(#395),#399);
#395 = LINE('',#396,#397);
#396 = CARTESIAN_POINT('',(30.,0.));
#397 = VECTOR('',#398,1.);
#398 = DIRECTION('',(0.,1.));
#399 = ( GEOMETRIC_REPRESENTATION_CONTEXT(2) 
PARAMETRIC_REPRESENTATION_CONTEXT() REPRESENTATION_CONTEXT('2D SPACE',''
  ) );
#400 = ORIENTED_EDGE('',*,*,#401,.T.);
#401 = EDGE_CURVE('',#379,#402,#404,.T.);
#402 = VERTEX_POINT('',#403);
#403 = CARTESIAN_POINT('',(87.15,55.,2.89E+03));
#404 = SURFACE_CURVE('',#405,(#409,#416),.PCURVE_S1.);
#405 = LINE('',#406,#407);
#406 = CARTESIAN_POINT('',(87.15,55.,2.71E+03));
#407 = VECTOR('',#408,1.);
#408 = DIRECTION('',(0.,0.,1.));
#409 = PCURVE('',#362,#410);
#410 = DEFINITIONAL_REPRESENTATION('',(#411),#415);
#411 = LINE('',#412,#413);
#412 = CARTESIAN_POINT('',(0.,-110.));
#413 = VECTOR('',#414,1.);
#414 = DIRECTION('',(1.,0.));
#415 = ( GEOMETRIC_REPRESENTATION_CONTEXT(2) 
PARAMETRIC_REPRESENTATION_CONTEXT() REPRESENTATION_CONTEXT('2D SPACE',''
  ) );
#416 = PCURVE('',#417,#422);
#417 = PLANE('',#418);
#418 = AXIS2_PLACEMENT_3D('',#419,#420,#421);
#419 = CARTESIAN_POINT('',(57.15,55.,2.71E+03));
#420 = DIRECTION('',(-0.,1.,0.));
#421 = DIRECTION('',(0.,0.,1.));
#422 = DEFINITIONAL_REPRESENTATION('',(#423),#427);
#423 = LINE('',#424,#425);
#424 = CARTESIAN_POINT('',(0.,30.));
#425 = VECTOR('',#426,1.);
#426 = DIRECTION('',(1.,0.));
#427 = ( GEOMETRIC_REPRESENTATION_CONTEXT(2) 
PARAMETRIC_REPRESENTATION_CONTEXT() REPRESENTATION_CONTEXT('2D SPACE',''
  ) );
#428 = ORIENTED_EDGE('',*,*,#429,.F.);
#429 = EDGE_CURVE('',#326,#402,#430,.T.);
#430 = SURFACE_CURVE('',#431,(#435,#442),.PCURVE_S1.);
#431 = LINE('',#432,#433);
#432 = CARTESIAN_POINT('',(87.15,-55.,2.89E+03));
#433 = VECTOR('',#434,1.);
#434 = DIRECTION('',(-0.,1.,0.));
#435 = PCURVE('',#362,#436);
#436 = DEFINITIONAL_REPRESENTATION('',(#437),#441);
#437 = LINE('',#438,#439);
#438 = CARTESIAN_POINT('',(180.,0.));
#439 = VECTOR('',#440,1.);
#440 = DIRECTION('',(0.,-1.));
#441 = ( GEOMETRIC_REPRESENTATION_CONTEXT(2) 
PARAMETRIC_REPRESENTATION_CONTEXT() REPRESENTATION_CONTEXT('2D SPACE',''
  ) );
#442 = PCURVE('',#102,#443);
#443 = DEFINITIONAL_REPRESENTATION('',(#444),#448);
#444 = LINE('',#445,#446);
#445 = CARTESIAN_POINT('',(30.,0.));
#446 = VECTOR('',#447,1.);
#447 = DIRECTION('',(0.,1.));
#448 = ( GEOMETRIC_REPRESENTATION_CONTEXT(2) 
PARAMETRIC_REPRESENTATION_CONTEXT() REPRESENTATION_CONTEXT('2D SPACE',''
  ) );
#449 = ADVANCED_FACE('',(#450),#417,.T.);
#450 = FACE_BOUND('',#451,.T.);
#451 = EDGE_LOOP('',(#452,#475,#503,#524));
#452 = ORIENTED_EDGE('',*,*,#453,.F.);
#453 = EDGE_CURVE('',#454,#379,#456,.T.);
#454 = VERTEX_POINT('',#455);
#455 = CARTESIAN_POINT('',(57.15,55.,2.71E+03));
#456 = SURFACE_CURVE('',#457,(#461,#468),.PCURVE_S1.);
#457 = LINE('',#458,#459);
#458 = CARTESIAN_POINT('',(57.15,55.,2.71E+03));
#459 = VECTOR('',#460,1.);
#460 = DIRECTION('',(1.,0.,-0.));
#461 = PCURVE('',#417,#462);
#462 = DEFINITIONAL_REPRESENTATION('',(#463),#467);
#463 = LINE('',#464,#465);
#464 = CARTESIAN_POINT('',(0.,0.));
#465 = VECTOR('',#466,1.);
#466 = DIRECTION('',(0.,1.));
#467 = ( GEOMETRIC_REPRESENTATION_CONTEXT(2) 
PARAMETRIC_REPRESENTATION_CONTEXT() REPRESENTATION_CONTEXT('2D SPACE',''
  ) );
#468 = PCURVE('',#158,#469);
#469 = DEFINITIONAL_REPRESENTATION('',(#470),#474);
#470 = LINE('',#471,#472);
#471 = CARTESIAN_POINT('',(0.,110.));
#472 = VECTOR('',#473,1.);
#473 = DIRECTION('',(1.,0.));
#474 = ( GEOMETRIC_REPRESENTATION_CONTEXT(2) 
PARAMETRIC_REPRESENTATION_CONTEXT() REPRESENTATION_CONTEXT('2D SPACE',''
  ) );
#475 = ORIENTED_EDGE('',*,*,#476,.T.);
#476 = EDGE_CURVE('',#454,#477,#479,.T.);
#477 = VERTEX_POINT('',#478);
#478 = CARTESIAN_POINT('',(57.15,55.,2.89E+03));
#479 = SURFACE_CURVE('',#480,(#484,#491),.PCURVE_S1.);
#480 = LINE('',#481,#482);
#481 = CARTESIAN_POINT('',(57.15,55.,2.71E+03));
#482 = VECTOR('',#483,1.);
#483 = DIRECTION('',(0.,0.,1.));
#484 = PCURVE('',#417,#485);
#485 = DEFINITIONAL_REPRESENTATION('',(#486),#490);
#486 = LINE('',#487,#488);
#487 = CARTESIAN_POINT('',(0.,0.));
#488 = VECTOR('',#489,1.);
#489 = DIRECTION('',(1.,0.));
#490 = ( GEOMETRIC_REPRESENTATION_CONTEXT(2) 
PARAMETRIC_REPRESENTATION_CONTEXT() REPRESENTATION_CONTEXT('2D SPACE',''
  ) );
#491 = PCURVE('',#492,#497);
#492 = PLANE('',#493);
#493 = AXIS2_PLACEMENT_3D('',#494,#495,#496);
#494 = CARTESIAN_POINT('',(57.15,-55.,2.71E+03));
#495 = DIRECTION('',(1.,0.,-0.));
#496 = DIRECTION('',(0.,0.,1.));
#497 = DEFINITIONAL_REPRESENTATION('',(#498),#502);
#498 = LINE('',#499,#500);
#499 = CARTESIAN_POINT('',(0.,-110.));
#500 = VECTOR('',#501,1.);
#501 = DIRECTION('',(1.,0.));
#502 = ( GEOMETRIC_REPRESENTATION_CONTEXT(2) 
PARAMETRIC_REPRESENTATION_CONTEXT() REPRESENTATION_CONTEXT('2D SPACE',''
  ) );
#503 = ORIENTED_EDGE('',*,*,#504,.T.);
#504 = EDGE_CURVE('',#477,#402,#505,.T.);
#505 = SURFACE_CURVE('',#506,(#510,#517),.PCURVE_S1.);
#506 = LINE('',#507,#508);
#507 = CARTESIAN_POINT('',(57.15,55.,2.89E+03));
#508 = VECTOR('',#509,1.);
#509 = DIRECTION('',(1.,0.,-0.));
#510 = PCURVE('',#417,#511);
#511 = DEFINITIONAL_REPRESENTATION('',(#512),#516);
#512 = LINE('',#513,#514);
#513 = CARTESIAN_POINT('',(180.,0.));
#514 = VECTOR('',#515,1.);
#515 = DIRECTION('',(0.,1.));
#516 = ( GEOMETRIC_REPRESENTATION_CONTEXT(2) 
PARAMETRIC_REPRESENTATION_CONTEXT() REPRESENTATION_CONTEXT('2D SPACE',''
  ) );
#517 = PCURVE('',#102,#518);
#518 = DEFINITIONAL_REPRESENTATION('',(#519),#523);
#519 = LINE('',#520,#521);
#520 = CARTESIAN_POINT('',(0.,110.));
#521 = VECTOR('',#522,1.);
#522 = DIRECTION('',(1.,0.));
#523 = ( GEOMETRIC_REPRESENTATION_CONTEXT(2) 
PARAMETRIC_REPRESENTATION_CONTEXT() REPRESENTATION_CONTEXT('2D SPACE',''
  ) );
#524 = ORIENTED_EDGE('',*,*,#401,.F.);
#525 = ADVANCED_FACE('',(#526),#492,.F.);
#526 = FACE_BOUND('',#527,.F.);
#527 = EDGE_LOOP('',(#528,#551,#572,#593,#619,#640,#661,#682));
#528 = ORIENTED_EDGE('',*,*,#529,.F.);
#529 = EDGE_CURVE('',#530,#477,#532,.T.);
#530 = VERTEX_POINT('',#531);
#531 = CARTESIAN_POINT('',(57.15,7.57627876995,2.89E+03));
#532 = SURFACE_CURVE('',#533,(#537,#544),.PCURVE_S1.);
#533 = LINE('',#534,#535);
#534 = CARTESIAN_POINT('',(57.15,-55.,2.89E+03));
#535 = VECTOR('',#536,1.);
#536 = DIRECTION('',(-0.,1.,0.));
#537 = PCURVE('',#492,#538);
#538 = DEFINITIONAL_REPRESENTATION('',(#539),#543);
#539 = LINE('',#540,#541);
#540 = CARTESIAN_POINT('',(180.,0.));
#541 = VECTOR('',#542,1.);
#542 = DIRECTION('',(0.,-1.));
#543 = ( GEOMETRIC_REPRESENTATION_CONTEXT(2) 
PARAMETRIC_REPRESENTATION_CONTEXT() REPRESENTATION_CONTEXT('2D SPACE',''
  ) );
#544 = PCURVE('',#102,#545);
#545 = DEFINITIONAL_REPRESENTATION('',(#546),#550);
#546 = LINE('',#547,#548);
#547 = CARTESIAN_POINT('',(0.,0.));
#548 = VECTOR('',#549,1.);
#549 = DIRECTION('',(0.,1.));
#550 = ( GEOMETRIC_REPRESENTATION_CONTEXT(2) 
PARAMETRIC_REPRESENTATION_CONTEXT() REPRESENTATION_CONTEXT('2D SPACE',''
  ) );
#551 = ORIENTED_EDGE('',*,*,#552,.F.);
#552 = EDGE_CURVE('',#553,#530,#555,.T.);
#553 = VERTEX_POINT('',#554);
#554 = CARTESIAN_POINT('',(57.15,7.57627876995,2.885E+03));
#555 = SURFACE_CURVE('',#556,(#560,#566),.PCURVE_S1.);
#556 = LINE('',#557,#558);
#557 = CARTESIAN_POINT('',(57.15,7.57627876995,2.709E+03));
#558 = VECTOR('',#559,1.);
#559 = DIRECTION('',(0.,0.,1.));
#560 = PCURVE('',#492,#561);
#561 = DEFINITIONAL_REPRESENTATION('',(#562),#565);
#562 = B_SPLINE_CURVE_WITH_KNOTS('',1,(#563,#564),.UNSPECIFIED.,.F.,.F.,
  (2,2),(-6.000000212225E-07,182.0000006),.PIECEWISE_BEZIER_KNOTS.);
#563 = CARTESIAN_POINT('',(-1.0000006,-62.57627876995));
#564 = CARTESIAN_POINT('',(181.0000006,-62.57627876995));
#565 = ( GEOMETRIC_REPRESENTATION_CONTEXT(2) 
PARAMETRIC_REPRESENTATION_CONTEXT() REPRESENTATION_CONTEXT('2D SPACE',''
  ) );
#566 = PCURVE('',#287,#567);
#567 = DEFINITIONAL_REPRESENTATION('',(#568),#571);
#568 = B_SPLINE_CURVE_WITH_KNOTS('',1,(#569,#570),.UNSPECIFIED.,.F.,.F.,
  (2,2),(176.,181.),.PIECEWISE_BEZIER_KNOTS.);
#569 = CARTESIAN_POINT('',(6.414985101277,176.));
#570 = CARTESIAN_POINT('',(6.414985101277,181.));
#571 = ( GEOMETRIC_REPRESENTATION_CONTEXT(2) 
PARAMETRIC_REPRESENTATION_CONTEXT() REPRESENTATION_CONTEXT('2D SPACE',''
  ) );
#572 = ORIENTED_EDGE('',*,*,#573,.F.);
#573 = EDGE_CURVE('',#574,#553,#576,.T.);
#574 = VERTEX_POINT('',#575);
#575 = CARTESIAN_POINT('',(57.15,50.,2.885E+03));
#576 = SURFACE_CURVE('',#577,(#581,#587),.PCURVE_S1.);
#577 = LINE('',#578,#579);
#578 = CARTESIAN_POINT('',(57.15,-52.5,2.885E+03));
#579 = VECTOR('',#580,1.);
#580 = DIRECTION('',(0.,-1.,0.));
#581 = PCURVE('',#492,#582);
#582 = DEFINITIONAL_REPRESENTATION('',(#583),#586);
#583 = B_SPLINE_CURVE_WITH_KNOTS('',1,(#584,#585),.UNSPECIFIED.,.F.,.F.,
  (2,2),(-102.5,-2.5),.PIECEWISE_BEZIER_KNOTS.);
#584 = CARTESIAN_POINT('',(175.,-105.));
#585 = CARTESIAN_POINT('',(175.,-5.));
#586 = ( GEOMETRIC_REPRESENTATION_CONTEXT(2) 
PARAMETRIC_REPRESENTATION_CONTEXT() REPRESENTATION_CONTEXT('2D SPACE',''
  ) );
#587 = PCURVE('',#263,#588);
#588 = DEFINITIONAL_REPRESENTATION('',(#589),#592);
#589 = B_SPLINE_CURVE_WITH_KNOTS('',1,(#590,#591),.UNSPECIFIED.,.F.,.F.,
  (2,2),(-102.5,-2.5),.PIECEWISE_BEZIER_KNOTS.);
#590 = CARTESIAN_POINT('',(2.,100.));
#591 = CARTESIAN_POINT('',(2.,0.));
#592 = ( GEOMETRIC_REPRESENTATION_CONTEXT(2) 
PARAMETRIC_REPRESENTATION_CONTEXT() REPRESENTATION_CONTEXT('2D SPACE',''
  ) );
#593 = ORIENTED_EDGE('',*,*,#594,.F.);
#594 = EDGE_CURVE('',#595,#574,#597,.T.);
#595 = VERTEX_POINT('',#596);
#596 = CARTESIAN_POINT('',(57.15,50.,2.715E+03));
#597 = SURFACE_CURVE('',#598,(#602,#608),.PCURVE_S1.);
#598 = LINE('',#599,#600);
#599 = CARTESIAN_POINT('',(57.15,50.,2.7125E+03));
#600 = VECTOR('',#601,1.);
#601 = DIRECTION('',(0.,0.,1.));
#602 = PCURVE('',#492,#603);
#603 = DEFINITIONAL_REPRESENTATION('',(#604),#607);
#604 = B_SPLINE_CURVE_WITH_KNOTS('',1,(#605,#606),.UNSPECIFIED.,.F.,.F.,
  (2,2),(2.5,172.5),.PIECEWISE_BEZIER_KNOTS.);
#605 = CARTESIAN_POINT('',(5.,-105.));
#606 = CARTESIAN_POINT('',(175.,-105.));
#607 = ( GEOMETRIC_REPRESENTATION_CONTEXT(2) 
PARAMETRIC_REPRESENTATION_CONTEXT() REPRESENTATION_CONTEXT('2D SPACE',''
  ) );
#608 = PCURVE('',#609,#614);
#609 = PLANE('',#610);
#610 = AXIS2_PLACEMENT_3D('',#611,#612,#613);
#611 = CARTESIAN_POINT('',(55.15,50.,2.715E+03));
#612 = DIRECTION('',(-0.,1.,0.));
#613 = DIRECTION('',(0.,0.,1.));
#614 = DEFINITIONAL_REPRESENTATION('',(#615),#618);
#615 = B_SPLINE_CURVE_WITH_KNOTS('',1,(#616,#617),.UNSPECIFIED.,.F.,.F.,
  (2,2),(2.5,172.5),.PIECEWISE_BEZIER_KNOTS.);
#616 = CARTESIAN_POINT('',(0.,2.));
#617 = CARTESIAN_POINT('',(170.,2.));
#618 = ( GEOMETRIC_REPRESENTATION_CONTEXT(2) 
PARAMETRIC_REPRESENTATION_CONTEXT() REPRESENTATION_CONTEXT('2D SPACE',''
  ) );
#619 = ORIENTED_EDGE('',*,*,#620,.T.);
#620 = EDGE_CURVE('',#595,#621,#623,.T.);
#621 = VERTEX_POINT('',#622);
#622 = CARTESIAN_POINT('',(57.15,7.57627876995,2.715E+03));
#623 = SURFACE_CURVE('',#624,(#628,#634),.PCURVE_S1.);
#624 = LINE('',#625,#626);
#625 = CARTESIAN_POINT('',(57.15,-52.5,2.715E+03));
#626 = VECTOR('',#627,1.);
#627 = DIRECTION('',(0.,-1.,0.));
#628 = PCURVE('',#492,#629);
#629 = DEFINITIONAL_REPRESENTATION('',(#630),#633);
#630 = B_SPLINE_CURVE_WITH_KNOTS('',1,(#631,#632),.UNSPECIFIED.,.F.,.F.,
  (2,2),(-102.5,-2.5),.PIECEWISE_BEZIER_KNOTS.);
#631 = CARTESIAN_POINT('',(5.,-105.));
#632 = CARTESIAN_POINT('',(5.,-5.));
#633 = ( GEOMETRIC_REPRESENTATION_CONTEXT(2) 
PARAMETRIC_REPRESENTATION_CONTEXT() REPRESENTATION_CONTEXT('2D SPACE',''
  ) );
#634 = PCURVE('',#211,#635);
#635 = DEFINITIONAL_REPRESENTATION('',(#636),#639);
#636 = B_SPLINE_CURVE_WITH_KNOTS('',1,(#637,#638),.UNSPECIFIED.,.F.,.F.,
  (2,2),(-102.5,-2.5),.PIECEWISE_BEZIER_KNOTS.);
#637 = CARTESIAN_POINT('',(2.,100.));
#638 = CARTESIAN_POINT('',(2.,0.));
#639 = ( GEOMETRIC_REPRESENTATION_CONTEXT(2) 
PARAMETRIC_REPRESENTATION_CONTEXT() REPRESENTATION_CONTEXT('2D SPACE',''
  ) );
#640 = ORIENTED_EDGE('',*,*,#641,.F.);
#641 = EDGE_CURVE('',#642,#621,#644,.T.);
#642 = VERTEX_POINT('',#643);
#643 = CARTESIAN_POINT('',(57.15,7.57627876995,2.71E+03));
#644 = SURFACE_CURVE('',#645,(#649,#655),.PCURVE_S1.);
#645 = LINE('',#646,#647);
#646 = CARTESIAN_POINT('',(57.15,7.57627876995,2.709E+03));
#647 = VECTOR('',#648,1.);
#648 = DIRECTION('',(0.,0.,1.));
#649 = PCURVE('',#492,#650);
#650 = DEFINITIONAL_REPRESENTATION('',(#651),#654);
#651 = B_SPLINE_CURVE_WITH_KNOTS('',1,(#652,#653),.UNSPECIFIED.,.F.,.F.,
  (2,2),(-6.000000212225E-07,182.0000006),.PIECEWISE_BEZIER_KNOTS.);
#652 = CARTESIAN_POINT('',(-1.0000006,-62.57627876995));
#653 = CARTESIAN_POINT('',(181.0000006,-62.57627876995));
#654 = ( GEOMETRIC_REPRESENTATION_CONTEXT(2) 
PARAMETRIC_REPRESENTATION_CONTEXT() REPRESENTATION_CONTEXT('2D SPACE',''
  ) );
#655 = PCURVE('',#185,#656);
#656 = DEFINITIONAL_REPRESENTATION('',(#657),#660);
#657 = B_SPLINE_CURVE_WITH_KNOTS('',1,(#658,#659),.UNSPECIFIED.,.F.,.F.,
  (2,2),(1.,6.),.PIECEWISE_BEZIER_KNOTS.);
#658 = CARTESIAN_POINT('',(6.414985101277,1.));
#659 = CARTESIAN_POINT('',(6.414985101277,6.));
#660 = ( GEOMETRIC_REPRESENTATION_CONTEXT(2) 
PARAMETRIC_REPRESENTATION_CONTEXT() REPRESENTATION_CONTEXT('2D SPACE',''
  ) );
#661 = ORIENTED_EDGE('',*,*,#662,.T.);
#662 = EDGE_CURVE('',#642,#454,#663,.T.);
#663 = SURFACE_CURVE('',#664,(#668,#675),.PCURVE_S1.);
#664 = LINE('',#665,#666);
#665 = CARTESIAN_POINT('',(57.15,-55.,2.71E+03));
#666 = VECTOR('',#667,1.);
#667 = DIRECTION('',(-0.,1.,0.));
#668 = PCURVE('',#492,#669);
#669 = DEFINITIONAL_REPRESENTATION('',(#670),#674);
#670 = LINE('',#671,#672);
#671 = CARTESIAN_POINT('',(0.,0.));
#672 = VECTOR('',#673,1.);
#673 = DIRECTION('',(0.,-1.));
#674 = ( GEOMETRIC_REPRESENTATION_CONTEXT(2) 
PARAMETRIC_REPRESENTATION_CONTEXT() REPRESENTATION_CONTEXT('2D SPACE',''
  ) );
#675 = PCURVE('',#158,#676);
#676 = DEFINITIONAL_REPRESENTATION('',(#677),#681);
#677 = LINE('',#678,#679);
#678 = CARTESIAN_POINT('',(0.,0.));
#679 = VECTOR('',#680,1.);
#680 = DIRECTION('',(0.,1.));
#681 = ( GEOMETRIC_REPRESENTATION_CONTEXT(2) 
PARAMETRIC_REPRESENTATION_CONTEXT() REPRESENTATION_CONTEXT('2D SPACE',''
  ) );
#682 = ORIENTED_EDGE('',*,*,#476,.T.);
#683 = ADVANCED_FACE('',(#684),#609,.F.);
#684 = FACE_BOUND('',#685,.F.);
#685 = EDGE_LOOP('',(#686,#709,#710,#733));
#686 = ORIENTED_EDGE('',*,*,#687,.F.);
#687 = EDGE_CURVE('',#595,#688,#690,.T.);
#688 = VERTEX_POINT('',#689);
#689 = CARTESIAN_POINT('',(82.15,50.,2.715E+03));
#690 = SURFACE_CURVE('',#691,(#695,#702),.PCURVE_S1.);
#691 = LINE('',#692,#693);
#692 = CARTESIAN_POINT('',(55.15,50.,2.715E+03));
#693 = VECTOR('',#694,1.);
#694 = DIRECTION('',(1.,0.,-0.));
#695 = PCURVE('',#609,#696);
#696 = DEFINITIONAL_REPRESENTATION('',(#697),#701);
#697 = LINE('',#698,#699);
#698 = CARTESIAN_POINT('',(0.,0.));
#699 = VECTOR('',#700,1.);
#700 = DIRECTION('',(0.,1.));
#701 = ( GEOMETRIC_REPRESENTATION_CONTEXT(2) 
PARAMETRIC_REPRESENTATION_CONTEXT() REPRESENTATION_CONTEXT('2D SPACE',''
  ) );
#702 = PCURVE('',#211,#703);
#703 = DEFINITIONAL_REPRESENTATION('',(#704),#708);
#704 = LINE('',#705,#706);
#705 = CARTESIAN_POINT('',(0.,100.));
#706 = VECTOR('',#707,1.);
#707 = DIRECTION('',(1.,0.));
#708 = ( GEOMETRIC_REPRESENTATION_CONTEXT(2) 
PARAMETRIC_REPRESENTATION_CONTEXT() REPRESENTATION_CONTEXT('2D SPACE',''
  ) );
#709 = ORIENTED_EDGE('',*,*,#594,.T.);
#710 = ORIENTED_EDGE('',*,*,#711,.T.);
#711 = EDGE_CURVE('',#574,#712,#714,.T.);
#712 = VERTEX_POINT('',#713);
#713 = CARTESIAN_POINT('',(82.15,50.,2.885E+03));
#714 = SURFACE_CURVE('',#715,(#719,#726),.PCURVE_S1.);
#715 = LINE('',#716,#717);
#716 = CARTESIAN_POINT('',(55.15,50.,2.885E+03));
#717 = VECTOR('',#718,1.);
#718 = DIRECTION('',(1.,0.,-0.));
#719 = PCURVE('',#609,#720);
#720 = DEFINITIONAL_REPRESENTATION('',(#721),#725);
#721 = LINE('',#722,#723);
#722 = CARTESIAN_POINT('',(170.,0.));
#723 = VECTOR('',#724,1.);
#724 = DIRECTION('',(0.,1.));
#725 = ( GEOMETRIC_REPRESENTATION_CONTEXT(2) 
PARAMETRIC_REPRESENTATION_CONTEXT() REPRESENTATION_CONTEXT('2D SPACE',''
  ) );
#726 = PCURVE('',#263,#727);
#727 = DEFINITIONAL_REPRESENTATION('',(#728),#732);
#728 = LINE('',#729,#730);
#729 = CARTESIAN_POINT('',(0.,100.));
#730 = VECTOR('',#731,1.);
#731 = DIRECTION('',(1.,0.));
#732 = ( GEOMETRIC_REPRESENTATION_CONTEXT(2) 
PARAMETRIC_REPRESENTATION_CONTEXT() REPRESENTATION_CONTEXT('2D SPACE',''
  ) );
#733 = ORIENTED_EDGE('',*,*,#734,.F.);
#734 = EDGE_CURVE('',#688,#712,#735,.T.);
#735 = SURFACE_CURVE('',#736,(#740,#747),.PCURVE_S1.);
#736 = LINE('',#737,#738);
#737 = CARTESIAN_POINT('',(82.15,50.,2.715E+03));
#738 = VECTOR('',#739,1.);
#739 = DIRECTION('',(0.,0.,1.));
#740 = PCURVE('',#609,#741);
#741 = DEFINITIONAL_REPRESENTATION('',(#742),#746);
#742 = LINE('',#743,#744);
#743 = CARTESIAN_POINT('',(0.,27.));
#744 = VECTOR('',#745,1.);
#745 = DIRECTION('',(1.,0.));
#746 = ( GEOMETRIC_REPRESENTATION_CONTEXT(2) 
PARAMETRIC_REPRESENTATION_CONTEXT() REPRESENTATION_CONTEXT('2D SPACE',''
  ) );
#747 = PCURVE('',#748,#753);
#748 = PLANE('',#749);
#749 = AXIS2_PLACEMENT_3D('',#750,#751,#752);
#750 = CARTESIAN_POINT('',(82.15,-50.,2.715E+03));
#751 = DIRECTION('',(1.,0.,-0.));
#752 = DIRECTION('',(0.,0.,1.));
#753 = DEFINITIONAL_REPRESENTATION('',(#754),#758);
#754 = LINE('',#755,#756);
#755 = CARTESIAN_POINT('',(0.,-100.));
#756 = VECTOR('',#757,1.);
#757 = DIRECTION('',(1.,0.));
#758 = ( GEOMETRIC_REPRESENTATION_CONTEXT(2) 
PARAMETRIC_REPRESENTATION_CONTEXT() REPRESENTATION_CONTEXT('2D SPACE',''
  ) );
#759 = ADVANCED_FACE('',(#760),#748,.F.);
#760 = FACE_BOUND('',#761,.F.);
#761 = EDGE_LOOP('',(#762,#787,#808,#809));
#762 = ORIENTED_EDGE('',*,*,#763,.F.);
#763 = EDGE_CURVE('',#764,#766,#768,.T.);
#764 = VERTEX_POINT('',#765);
#765 = CARTESIAN_POINT('',(82.15,-50.,2.715E+03));
#766 = VERTEX_POINT('',#767);
#767 = CARTESIAN_POINT('',(82.15,-50.,2.885E+03));
#768 = SURFACE_CURVE('',#769,(#773,#780),.PCURVE_S1.);
#769 = LINE('',#770,#771);
#770 = CARTESIAN_POINT('',(82.15,-50.,2.715E+03));
#771 = VECTOR('',#772,1.);
#772 = DIRECTION('',(0.,0.,1.));
#773 = PCURVE('',#748,#774);
#774 = DEFINITIONAL_REPRESENTATION('',(#775),#779);
#775 = LINE('',#776,#777);
#776 = CARTESIAN_POINT('',(0.,0.));
#777 = VECTOR('',#778,1.);
#778 = DIRECTION('',(1.,0.));
#779 = ( GEOMETRIC_REPRESENTATION_CONTEXT(2) 
PARAMETRIC_REPRESENTATION_CONTEXT() REPRESENTATION_CONTEXT('2D SPACE',''
  ) );
#780 = PCURVE('',#237,#781);
#781 = DEFINITIONAL_REPRESENTATION('',(#782),#786);
#782 = LINE('',#783,#784);
#783 = CARTESIAN_POINT('',(0.,27.));
#784 = VECTOR('',#785,1.);
#785 = DIRECTION('',(1.,0.));
#786 = ( GEOMETRIC_REPRESENTATION_CONTEXT(2) 
PARAMETRIC_REPRESENTATION_CONTEXT() REPRESENTATION_CONTEXT('2D SPACE',''
  ) );
#787 = ORIENTED_EDGE('',*,*,#788,.T.);
#788 = EDGE_CURVE('',#764,#688,#789,.T.);
#789 = SURFACE_CURVE('',#790,(#794,#801),.PCURVE_S1.);
#790 = LINE('',#791,#792);
#791 = CARTESIAN_POINT('',(82.15,-50.,2.715E+03));
#792 = VECTOR('',#793,1.);
#793 = DIRECTION('',(-0.,1.,0.));
#794 = PCURVE('',#748,#795);
#795 = DEFINITIONAL_REPRESENTATION('',(#796),#800);
#796 = LINE('',#797,#798);
#797 = CARTESIAN_POINT('',(0.,0.));
#798 = VECTOR('',#799,1.);
#799 = DIRECTION('',(0.,-1.));
#800 = ( GEOMETRIC_REPRESENTATION_CONTEXT(2) 
PARAMETRIC_REPRESENTATION_CONTEXT() REPRESENTATION_CONTEXT('2D SPACE',''
  ) );
#801 = PCURVE('',#211,#802);
#802 = DEFINITIONAL_REPRESENTATION('',(#803),#807);
#803 = LINE('',#804,#805);
#804 = CARTESIAN_POINT('',(27.,0.));
#805 = VECTOR('',#806,1.);
#806 = DIRECTION('',(0.,1.));
#807 = ( GEOMETRIC_REPRESENTATION_CONTEXT(2) 
PARAMETRIC_REPRESENTATION_CONTEXT() REPRESENTATION_CONTEXT('2D SPACE',''
  ) );
#808 = ORIENTED_EDGE('',*,*,#734,.T.);
#809 = ORIENTED_EDGE('',*,*,#810,.F.);
#810 = EDGE_CURVE('',#766,#712,#811,.T.);
#811 = SURFACE_CURVE('',#812,(#816,#823),.PCURVE_S1.);
#812 = LINE('',#813,#814);
#813 = CARTESIAN_POINT('',(82.15,-50.,2.885E+03));
#814 = VECTOR('',#815,1.);
#815 = DIRECTION('',(-0.,1.,0.));
#816 = PCURVE('',#748,#817);
#817 = DEFINITIONAL_REPRESENTATION('',(#818),#822);
#818 = LINE('',#819,#820);
#819 = CARTESIAN_POINT('',(170.,0.));
#820 = VECTOR('',#821,1.);
#821 = DIRECTION('',(0.,-1.));
#822 = ( GEOMETRIC_REPRESENTATION_CONTEXT(2) 
PARAMETRIC_REPRESENTATION_CONTEXT() REPRESENTATION_CONTEXT('2D SPACE',''
  ) );
#823 = PCURVE('',#263,#824);
#824 = DEFINITIONAL_REPRESENTATION('',(#825),#829);
#825 = LINE('',#826,#827);
#826 = CARTESIAN_POINT('',(27.,0.));
#827 = VECTOR('',#828,1.);
#828 = DIRECTION('',(0.,1.));
#829 = ( GEOMETRIC_REPRESENTATION_CONTEXT(2) 
PARAMETRIC_REPRESENTATION_CONTEXT() REPRESENTATION_CONTEXT('2D SPACE',''
  ) );
#830 = ADVANCED_FACE('',(#831),#158,.F.);
#831 = FACE_BOUND('',#832,.F.);
#832 = EDGE_LOOP('',(#833,#834,#835,#836,#837,#838));
#833 = ORIENTED_EDGE('',*,*,#142,.F.);
#834 = ORIENTED_EDGE('',*,*,#301,.T.);
#835 = ORIENTED_EDGE('',*,*,#378,.T.);
#836 = ORIENTED_EDGE('',*,*,#453,.F.);
#837 = ORIENTED_EDGE('',*,*,#662,.F.);
#838 = ORIENTED_EDGE('',*,*,#839,.T.);
#839 = EDGE_CURVE('',#642,#143,#840,.T.);
#840 = SURFACE_CURVE('',#841,(#846,#857),.PCURVE_S1.);
#841 = CIRCLE('',#842,57.65);
#842 = AXIS2_PLACEMENT_3D('',#843,#844,#845);
#843 = CARTESIAN_POINT('',(0.,0.,2.71E+03));
#844 = DIRECTION('',(0.,0.,-1.));
#845 = DIRECTION('',(0.991326973114,0.131418538941,0.));
#846 = PCURVE('',#158,#847);
#847 = DEFINITIONAL_REPRESENTATION('',(#848),#856);
#848 = ( BOUNDED_CURVE() B_SPLINE_CURVE(2,(#849,#850,#851,#852,#853,#854
,#855),.UNSPECIFIED.,.T.,.F.) B_SPLINE_CURVE_WITH_KNOTS((1,2,2,2,2,1),(
    -2.094395102393,0.,2.094395102393,4.188790204786,6.28318530718,
8.377580409573),.UNSPECIFIED.) CURVE() GEOMETRIC_REPRESENTATION_ITEM() 
RATIONAL_B_SPLINE_CURVE((1.,0.5,1.,0.5,1.,0.5,1.)) REPRESENTATION_ITEM(
  '') );
#849 = CARTESIAN_POINT('',(0.,62.57627876995));
#850 = CARTESIAN_POINT('',(13.122499761859,-36.41042488261));
#851 = CARTESIAN_POINT('',(-79.16375011907,1.718508788744));
#852 = CARTESIAN_POINT('',(-171.45,39.847442460099));
#853 = CARTESIAN_POINT('',(-92.28624988093,100.7052124413));
#854 = CARTESIAN_POINT('',(-13.12249976185,161.56298242251));
#855 = CARTESIAN_POINT('',(0.,62.57627876995));
#856 = ( GEOMETRIC_REPRESENTATION_CONTEXT(2) 
PARAMETRIC_REPRESENTATION_CONTEXT() REPRESENTATION_CONTEXT('2D SPACE',''
  ) );
#857 = PCURVE('',#185,#858);
#858 = DEFINITIONAL_REPRESENTATION('',(#859),#863);
#859 = LINE('',#860,#861);
#860 = CARTESIAN_POINT('',(6.414985101277,1.));
#861 = VECTOR('',#862,1.);
#862 = DIRECTION('',(-1.,-0.));
#863 = ( GEOMETRIC_REPRESENTATION_CONTEXT(2) 
PARAMETRIC_REPRESENTATION_CONTEXT() REPRESENTATION_CONTEXT('2D SPACE',''
  ) );
#864 = ADVANCED_FACE('',(#865),#185,.F.);
#865 = FACE_BOUND('',#866,.F.);
#866 = EDGE_LOOP('',(#867,#868,#869,#895));
#867 = ORIENTED_EDGE('',*,*,#839,.F.);
#868 = ORIENTED_EDGE('',*,*,#641,.T.);
#869 = ORIENTED_EDGE('',*,*,#870,.T.);
#870 = EDGE_CURVE('',#621,#171,#871,.T.);
#871 = SURFACE_CURVE('',#872,(#877,#884),.PCURVE_S1.);
#872 = CIRCLE('',#873,57.65);
#873 = AXIS2_PLACEMENT_3D('',#874,#875,#876);
#874 = CARTESIAN_POINT('',(0.,0.,2.715E+03));
#875 = DIRECTION('',(0.,0.,-1.));
#876 = DIRECTION('',(0.991326973114,0.131418538941,0.));
#877 = PCURVE('',#185,#878);
#878 = DEFINITIONAL_REPRESENTATION('',(#879),#883);
#879 = LINE('',#880,#881);
#880 = CARTESIAN_POINT('',(6.414985101277,6.));
#881 = VECTOR('',#882,1.);
#882 = DIRECTION('',(-1.,-0.));
#883 = ( GEOMETRIC_REPRESENTATION_CONTEXT(2) 
PARAMETRIC_REPRESENTATION_CONTEXT() REPRESENTATION_CONTEXT('2D SPACE',''
  ) );
#884 = PCURVE('',#211,#885);
#885 = DEFINITIONAL_REPRESENTATION('',(#886),#894);
#886 = ( BOUNDED_CURVE() B_SPLINE_CURVE(2,(#887,#888,#889,#890,#891,#892
,#893),.UNSPECIFIED.,.T.,.F.) B_SPLINE_CURVE_WITH_KNOTS((1,2,2,2,2,1),(
    -2.094395102393,0.,2.094395102393,4.188790204786,6.28318530718,
8.377580409573),.UNSPECIFIED.) CURVE() GEOMETRIC_REPRESENTATION_ITEM() 
RATIONAL_B_SPLINE_CURVE((1.,0.5,1.,0.5,1.,0.5,1.)) REPRESENTATION_ITEM(
  '') );
#887 = CARTESIAN_POINT('',(2.,57.57627876995));
#888 = CARTESIAN_POINT('',(15.122499761859,-41.41042488261));
#889 = CARTESIAN_POINT('',(-77.16375011907,-3.281491211256));
#890 = CARTESIAN_POINT('',(-169.45,34.847442460099));
#891 = CARTESIAN_POINT('',(-90.28624988093,95.705212441306));
#892 = CARTESIAN_POINT('',(-11.12249976185,156.56298242251));
#893 = CARTESIAN_POINT('',(2.,57.57627876995));
#894 = ( GEOMETRIC_REPRESENTATION_CONTEXT(2) 
PARAMETRIC_REPRESENTATION_CONTEXT() REPRESENTATION_CONTEXT('2D SPACE',''
  ) );
#895 = ORIENTED_EDGE('',*,*,#170,.F.);
#896 = ADVANCED_FACE('',(#897),#211,.T.);
#897 = FACE_BOUND('',#898,.T.);
#898 = EDGE_LOOP('',(#899,#900,#901,#902,#903,#924));
#899 = ORIENTED_EDGE('',*,*,#687,.F.);
#900 = ORIENTED_EDGE('',*,*,#620,.T.);
#901 = ORIENTED_EDGE('',*,*,#870,.T.);
#902 = ORIENTED_EDGE('',*,*,#196,.T.);
#903 = ORIENTED_EDGE('',*,*,#904,.T.);
#904 = EDGE_CURVE('',#197,#764,#905,.T.);
#905 = SURFACE_CURVE('',#906,(#910,#917),.PCURVE_S1.);
#906 = LINE('',#907,#908);
#907 = CARTESIAN_POINT('',(55.15,-50.,2.715E+03));
#908 = VECTOR('',#909,1.);
#909 = DIRECTION('',(1.,0.,-0.));
#910 = PCURVE('',#211,#911);
#911 = DEFINITIONAL_REPRESENTATION('',(#912),#916);
#912 = LINE('',#913,#914);
#913 = CARTESIAN_POINT('',(0.,0.));
#914 = VECTOR('',#915,1.);
#915 = DIRECTION('',(1.,0.));
#916 = ( GEOMETRIC_REPRESENTATION_CONTEXT(2) 
PARAMETRIC_REPRESENTATION_CONTEXT() REPRESENTATION_CONTEXT('2D SPACE',''
  ) );
#917 = PCURVE('',#237,#918);
#918 = DEFINITIONAL_REPRESENTATION('',(#919),#923);
#919 = LINE('',#920,#921);
#920 = CARTESIAN_POINT('',(0.,0.));
#921 = VECTOR('',#922,1.);
#922 = DIRECTION('',(0.,1.));
#923 = ( GEOMETRIC_REPRESENTATION_CONTEXT(2) 
PARAMETRIC_REPRESENTATION_CONTEXT() REPRESENTATION_CONTEXT('2D SPACE',''
  ) );
#924 = ORIENTED_EDGE('',*,*,#788,.T.);
#925 = ADVANCED_FACE('',(#926),#237,.T.);
#926 = FACE_BOUND('',#927,.T.);
#927 = EDGE_LOOP('',(#928,#929,#930,#951));
#928 = ORIENTED_EDGE('',*,*,#904,.F.);
#929 = ORIENTED_EDGE('',*,*,#222,.T.);
#930 = ORIENTED_EDGE('',*,*,#931,.T.);
#931 = EDGE_CURVE('',#223,#766,#932,.T.);
#932 = SURFACE_CURVE('',#933,(#937,#944),.PCURVE_S1.);
#933 = LINE('',#934,#935);
#934 = CARTESIAN_POINT('',(55.15,-50.,2.885E+03));
#935 = VECTOR('',#936,1.);
#936 = DIRECTION('',(1.,0.,-0.));
#937 = PCURVE('',#237,#938);
#938 = DEFINITIONAL_REPRESENTATION('',(#939),#943);
#939 = LINE('',#940,#941);
#940 = CARTESIAN_POINT('',(170.,0.));
#941 = VECTOR('',#942,1.);
#942 = DIRECTION('',(0.,1.));
#943 = ( GEOMETRIC_REPRESENTATION_CONTEXT(2) 
PARAMETRIC_REPRESENTATION_CONTEXT() REPRESENTATION_CONTEXT('2D SPACE',''
  ) );
#944 = PCURVE('',#263,#945);
#945 = DEFINITIONAL_REPRESENTATION('',(#946),#950);
#946 = LINE('',#947,#948);
#947 = CARTESIAN_POINT('',(0.,0.));
#948 = VECTOR('',#949,1.);
#949 = DIRECTION('',(1.,0.));
#950 = ( GEOMETRIC_REPRESENTATION_CONTEXT(2) 
PARAMETRIC_REPRESENTATION_CONTEXT() REPRESENTATION_CONTEXT('2D SPACE',''
  ) );
#951 = ORIENTED_EDGE('',*,*,#763,.F.);
#952 = ADVANCED_FACE('',(#953),#263,.F.);
#953 = FACE_BOUND('',#954,.F.);
#954 = EDGE_LOOP('',(#955,#956,#957,#983,#984,#985));
#955 = ORIENTED_EDGE('',*,*,#711,.F.);
#956 = ORIENTED_EDGE('',*,*,#573,.T.);
#957 = ORIENTED_EDGE('',*,*,#958,.T.);
#958 = EDGE_CURVE('',#553,#249,#959,.T.);
#959 = SURFACE_CURVE('',#960,(#965,#976),.PCURVE_S1.);
#960 = CIRCLE('',#961,57.65);
#961 = AXIS2_PLACEMENT_3D('',#962,#963,#964);
#962 = CARTESIAN_POINT('',(0.,0.,2.885E+03));
#963 = DIRECTION('',(0.,0.,-1.));
#964 = DIRECTION('',(0.991326973114,0.131418538941,0.));
#965 = PCURVE('',#263,#966);
#966 = DEFINITIONAL_REPRESENTATION('',(#967),#975);
#967 = ( BOUNDED_CURVE() B_SPLINE_CURVE(2,(#968,#969,#970,#971,#972,#973
,#974),.UNSPECIFIED.,.T.,.F.) B_SPLINE_CURVE_WITH_KNOTS((1,2,2,2,2,1),(
    -2.094395102393,0.,2.094395102393,4.188790204786,6.28318530718,
8.377580409573),.UNSPECIFIED.) CURVE() GEOMETRIC_REPRESENTATION_ITEM() 
RATIONAL_B_SPLINE_CURVE((1.,0.5,1.,0.5,1.,0.5,1.)) REPRESENTATION_ITEM(
  '') );
#968 = CARTESIAN_POINT('',(2.,57.57627876995));
#969 = CARTESIAN_POINT('',(15.122499761859,-41.41042488261));
#970 = CARTESIAN_POINT('',(-77.16375011907,-3.281491211256));
#971 = CARTESIAN_POINT('',(-169.45,34.847442460099));
#972 = CARTESIAN_POINT('',(-90.28624988093,95.705212441306));
#973 = CARTESIAN_POINT('',(-11.12249976185,156.56298242251));
#974 = CARTESIAN_POINT('',(2.,57.57627876995));
#975 = ( GEOMETRIC_REPRESENTATION_CONTEXT(2) 
PARAMETRIC_REPRESENTATION_CONTEXT() REPRESENTATION_CONTEXT('2D SPACE',''
  ) );
#976 = PCURVE('',#287,#977);
#977 = DEFINITIONAL_REPRESENTATION('',(#978),#982);
#978 = LINE('',#979,#980);
#979 = CARTESIAN_POINT('',(6.414985101277,176.));
#980 = VECTOR('',#981,1.);
#981 = DIRECTION('',(-1.,-0.));
#982 = ( GEOMETRIC_REPRESENTATION_CONTEXT(2) 
PARAMETRIC_REPRESENTATION_CONTEXT() REPRESENTATION_CONTEXT('2D SPACE',''
  ) );
#983 = ORIENTED_EDGE('',*,*,#248,.T.);
#984 = ORIENTED_EDGE('',*,*,#931,.T.);
#985 = ORIENTED_EDGE('',*,*,#810,.T.);
#986 = ADVANCED_FACE('',(#987),#287,.F.);
#987 = FACE_BOUND('',#988,.F.);
#988 = EDGE_LOOP('',(#989,#990,#991,#1017));
#989 = ORIENTED_EDGE('',*,*,#958,.F.);
#990 = ORIENTED_EDGE('',*,*,#552,.T.);
#991 = ORIENTED_EDGE('',*,*,#992,.T.);
#992 = EDGE_CURVE('',#530,#82,#993,.T.);
#993 = SURFACE_CURVE('',#994,(#999,#1006),.PCURVE_S1.);
#994 = CIRCLE('',#995,57.65);
#995 = AXIS2_PLACEMENT_3D('',#996,#997,#998);
#996 = CARTESIAN_POINT('',(0.,0.,2.89E+03));
#997 = DIRECTION('',(0.,0.,-1.));
#998 = DIRECTION('',(0.991326973114,0.131418538941,0.));
#999 = PCURVE('',#287,#1000);
#1000 = DEFINITIONAL_REPRESENTATION('',(#1001),#1005);
#1001 = LINE('',#1002,#1003);
#1002 = CARTESIAN_POINT('',(6.414985101277,181.));
#1003 = VECTOR('',#1004,1.);
#1004 = DIRECTION('',(-1.,-0.));
#1005 = ( GEOMETRIC_REPRESENTATION_CONTEXT(2) 
PARAMETRIC_REPRESENTATION_CONTEXT() REPRESENTATION_CONTEXT('2D SPACE',''
  ) );
#1006 = PCURVE('',#102,#1007);
#1007 = DEFINITIONAL_REPRESENTATION('',(#1008),#1016);
#1008 = ( BOUNDED_CURVE() B_SPLINE_CURVE(2,(#1009,#1010,#1011,#1012,
#1013,#1014,#1015),.UNSPECIFIED.,.T.,.F.) B_SPLINE_CURVE_WITH_KNOTS((1,2
    ,2,2,2,1),(-2.094395102393,0.,2.094395102393,4.188790204786,
6.28318530718,8.377580409573),.UNSPECIFIED.) CURVE() 
GEOMETRIC_REPRESENTATION_ITEM() RATIONAL_B_SPLINE_CURVE((1.,0.5,1.,0.5,
1.,0.5,1.)) REPRESENTATION_ITEM('') );
#1009 = CARTESIAN_POINT('',(0.,62.57627876995));
#1010 = CARTESIAN_POINT('',(13.122499761859,-36.41042488261));
#1011 = CARTESIAN_POINT('',(-79.16375011907,1.718508788744));
#1012 = CARTESIAN_POINT('',(-171.45,39.847442460099));
#1013 = CARTESIAN_POINT('',(-92.28624988093,100.7052124413));
#1014 = CARTESIAN_POINT('',(-13.12249976185,161.56298242251));
#1015 = CARTESIAN_POINT('',(0.,62.57627876995));
#1016 = ( GEOMETRIC_REPRESENTATION_CONTEXT(2) 
PARAMETRIC_REPRESENTATION_CONTEXT() REPRESENTATION_CONTEXT('2D SPACE',''
  ) );
#1017 = ORIENTED_EDGE('',*,*,#274,.F.);
#1018 = ADVANCED_FACE('',(#1019),#102,.T.);
#1019 = FACE_BOUND('',#1020,.T.);
#1020 = EDGE_LOOP('',(#1021,#1022,#1023,#1024,#1025,#1026));
#1021 = ORIENTED_EDGE('',*,*,#79,.F.);
#1022 = ORIENTED_EDGE('',*,*,#325,.T.);
#1023 = ORIENTED_EDGE('',*,*,#429,.T.);
#1024 = ORIENTED_EDGE('',*,*,#504,.F.);
#1025 = ORIENTED_EDGE('',*,*,#529,.F.);
#1026 = ORIENTED_EDGE('',*,*,#992,.T.);
#1027 = MANIFOLD_SOLID_BREP('',#1028);
#1028 = CLOSED_SHELL('',(#1029,#1117,#1152,#1182));
#1029 = ADVANCED_FACE('',(#1030),#1043,.T.);
#1030 = FACE_BOUND('',#1031,.T.);
#1031 = EDGE_LOOP('',(#1032,#1066,#1089,#1116));
#1032 = ORIENTED_EDGE('',*,*,#1033,.F.);
#1033 = EDGE_CURVE('',#1034,#1034,#1036,.T.);
#1034 = VERTEX_POINT('',#1035);
#1035 = CARTESIAN_POINT('',(58.65,-1.4365106954E-14,2.7365E+03));
#1036 = SURFACE_CURVE('',#1037,(#1042,#1054),.PCURVE_S1.);
#1037 = CIRCLE('',#1038,58.65);
#1038 = AXIS2_PLACEMENT_3D('',#1039,#1040,#1041);
#1039 = CARTESIAN_POINT('',(0.,0.,2.7365E+03));
#1040 = DIRECTION('',(0.,0.,1.));
#1041 = DIRECTION('',(1.,0.,-0.));
#1042 = PCURVE('',#1043,#1048);
#1043 = CYLINDRICAL_SURFACE('',#1044,58.65);
#1044 = AXIS2_PLACEMENT_3D('',#1045,#1046,#1047);
#1045 = CARTESIAN_POINT('',(0.,0.,2.7235E+03));
#1046 = DIRECTION('',(0.,0.,1.));
#1047 = DIRECTION('',(1.,0.,-0.));
#1048 = DEFINITIONAL_REPRESENTATION('',(#1049),#1053);
#1049 = LINE('',#1050,#1051);
#1050 = CARTESIAN_POINT('',(0.,13.));
#1051 = VECTOR('',#1052,1.);
#1052 = DIRECTION('',(1.,0.));
#1053 = ( GEOMETRIC_REPRESENTATION_CONTEXT(2) 
PARAMETRIC_REPRESENTATION_CONTEXT() REPRESENTATION_CONTEXT('2D SPACE',''
  ) );
#1054 = PCURVE('',#1055,#1060);
#1055 = PLANE('',#1056);
#1056 = AXIS2_PLACEMENT_3D('',#1057,#1058,#1059);
#1057 = CARTESIAN_POINT('',(0.,0.,2.7365E+03));
#1058 = DIRECTION('',(0.,0.,1.));
#1059 = DIRECTION('',(1.,0.,-0.));
#1060 = DEFINITIONAL_REPRESENTATION('',(#1061),#1065);
#1061 = CIRCLE('',#1062,58.65);
#1062 = AXIS2_PLACEMENT_2D('',#1063,#1064);
#1063 = CARTESIAN_POINT('',(0.,0.));
#1064 = DIRECTION('',(1.,0.));
#1065 = ( GEOMETRIC_REPRESENTATION_CONTEXT(2) 
PARAMETRIC_REPRESENTATION_CONTEXT() REPRESENTATION_CONTEXT('2D SPACE',''
  ) );
#1066 = ORIENTED_EDGE('',*,*,#1067,.F.);
#1067 = EDGE_CURVE('',#1068,#1034,#1070,.T.);
#1068 = VERTEX_POINT('',#1069);
#1069 = CARTESIAN_POINT('',(58.65,-1.4365106954E-14,2.7235E+03));
#1070 = SEAM_CURVE('',#1071,(#1075,#1082),.PCURVE_S1.);
#1071 = LINE('',#1072,#1073);
#1072 = CARTESIAN_POINT('',(58.65,-1.4365106954E-14,2.7235E+03));
#1073 = VECTOR('',#1074,1.);
#1074 = DIRECTION('',(0.,0.,1.));
#1075 = PCURVE('',#1043,#1076);
#1076 = DEFINITIONAL_REPRESENTATION('',(#1077),#1081);
#1077 = LINE('',#1078,#1079);
#1078 = CARTESIAN_POINT('',(6.28318530718,-0.));
#1079 = VECTOR('',#1080,1.);
#1080 = DIRECTION('',(0.,1.));
#1081 = ( GEOMETRIC_REPRESENTATION_CONTEXT(2) 
PARAMETRIC_REPRESENTATION_CONTEXT() REPRESENTATION_CONTEXT('2D SPACE',''
  ) );
#1082 = PCURVE('',#1043,#1083);
#1083 = DEFINITIONAL_REPRESENTATION('',(#1084),#1088);
#1084 = LINE('',#1085,#1086);
#1085 = CARTESIAN_POINT('',(0.,-0.));
#1086 = VECTOR('',#1087,1.);
#1087 = DIRECTION('',(0.,1.));
#1088 = ( GEOMETRIC_REPRESENTATION_CONTEXT(2) 
PARAMETRIC_REPRESENTATION_CONTEXT() REPRESENTATION_CONTEXT('2D SPACE',''
  ) );
#1089 = ORIENTED_EDGE('',*,*,#1090,.T.);
#1090 = EDGE_CURVE('',#1068,#1068,#1091,.T.);
#1091 = SURFACE_CURVE('',#1092,(#1097,#1104),.PCURVE_S1.);
#1092 = CIRCLE('',#1093,58.65);
#1093 = AXIS2_PLACEMENT_3D('',#1094,#1095,#1096);
#1094 = CARTESIAN_POINT('',(0.,0.,2.7235E+03));
#1095 = DIRECTION('',(0.,0.,1.));
#1096 = DIRECTION('',(1.,0.,-0.));
#1097 = PCURVE('',#1043,#1098);
#1098 = DEFINITIONAL_REPRESENTATION('',(#1099),#1103);
#1099 = LINE('',#1100,#1101);
#1100 = CARTESIAN_POINT('',(0.,0.));
#1101 = VECTOR('',#1102,1.);
#1102 = DIRECTION('',(1.,0.));
#1103 = ( GEOMETRIC_REPRESENTATION_CONTEXT(2) 
PARAMETRIC_REPRESENTATION_CONTEXT() REPRESENTATION_CONTEXT('2D SPACE',''
  ) );
#1104 = PCURVE('',#1105,#1110);
#1105 = PLANE('',#1106);
#1106 = AXIS2_PLACEMENT_3D('',#1107,#1108,#1109);
#1107 = CARTESIAN_POINT('',(0.,0.,2.7235E+03));
#1108 = DIRECTION('',(0.,0.,1.));
#1109 = DIRECTION('',(1.,0.,-0.));
#1110 = DEFINITIONAL_REPRESENTATION('',(#1111),#1115);
#1111 = CIRCLE('',#1112,58.65);
#1112 = AXIS2_PLACEMENT_2D('',#1113,#1114);
#1113 = CARTESIAN_POINT('',(0.,0.));
#1114 = DIRECTION('',(1.,0.));
#1115 = ( GEOMETRIC_REPRESENTATION_CONTEXT(2) 
PARAMETRIC_REPRESENTATION_CONTEXT() REPRESENTATION_CONTEXT('2D SPACE',''
  ) );
#1116 = ORIENTED_EDGE('',*,*,#1067,.T.);
#1117 = ADVANCED_FACE('',(#1118,#1121),#1055,.T.);
#1118 = FACE_BOUND('',#1119,.T.);
#1119 = EDGE_LOOP('',(#1120));
#1120 = ORIENTED_EDGE('',*,*,#1033,.T.);
#1121 = FACE_BOUND('',#1122,.T.);
#1122 = EDGE_LOOP('',(#1123));
#1123 = ORIENTED_EDGE('',*,*,#1124,.F.);
#1124 = EDGE_CURVE('',#1125,#1125,#1127,.T.);
#1125 = VERTEX_POINT('',#1126);
#1126 = CARTESIAN_POINT('',(57.15,-1.399771291425E-14,2.7365E+03));
#1127 = SURFACE_CURVE('',#1128,(#1133,#1140),.PCURVE_S1.);
#1128 = CIRCLE('',#1129,57.15);
#1129 = AXIS2_PLACEMENT_3D('',#1130,#1131,#1132);
#1130 = CARTESIAN_POINT('',(0.,0.,2.7365E+03));
#1131 = DIRECTION('',(0.,0.,1.));
#1132 = DIRECTION('',(1.,0.,-0.));
#1133 = PCURVE('',#1055,#1134);
#1134 = DEFINITIONAL_REPRESENTATION('',(#1135),#1139);
#1135 = CIRCLE('',#1136,57.15);
#1136 = AXIS2_PLACEMENT_2D('',#1137,#1138);
#1137 = CARTESIAN_POINT('',(0.,0.));
#1138 = DIRECTION('',(1.,0.));
#1139 = ( GEOMETRIC_REPRESENTATION_CONTEXT(2) 
PARAMETRIC_REPRESENTATION_CONTEXT() REPRESENTATION_CONTEXT('2D SPACE',''
  ) );
#1140 = PCURVE('',#1141,#1146);
#1141 = CYLINDRICAL_SURFACE('',#1142,57.15);
#1142 = AXIS2_PLACEMENT_3D('',#1143,#1144,#1145);
#1143 = CARTESIAN_POINT('',(0.,0.,2.7225E+03));
#1144 = DIRECTION('',(0.,0.,1.));
#1145 = DIRECTION('',(1.,0.,-0.));
#1146 = DEFINITIONAL_REPRESENTATION('',(#1147),#1151);
#1147 = LINE('',#1148,#1149);
#1148 = CARTESIAN_POINT('',(0.,14.));
#1149 = VECTOR('',#1150,1.);
#1150 = DIRECTION('',(1.,0.));
#1151 = ( GEOMETRIC_REPRESENTATION_CONTEXT(2) 
PARAMETRIC_REPRESENTATION_CONTEXT() REPRESENTATION_CONTEXT('2D SPACE',''
  ) );
#1152 = ADVANCED_FACE('',(#1153,#1156),#1105,.F.);
#1153 = FACE_BOUND('',#1154,.F.);
#1154 = EDGE_LOOP('',(#1155));
#1155 = ORIENTED_EDGE('',*,*,#1090,.T.);
#1156 = FACE_BOUND('',#1157,.F.);
#1157 = EDGE_LOOP('',(#1158));
#1158 = ORIENTED_EDGE('',*,*,#1159,.F.);
#1159 = EDGE_CURVE('',#1160,#1160,#1162,.T.);
#1160 = VERTEX_POINT('',#1161);
#1161 = CARTESIAN_POINT('',(57.15,-1.399771291425E-14,2.7235E+03));
#1162 = SURFACE_CURVE('',#1163,(#1168,#1175),.PCURVE_S1.);
#1163 = CIRCLE('',#1164,57.15);
#1164 = AXIS2_PLACEMENT_3D('',#1165,#1166,#1167);
#1165 = CARTESIAN_POINT('',(0.,0.,2.7235E+03));
#1166 = DIRECTION('',(0.,0.,1.));
#1167 = DIRECTION('',(1.,0.,-0.));
#1168 = PCURVE('',#1105,#1169);
#1169 = DEFINITIONAL_REPRESENTATION('',(#1170),#1174);
#1170 = CIRCLE('',#1171,57.15);
#1171 = AXIS2_PLACEMENT_2D('',#1172,#1173);
#1172 = CARTESIAN_POINT('',(0.,0.));
#1173 = DIRECTION('',(1.,0.));
#1174 = ( GEOMETRIC_REPRESENTATION_CONTEXT(2) 
PARAMETRIC_REPRESENTATION_CONTEXT() REPRESENTATION_CONTEXT('2D SPACE',''
  ) );
#1175 = PCURVE('',#1141,#1176);
#1176 = DEFINITIONAL_REPRESENTATION('',(#1177),#1181);
#1177 = LINE('',#1178,#1179);
#1178 = CARTESIAN_POINT('',(0.,1.));
#1179 = VECTOR('',#1180,1.);
#1180 = DIRECTION('',(1.,0.));
#1181 = ( GEOMETRIC_REPRESENTATION_CONTEXT(2) 
PARAMETRIC_REPRESENTATION_CONTEXT() REPRESENTATION_CONTEXT('2D SPACE',''
  ) );
#1182 = ADVANCED_FACE('',(#1183),#1141,.F.);
#1183 = FACE_BOUND('',#1184,.F.);
#1184 = EDGE_LOOP('',(#1185,#1186,#1207,#1208));
#1185 = ORIENTED_EDGE('',*,*,#1124,.F.);
#1186 = ORIENTED_EDGE('',*,*,#1187,.F.);
#1187 = EDGE_CURVE('',#1160,#1125,#1188,.T.);
#1188 = SEAM_CURVE('',#1189,(#1193,#1200),.PCURVE_S1.);
#1189 = LINE('',#1190,#1191);
#1190 = CARTESIAN_POINT('',(57.15,-1.399771291425E-14,2.7225E+03));
#1191 = VECTOR('',#1192,1.);
#1192 = DIRECTION('',(0.,0.,1.));
#1193 = PCURVE('',#1141,#1194);
#1194 = DEFINITIONAL_REPRESENTATION('',(#1195),#1199);
#1195 = LINE('',#1196,#1197);
#1196 = CARTESIAN_POINT('',(6.28318530718,-0.));
#1197 = VECTOR('',#1198,1.);
#1198 = DIRECTION('',(0.,1.));
#1199 = ( GEOMETRIC_REPRESENTATION_CONTEXT(2) 
PARAMETRIC_REPRESENTATION_CONTEXT() REPRESENTATION_CONTEXT('2D SPACE',''
  ) );
#1200 = PCURVE('',#1141,#1201);
#1201 = DEFINITIONAL_REPRESENTATION('',(#1202),#1206);
#1202 = LINE('',#1203,#1204);
#1203 = CARTESIAN_POINT('',(0.,-0.));
#1204 = VECTOR('',#1205,1.);
#1205 = DIRECTION('',(0.,1.));
#1206 = ( GEOMETRIC_REPRESENTATION_CONTEXT(2) 
PARAMETRIC_REPRESENTATION_CONTEXT() REPRESENTATION_CONTEXT('2D SPACE',''
  ) );
#1207 = ORIENTED_EDGE('',*,*,#1159,.T.);
#1208 = ORIENTED_EDGE('',*,*,#1187,.T.);
#1209 = MANIFOLD_SOLID_BREP('',#1210);
#1210 = CLOSED_SHELL('',(#1211,#1299,#1334,#1364));
#1211 = ADVANCED_FACE('',(#1212),#1225,.T.);
#1212 = FACE_BOUND('',#1213,.T.);
#1213 = EDGE_LOOP('',(#1214,#1248,#1271,#1298));
#1214 = ORIENTED_EDGE('',*,*,#1215,.F.);
#1215 = EDGE_CURVE('',#1216,#1216,#1218,.T.);
#1216 = VERTEX_POINT('',#1217);
#1217 = CARTESIAN_POINT('',(58.65,-1.4365106954E-14,2.8765E+03));
#1218 = SURFACE_CURVE('',#1219,(#1224,#1236),.PCURVE_S1.);
#1219 = CIRCLE('',#1220,58.65);
#1220 = AXIS2_PLACEMENT_3D('',#1221,#1222,#1223);
#1221 = CARTESIAN_POINT('',(0.,0.,2.8765E+03));
#1222 = DIRECTION('',(0.,0.,1.));
#1223 = DIRECTION('',(1.,0.,-0.));
#1224 = PCURVE('',#1225,#1230);
#1225 = CYLINDRICAL_SURFACE('',#1226,58.65);
#1226 = AXIS2_PLACEMENT_3D('',#1227,#1228,#1229);
#1227 = CARTESIAN_POINT('',(0.,0.,2.8635E+03));
#1228 = DIRECTION('',(0.,0.,1.));
#1229 = DIRECTION('',(1.,0.,-0.));
#1230 = DEFINITIONAL_REPRESENTATION('',(#1231),#1235);
#1231 = LINE('',#1232,#1233);
#1232 = CARTESIAN_POINT('',(0.,13.));
#1233 = VECTOR('',#1234,1.);
#1234 = DIRECTION('',(1.,0.));
#1235 = ( GEOMETRIC_REPRESENTATION_CONTEXT(2) 
PARAMETRIC_REPRESENTATION_CONTEXT() REPRESENTATION_CONTEXT('2D SPACE',''
  ) );
#1236 = PCURVE('',#1237,#1242);
#1237 = PLANE('',#1238);
#1238 = AXIS2_PLACEMENT_3D('',#1239,#1240,#1241);
#1239 = CARTESIAN_POINT('',(0.,0.,2.8765E+03));
#1240 = DIRECTION('',(0.,0.,1.));
#1241 = DIRECTION('',(1.,0.,-0.));
#1242 = DEFINITIONAL_REPRESENTATION('',(#1243),#1247);
#1243 = CIRCLE('',#1244,58.65);
#1244 = AXIS2_PLACEMENT_2D('',#1245,#1246);
#1245 = CARTESIAN_POINT('',(0.,0.));
#1246 = DIRECTION('',(1.,0.));
#1247 = ( GEOMETRIC_REPRESENTATION_CONTEXT(2) 
PARAMETRIC_REPRESENTATION_CONTEXT() REPRESENTATION_CONTEXT('2D SPACE',''
  ) );
#1248 = ORIENTED_EDGE('',*,*,#1249,.F.);
#1249 = EDGE_CURVE('',#1250,#1216,#1252,.T.);
#1250 = VERTEX_POINT('',#1251);
#1251 = CARTESIAN_POINT('',(58.65,-1.4365106954E-14,2.8635E+03));
#1252 = SEAM_CURVE('',#1253,(#1257,#1264),.PCURVE_S1.);
#1253 = LINE('',#1254,#1255);
#1254 = CARTESIAN_POINT('',(58.65,-1.4365106954E-14,2.8635E+03));
#1255 = VECTOR('',#1256,1.);
#1256 = DIRECTION('',(0.,0.,1.));
#1257 = PCURVE('',#1225,#1258);
#1258 = DEFINITIONAL_REPRESENTATION('',(#1259),#1263);
#1259 = LINE('',#1260,#1261);
#1260 = CARTESIAN_POINT('',(6.28318530718,-0.));
#1261 = VECTOR('',#1262,1.);
#1262 = DIRECTION('',(0.,1.));
#1263 = ( GEOMETRIC_REPRESENTATION_CONTEXT(2) 
PARAMETRIC_REPRESENTATION_CONTEXT() REPRESENTATION_CONTEXT('2D SPACE',''
  ) );
#1264 = PCURVE('',#1225,#1265);
#1265 = DEFINITIONAL_REPRESENTATION('',(#1266),#1270);
#1266 = LINE('',#1267,#1268);
#1267 = CARTESIAN_POINT('',(0.,-0.));
#1268 = VECTOR('',#1269,1.);
#1269 = DIRECTION('',(0.,1.));
#1270 = ( GEOMETRIC_REPRESENTATION_CONTEXT(2) 
PARAMETRIC_REPRESENTATION_CONTEXT() REPRESENTATION_CONTEXT('2D SPACE',''
  ) );
#1271 = ORIENTED_EDGE('',*,*,#1272,.T.);
#1272 = EDGE_CURVE('',#1250,#1250,#1273,.T.);
#1273 = SURFACE_CURVE('',#1274,(#1279,#1286),.PCURVE_S1.);
#1274 = CIRCLE('',#1275,58.65);
#1275 = AXIS2_PLACEMENT_3D('',#1276,#1277,#1278);
#1276 = CARTESIAN_POINT('',(0.,0.,2.8635E+03));
#1277 = DIRECTION('',(0.,0.,1.));
#1278 = DIRECTION('',(1.,0.,-0.));
#1279 = PCURVE('',#1225,#1280);
#1280 = DEFINITIONAL_REPRESENTATION('',(#1281),#1285);
#1281 = LINE('',#1282,#1283);
#1282 = CARTESIAN_POINT('',(0.,0.));
#1283 = VECTOR('',#1284,1.);
#1284 = DIRECTION('',(1.,0.));
#1285 = ( GEOMETRIC_REPRESENTATION_CONTEXT(2) 
PARAMETRIC_REPRESENTATION_CONTEXT() REPRESENTATION_CONTEXT('2D SPACE',''
  ) );
#1286 = PCURVE('',#1287,#1292);
#1287 = PLANE('',#1288);
#1288 = AXIS2_PLACEMENT_3D('',#1289,#1290,#1291);
#1289 = CARTESIAN_POINT('',(0.,0.,2.8635E+03));
#1290 = DIRECTION('',(0.,0.,1.));
#1291 = DIRECTION('',(1.,0.,-0.));
#1292 = DEFINITIONAL_REPRESENTATION('',(#1293),#1297);
#1293 = CIRCLE('',#1294,58.65);
#1294 = AXIS2_PLACEMENT_2D('',#1295,#1296);
#1295 = CARTESIAN_POINT('',(0.,0.));
#1296 = DIRECTION('',(1.,0.));
#1297 = ( GEOMETRIC_REPRESENTATION_CONTEXT(2) 
PARAMETRIC_REPRESENTATION_CONTEXT() REPRESENTATION_CONTEXT('2D SPACE',''
  ) );
#1298 = ORIENTED_EDGE('',*,*,#1249,.T.);
#1299 = ADVANCED_FACE('',(#1300,#1303),#1237,.T.);
#1300 = FACE_BOUND('',#1301,.T.);
#1301 = EDGE_LOOP('',(#1302));
#1302 = ORIENTED_EDGE('',*,*,#1215,.T.);
#1303 = FACE_BOUND('',#1304,.T.);
#1304 = EDGE_LOOP('',(#1305));
#1305 = ORIENTED_EDGE('',*,*,#1306,.F.);
#1306 = EDGE_CURVE('',#1307,#1307,#1309,.T.);
#1307 = VERTEX_POINT('',#1308);
#1308 = CARTESIAN_POINT('',(57.15,-1.399771291425E-14,2.8765E+03));
#1309 = SURFACE_CURVE('',#1310,(#1315,#1322),.PCURVE_S1.);
#1310 = CIRCLE('',#1311,57.15);
#1311 = AXIS2_PLACEMENT_3D('',#1312,#1313,#1314);
#1312 = CARTESIAN_POINT('',(0.,0.,2.8765E+03));
#1313 = DIRECTION('',(0.,0.,1.));
#1314 = DIRECTION('',(1.,0.,-0.));
#1315 = PCURVE('',#1237,#1316);
#1316 = DEFINITIONAL_REPRESENTATION('',(#1317),#1321);
#1317 = CIRCLE('',#1318,57.15);
#1318 = AXIS2_PLACEMENT_2D('',#1319,#1320);
#1319 = CARTESIAN_POINT('',(0.,0.));
#1320 = DIRECTION('',(1.,0.));
#1321 = ( GEOMETRIC_REPRESENTATION_CONTEXT(2) 
PARAMETRIC_REPRESENTATION_CONTEXT() REPRESENTATION_CONTEXT('2D SPACE',''
  ) );
#1322 = PCURVE('',#1323,#1328);
#1323 = CYLINDRICAL_SURFACE('',#1324,57.15);
#1324 = AXIS2_PLACEMENT_3D('',#1325,#1326,#1327);
#1325 = CARTESIAN_POINT('',(0.,0.,2.8625E+03));
#1326 = DIRECTION('',(0.,0.,1.));
#1327 = DIRECTION('',(1.,0.,-0.));
#1328 = DEFINITIONAL_REPRESENTATION('',(#1329),#1333);
#1329 = LINE('',#1330,#1331);
#1330 = CARTESIAN_POINT('',(0.,14.));
#1331 = VECTOR('',#1332,1.);
#1332 = DIRECTION('',(1.,0.));
#1333 = ( GEOMETRIC_REPRESENTATION_CONTEXT(2) 
PARAMETRIC_REPRESENTATION_CONTEXT() REPRESENTATION_CONTEXT('2D SPACE',''
  ) );
#1334 = ADVANCED_FACE('',(#1335,#1338),#1287,.F.);
#1335 = FACE_BOUND('',#1336,.F.);
#1336 = EDGE_LOOP('',(#1337));
#1337 = ORIENTED_EDGE('',*,*,#1272,.T.);
#1338 = FACE_BOUND('',#1339,.F.);
#1339 = EDGE_LOOP('',(#1340));
#1340 = ORIENTED_EDGE('',*,*,#1341,.F.);
#1341 = EDGE_CURVE('',#1342,#1342,#1344,.T.);
#1342 = VERTEX_POINT('',#1343);
#1343 = CARTESIAN_POINT('',(57.15,-1.399771291425E-14,2.8635E+03));
#1344 = SURFACE_CURVE('',#1345,(#1350,#1357),.PCURVE_S1.);
#1345 = CIRCLE('',#1346,57.15);
#1346 = AXIS2_PLACEMENT_3D('',#1347,#1348,#1349);
#1347 = CARTESIAN_POINT('',(0.,0.,2.8635E+03));
#1348 = DIRECTION('',(0.,0.,1.));
#1349 = DIRECTION('',(1.,0.,-0.));
#1350 = PCURVE('',#1287,#1351);
#1351 = DEFINITIONAL_REPRESENTATION('',(#1352),#1356);
#1352 = CIRCLE('',#1353,57.15);
#1353 = AXIS2_PLACEMENT_2D('',#1354,#1355);
#1354 = CARTESIAN_POINT('',(0.,0.));
#1355 = DIRECTION('',(1.,0.));
#1356 = ( GEOMETRIC_REPRESENTATION_CONTEXT(2) 
PARAMETRIC_REPRESENTATION_CONTEXT() REPRESENTATION_CONTEXT('2D SPACE',''
  ) );
#1357 = PCURVE('',#1323,#1358);
#1358 = DEFINITIONAL_REPRESENTATION('',(#1359),#1363);
#1359 = LINE('',#1360,#1361);
#1360 = CARTESIAN_POINT('',(0.,1.));
#1361 = VECTOR('',#1362,1.);
#1362 = DIRECTION('',(1.,0.));
#1363 = ( GEOMETRIC_REPRESENTATION_CONTEXT(2) 
PARAMETRIC_REPRESENTATION_CONTEXT() REPRESENTATION_CONTEXT('2D SPACE',''
  ) );
#1364 = ADVANCED_FACE('',(#1365),#1323,.F.);
#1365 = FACE_BOUND('',#1366,.F.);
#1366 = EDGE_LOOP('',(#1367,#1368,#1389,#1390));
#1367 = ORIENTED_EDGE('',*,*,#1306,.F.);
#1368 = ORIENTED_EDGE('',*,*,#1369,.F.);
#1369 = EDGE_CURVE('',#1342,#1307,#1370,.T.);
#1370 = SEAM_CURVE('',#1371,(#1375,#1382),.PCURVE_S1.);
#1371 = LINE('',#1372,#1373);
#1372 = CARTESIAN_POINT('',(57.15,-1.399771291425E-14,2.8625E+03));
#1373 = VECTOR('',#1374,1.);
#1374 = DIRECTION('',(0.,0.,1.));
#1375 = PCURVE('',#1323,#1376);
#1376 = DEFINITIONAL_REPRESENTATION('',(#1377),#1381);
#1377 = LINE('',#1378,#1379);
#1378 = CARTESIAN_POINT('',(6.28318530718,-0.));
#1379 = VECTOR('',#1380,1.);
#1380 = DIRECTION('',(0.,1.));
#1381 = ( GEOMETRIC_REPRESENTATION_CONTEXT(2) 
PARAMETRIC_REPRESENTATION_CONTEXT() REPRESENTATION_CONTEXT('2D SPACE',''
  ) );
#1382 = PCURVE('',#1323,#1383);
#1383 = DEFINITIONAL_REPRESENTATION('',(#1384),#1388);
#1384 = LINE('',#1385,#1386);
#1385 = CARTESIAN_POINT('',(0.,-0.));
#1386 = VECTOR('',#1387,1.);
#1387 = DIRECTION('',(0.,1.));
#1388 = ( GEOMETRIC_REPRESENTATION_CONTEXT(2) 
PARAMETRIC_REPRESENTATION_CONTEXT() REPRESENTATION_CONTEXT('2D SPACE',''
  ) );
#1389 = ORIENTED_EDGE('',*,*,#1341,.T.);
#1390 = ORIENTED_EDGE('',*,*,#1369,.T.);
#1391 = ( GEOMETRIC_REPRESENTATION_CONTEXT(3) 
GLOBAL_UNCERTAINTY_ASSIGNED_CONTEXT((#1395)) 
GLOBAL_UNIT_ASSIGNED_CONTEXT((#1392,#1393,#1394)) REPRESENTATION_CONTEXT
('Context #1','3D Context with UNIT and UNCERTAINTY') );
#1392 = ( LENGTH_UNIT() NAMED_UNIT(*) SI_UNIT(.MILLI.,.METRE.) );
#1393 = ( NAMED_UNIT(*) PLANE_ANGLE_UNIT() SI_UNIT($,.RADIAN.) );
#1394 = ( NAMED_UNIT(*) SI_UNIT($,.STERADIAN.) SOLID_ANGLE_UNIT() );
#1395 = UNCERTAINTY_MEASURE_WITH_UNIT(LENGTH_MEASURE(1.E-07),#1392,
  'distance_accuracy_value','confusion accuracy');
#1396 = CONTEXT_DEPENDENT_SHAPE_REPRESENTATION(#1397,#1399);
#1397 = ( REPRESENTATION_RELATIONSHIP('','',#72,#10) 
REPRESENTATION_RELATIONSHIP_WITH_TRANSFORMATION(#1398) 
SHAPE_REPRESENTATION_RELATIONSHIP() );
#1398 = ITEM_DEFINED_TRANSFORMATION('','',#11,#15);
#1399 = PRODUCT_DEFINITION_SHAPE('Placement','Placement of an item',
  #1400);
#1400 = NEXT_ASSEMBLY_USAGE_OCCURRENCE('1','=>[0:1:1:2]','',#5,#67,$);
#1401 = PRODUCT_RELATED_PRODUCT_CATEGORY('part',$,(#69));
#1402 = SHAPE_DEFINITION_REPRESENTATION(#1403,#1409);
#1403 = PRODUCT_DEFINITION_SHAPE('','',#1404);
#1404 = PRODUCT_DEFINITION('design','',#1405,#1408);
#1405 = PRODUCT_DEFINITION_FORMATION('','',#1406);
#1406 = PRODUCT('COMPOUND','COMPOUND','',(#1407));
#1407 = PRODUCT_CONTEXT('',#2,'mechanical');
#1408 = PRODUCT_DEFINITION_CONTEXT('part definition',#2,'design');
#1409 = ADVANCED_BREP_SHAPE_REPRESENTATION('',(#11,#1410),#2228);
#1410 = MANIFOLD_SOLID_BREP('',#1411);
#1411 = CLOSED_SHELL('',(#1412,#1638,#1714,#1763,#1882,#1909,#1978,#2025
    ,#2072,#2097,#2110,#2165,#2220,#2224));
#1412 = ADVANCED_FACE('',(#1413,#1532),#1427,.F.);
#1413 = FACE_BOUND('',#1414,.F.);
#1414 = EDGE_LOOP('',(#1415,#1450,#1478,#1506));
#1415 = ORIENTED_EDGE('',*,*,#1416,.F.);
#1416 = EDGE_CURVE('',#1417,#1419,#1421,.T.);
#1417 = VERTEX_POINT('',#1418);
#1418 = CARTESIAN_POINT('',(87.15,-12.5,2.7875E+03));
#1419 = VERTEX_POINT('',#1420);
#1420 = CARTESIAN_POINT('',(87.15,-12.5,2.8125E+03));
#1421 = SURFACE_CURVE('',#1422,(#1426,#1438),.PCURVE_S1.);
#1422 = LINE('',#1423,#1424);
#1423 = CARTESIAN_POINT('',(87.15,-12.5,2.7875E+03));
#1424 = VECTOR('',#1425,1.);
#1425 = DIRECTION('',(0.,0.,1.));
#1426 = PCURVE('',#1427,#1432);
#1427 = PLANE('',#1428);
#1428 = AXIS2_PLACEMENT_3D('',#1429,#1430,#1431);
#1429 = CARTESIAN_POINT('',(87.15,-12.5,2.7875E+03));
#1430 = DIRECTION('',(1.,0.,-0.));
#1431 = DIRECTION('',(0.,0.,1.));
#1432 = DEFINITIONAL_REPRESENTATION('',(#1433),#1437);
#1433 = LINE('',#1434,#1435);
#1434 = CARTESIAN_POINT('',(0.,0.));
#1435 = VECTOR('',#1436,1.);
#1436 = DIRECTION('',(1.,0.));
#1437 = ( GEOMETRIC_REPRESENTATION_CONTEXT(2) 
PARAMETRIC_REPRESENTATION_CONTEXT() REPRESENTATION_CONTEXT('2D SPACE',''
  ) );
#1438 = PCURVE('',#1439,#1444);
#1439 = PLANE('',#1440);
#1440 = AXIS2_PLACEMENT_3D('',#1441,#1442,#1443);
#1441 = CARTESIAN_POINT('',(87.15,-12.5,2.7875E+03));
#1442 = DIRECTION('',(-0.,1.,0.));
#1443 = DIRECTION('',(0.,0.,1.));
#1444 = DEFINITIONAL_REPRESENTATION('',(#1445),#1449);
#1445 = LINE('',#1446,#1447);
#1446 = CARTESIAN_POINT('',(0.,0.));
#1447 = VECTOR('',#1448,1.);
#1448 = DIRECTION('',(1.,0.));
#1449 = ( GEOMETRIC_REPRESENTATION_CONTEXT(2) 
PARAMETRIC_REPRESENTATION_CONTEXT() REPRESENTATION_CONTEXT('2D SPACE',''
  ) );
#1450 = ORIENTED_EDGE('',*,*,#1451,.T.);
#1451 = EDGE_CURVE('',#1417,#1452,#1454,.T.);
#1452 = VERTEX_POINT('',#1453);
#1453 = CARTESIAN_POINT('',(87.15,12.5,2.7875E+03));
#1454 = SURFACE_CURVE('',#1455,(#1459,#1466),.PCURVE_S1.);
#1455 = LINE('',#1456,#1457);
#1456 = CARTESIAN_POINT('',(87.15,-12.5,2.7875E+03));
#1457 = VECTOR('',#1458,1.);
#1458 = DIRECTION('',(-0.,1.,0.));
#1459 = PCURVE('',#1427,#1460);
#1460 = DEFINITIONAL_REPRESENTATION('',(#1461),#1465);
#1461 = LINE('',#1462,#1463);
#1462 = CARTESIAN_POINT('',(0.,0.));
#1463 = VECTOR('',#1464,1.);
#1464 = DIRECTION('',(0.,-1.));
#1465 = ( GEOMETRIC_REPRESENTATION_CONTEXT(2) 
PARAMETRIC_REPRESENTATION_CONTEXT() REPRESENTATION_CONTEXT('2D SPACE',''
  ) );
#1466 = PCURVE('',#1467,#1472);
#1467 = PLANE('',#1468);
#1468 = AXIS2_PLACEMENT_3D('',#1469,#1470,#1471);
#1469 = CARTESIAN_POINT('',(87.15,-12.5,2.7875E+03));
#1470 = DIRECTION('',(0.,0.,1.));
#1471 = DIRECTION('',(1.,0.,-0.));
#1472 = DEFINITIONAL_REPRESENTATION('',(#1473),#1477);
#1473 = LINE('',#1474,#1475);
#1474 = CARTESIAN_POINT('',(0.,0.));
#1475 = VECTOR('',#1476,1.);
#1476 = DIRECTION('',(0.,1.));
#1477 = ( GEOMETRIC_REPRESENTATION_CONTEXT(2) 
PARAMETRIC_REPRESENTATION_CONTEXT() REPRESENTATION_CONTEXT('2D SPACE',''
  ) );
#1478 = ORIENTED_EDGE('',*,*,#1479,.T.);
#1479 = EDGE_CURVE('',#1452,#1480,#1482,.T.);
#1480 = VERTEX_POINT('',#1481);
#1481 = CARTESIAN_POINT('',(87.15,12.5,2.8125E+03));
#1482 = SURFACE_CURVE('',#1483,(#1487,#1494),.PCURVE_S1.);
#1483 = LINE('',#1484,#1485);
#1484 = CARTESIAN_POINT('',(87.15,12.5,2.7875E+03));
#1485 = VECTOR('',#1486,1.);
#1486 = DIRECTION('',(0.,0.,1.));
#1487 = PCURVE('',#1427,#1488);
#1488 = DEFINITIONAL_REPRESENTATION('',(#1489),#1493);
#1489 = LINE('',#1490,#1491);
#1490 = CARTESIAN_POINT('',(0.,-25.));
#1491 = VECTOR('',#1492,1.);
#1492 = DIRECTION('',(1.,0.));
#1493 = ( GEOMETRIC_REPRESENTATION_CONTEXT(2) 
PARAMETRIC_REPRESENTATION_CONTEXT() REPRESENTATION_CONTEXT('2D SPACE',''
  ) );
#1494 = PCURVE('',#1495,#1500);
#1495 = PLANE('',#1496);
#1496 = AXIS2_PLACEMENT_3D('',#1497,#1498,#1499);
#1497 = CARTESIAN_POINT('',(87.15,12.5,2.7875E+03));
#1498 = DIRECTION('',(-0.,1.,0.));
#1499 = DIRECTION('',(0.,0.,1.));
#1500 = DEFINITIONAL_REPRESENTATION('',(#1501),#1505);
#1501 = LINE('',#1502,#1503);
#1502 = CARTESIAN_POINT('',(0.,0.));
#1503 = VECTOR('',#1504,1.);
#1504 = DIRECTION('',(1.,0.));
#1505 = ( GEOMETRIC_REPRESENTATION_CONTEXT(2) 
PARAMETRIC_REPRESENTATION_CONTEXT() REPRESENTATION_CONTEXT('2D SPACE',''
  ) );
#1506 = ORIENTED_EDGE('',*,*,#1507,.F.);
#1507 = EDGE_CURVE('',#1419,#1480,#1508,.T.);
#1508 = SURFACE_CURVE('',#1509,(#1513,#1520),.PCURVE_S1.);
#1509 = LINE('',#1510,#1511);
#1510 = CARTESIAN_POINT('',(87.15,-12.5,2.8125E+03));
#1511 = VECTOR('',#1512,1.);
#1512 = DIRECTION('',(-0.,1.,0.));
#1513 = PCURVE('',#1427,#1514);
#1514 = DEFINITIONAL_REPRESENTATION('',(#1515),#1519);
#1515 = LINE('',#1516,#1517);
#1516 = CARTESIAN_POINT('',(25.,0.));
#1517 = VECTOR('',#1518,1.);
#1518 = DIRECTION('',(0.,-1.));
#1519 = ( GEOMETRIC_REPRESENTATION_CONTEXT(2) 
PARAMETRIC_REPRESENTATION_CONTEXT() REPRESENTATION_CONTEXT('2D SPACE',''
  ) );
#1520 = PCURVE('',#1521,#1526);
#1521 = PLANE('',#1522);
#1522 = AXIS2_PLACEMENT_3D('',#1523,#1524,#1525);
#1523 = CARTESIAN_POINT('',(87.15,-12.5,2.8125E+03));
#1524 = DIRECTION('',(0.,0.,1.));
#1525 = DIRECTION('',(1.,0.,-0.));
#1526 = DEFINITIONAL_REPRESENTATION('',(#1527),#1531);
#1527 = LINE('',#1528,#1529);
#1528 = CARTESIAN_POINT('',(0.,0.));
#1529 = VECTOR('',#1530,1.);
#1530 = DIRECTION('',(0.,1.));
#1531 = ( GEOMETRIC_REPRESENTATION_CONTEXT(2) 
PARAMETRIC_REPRESENTATION_CONTEXT() REPRESENTATION_CONTEXT('2D SPACE',''
  ) );
#1532 = FACE_BOUND('',#1533,.F.);
#1533 = EDGE_LOOP('',(#1534,#1562,#1588,#1614));
#1534 = ORIENTED_EDGE('',*,*,#1535,.T.);
#1535 = EDGE_CURVE('',#1536,#1538,#1540,.T.);
#1536 = VERTEX_POINT('',#1537);
#1537 = CARTESIAN_POINT('',(87.15,10.5,2.7895E+03));
#1538 = VERTEX_POINT('',#1539);
#1539 = CARTESIAN_POINT('',(87.15,-10.5,2.7895E+03));
#1540 = SURFACE_CURVE('',#1541,(#1545,#1551),.PCURVE_S1.);
#1541 = LINE('',#1542,#1543);
#1542 = CARTESIAN_POINT('',(87.15,-11.5,2.7895E+03));
#1543 = VECTOR('',#1544,1.);
#1544 = DIRECTION('',(0.,-1.,0.));
#1545 = PCURVE('',#1427,#1546);
#1546 = DEFINITIONAL_REPRESENTATION('',(#1547),#1550);
#1547 = B_SPLINE_CURVE_WITH_KNOTS('',1,(#1548,#1549),.UNSPECIFIED.,.F.,
  .F.,(2,2),(-22.,-1.),.PIECEWISE_BEZIER_KNOTS.);
#1548 = CARTESIAN_POINT('',(2.,-23.));
#1549 = CARTESIAN_POINT('',(2.,-2.));
#1550 = ( GEOMETRIC_REPRESENTATION_CONTEXT(2) 
PARAMETRIC_REPRESENTATION_CONTEXT() REPRESENTATION_CONTEXT('2D SPACE',''
  ) );
#1551 = PCURVE('',#1552,#1557);
#1552 = PLANE('',#1553);
#1553 = AXIS2_PLACEMENT_3D('',#1554,#1555,#1556);
#1554 = CARTESIAN_POINT('',(86.15,-10.5,2.7895E+03));
#1555 = DIRECTION('',(0.,0.,1.));
#1556 = DIRECTION('',(1.,0.,-0.));
#1557 = DEFINITIONAL_REPRESENTATION('',(#1558),#1561);
#1558 = B_SPLINE_CURVE_WITH_KNOTS('',1,(#1559,#1560),.UNSPECIFIED.,.F.,
  .F.,(2,2),(-22.,-1.),.PIECEWISE_BEZIER_KNOTS.);
#1559 = CARTESIAN_POINT('',(1.,21.));
#1560 = CARTESIAN_POINT('',(1.,0.));
#1561 = ( GEOMETRIC_REPRESENTATION_CONTEXT(2) 
PARAMETRIC_REPRESENTATION_CONTEXT() REPRESENTATION_CONTEXT('2D SPACE',''
  ) );
#1562 = ORIENTED_EDGE('',*,*,#1563,.T.);
#1563 = EDGE_CURVE('',#1538,#1564,#1566,.T.);
#1564 = VERTEX_POINT('',#1565);
#1565 = CARTESIAN_POINT('',(87.15,-10.5,2.8105E+03));
#1566 = SURFACE_CURVE('',#1567,(#1571,#1577),.PCURVE_S1.);
#1567 = LINE('',#1568,#1569);
#1568 = CARTESIAN_POINT('',(87.15,-10.5,2.7885E+03));
#1569 = VECTOR('',#1570,1.);
#1570 = DIRECTION('',(0.,0.,1.));
#1571 = PCURVE('',#1427,#1572);
#1572 = DEFINITIONAL_REPRESENTATION('',(#1573),#1576);
#1573 = B_SPLINE_CURVE_WITH_KNOTS('',1,(#1574,#1575),.UNSPECIFIED.,.F.,
  .F.,(2,2),(1.,22.),.PIECEWISE_BEZIER_KNOTS.);
#1574 = CARTESIAN_POINT('',(2.,-2.));
#1575 = CARTESIAN_POINT('',(23.,-2.));
#1576 = ( GEOMETRIC_REPRESENTATION_CONTEXT(2) 
PARAMETRIC_REPRESENTATION_CONTEXT() REPRESENTATION_CONTEXT('2D SPACE',''
  ) );
#1577 = PCURVE('',#1578,#1583);
#1578 = PLANE('',#1579);
#1579 = AXIS2_PLACEMENT_3D('',#1580,#1581,#1582);
#1580 = CARTESIAN_POINT('',(86.15,-10.5,2.7895E+03));
#1581 = DIRECTION('',(-0.,1.,0.));
#1582 = DIRECTION('',(0.,0.,1.));
#1583 = DEFINITIONAL_REPRESENTATION('',(#1584),#1587);
#1584 = B_SPLINE_CURVE_WITH_KNOTS('',1,(#1585,#1586),.UNSPECIFIED.,.F.,
  .F.,(2,2),(1.,22.),.PIECEWISE_BEZIER_KNOTS.);
#1585 = CARTESIAN_POINT('',(0.,1.));
#1586 = CARTESIAN_POINT('',(21.,1.));
#1587 = ( GEOMETRIC_REPRESENTATION_CONTEXT(2) 
PARAMETRIC_REPRESENTATION_CONTEXT() REPRESENTATION_CONTEXT('2D SPACE',''
  ) );
#1588 = ORIENTED_EDGE('',*,*,#1589,.F.);
#1589 = EDGE_CURVE('',#1590,#1564,#1592,.T.);
#1590 = VERTEX_POINT('',#1591);
#1591 = CARTESIAN_POINT('',(87.15,10.5,2.8105E+03));
#1592 = SURFACE_CURVE('',#1593,(#1597,#1603),.PCURVE_S1.);
#1593 = LINE('',#1594,#1595);
#1594 = CARTESIAN_POINT('',(87.15,-11.5,2.8105E+03));
#1595 = VECTOR('',#1596,1.);
#1596 = DIRECTION('',(0.,-1.,0.));
#1597 = PCURVE('',#1427,#1598);
#1598 = DEFINITIONAL_REPRESENTATION('',(#1599),#1602);
#1599 = B_SPLINE_CURVE_WITH_KNOTS('',1,(#1600,#1601),.UNSPECIFIED.,.F.,
  .F.,(2,2),(-22.,-1.),.PIECEWISE_BEZIER_KNOTS.);
#1600 = CARTESIAN_POINT('',(23.,-23.));
#1601 = CARTESIAN_POINT('',(23.,-2.));
#1602 = ( GEOMETRIC_REPRESENTATION_CONTEXT(2) 
PARAMETRIC_REPRESENTATION_CONTEXT() REPRESENTATION_CONTEXT('2D SPACE',''
  ) );
#1603 = PCURVE('',#1604,#1609);
#1604 = PLANE('',#1605);
#1605 = AXIS2_PLACEMENT_3D('',#1606,#1607,#1608);
#1606 = CARTESIAN_POINT('',(86.15,-10.5,2.8105E+03));
#1607 = DIRECTION('',(0.,0.,1.));
#1608 = DIRECTION('',(1.,0.,-0.));
#1609 = DEFINITIONAL_REPRESENTATION('',(#1610),#1613);
#1610 = B_SPLINE_CURVE_WITH_KNOTS('',1,(#1611,#1612),.UNSPECIFIED.,.F.,
  .F.,(2,2),(-22.,-1.),.PIECEWISE_BEZIER_KNOTS.);
#1611 = CARTESIAN_POINT('',(1.,21.));
#1612 = CARTESIAN_POINT('',(1.,0.));
#1613 = ( GEOMETRIC_REPRESENTATION_CONTEXT(2) 
PARAMETRIC_REPRESENTATION_CONTEXT() REPRESENTATION_CONTEXT('2D SPACE',''
  ) );
#1614 = ORIENTED_EDGE('',*,*,#1615,.F.);
#1615 = EDGE_CURVE('',#1536,#1590,#1616,.T.);
#1616 = SURFACE_CURVE('',#1617,(#1621,#1627),.PCURVE_S1.);
#1617 = LINE('',#1618,#1619);
#1618 = CARTESIAN_POINT('',(87.15,10.5,2.7885E+03));
#1619 = VECTOR('',#1620,1.);
#1620 = DIRECTION('',(0.,0.,1.));
#1621 = PCURVE('',#1427,#1622);
#1622 = DEFINITIONAL_REPRESENTATION('',(#1623),#1626);
#1623 = B_SPLINE_CURVE_WITH_KNOTS('',1,(#1624,#1625),.UNSPECIFIED.,.F.,
  .F.,(2,2),(1.,22.),.PIECEWISE_BEZIER_KNOTS.);
#1624 = CARTESIAN_POINT('',(2.,-23.));
#1625 = CARTESIAN_POINT('',(23.,-23.));
#1626 = ( GEOMETRIC_REPRESENTATION_CONTEXT(2) 
PARAMETRIC_REPRESENTATION_CONTEXT() REPRESENTATION_CONTEXT('2D SPACE',''
  ) );
#1627 = PCURVE('',#1628,#1633);
#1628 = PLANE('',#1629);
#1629 = AXIS2_PLACEMENT_3D('',#1630,#1631,#1632);
#1630 = CARTESIAN_POINT('',(86.15,10.5,2.7895E+03));
#1631 = DIRECTION('',(-0.,1.,0.));
#1632 = DIRECTION('',(0.,0.,1.));
#1633 = DEFINITIONAL_REPRESENTATION('',(#1634),#1637);
#1634 = B_SPLINE_CURVE_WITH_KNOTS('',1,(#1635,#1636),.UNSPECIFIED.,.F.,
  .F.,(2,2),(1.,22.),.PIECEWISE_BEZIER_KNOTS.);
#1635 = CARTESIAN_POINT('',(0.,1.));
#1636 = CARTESIAN_POINT('',(21.,1.));
#1637 = ( GEOMETRIC_REPRESENTATION_CONTEXT(2) 
PARAMETRIC_REPRESENTATION_CONTEXT() REPRESENTATION_CONTEXT('2D SPACE',''
  ) );
#1638 = ADVANCED_FACE('',(#1639),#1439,.F.);
#1639 = FACE_BOUND('',#1640,.F.);
#1640 = EDGE_LOOP('',(#1641,#1664,#1665,#1688));
#1641 = ORIENTED_EDGE('',*,*,#1642,.F.);
#1642 = EDGE_CURVE('',#1417,#1643,#1645,.T.);
#1643 = VERTEX_POINT('',#1644);
#1644 = CARTESIAN_POINT('',(607.15,-12.5,2.7875E+03));
#1645 = SURFACE_CURVE('',#1646,(#1650,#1657),.PCURVE_S1.);
#1646 = LINE('',#1647,#1648);
#1647 = CARTESIAN_POINT('',(87.15,-12.5,2.7875E+03));
#1648 = VECTOR('',#1649,1.);
#1649 = DIRECTION('',(1.,0.,-0.));
#1650 = PCURVE('',#1439,#1651);
#1651 = DEFINITIONAL_REPRESENTATION('',(#1652),#1656);
#1652 = LINE('',#1653,#1654);
#1653 = CARTESIAN_POINT('',(0.,0.));
#1654 = VECTOR('',#1655,1.);
#1655 = DIRECTION('',(0.,1.));
#1656 = ( GEOMETRIC_REPRESENTATION_CONTEXT(2) 
PARAMETRIC_REPRESENTATION_CONTEXT() REPRESENTATION_CONTEXT('2D SPACE',''
  ) );
#1657 = PCURVE('',#1467,#1658);
#1658 = DEFINITIONAL_REPRESENTATION('',(#1659),#1663);
#1659 = LINE('',#1660,#1661);
#1660 = CARTESIAN_POINT('',(0.,0.));
#1661 = VECTOR('',#1662,1.);
#1662 = DIRECTION('',(1.,0.));
#1663 = ( GEOMETRIC_REPRESENTATION_CONTEXT(2) 
PARAMETRIC_REPRESENTATION_CONTEXT() REPRESENTATION_CONTEXT('2D SPACE',''
  ) );
#1664 = ORIENTED_EDGE('',*,*,#1416,.T.);
#1665 = ORIENTED_EDGE('',*,*,#1666,.T.);
#1666 = EDGE_CURVE('',#1419,#1667,#1669,.T.);
#1667 = VERTEX_POINT('',#1668);
#1668 = CARTESIAN_POINT('',(607.15,-12.5,2.8125E+03));
#1669 = SURFACE_CURVE('',#1670,(#1674,#1681),.PCURVE_S1.);
#1670 = LINE('',#1671,#1672);
#1671 = CARTESIAN_POINT('',(87.15,-12.5,2.8125E+03));
#1672 = VECTOR('',#1673,1.);
#1673 = DIRECTION('',(1.,0.,-0.));
#1674 = PCURVE('',#1439,#1675);
#1675 = DEFINITIONAL_REPRESENTATION('',(#1676),#1680);
#1676 = LINE('',#1677,#1678);
#1677 = CARTESIAN_POINT('',(25.,0.));
#1678 = VECTOR('',#1679,1.);
#1679 = DIRECTION('',(0.,1.));
#1680 = ( GEOMETRIC_REPRESENTATION_CONTEXT(2) 
PARAMETRIC_REPRESENTATION_CONTEXT() REPRESENTATION_CONTEXT('2D SPACE',''
  ) );
#1681 = PCURVE('',#1521,#1682);
#1682 = DEFINITIONAL_REPRESENTATION('',(#1683),#1687);
#1683 = LINE('',#1684,#1685);
#1684 = CARTESIAN_POINT('',(0.,0.));
#1685 = VECTOR('',#1686,1.);
#1686 = DIRECTION('',(1.,0.));
#1687 = ( GEOMETRIC_REPRESENTATION_CONTEXT(2) 
PARAMETRIC_REPRESENTATION_CONTEXT() REPRESENTATION_CONTEXT('2D SPACE',''
  ) );
#1688 = ORIENTED_EDGE('',*,*,#1689,.F.);
#1689 = EDGE_CURVE('',#1643,#1667,#1690,.T.);
#1690 = SURFACE_CURVE('',#1691,(#1695,#1702),.PCURVE_S1.);
#1691 = LINE('',#1692,#1693);
#1692 = CARTESIAN_POINT('',(607.15,-12.5,2.7875E+03));
#1693 = VECTOR('',#1694,1.);
#1694 = DIRECTION('',(0.,0.,1.));
#1695 = PCURVE('',#1439,#1696);
#1696 = DEFINITIONAL_REPRESENTATION('',(#1697),#1701);
#1697 = LINE('',#1698,#1699);
#1698 = CARTESIAN_POINT('',(0.,520.));
#1699 = VECTOR('',#1700,1.);
#1700 = DIRECTION('',(1.,0.));
#1701 = ( GEOMETRIC_REPRESENTATION_CONTEXT(2) 
PARAMETRIC_REPRESENTATION_CONTEXT() REPRESENTATION_CONTEXT('2D SPACE',''
  ) );
#1702 = PCURVE('',#1703,#1708);
#1703 = PLANE('',#1704);
#1704 = AXIS2_PLACEMENT_3D('',#1705,#1706,#1707);
#1705 = CARTESIAN_POINT('',(607.15,-12.5,2.7875E+03));
#1706 = DIRECTION('',(1.,0.,-0.));
#1707 = DIRECTION('',(0.,0.,1.));
#1708 = DEFINITIONAL_REPRESENTATION('',(#1709),#1713);
#1709 = LINE('',#1710,#1711);
#1710 = CARTESIAN_POINT('',(0.,0.));
#1711 = VECTOR('',#1712,1.);
#1712 = DIRECTION('',(1.,0.));
#1713 = ( GEOMETRIC_REPRESENTATION_CONTEXT(2) 
PARAMETRIC_REPRESENTATION_CONTEXT() REPRESENTATION_CONTEXT('2D SPACE',''
  ) );
#1714 = ADVANCED_FACE('',(#1715),#1521,.T.);
#1715 = FACE_BOUND('',#1716,.T.);
#1716 = EDGE_LOOP('',(#1717,#1718,#1719,#1742));
#1717 = ORIENTED_EDGE('',*,*,#1507,.F.);
#1718 = ORIENTED_EDGE('',*,*,#1666,.T.);
#1719 = ORIENTED_EDGE('',*,*,#1720,.T.);
#1720 = EDGE_CURVE('',#1667,#1721,#1723,.T.);
#1721 = VERTEX_POINT('',#1722);
#1722 = CARTESIAN_POINT('',(607.15,12.5,2.8125E+03));
#1723 = SURFACE_CURVE('',#1724,(#1728,#1735),.PCURVE_S1.);
#1724 = LINE('',#1725,#1726);
#1725 = CARTESIAN_POINT('',(607.15,-12.5,2.8125E+03));
#1726 = VECTOR('',#1727,1.);
#1727 = DIRECTION('',(-0.,1.,0.));
#1728 = PCURVE('',#1521,#1729);
#1729 = DEFINITIONAL_REPRESENTATION('',(#1730),#1734);
#1730 = LINE('',#1731,#1732);
#1731 = CARTESIAN_POINT('',(520.,0.));
#1732 = VECTOR('',#1733,1.);
#1733 = DIRECTION('',(0.,1.));
#1734 = ( GEOMETRIC_REPRESENTATION_CONTEXT(2) 
PARAMETRIC_REPRESENTATION_CONTEXT() REPRESENTATION_CONTEXT('2D SPACE',''
  ) );
#1735 = PCURVE('',#1703,#1736);
#1736 = DEFINITIONAL_REPRESENTATION('',(#1737),#1741);
#1737 = LINE('',#1738,#1739);
#1738 = CARTESIAN_POINT('',(25.,0.));
#1739 = VECTOR('',#1740,1.);
#1740 = DIRECTION('',(0.,-1.));
#1741 = ( GEOMETRIC_REPRESENTATION_CONTEXT(2) 
PARAMETRIC_REPRESENTATION_CONTEXT() REPRESENTATION_CONTEXT('2D SPACE',''
  ) );
#1742 = ORIENTED_EDGE('',*,*,#1743,.F.);
#1743 = EDGE_CURVE('',#1480,#1721,#1744,.T.);
#1744 = SURFACE_CURVE('',#1745,(#1749,#1756),.PCURVE_S1.);
#1745 = LINE('',#1746,#1747);
#1746 = CARTESIAN_POINT('',(87.15,12.5,2.8125E+03));
#1747 = VECTOR('',#1748,1.);
#1748 = DIRECTION('',(1.,0.,-0.));
#1749 = PCURVE('',#1521,#1750);
#1750 = DEFINITIONAL_REPRESENTATION('',(#1751),#1755);
#1751 = LINE('',#1752,#1753);
#1752 = CARTESIAN_POINT('',(0.,25.));
#1753 = VECTOR('',#1754,1.);
#1754 = DIRECTION('',(1.,0.));
#1755 = ( GEOMETRIC_REPRESENTATION_CONTEXT(2) 
PARAMETRIC_REPRESENTATION_CONTEXT() REPRESENTATION_CONTEXT('2D SPACE',''
  ) );
#1756 = PCURVE('',#1495,#1757);
#1757 = DEFINITIONAL_REPRESENTATION('',(#1758),#1762);
#1758 = LINE('',#1759,#1760);
#1759 = CARTESIAN_POINT('',(25.,0.));
#1760 = VECTOR('',#1761,1.);
#1761 = DIRECTION('',(0.,1.));
#1762 = ( GEOMETRIC_REPRESENTATION_CONTEXT(2) 
PARAMETRIC_REPRESENTATION_CONTEXT() REPRESENTATION_CONTEXT('2D SPACE',''
  ) );
#1763 = ADVANCED_FACE('',(#1764,#1812,#1847),#1467,.F.);
#1764 = FACE_BOUND('',#1765,.F.);
#1765 = EDGE_LOOP('',(#1766,#1767,#1768,#1791));
#1766 = ORIENTED_EDGE('',*,*,#1451,.F.);
#1767 = ORIENTED_EDGE('',*,*,#1642,.T.);
#1768 = ORIENTED_EDGE('',*,*,#1769,.T.);
#1769 = EDGE_CURVE('',#1643,#1770,#1772,.T.);
#1770 = VERTEX_POINT('',#1771);
#1771 = CARTESIAN_POINT('',(607.15,12.5,2.7875E+03));
#1772 = SURFACE_CURVE('',#1773,(#1777,#1784),.PCURVE_S1.);
#1773 = LINE('',#1774,#1775);
#1774 = CARTESIAN_POINT('',(607.15,-12.5,2.7875E+03));
#1775 = VECTOR('',#1776,1.);
#1776 = DIRECTION('',(-0.,1.,0.));
#1777 = PCURVE('',#1467,#1778);
#1778 = DEFINITIONAL_REPRESENTATION('',(#1779),#1783);
#1779 = LINE('',#1780,#1781);
#1780 = CARTESIAN_POINT('',(520.,0.));
#1781 = VECTOR('',#1782,1.);
#1782 = DIRECTION('',(0.,1.));
#1783 = ( GEOMETRIC_REPRESENTATION_CONTEXT(2) 
PARAMETRIC_REPRESENTATION_CONTEXT() REPRESENTATION_CONTEXT('2D SPACE',''
  ) );
#1784 = PCURVE('',#1703,#1785);
#1785 = DEFINITIONAL_REPRESENTATION('',(#1786),#1790);
#1786 = LINE('',#1787,#1788);
#1787 = CARTESIAN_POINT('',(0.,0.));
#1788 = VECTOR('',#1789,1.);
#1789 = DIRECTION('',(0.,-1.));
#1790 = ( GEOMETRIC_REPRESENTATION_CONTEXT(2) 
PARAMETRIC_REPRESENTATION_CONTEXT() REPRESENTATION_CONTEXT('2D SPACE',''
  ) );
#1791 = ORIENTED_EDGE('',*,*,#1792,.F.);
#1792 = EDGE_CURVE('',#1452,#1770,#1793,.T.);
#1793 = SURFACE_CURVE('',#1794,(#1798,#1805),.PCURVE_S1.);
#1794 = LINE('',#1795,#1796);
#1795 = CARTESIAN_POINT('',(87.15,12.5,2.7875E+03));
#1796 = VECTOR('',#1797,1.);
#1797 = DIRECTION('',(1.,0.,-0.));
#1798 = PCURVE('',#1467,#1799);
#1799 = DEFINITIONAL_REPRESENTATION('',(#1800),#1804);
#1800 = LINE('',#1801,#1802);
#1801 = CARTESIAN_POINT('',(0.,25.));
#1802 = VECTOR('',#1803,1.);
#1803 = DIRECTION('',(1.,0.));
#1804 = ( GEOMETRIC_REPRESENTATION_CONTEXT(2) 
PARAMETRIC_REPRESENTATION_CONTEXT() REPRESENTATION_CONTEXT('2D SPACE',''
  ) );
#1805 = PCURVE('',#1495,#1806);
#1806 = DEFINITIONAL_REPRESENTATION('',(#1807),#1811);
#1807 = LINE('',#1808,#1809);
#1808 = CARTESIAN_POINT('',(0.,0.));
#1809 = VECTOR('',#1810,1.);
#1810 = DIRECTION('',(0.,1.));
#1811 = ( GEOMETRIC_REPRESENTATION_CONTEXT(2) 
PARAMETRIC_REPRESENTATION_CONTEXT() REPRESENTATION_CONTEXT('2D SPACE',''
  ) );
#1812 = FACE_BOUND('',#1813,.F.);
#1813 = EDGE_LOOP('',(#1814));
#1814 = ORIENTED_EDGE('',*,*,#1815,.T.);
#1815 = EDGE_CURVE('',#1816,#1816,#1818,.T.);
#1816 = VERTEX_POINT('',#1817);
#1817 = CARTESIAN_POINT('',(294.,-1.469576158977E-15,2.7875E+03));
#1818 = SURFACE_CURVE('',#1819,(#1824,#1835),.PCURVE_S1.);
#1819 = CIRCLE('',#1820,6.);
#1820 = AXIS2_PLACEMENT_3D('',#1821,#1822,#1823);
#1821 = CARTESIAN_POINT('',(300.,0.,2.7875E+03));
#1822 = DIRECTION('',(0.,0.,-1.));
#1823 = DIRECTION('',(-1.,0.,-0.));
#1824 = PCURVE('',#1467,#1825);
#1825 = DEFINITIONAL_REPRESENTATION('',(#1826),#1834);
#1826 = ( BOUNDED_CURVE() B_SPLINE_CURVE(2,(#1827,#1828,#1829,#1830,
#1831,#1832,#1833),.UNSPECIFIED.,.T.,.F.) B_SPLINE_CURVE_WITH_KNOTS((1,2
    ,2,2,2,1),(-2.094395102393,0.,2.094395102393,4.188790204786,
6.28318530718,8.377580409573),.UNSPECIFIED.) CURVE() 
GEOMETRIC_REPRESENTATION_ITEM() RATIONAL_B_SPLINE_CURVE((1.,0.5,1.,0.5,
1.,0.5,1.)) REPRESENTATION_ITEM('') );
#1827 = CARTESIAN_POINT('',(206.85,12.5));
#1828 = CARTESIAN_POINT('',(206.85,22.892304845413));
#1829 = CARTESIAN_POINT('',(215.85,17.696152422707));
#1830 = CARTESIAN_POINT('',(224.85,12.5));
#1831 = CARTESIAN_POINT('',(215.85,7.303847577293));
#1832 = CARTESIAN_POINT('',(206.85,2.107695154587));
#1833 = CARTESIAN_POINT('',(206.85,12.5));
#1834 = ( GEOMETRIC_REPRESENTATION_CONTEXT(2) 
PARAMETRIC_REPRESENTATION_CONTEXT() REPRESENTATION_CONTEXT('2D SPACE',''
  ) );
#1835 = PCURVE('',#1836,#1841);
#1836 = CYLINDRICAL_SURFACE('',#1837,6.);
#1837 = AXIS2_PLACEMENT_3D('',#1838,#1839,#1840);
#1838 = CARTESIAN_POINT('',(300.,0.,2.7875E+03));
#1839 = DIRECTION('',(0.,0.,-1.));
#1840 = DIRECTION('',(-1.,0.,-0.));
#1841 = DEFINITIONAL_REPRESENTATION('',(#1842),#1846);
#1842 = LINE('',#1843,#1844);
#1843 = CARTESIAN_POINT('',(0.,0.));
#1844 = VECTOR('',#1845,1.);
#1845 = DIRECTION('',(1.,0.));
#1846 = ( GEOMETRIC_REPRESENTATION_CONTEXT(2) 
PARAMETRIC_REPRESENTATION_CONTEXT() REPRESENTATION_CONTEXT('2D SPACE',''
  ) );
#1847 = FACE_BOUND('',#1848,.F.);
#1848 = EDGE_LOOP('',(#1849));
#1849 = ORIENTED_EDGE('',*,*,#1850,.T.);
#1850 = EDGE_CURVE('',#1851,#1851,#1853,.T.);
#1851 = VERTEX_POINT('',#1852);
#1852 = CARTESIAN_POINT('',(494.,-1.469576158977E-15,2.7875E+03));
#1853 = SURFACE_CURVE('',#1854,(#1859,#1870),.PCURVE_S1.);
#1854 = CIRCLE('',#1855,6.);
#1855 = AXIS2_PLACEMENT_3D('',#1856,#1857,#1858);
#1856 = CARTESIAN_POINT('',(500.,0.,2.7875E+03));
#1857 = DIRECTION('',(0.,0.,-1.));
#1858 = DIRECTION('',(-1.,0.,-0.));
#1859 = PCURVE('',#1467,#1860);
#1860 = DEFINITIONAL_REPRESENTATION('',(#1861),#1869);
#1861 = ( BOUNDED_CURVE() B_SPLINE_CURVE(2,(#1862,#1863,#1864,#1865,
#1866,#1867,#1868),.UNSPECIFIED.,.T.,.F.) B_SPLINE_CURVE_WITH_KNOTS((1,2
    ,2,2,2,1),(-2.094395102393,0.,2.094395102393,4.188790204786,
6.28318530718,8.377580409573),.UNSPECIFIED.) CURVE() 
GEOMETRIC_REPRESENTATION_ITEM() RATIONAL_B_SPLINE_CURVE((1.,0.5,1.,0.5,
1.,0.5,1.)) REPRESENTATION_ITEM('') );
#1862 = CARTESIAN_POINT('',(406.85,12.5));
#1863 = CARTESIAN_POINT('',(406.85,22.892304845413));
#1864 = CARTESIAN_POINT('',(415.85,17.696152422707));
#1865 = CARTESIAN_POINT('',(424.85,12.5));
#1866 = CARTESIAN_POINT('',(415.85,7.303847577293));
#1867 = CARTESIAN_POINT('',(406.85,2.107695154587));
#1868 = CARTESIAN_POINT('',(406.85,12.5));
#1869 = ( GEOMETRIC_REPRESENTATION_CONTEXT(2) 
PARAMETRIC_REPRESENTATION_CONTEXT() REPRESENTATION_CONTEXT('2D SPACE',''
  ) );
#1870 = PCURVE('',#1871,#1876);
#1871 = CYLINDRICAL_SURFACE('',#1872,6.);
#1872 = AXIS2_PLACEMENT_3D('',#1873,#1874,#1875);
#1873 = CARTESIAN_POINT('',(500.,0.,2.7875E+03));
#1874 = DIRECTION('',(0.,0.,-1.));
#1875 = DIRECTION('',(-1.,0.,-0.));
#1876 = DEFINITIONAL_REPRESENTATION('',(#1877),#1881);
#1877 = LINE('',#1878,#1879);
#1878 = CARTESIAN_POINT('',(0.,0.));
#1879 = VECTOR('',#1880,1.);
#1880 = DIRECTION('',(1.,0.));
#1881 = ( GEOMETRIC_REPRESENTATION_CONTEXT(2) 
PARAMETRIC_REPRESENTATION_CONTEXT() REPRESENTATION_CONTEXT('2D SPACE',''
  ) );
#1882 = ADVANCED_FACE('',(#1883),#1495,.T.);
#1883 = FACE_BOUND('',#1884,.T.);
#1884 = EDGE_LOOP('',(#1885,#1886,#1887,#1888));
#1885 = ORIENTED_EDGE('',*,*,#1792,.F.);
#1886 = ORIENTED_EDGE('',*,*,#1479,.T.);
#1887 = ORIENTED_EDGE('',*,*,#1743,.T.);
#1888 = ORIENTED_EDGE('',*,*,#1889,.F.);
#1889 = EDGE_CURVE('',#1770,#1721,#1890,.T.);
#1890 = SURFACE_CURVE('',#1891,(#1895,#1902),.PCURVE_S1.);
#1891 = LINE('',#1892,#1893);
#1892 = CARTESIAN_POINT('',(607.15,12.5,2.7875E+03));
#1893 = VECTOR('',#1894,1.);
#1894 = DIRECTION('',(0.,0.,1.));
#1895 = PCURVE('',#1495,#1896);
#1896 = DEFINITIONAL_REPRESENTATION('',(#1897),#1901);
#1897 = LINE('',#1898,#1899);
#1898 = CARTESIAN_POINT('',(0.,520.));
#1899 = VECTOR('',#1900,1.);
#1900 = DIRECTION('',(1.,0.));
#1901 = ( GEOMETRIC_REPRESENTATION_CONTEXT(2) 
PARAMETRIC_REPRESENTATION_CONTEXT() REPRESENTATION_CONTEXT('2D SPACE',''
  ) );
#1902 = PCURVE('',#1703,#1903);
#1903 = DEFINITIONAL_REPRESENTATION('',(#1904),#1908);
#1904 = LINE('',#1905,#1906);
#1905 = CARTESIAN_POINT('',(0.,-25.));
#1906 = VECTOR('',#1907,1.);
#1907 = DIRECTION('',(1.,0.));
#1908 = ( GEOMETRIC_REPRESENTATION_CONTEXT(2) 
PARAMETRIC_REPRESENTATION_CONTEXT() REPRESENTATION_CONTEXT('2D SPACE',''
  ) );
#1909 = ADVANCED_FACE('',(#1910),#1552,.T.);
#1910 = FACE_BOUND('',#1911,.T.);
#1911 = EDGE_LOOP('',(#1912,#1935,#1936,#1959));
#1912 = ORIENTED_EDGE('',*,*,#1913,.F.);
#1913 = EDGE_CURVE('',#1536,#1914,#1916,.T.);
#1914 = VERTEX_POINT('',#1915);
#1915 = CARTESIAN_POINT('',(607.15,10.5,2.7895E+03));
#1916 = SURFACE_CURVE('',#1917,(#1921,#1928),.PCURVE_S1.);
#1917 = LINE('',#1918,#1919);
#1918 = CARTESIAN_POINT('',(86.15,10.5,2.7895E+03));
#1919 = VECTOR('',#1920,1.);
#1920 = DIRECTION('',(1.,0.,-0.));
#1921 = PCURVE('',#1552,#1922);
#1922 = DEFINITIONAL_REPRESENTATION('',(#1923),#1927);
#1923 = LINE('',#1924,#1925);
#1924 = CARTESIAN_POINT('',(0.,21.));
#1925 = VECTOR('',#1926,1.);
#1926 = DIRECTION('',(1.,0.));
#1927 = ( GEOMETRIC_REPRESENTATION_CONTEXT(2) 
PARAMETRIC_REPRESENTATION_CONTEXT() REPRESENTATION_CONTEXT('2D SPACE',''
  ) );
#1928 = PCURVE('',#1628,#1929);
#1929 = DEFINITIONAL_REPRESENTATION('',(#1930),#1934);
#1930 = LINE('',#1931,#1932);
#1931 = CARTESIAN_POINT('',(0.,0.));
#1932 = VECTOR('',#1933,1.);
#1933 = DIRECTION('',(0.,1.));
#1934 = ( GEOMETRIC_REPRESENTATION_CONTEXT(2) 
PARAMETRIC_REPRESENTATION_CONTEXT() REPRESENTATION_CONTEXT('2D SPACE',''
  ) );
#1935 = ORIENTED_EDGE('',*,*,#1535,.T.);
#1936 = ORIENTED_EDGE('',*,*,#1937,.T.);
#1937 = EDGE_CURVE('',#1538,#1938,#1940,.T.);
#1938 = VERTEX_POINT('',#1939);
#1939 = CARTESIAN_POINT('',(607.15,-10.5,2.7895E+03));
#1940 = SURFACE_CURVE('',#1941,(#1945,#1952),.PCURVE_S1.);
#1941 = LINE('',#1942,#1943);
#1942 = CARTESIAN_POINT('',(86.15,-10.5,2.7895E+03));
#1943 = VECTOR('',#1944,1.);
#1944 = DIRECTION('',(1.,0.,-0.));
#1945 = PCURVE('',#1552,#1946);
#1946 = DEFINITIONAL_REPRESENTATION('',(#1947),#1951);
#1947 = LINE('',#1948,#1949);
#1948 = CARTESIAN_POINT('',(0.,0.));
#1949 = VECTOR('',#1950,1.);
#1950 = DIRECTION('',(1.,0.));
#1951 = ( GEOMETRIC_REPRESENTATION_CONTEXT(2) 
PARAMETRIC_REPRESENTATION_CONTEXT() REPRESENTATION_CONTEXT('2D SPACE',''
  ) );
#1952 = PCURVE('',#1578,#1953);
#1953 = DEFINITIONAL_REPRESENTATION('',(#1954),#1958);
#1954 = LINE('',#1955,#1956);
#1955 = CARTESIAN_POINT('',(0.,0.));
#1956 = VECTOR('',#1957,1.);
#1957 = DIRECTION('',(0.,1.));
#1958 = ( GEOMETRIC_REPRESENTATION_CONTEXT(2) 
PARAMETRIC_REPRESENTATION_CONTEXT() REPRESENTATION_CONTEXT('2D SPACE',''
  ) );
#1959 = ORIENTED_EDGE('',*,*,#1960,.F.);
#1960 = EDGE_CURVE('',#1914,#1938,#1961,.T.);
#1961 = SURFACE_CURVE('',#1962,(#1966,#1972),.PCURVE_S1.);
#1962 = LINE('',#1963,#1964);
#1963 = CARTESIAN_POINT('',(607.15,-11.5,2.7895E+03));
#1964 = VECTOR('',#1965,1.);
#1965 = DIRECTION('',(0.,-1.,0.));
#1966 = PCURVE('',#1552,#1967);
#1967 = DEFINITIONAL_REPRESENTATION('',(#1968),#1971);
#1968 = B_SPLINE_CURVE_WITH_KNOTS('',1,(#1969,#1970),.UNSPECIFIED.,.F.,
  .F.,(2,2),(-22.,-1.),.PIECEWISE_BEZIER_KNOTS.);
#1969 = CARTESIAN_POINT('',(521.,21.));
#1970 = CARTESIAN_POINT('',(521.,0.));
#1971 = ( GEOMETRIC_REPRESENTATION_CONTEXT(2) 
PARAMETRIC_REPRESENTATION_CONTEXT() REPRESENTATION_CONTEXT('2D SPACE',''
  ) );
#1972 = PCURVE('',#1703,#1973);
#1973 = DEFINITIONAL_REPRESENTATION('',(#1974),#1977);
#1974 = B_SPLINE_CURVE_WITH_KNOTS('',1,(#1975,#1976),.UNSPECIFIED.,.F.,
  .F.,(2,2),(-22.,-1.),.PIECEWISE_BEZIER_KNOTS.);
#1975 = CARTESIAN_POINT('',(2.,-23.));
#1976 = CARTESIAN_POINT('',(2.,-2.));
#1977 = ( GEOMETRIC_REPRESENTATION_CONTEXT(2) 
PARAMETRIC_REPRESENTATION_CONTEXT() REPRESENTATION_CONTEXT('2D SPACE',''
  ) );
#1978 = ADVANCED_FACE('',(#1979),#1628,.F.);
#1979 = FACE_BOUND('',#1980,.F.);
#1980 = EDGE_LOOP('',(#1981,#1982,#1983,#2006));
#1981 = ORIENTED_EDGE('',*,*,#1913,.F.);
#1982 = ORIENTED_EDGE('',*,*,#1615,.T.);
#1983 = ORIENTED_EDGE('',*,*,#1984,.T.);
#1984 = EDGE_CURVE('',#1590,#1985,#1987,.T.);
#1985 = VERTEX_POINT('',#1986);
#1986 = CARTESIAN_POINT('',(607.15,10.5,2.8105E+03));
#1987 = SURFACE_CURVE('',#1988,(#1992,#1999),.PCURVE_S1.);
#1988 = LINE('',#1989,#1990);
#1989 = CARTESIAN_POINT('',(86.15,10.5,2.8105E+03));
#1990 = VECTOR('',#1991,1.);
#1991 = DIRECTION('',(1.,0.,-0.));
#1992 = PCURVE('',#1628,#1993);
#1993 = DEFINITIONAL_REPRESENTATION('',(#1994),#1998);
#1994 = LINE('',#1995,#1996);
#1995 = CARTESIAN_POINT('',(21.,0.));
#1996 = VECTOR('',#1997,1.);
#1997 = DIRECTION('',(0.,1.));
#1998 = ( GEOMETRIC_REPRESENTATION_CONTEXT(2) 
PARAMETRIC_REPRESENTATION_CONTEXT() REPRESENTATION_CONTEXT('2D SPACE',''
  ) );
#1999 = PCURVE('',#1604,#2000);
#2000 = DEFINITIONAL_REPRESENTATION('',(#2001),#2005);
#2001 = LINE('',#2002,#2003);
#2002 = CARTESIAN_POINT('',(0.,21.));
#2003 = VECTOR('',#2004,1.);
#2004 = DIRECTION('',(1.,0.));
#2005 = ( GEOMETRIC_REPRESENTATION_CONTEXT(2) 
PARAMETRIC_REPRESENTATION_CONTEXT() REPRESENTATION_CONTEXT('2D SPACE',''
  ) );
#2006 = ORIENTED_EDGE('',*,*,#2007,.F.);
#2007 = EDGE_CURVE('',#1914,#1985,#2008,.T.);
#2008 = SURFACE_CURVE('',#2009,(#2013,#2019),.PCURVE_S1.);
#2009 = LINE('',#2010,#2011);
#2010 = CARTESIAN_POINT('',(607.15,10.5,2.7885E+03));
#2011 = VECTOR('',#2012,1.);
#2012 = DIRECTION('',(0.,0.,1.));
#2013 = PCURVE('',#1628,#2014);
#2014 = DEFINITIONAL_REPRESENTATION('',(#2015),#2018);
#2015 = B_SPLINE_CURVE_WITH_KNOTS('',1,(#2016,#2017),.UNSPECIFIED.,.F.,
  .F.,(2,2),(1.,22.),.PIECEWISE_BEZIER_KNOTS.);
#2016 = CARTESIAN_POINT('',(0.,521.));
#2017 = CARTESIAN_POINT('',(21.,521.));
#2018 = ( GEOMETRIC_REPRESENTATION_CONTEXT(2) 
PARAMETRIC_REPRESENTATION_CONTEXT() REPRESENTATION_CONTEXT('2D SPACE',''
  ) );
#2019 = PCURVE('',#1703,#2020);
#2020 = DEFINITIONAL_REPRESENTATION('',(#2021),#2024);
#2021 = B_SPLINE_CURVE_WITH_KNOTS('',1,(#2022,#2023),.UNSPECIFIED.,.F.,
  .F.,(2,2),(1.,22.),.PIECEWISE_BEZIER_KNOTS.);
#2022 = CARTESIAN_POINT('',(2.,-23.));
#2023 = CARTESIAN_POINT('',(23.,-23.));
#2024 = ( GEOMETRIC_REPRESENTATION_CONTEXT(2) 
PARAMETRIC_REPRESENTATION_CONTEXT() REPRESENTATION_CONTEXT('2D SPACE',''
  ) );
#2025 = ADVANCED_FACE('',(#2026),#1604,.F.);
#2026 = FACE_BOUND('',#2027,.F.);
#2027 = EDGE_LOOP('',(#2028,#2029,#2030,#2053));
#2028 = ORIENTED_EDGE('',*,*,#1984,.F.);
#2029 = ORIENTED_EDGE('',*,*,#1589,.T.);
#2030 = ORIENTED_EDGE('',*,*,#2031,.T.);
#2031 = EDGE_CURVE('',#1564,#2032,#2034,.T.);
#2032 = VERTEX_POINT('',#2033);
#2033 = CARTESIAN_POINT('',(607.15,-10.5,2.8105E+03));
#2034 = SURFACE_CURVE('',#2035,(#2039,#2046),.PCURVE_S1.);
#2035 = LINE('',#2036,#2037);
#2036 = CARTESIAN_POINT('',(86.15,-10.5,2.8105E+03));
#2037 = VECTOR('',#2038,1.);
#2038 = DIRECTION('',(1.,0.,-0.));
#2039 = PCURVE('',#1604,#2040);
#2040 = DEFINITIONAL_REPRESENTATION('',(#2041),#2045);
#2041 = LINE('',#2042,#2043);
#2042 = CARTESIAN_POINT('',(0.,0.));
#2043 = VECTOR('',#2044,1.);
#2044 = DIRECTION('',(1.,0.));
#2045 = ( GEOMETRIC_REPRESENTATION_CONTEXT(2) 
PARAMETRIC_REPRESENTATION_CONTEXT() REPRESENTATION_CONTEXT('2D SPACE',''
  ) );
#2046 = PCURVE('',#1578,#2047);
#2047 = DEFINITIONAL_REPRESENTATION('',(#2048),#2052);
#2048 = LINE('',#2049,#2050);
#2049 = CARTESIAN_POINT('',(21.,0.));
#2050 = VECTOR('',#2051,1.);
#2051 = DIRECTION('',(0.,1.));
#2052 = ( GEOMETRIC_REPRESENTATION_CONTEXT(2) 
PARAMETRIC_REPRESENTATION_CONTEXT() REPRESENTATION_CONTEXT('2D SPACE',''
  ) );
#2053 = ORIENTED_EDGE('',*,*,#2054,.F.);
#2054 = EDGE_CURVE('',#1985,#2032,#2055,.T.);
#2055 = SURFACE_CURVE('',#2056,(#2060,#2066),.PCURVE_S1.);
#2056 = LINE('',#2057,#2058);
#2057 = CARTESIAN_POINT('',(607.15,-11.5,2.8105E+03));
#2058 = VECTOR('',#2059,1.);
#2059 = DIRECTION('',(0.,-1.,0.));
#2060 = PCURVE('',#1604,#2061);
#2061 = DEFINITIONAL_REPRESENTATION('',(#2062),#2065);
#2062 = B_SPLINE_CURVE_WITH_KNOTS('',1,(#2063,#2064),.UNSPECIFIED.,.F.,
  .F.,(2,2),(-22.,-1.),.PIECEWISE_BEZIER_KNOTS.);
#2063 = CARTESIAN_POINT('',(521.,21.));
#2064 = CARTESIAN_POINT('',(521.,0.));
#2065 = ( GEOMETRIC_REPRESENTATION_CONTEXT(2) 
PARAMETRIC_REPRESENTATION_CONTEXT() REPRESENTATION_CONTEXT('2D SPACE',''
  ) );
#2066 = PCURVE('',#1703,#2067);
#2067 = DEFINITIONAL_REPRESENTATION('',(#2068),#2071);
#2068 = B_SPLINE_CURVE_WITH_KNOTS('',1,(#2069,#2070),.UNSPECIFIED.,.F.,
  .F.,(2,2),(-22.,-1.),.PIECEWISE_BEZIER_KNOTS.);
#2069 = CARTESIAN_POINT('',(23.,-23.));
#2070 = CARTESIAN_POINT('',(23.,-2.));
#2071 = ( GEOMETRIC_REPRESENTATION_CONTEXT(2) 
PARAMETRIC_REPRESENTATION_CONTEXT() REPRESENTATION_CONTEXT('2D SPACE',''
  ) );
#2072 = ADVANCED_FACE('',(#2073),#1578,.T.);
#2073 = FACE_BOUND('',#2074,.T.);
#2074 = EDGE_LOOP('',(#2075,#2076,#2077,#2078));
#2075 = ORIENTED_EDGE('',*,*,#1937,.F.);
#2076 = ORIENTED_EDGE('',*,*,#1563,.T.);
#2077 = ORIENTED_EDGE('',*,*,#2031,.T.);
#2078 = ORIENTED_EDGE('',*,*,#2079,.F.);
#2079 = EDGE_CURVE('',#1938,#2032,#2080,.T.);
#2080 = SURFACE_CURVE('',#2081,(#2085,#2091),.PCURVE_S1.);
#2081 = LINE('',#2082,#2083);
#2082 = CARTESIAN_POINT('',(607.15,-10.5,2.7885E+03));
#2083 = VECTOR('',#2084,1.);
#2084 = DIRECTION('',(0.,0.,1.));
#2085 = PCURVE('',#1578,#2086);
#2086 = DEFINITIONAL_REPRESENTATION('',(#2087),#2090);
#2087 = B_SPLINE_CURVE_WITH_KNOTS('',1,(#2088,#2089),.UNSPECIFIED.,.F.,
  .F.,(2,2),(1.,22.),.PIECEWISE_BEZIER_KNOTS.);
#2088 = CARTESIAN_POINT('',(0.,521.));
#2089 = CARTESIAN_POINT('',(21.,521.));
#2090 = ( GEOMETRIC_REPRESENTATION_CONTEXT(2) 
PARAMETRIC_REPRESENTATION_CONTEXT() REPRESENTATION_CONTEXT('2D SPACE',''
  ) );
#2091 = PCURVE('',#1703,#2092);
#2092 = DEFINITIONAL_REPRESENTATION('',(#2093),#2096);
#2093 = B_SPLINE_CURVE_WITH_KNOTS('',1,(#2094,#2095),.UNSPECIFIED.,.F.,
  .F.,(2,2),(1.,22.),.PIECEWISE_BEZIER_KNOTS.);
#2094 = CARTESIAN_POINT('',(2.,-2.));
#2095 = CARTESIAN_POINT('',(23.,-2.));
#2096 = ( GEOMETRIC_REPRESENTATION_CONTEXT(2) 
PARAMETRIC_REPRESENTATION_CONTEXT() REPRESENTATION_CONTEXT('2D SPACE',''
  ) );
#2097 = ADVANCED_FACE('',(#2098,#2104),#1703,.T.);
#2098 = FACE_BOUND('',#2099,.T.);
#2099 = EDGE_LOOP('',(#2100,#2101,#2102,#2103));
#2100 = ORIENTED_EDGE('',*,*,#1689,.F.);
#2101 = ORIENTED_EDGE('',*,*,#1769,.T.);
#2102 = ORIENTED_EDGE('',*,*,#1889,.T.);
#2103 = ORIENTED_EDGE('',*,*,#1720,.F.);
#2104 = FACE_BOUND('',#2105,.T.);
#2105 = EDGE_LOOP('',(#2106,#2107,#2108,#2109));
#2106 = ORIENTED_EDGE('',*,*,#1960,.T.);
#2107 = ORIENTED_EDGE('',*,*,#2079,.T.);
#2108 = ORIENTED_EDGE('',*,*,#2054,.F.);
#2109 = ORIENTED_EDGE('',*,*,#2007,.F.);
#2110 = ADVANCED_FACE('',(#2111),#1836,.T.);
#2111 = FACE_BOUND('',#2112,.T.);
#2112 = EDGE_LOOP('',(#2113,#2142,#2163,#2164));
#2113 = ORIENTED_EDGE('',*,*,#2114,.F.);
#2114 = EDGE_CURVE('',#2115,#2115,#2117,.T.);
#2115 = VERTEX_POINT('',#2116);
#2116 = CARTESIAN_POINT('',(294.,-1.469576158977E-15,2.7675E+03));
#2117 = SURFACE_CURVE('',#2118,(#2123,#2130),.PCURVE_S1.);
#2118 = CIRCLE('',#2119,6.);
#2119 = AXIS2_PLACEMENT_3D('',#2120,#2121,#2122);
#2120 = CARTESIAN_POINT('',(300.,0.,2.7675E+03));
#2121 = DIRECTION('',(0.,0.,-1.));
#2122 = DIRECTION('',(-1.,0.,-0.));
#2123 = PCURVE('',#1836,#2124);
#2124 = DEFINITIONAL_REPRESENTATION('',(#2125),#2129);
#2125 = LINE('',#2126,#2127);
#2126 = CARTESIAN_POINT('',(0.,20.));
#2127 = VECTOR('',#2128,1.);
#2128 = DIRECTION('',(1.,0.));
#2129 = ( GEOMETRIC_REPRESENTATION_CONTEXT(2) 
PARAMETRIC_REPRESENTATION_CONTEXT() REPRESENTATION_CONTEXT('2D SPACE',''
  ) );
#2130 = PCURVE('',#2131,#2136);
#2131 = PLANE('',#2132);
#2132 = AXIS2_PLACEMENT_3D('',#2133,#2134,#2135);
#2133 = CARTESIAN_POINT('',(300.,0.,2.7675E+03));
#2134 = DIRECTION('',(0.,0.,-1.));
#2135 = DIRECTION('',(-1.,0.,-0.));
#2136 = DEFINITIONAL_REPRESENTATION('',(#2137),#2141);
#2137 = CIRCLE('',#2138,6.);
#2138 = AXIS2_PLACEMENT_2D('',#2139,#2140);
#2139 = CARTESIAN_POINT('',(0.,0.));
#2140 = DIRECTION('',(1.,0.));
#2141 = ( GEOMETRIC_REPRESENTATION_CONTEXT(2) 
PARAMETRIC_REPRESENTATION_CONTEXT() REPRESENTATION_CONTEXT('2D SPACE',''
  ) );
#2142 = ORIENTED_EDGE('',*,*,#2143,.F.);
#2143 = EDGE_CURVE('',#1816,#2115,#2144,.T.);
#2144 = SEAM_CURVE('',#2145,(#2149,#2156),.PCURVE_S1.);
#2145 = LINE('',#2146,#2147);
#2146 = CARTESIAN_POINT('',(294.,-1.469576158977E-15,2.7875E+03));
#2147 = VECTOR('',#2148,1.);
#2148 = DIRECTION('',(0.,0.,-1.));
#2149 = PCURVE('',#1836,#2150);
#2150 = DEFINITIONAL_REPRESENTATION('',(#2151),#2155);
#2151 = LINE('',#2152,#2153);
#2152 = CARTESIAN_POINT('',(6.28318530718,-0.));
#2153 = VECTOR('',#2154,1.);
#2154 = DIRECTION('',(0.,1.));
#2155 = ( GEOMETRIC_REPRESENTATION_CONTEXT(2) 
PARAMETRIC_REPRESENTATION_CONTEXT() REPRESENTATION_CONTEXT('2D SPACE',''
  ) );
#2156 = PCURVE('',#1836,#2157);
#2157 = DEFINITIONAL_REPRESENTATION('',(#2158),#2162);
#2158 = LINE('',#2159,#2160);
#2159 = CARTESIAN_POINT('',(0.,-0.));
#2160 = VECTOR('',#2161,1.);
#2161 = DIRECTION('',(0.,1.));
#2162 = ( GEOMETRIC_REPRESENTATION_CONTEXT(2) 
PARAMETRIC_REPRESENTATION_CONTEXT() REPRESENTATION_CONTEXT('2D SPACE',''
  ) );
#2163 = ORIENTED_EDGE('',*,*,#1815,.T.);
#2164 = ORIENTED_EDGE('',*,*,#2143,.T.);
#2165 = ADVANCED_FACE('',(#2166),#1871,.T.);
#2166 = FACE_BOUND('',#2167,.T.);
#2167 = EDGE_LOOP('',(#2168,#2197,#2218,#2219));
#2168 = ORIENTED_EDGE('',*,*,#2169,.F.);
#2169 = EDGE_CURVE('',#2170,#2170,#2172,.T.);
#2170 = VERTEX_POINT('',#2171);
#2171 = CARTESIAN_POINT('',(494.,-1.469576158977E-15,2.7545E+03));
#2172 = SURFACE_CURVE('',#2173,(#2178,#2185),.PCURVE_S1.);
#2173 = CIRCLE('',#2174,6.);
#2174 = AXIS2_PLACEMENT_3D('',#2175,#2176,#2177);
#2175 = CARTESIAN_POINT('',(500.,0.,2.7545E+03));
#2176 = DIRECTION('',(0.,0.,-1.));
#2177 = DIRECTION('',(-1.,0.,-0.));
#2178 = PCURVE('',#1871,#2179);
#2179 = DEFINITIONAL_REPRESENTATION('',(#2180),#2184);
#2180 = LINE('',#2181,#2182);
#2181 = CARTESIAN_POINT('',(0.,33.));
#2182 = VECTOR('',#2183,1.);
#2183 = DIRECTION('',(1.,0.));
#2184 = ( GEOMETRIC_REPRESENTATION_CONTEXT(2) 
PARAMETRIC_REPRESENTATION_CONTEXT() REPRESENTATION_CONTEXT('2D SPACE',''
  ) );
#2185 = PCURVE('',#2186,#2191);
#2186 = PLANE('',#2187);
#2187 = AXIS2_PLACEMENT_3D('',#2188,#2189,#2190);
#2188 = CARTESIAN_POINT('',(500.,0.,2.7545E+03));
#2189 = DIRECTION('',(0.,0.,-1.));
#2190 = DIRECTION('',(-1.,0.,-0.));
#2191 = DEFINITIONAL_REPRESENTATION('',(#2192),#2196);
#2192 = CIRCLE('',#2193,6.);
#2193 = AXIS2_PLACEMENT_2D('',#2194,#2195);
#2194 = CARTESIAN_POINT('',(0.,0.));
#2195 = DIRECTION('',(1.,0.));
#2196 = ( GEOMETRIC_REPRESENTATION_CONTEXT(2) 
PARAMETRIC_REPRESENTATION_CONTEXT() REPRESENTATION_CONTEXT('2D SPACE',''
  ) );
#2197 = ORIENTED_EDGE('',*,*,#2198,.F.);
#2198 = EDGE_CURVE('',#1851,#2170,#2199,.T.);
#2199 = SEAM_CURVE('',#2200,(#2204,#2211),.PCURVE_S1.);
#2200 = LINE('',#2201,#2202);
#2201 = CARTESIAN_POINT('',(494.,-1.469576158977E-15,2.7875E+03));
#2202 = VECTOR('',#2203,1.);
#2203 = DIRECTION('',(0.,0.,-1.));
#2204 = PCURVE('',#1871,#2205);
#2205 = DEFINITIONAL_REPRESENTATION('',(#2206),#2210);
#2206 = LINE('',#2207,#2208);
#2207 = CARTESIAN_POINT('',(6.28318530718,-0.));
#2208 = VECTOR('',#2209,1.);
#2209 = DIRECTION('',(0.,1.));
#2210 = ( GEOMETRIC_REPRESENTATION_CONTEXT(2) 
PARAMETRIC_REPRESENTATION_CONTEXT() REPRESENTATION_CONTEXT('2D SPACE',''
  ) );
#2211 = PCURVE('',#1871,#2212);
#2212 = DEFINITIONAL_REPRESENTATION('',(#2213),#2217);
#2213 = LINE('',#2214,#2215);
#2214 = CARTESIAN_POINT('',(0.,-0.));
#2215 = VECTOR('',#2216,1.);
#2216 = DIRECTION('',(0.,1.));
#2217 = ( GEOMETRIC_REPRESENTATION_CONTEXT(2) 
PARAMETRIC_REPRESENTATION_CONTEXT() REPRESENTATION_CONTEXT('2D SPACE',''
  ) );
#2218 = ORIENTED_EDGE('',*,*,#1850,.T.);
#2219 = ORIENTED_EDGE('',*,*,#2198,.T.);
#2220 = ADVANCED_FACE('',(#2221),#2131,.T.);
#2221 = FACE_BOUND('',#2222,.T.);
#2222 = EDGE_LOOP('',(#2223));
#2223 = ORIENTED_EDGE('',*,*,#2114,.T.);
#2224 = ADVANCED_FACE('',(#2225),#2186,.T.);
#2225 = FACE_BOUND('',#2226,.T.);
#2226 = EDGE_LOOP('',(#2227));
#2227 = ORIENTED_EDGE('',*,*,#2169,.T.);
#2228 = ( GEOMETRIC_REPRESENTATION_CONTEXT(3) 
GLOBAL_UNCERTAINTY_ASSIGNED_CONTEXT((#2232)) 
GLOBAL_UNIT_ASSIGNED_CONTEXT((#2229,#2230,#2231)) REPRESENTATION_CONTEXT
('Context #1','3D Context with UNIT and UNCERTAINTY') );
#2229 = ( LENGTH_UNIT() NAMED_UNIT(*) SI_UNIT(.MILLI.,.METRE.) );
#2230 = ( NAMED_UNIT(*) PLANE_ANGLE_UNIT() SI_UNIT($,.RADIAN.) );
#2231 = ( NAMED_UNIT(*) SI_UNIT($,.STERADIAN.) SOLID_ANGLE_UNIT() );
#2232 = UNCERTAINTY_MEASURE_WITH_UNIT(LENGTH_MEASURE(1.E-07),#2229,
  'distance_accuracy_value','confusion accuracy');
#2233 = CONTEXT_DEPENDENT_SHAPE_REPRESENTATION(#2234,#2236);
#2234 = ( REPRESENTATION_RELATIONSHIP('','',#1409,#10) 
REPRESENTATION_RELATIONSHIP_WITH_TRANSFORMATION(#2235) 
SHAPE_REPRESENTATION_RELATIONSHIP() );
#2235 = ITEM_DEFINED_TRANSFORMATION('','',#11,#19);
#2236 = PRODUCT_DEFINITION_SHAPE('Placement','Placement of an item',
  #2237);
#2237 = NEXT_ASSEMBLY_USAGE_OCCURRENCE('2','=>[0:1:1:3]','',#5,#1404,$);
#2238 = PRODUCT_RELATED_PRODUCT_CATEGORY('part',$,(#1406));
#2239 = SHAPE_DEFINITION_REPRESENTATION(#2240,#2246);
#2240 = PRODUCT_DEFINITION_SHAPE('','',#2241);
#2241 = PRODUCT_DEFINITION('design','',#2242,#2245);
#2242 = PRODUCT_DEFINITION_FORMATION('','',#2243);
#2243 = PRODUCT('COMPOUND','COMPOUND','',(#2244));
#2244 = PRODUCT_CONTEXT('',#2,'mechanical');
#2245 = PRODUCT_DEFINITION_CONTEXT('part definition',#2,'design');
#2246 = ADVANCED_BREP_SHAPE_REPRESENTATION('',(#11,#2247),#5537);
#2247 = MANIFOLD_SOLID_BREP('',#2248);
#2248 = CLOSED_SHELL('',(#2249,#2337,#2341,#2450,#2509,#2563,#2617,#2689
    ,#2744,#2794,#2906,#2965,#3019,#3073,#3145,#3200,#3250,#3362,#3421,
    #3475,#3529,#3601,#3656,#3706,#3818,#3877,#3931,#3985,#4057,#4112,
    #4162,#4274,#4333,#4387,#4441,#4513,#4568,#4618,#4730,#4789,#4843,
    #4897,#4969,#5024,#5074,#5186,#5245,#5299,#5353,#5425,#5480,#5530));
#2249 = ADVANCED_FACE('',(#2250),#2263,.T.);
#2250 = FACE_BOUND('',#2251,.T.);
#2251 = EDGE_LOOP('',(#2252,#2286,#2309,#2336));
#2252 = ORIENTED_EDGE('',*,*,#2253,.F.);
#2253 = EDGE_CURVE('',#2254,#2254,#2256,.T.);
#2254 = VERTEX_POINT('',#2255);
#2255 = CARTESIAN_POINT('',(355.,-1.347111479062E-14,2.7675E+03));
#2256 = SURFACE_CURVE('',#2257,(#2262,#2274),.PCURVE_S1.);
#2257 = CIRCLE('',#2258,55.);
#2258 = AXIS2_PLACEMENT_3D('',#2259,#2260,#2261);
#2259 = CARTESIAN_POINT('',(300.,0.,2.7675E+03));
#2260 = DIRECTION('',(0.,0.,1.));
#2261 = DIRECTION('',(1.,0.,-0.));
#2262 = PCURVE('',#2263,#2268);
#2263 = CYLINDRICAL_SURFACE('',#2264,55.);
#2264 = AXIS2_PLACEMENT_3D('',#2265,#2266,#2267);
#2265 = CARTESIAN_POINT('',(300.,0.,2.7645E+03));
#2266 = DIRECTION('',(0.,0.,1.));
#2267 = DIRECTION('',(1.,0.,-0.));
#2268 = DEFINITIONAL_REPRESENTATION('',(#2269),#2273);
#2269 = LINE('',#2270,#2271);
#2270 = CARTESIAN_POINT('',(0.,3.));
#2271 = VECTOR('',#2272,1.);
#2272 = DIRECTION('',(1.,0.));
#2273 = ( GEOMETRIC_REPRESENTATION_CONTEXT(2) 
PARAMETRIC_REPRESENTATION_CONTEXT() REPRESENTATION_CONTEXT('2D SPACE',''
  ) );
#2274 = PCURVE('',#2275,#2280);
#2275 = PLANE('',#2276);
#2276 = AXIS2_PLACEMENT_3D('',#2277,#2278,#2279);
#2277 = CARTESIAN_POINT('',(300.,0.,2.7675E+03));
#2278 = DIRECTION('',(0.,0.,1.));
#2279 = DIRECTION('',(1.,0.,-0.));
#2280 = DEFINITIONAL_REPRESENTATION('',(#2281),#2285);
#2281 = CIRCLE('',#2282,55.);
#2282 = AXIS2_PLACEMENT_2D('',#2283,#2284);
#2283 = CARTESIAN_POINT('',(0.,0.));
#2284 = DIRECTION('',(1.,0.));
#2285 = ( GEOMETRIC_REPRESENTATION_CONTEXT(2) 
PARAMETRIC_REPRESENTATION_CONTEXT() REPRESENTATION_CONTEXT('2D SPACE',''
  ) );
#2286 = ORIENTED_EDGE('',*,*,#2287,.F.);
#2287 = EDGE_CURVE('',#2288,#2254,#2290,.T.);
#2288 = VERTEX_POINT('',#2289);
#2289 = CARTESIAN_POINT('',(355.,-1.347111479062E-14,2.7645E+03));
#2290 = SEAM_CURVE('',#2291,(#2295,#2302),.PCURVE_S1.);
#2291 = LINE('',#2292,#2293);
#2292 = CARTESIAN_POINT('',(355.,-1.347111479062E-14,2.7645E+03));
#2293 = VECTOR('',#2294,1.);
#2294 = DIRECTION('',(0.,0.,1.));
#2295 = PCURVE('',#2263,#2296);
#2296 = DEFINITIONAL_REPRESENTATION('',(#2297),#2301);
#2297 = LINE('',#2298,#2299);
#2298 = CARTESIAN_POINT('',(6.28318530718,-0.));
#2299 = VECTOR('',#2300,1.);
#2300 = DIRECTION('',(0.,1.));
#2301 = ( GEOMETRIC_REPRESENTATION_CONTEXT(2) 
PARAMETRIC_REPRESENTATION_CONTEXT() REPRESENTATION_CONTEXT('2D SPACE',''
  ) );
#2302 = PCURVE('',#2263,#2303);
#2303 = DEFINITIONAL_REPRESENTATION('',(#2304),#2308);
#2304 = LINE('',#2305,#2306);
#2305 = CARTESIAN_POINT('',(0.,-0.));
#2306 = VECTOR('',#2307,1.);
#2307 = DIRECTION('',(0.,1.));
#2308 = ( GEOMETRIC_REPRESENTATION_CONTEXT(2) 
PARAMETRIC_REPRESENTATION_CONTEXT() REPRESENTATION_CONTEXT('2D SPACE',''
  ) );
#2309 = ORIENTED_EDGE('',*,*,#2310,.T.);
#2310 = EDGE_CURVE('',#2288,#2288,#2311,.T.);
#2311 = SURFACE_CURVE('',#2312,(#2317,#2324),.PCURVE_S1.);
#2312 = CIRCLE('',#2313,55.);
#2313 = AXIS2_PLACEMENT_3D('',#2314,#2315,#2316);
#2314 = CARTESIAN_POINT('',(300.,0.,2.7645E+03));
#2315 = DIRECTION('',(0.,0.,1.));
#2316 = DIRECTION('',(1.,0.,-0.));
#2317 = PCURVE('',#2263,#2318);
#2318 = DEFINITIONAL_REPRESENTATION('',(#2319),#2323);
#2319 = LINE('',#2320,#2321);
#2320 = CARTESIAN_POINT('',(0.,0.));
#2321 = VECTOR('',#2322,1.);
#2322 = DIRECTION('',(1.,0.));
#2323 = ( GEOMETRIC_REPRESENTATION_CONTEXT(2) 
PARAMETRIC_REPRESENTATION_CONTEXT() REPRESENTATION_CONTEXT('2D SPACE',''
  ) );
#2324 = PCURVE('',#2325,#2330);
#2325 = PLANE('',#2326);
#2326 = AXIS2_PLACEMENT_3D('',#2327,#2328,#2329);
#2327 = CARTESIAN_POINT('',(300.,0.,2.7645E+03));
#2328 = DIRECTION('',(0.,0.,1.));
#2329 = DIRECTION('',(1.,0.,-0.));
#2330 = DEFINITIONAL_REPRESENTATION('',(#2331),#2335);
#2331 = CIRCLE('',#2332,55.);
#2332 = AXIS2_PLACEMENT_2D('',#2333,#2334);
#2333 = CARTESIAN_POINT('',(0.,0.));
#2334 = DIRECTION('',(1.,0.));
#2335 = ( GEOMETRIC_REPRESENTATION_CONTEXT(2) 
PARAMETRIC_REPRESENTATION_CONTEXT() REPRESENTATION_CONTEXT('2D SPACE',''
  ) );
#2336 = ORIENTED_EDGE('',*,*,#2287,.T.);
#2337 = ADVANCED_FACE('',(#2338),#2275,.T.);
#2338 = FACE_BOUND('',#2339,.T.);
#2339 = EDGE_LOOP('',(#2340));
#2340 = ORIENTED_EDGE('',*,*,#2253,.T.);
#2341 = ADVANCED_FACE('',(#2342,#2345,#2380,#2415),#2325,.F.);
#2342 = FACE_BOUND('',#2343,.F.);
#2343 = EDGE_LOOP('',(#2344));
#2344 = ORIENTED_EDGE('',*,*,#2310,.T.);
#2345 = FACE_BOUND('',#2346,.F.);
#2346 = EDGE_LOOP('',(#2347));
#2347 = ORIENTED_EDGE('',*,*,#2348,.T.);
#2348 = EDGE_CURVE('',#2349,#2349,#2351,.T.);
#2349 = VERTEX_POINT('',#2350);
#2350 = CARTESIAN_POINT('',(261.12693304105,-21.,2.7645E+03));
#2351 = SURFACE_CURVE('',#2352,(#2357,#2368),.PCURVE_S1.);
#2352 = CIRCLE('',#2353,2.5);
#2353 = AXIS2_PLACEMENT_3D('',#2354,#2355,#2356);
#2354 = CARTESIAN_POINT('',(263.62693304105,-21.,2.7645E+03));
#2355 = DIRECTION('',(0.,0.,-1.));
#2356 = DIRECTION('',(-1.,0.,-0.));
#2357 = PCURVE('',#2325,#2358);
#2358 = DEFINITIONAL_REPRESENTATION('',(#2359),#2367);
#2359 = ( BOUNDED_CURVE() B_SPLINE_CURVE(2,(#2360,#2361,#2362,#2363,
#2364,#2365,#2366),.UNSPECIFIED.,.T.,.F.) B_SPLINE_CURVE_WITH_KNOTS((1,2
    ,2,2,2,1),(-2.094395102393,0.,2.094395102393,4.188790204786,
6.28318530718,8.377580409573),.UNSPECIFIED.) CURVE() 
GEOMETRIC_REPRESENTATION_ITEM() RATIONAL_B_SPLINE_CURVE((1.,0.5,1.,0.5,
1.,0.5,1.)) REPRESENTATION_ITEM('') );
#2360 = CARTESIAN_POINT('',(-38.87306695894,-21.));
#2361 = CARTESIAN_POINT('',(-38.87306695894,-16.66987298107));
#2362 = CARTESIAN_POINT('',(-35.12306695894,-18.83493649053));
#2363 = CARTESIAN_POINT('',(-31.37306695894,-21.));
#2364 = CARTESIAN_POINT('',(-35.12306695894,-23.16506350946));
#2365 = CARTESIAN_POINT('',(-38.87306695894,-25.33012701892));
#2366 = CARTESIAN_POINT('',(-38.87306695894,-21.));
#2367 = ( GEOMETRIC_REPRESENTATION_CONTEXT(2) 
PARAMETRIC_REPRESENTATION_CONTEXT() REPRESENTATION_CONTEXT('2D SPACE',''
  ) );
#2368 = PCURVE('',#2369,#2374);
#2369 = CYLINDRICAL_SURFACE('',#2370,2.5);
#2370 = AXIS2_PLACEMENT_3D('',#2371,#2372,#2373);
#2371 = CARTESIAN_POINT('',(263.62693304105,-21.,2.7675E+03));
#2372 = DIRECTION('',(0.,0.,-1.));
#2373 = DIRECTION('',(-1.,0.,-0.));
#2374 = DEFINITIONAL_REPRESENTATION('',(#2375),#2379);
#2375 = LINE('',#2376,#2377);
#2376 = CARTESIAN_POINT('',(0.,3.));
#2377 = VECTOR('',#2378,1.);
#2378 = DIRECTION('',(1.,0.));
#2379 = ( GEOMETRIC_REPRESENTATION_CONTEXT(2) 
PARAMETRIC_REPRESENTATION_CONTEXT() REPRESENTATION_CONTEXT('2D SPACE',''
  ) );
#2380 = FACE_BOUND('',#2381,.F.);
#2381 = EDGE_LOOP('',(#2382));
#2382 = ORIENTED_EDGE('',*,*,#2383,.T.);
#2383 = EDGE_CURVE('',#2384,#2384,#2386,.T.);
#2384 = VERTEX_POINT('',#2385);
#2385 = CARTESIAN_POINT('',(333.87306695894,-21.,2.7645E+03));
#2386 = SURFACE_CURVE('',#2387,(#2392,#2403),.PCURVE_S1.);
#2387 = CIRCLE('',#2388,2.5);
#2388 = AXIS2_PLACEMENT_3D('',#2389,#2390,#2391);
#2389 = CARTESIAN_POINT('',(336.37306695894,-21.,2.7645E+03));
#2390 = DIRECTION('',(0.,0.,-1.));
#2391 = DIRECTION('',(-1.,0.,-0.));
#2392 = PCURVE('',#2325,#2393);
#2393 = DEFINITIONAL_REPRESENTATION('',(#2394),#2402);
#2394 = ( BOUNDED_CURVE() B_SPLINE_CURVE(2,(#2395,#2396,#2397,#2398,
#2399,#2400,#2401),.UNSPECIFIED.,.T.,.F.) B_SPLINE_CURVE_WITH_KNOTS((1,2
    ,2,2,2,1),(-2.094395102393,0.,2.094395102393,4.188790204786,
6.28318530718,8.377580409573),.UNSPECIFIED.) CURVE() 
GEOMETRIC_REPRESENTATION_ITEM() RATIONAL_B_SPLINE_CURVE((1.,0.5,1.,0.5,
1.,0.5,1.)) REPRESENTATION_ITEM('') );
#2395 = CARTESIAN_POINT('',(33.873066958946,-21.));
#2396 = CARTESIAN_POINT('',(33.873066958946,-16.66987298107));
#2397 = CARTESIAN_POINT('',(37.623066958946,-18.83493649053));
#2398 = CARTESIAN_POINT('',(41.373066958946,-21.));
#2399 = CARTESIAN_POINT('',(37.623066958946,-23.16506350946));
#2400 = CARTESIAN_POINT('',(33.873066958946,-25.33012701892));
#2401 = CARTESIAN_POINT('',(33.873066958946,-21.));
#2402 = ( GEOMETRIC_REPRESENTATION_CONTEXT(2) 
PARAMETRIC_REPRESENTATION_CONTEXT() REPRESENTATION_CONTEXT('2D SPACE',''
  ) );
#2403 = PCURVE('',#2404,#2409);
#2404 = CYLINDRICAL_SURFACE('',#2405,2.5);
#2405 = AXIS2_PLACEMENT_3D('',#2406,#2407,#2408);
#2406 = CARTESIAN_POINT('',(336.37306695894,-21.,2.7675E+03));
#2407 = DIRECTION('',(0.,0.,-1.));
#2408 = DIRECTION('',(-1.,0.,-0.));
#2409 = DEFINITIONAL_REPRESENTATION('',(#2410),#2414);
#2410 = LINE('',#2411,#2412);
#2411 = CARTESIAN_POINT('',(0.,3.));
#2412 = VECTOR('',#2413,1.);
#2413 = DIRECTION('',(1.,0.));
#2414 = ( GEOMETRIC_REPRESENTATION_CONTEXT(2) 
PARAMETRIC_REPRESENTATION_CONTEXT() REPRESENTATION_CONTEXT('2D SPACE',''
  ) );
#2415 = FACE_BOUND('',#2416,.F.);
#2416 = EDGE_LOOP('',(#2417));
#2417 = ORIENTED_EDGE('',*,*,#2418,.T.);
#2418 = EDGE_CURVE('',#2419,#2419,#2421,.T.);
#2419 = VERTEX_POINT('',#2420);
#2420 = CARTESIAN_POINT('',(297.5,42.,2.7645E+03));
#2421 = SURFACE_CURVE('',#2422,(#2427,#2438),.PCURVE_S1.);
#2422 = CIRCLE('',#2423,2.5);
#2423 = AXIS2_PLACEMENT_3D('',#2424,#2425,#2426);
#2424 = CARTESIAN_POINT('',(300.,42.,2.7645E+03));
#2425 = DIRECTION('',(0.,0.,-1.));
#2426 = DIRECTION('',(-1.,0.,-0.));
#2427 = PCURVE('',#2325,#2428);
#2428 = DEFINITIONAL_REPRESENTATION('',(#2429),#2437);
#2429 = ( BOUNDED_CURVE() B_SPLINE_CURVE(2,(#2430,#2431,#2432,#2433,
#2434,#2435,#2436),.UNSPECIFIED.,.T.,.F.) B_SPLINE_CURVE_WITH_KNOTS((1,2
    ,2,2,2,1),(-2.094395102393,0.,2.094395102393,4.188790204786,
6.28318530718,8.377580409573),.UNSPECIFIED.) CURVE() 
GEOMETRIC_REPRESENTATION_ITEM() RATIONAL_B_SPLINE_CURVE((1.,0.5,1.,0.5,
1.,0.5,1.)) REPRESENTATION_ITEM('') );
#2430 = CARTESIAN_POINT('',(-2.5,42.));
#2431 = CARTESIAN_POINT('',(-2.5,46.330127018922));
#2432 = CARTESIAN_POINT('',(1.25,44.165063509461));
#2433 = CARTESIAN_POINT('',(5.,42.));
#2434 = CARTESIAN_POINT('',(1.25,39.834936490539));
#2435 = CARTESIAN_POINT('',(-2.5,37.669872981078));
#2436 = CARTESIAN_POINT('',(-2.5,42.));
#2437 = ( GEOMETRIC_REPRESENTATION_CONTEXT(2) 
PARAMETRIC_REPRESENTATION_CONTEXT() REPRESENTATION_CONTEXT('2D SPACE',''
  ) );
#2438 = PCURVE('',#2439,#2444);
#2439 = CYLINDRICAL_SURFACE('',#2440,2.5);
#2440 = AXIS2_PLACEMENT_3D('',#2441,#2442,#2443);
#2441 = CARTESIAN_POINT('',(300.,42.,2.7675E+03));
#2442 = DIRECTION('',(0.,0.,-1.));
#2443 = DIRECTION('',(-1.,0.,-0.));
#2444 = DEFINITIONAL_REPRESENTATION('',(#2445),#2449);
#2445 = LINE('',#2446,#2447);
#2446 = CARTESIAN_POINT('',(0.,3.));
#2447 = VECTOR('',#2448,1.);
#2448 = DIRECTION('',(1.,0.));
#2449 = ( GEOMETRIC_REPRESENTATION_CONTEXT(2) 
PARAMETRIC_REPRESENTATION_CONTEXT() REPRESENTATION_CONTEXT('2D SPACE',''
  ) );
#2450 = ADVANCED_FACE('',(#2451),#2369,.T.);
#2451 = FACE_BOUND('',#2452,.T.);
#2452 = EDGE_LOOP('',(#2453,#2486,#2507,#2508));
#2453 = ORIENTED_EDGE('',*,*,#2454,.F.);
#2454 = EDGE_CURVE('',#2455,#2455,#2457,.T.);
#2455 = VERTEX_POINT('',#2456);
#2456 = CARTESIAN_POINT('',(261.12693304105,-21.,2.7525E+03));
#2457 = SURFACE_CURVE('',#2458,(#2463,#2470),.PCURVE_S1.);
#2458 = CIRCLE('',#2459,2.5);
#2459 = AXIS2_PLACEMENT_3D('',#2460,#2461,#2462);
#2460 = CARTESIAN_POINT('',(263.62693304105,-21.,2.7525E+03));
#2461 = DIRECTION('',(0.,0.,-1.));
#2462 = DIRECTION('',(-1.,0.,-0.));
#2463 = PCURVE('',#2369,#2464);
#2464 = DEFINITIONAL_REPRESENTATION('',(#2465),#2469);
#2465 = LINE('',#2466,#2467);
#2466 = CARTESIAN_POINT('',(0.,15.));
#2467 = VECTOR('',#2468,1.);
#2468 = DIRECTION('',(1.,0.));
#2469 = ( GEOMETRIC_REPRESENTATION_CONTEXT(2) 
PARAMETRIC_REPRESENTATION_CONTEXT() REPRESENTATION_CONTEXT('2D SPACE',''
  ) );
#2470 = PCURVE('',#2471,#2476);
#2471 = PLANE('',#2472);
#2472 = AXIS2_PLACEMENT_3D('',#2473,#2474,#2475);
#2473 = CARTESIAN_POINT('',(300.,0.,2.7525E+03));
#2474 = DIRECTION('',(0.,0.,1.));
#2475 = DIRECTION('',(1.,0.,-0.));
#2476 = DEFINITIONAL_REPRESENTATION('',(#2477),#2485);
#2477 = ( BOUNDED_CURVE() B_SPLINE_CURVE(2,(#2478,#2479,#2480,#2481,
#2482,#2483,#2484),.UNSPECIFIED.,.T.,.F.) B_SPLINE_CURVE_WITH_KNOTS((1,2
    ,2,2,2,1),(-2.094395102393,0.,2.094395102393,4.188790204786,
6.28318530718,8.377580409573),.UNSPECIFIED.) CURVE() 
GEOMETRIC_REPRESENTATION_ITEM() RATIONAL_B_SPLINE_CURVE((1.,0.5,1.,0.5,
1.,0.5,1.)) REPRESENTATION_ITEM('') );
#2478 = CARTESIAN_POINT('',(-38.87306695894,-21.));
#2479 = CARTESIAN_POINT('',(-38.87306695894,-16.66987298107));
#2480 = CARTESIAN_POINT('',(-35.12306695894,-18.83493649053));
#2481 = CARTESIAN_POINT('',(-31.37306695894,-21.));
#2482 = CARTESIAN_POINT('',(-35.12306695894,-23.16506350946));
#2483 = CARTESIAN_POINT('',(-38.87306695894,-25.33012701892));
#2484 = CARTESIAN_POINT('',(-38.87306695894,-21.));
#2485 = ( GEOMETRIC_REPRESENTATION_CONTEXT(2) 
PARAMETRIC_REPRESENTATION_CONTEXT() REPRESENTATION_CONTEXT('2D SPACE',''
  ) );
#2486 = ORIENTED_EDGE('',*,*,#2487,.F.);
#2487 = EDGE_CURVE('',#2349,#2455,#2488,.T.);
#2488 = SEAM_CURVE('',#2489,(#2493,#2500),.PCURVE_S1.);
#2489 = LINE('',#2490,#2491);
#2490 = CARTESIAN_POINT('',(261.12693304105,-21.,2.7675E+03));
#2491 = VECTOR('',#2492,1.);
#2492 = DIRECTION('',(0.,0.,-1.));
#2493 = PCURVE('',#2369,#2494);
#2494 = DEFINITIONAL_REPRESENTATION('',(#2495),#2499);
#2495 = LINE('',#2496,#2497);
#2496 = CARTESIAN_POINT('',(6.28318530718,-0.));
#2497 = VECTOR('',#2498,1.);
#2498 = DIRECTION('',(0.,1.));
#2499 = ( GEOMETRIC_REPRESENTATION_CONTEXT(2) 
PARAMETRIC_REPRESENTATION_CONTEXT() REPRESENTATION_CONTEXT('2D SPACE',''
  ) );
#2500 = PCURVE('',#2369,#2501);
#2501 = DEFINITIONAL_REPRESENTATION('',(#2502),#2506);
#2502 = LINE('',#2503,#2504);
#2503 = CARTESIAN_POINT('',(0.,-0.));
#2504 = VECTOR('',#2505,1.);
#2505 = DIRECTION('',(0.,1.));
#2506 = ( GEOMETRIC_REPRESENTATION_CONTEXT(2) 
PARAMETRIC_REPRESENTATION_CONTEXT() REPRESENTATION_CONTEXT('2D SPACE',''
  ) );
#2507 = ORIENTED_EDGE('',*,*,#2348,.T.);
#2508 = ORIENTED_EDGE('',*,*,#2487,.T.);
#2509 = ADVANCED_FACE('',(#2510),#2404,.T.);
#2510 = FACE_BOUND('',#2511,.T.);
#2511 = EDGE_LOOP('',(#2512,#2540,#2561,#2562));
#2512 = ORIENTED_EDGE('',*,*,#2513,.F.);
#2513 = EDGE_CURVE('',#2514,#2514,#2516,.T.);
#2514 = VERTEX_POINT('',#2515);
#2515 = CARTESIAN_POINT('',(333.87306695894,-21.,2.7525E+03));
#2516 = SURFACE_CURVE('',#2517,(#2522,#2529),.PCURVE_S1.);
#2517 = CIRCLE('',#2518,2.5);
#2518 = AXIS2_PLACEMENT_3D('',#2519,#2520,#2521);
#2519 = CARTESIAN_POINT('',(336.37306695894,-21.,2.7525E+03));
#2520 = DIRECTION('',(0.,0.,-1.));
#2521 = DIRECTION('',(-1.,0.,-0.));
#2522 = PCURVE('',#2404,#2523);
#2523 = DEFINITIONAL_REPRESENTATION('',(#2524),#2528);
#2524 = LINE('',#2525,#2526);
#2525 = CARTESIAN_POINT('',(0.,15.));
#2526 = VECTOR('',#2527,1.);
#2527 = DIRECTION('',(1.,0.));
#2528 = ( GEOMETRIC_REPRESENTATION_CONTEXT(2) 
PARAMETRIC_REPRESENTATION_CONTEXT() REPRESENTATION_CONTEXT('2D SPACE',''
  ) );
#2529 = PCURVE('',#2471,#2530);
#2530 = DEFINITIONAL_REPRESENTATION('',(#2531),#2539);
#2531 = ( BOUNDED_CURVE() B_SPLINE_CURVE(2,(#2532,#2533,#2534,#2535,
#2536,#2537,#2538),.UNSPECIFIED.,.T.,.F.) B_SPLINE_CURVE_WITH_KNOTS((1,2
    ,2,2,2,1),(-2.094395102393,0.,2.094395102393,4.188790204786,
6.28318530718,8.377580409573),.UNSPECIFIED.) CURVE() 
GEOMETRIC_REPRESENTATION_ITEM() RATIONAL_B_SPLINE_CURVE((1.,0.5,1.,0.5,
1.,0.5,1.)) REPRESENTATION_ITEM('') );
#2532 = CARTESIAN_POINT('',(33.873066958946,-21.));
#2533 = CARTESIAN_POINT('',(33.873066958946,-16.66987298107));
#2534 = CARTESIAN_POINT('',(37.623066958946,-18.83493649053));
#2535 = CARTESIAN_POINT('',(41.373066958946,-21.));
#2536 = CARTESIAN_POINT('',(37.623066958946,-23.16506350946));
#2537 = CARTESIAN_POINT('',(33.873066958946,-25.33012701892));
#2538 = CARTESIAN_POINT('',(33.873066958946,-21.));
#2539 = ( GEOMETRIC_REPRESENTATION_CONTEXT(2) 
PARAMETRIC_REPRESENTATION_CONTEXT() REPRESENTATION_CONTEXT('2D SPACE',''
  ) );
#2540 = ORIENTED_EDGE('',*,*,#2541,.F.);
#2541 = EDGE_CURVE('',#2384,#2514,#2542,.T.);
#2542 = SEAM_CURVE('',#2543,(#2547,#2554),.PCURVE_S1.);
#2543 = LINE('',#2544,#2545);
#2544 = CARTESIAN_POINT('',(333.87306695894,-21.,2.7675E+03));
#2545 = VECTOR('',#2546,1.);
#2546 = DIRECTION('',(0.,0.,-1.));
#2547 = PCURVE('',#2404,#2548);
#2548 = DEFINITIONAL_REPRESENTATION('',(#2549),#2553);
#2549 = LINE('',#2550,#2551);
#2550 = CARTESIAN_POINT('',(6.28318530718,-0.));
#2551 = VECTOR('',#2552,1.);
#2552 = DIRECTION('',(0.,1.));
#2553 = ( GEOMETRIC_REPRESENTATION_CONTEXT(2) 
PARAMETRIC_REPRESENTATION_CONTEXT() REPRESENTATION_CONTEXT('2D SPACE',''
  ) );
#2554 = PCURVE('',#2404,#2555);
#2555 = DEFINITIONAL_REPRESENTATION('',(#2556),#2560);
#2556 = LINE('',#2557,#2558);
#2557 = CARTESIAN_POINT('',(0.,-0.));
#2558 = VECTOR('',#2559,1.);
#2559 = DIRECTION('',(0.,1.));
#2560 = ( GEOMETRIC_REPRESENTATION_CONTEXT(2) 
PARAMETRIC_REPRESENTATION_CONTEXT() REPRESENTATION_CONTEXT('2D SPACE',''
  ) );
#2561 = ORIENTED_EDGE('',*,*,#2383,.T.);
#2562 = ORIENTED_EDGE('',*,*,#2541,.T.);
#2563 = ADVANCED_FACE('',(#2564),#2439,.T.);
#2564 = FACE_BOUND('',#2565,.T.);
#2565 = EDGE_LOOP('',(#2566,#2594,#2615,#2616));
#2566 = ORIENTED_EDGE('',*,*,#2567,.F.);
#2567 = EDGE_CURVE('',#2568,#2568,#2570,.T.);
#2568 = VERTEX_POINT('',#2569);
#2569 = CARTESIAN_POINT('',(297.5,42.,2.7525E+03));
#2570 = SURFACE_CURVE('',#2571,(#2576,#2583),.PCURVE_S1.);
#2571 = CIRCLE('',#2572,2.5);
#2572 = AXIS2_PLACEMENT_3D('',#2573,#2574,#2575);
#2573 = CARTESIAN_POINT('',(300.,42.,2.7525E+03));
#2574 = DIRECTION('',(0.,0.,-1.));
#2575 = DIRECTION('',(-1.,0.,-0.));
#2576 = PCURVE('',#2439,#2577);
#2577 = DEFINITIONAL_REPRESENTATION('',(#2578),#2582);
#2578 = LINE('',#2579,#2580);
#2579 = CARTESIAN_POINT('',(0.,15.));
#2580 = VECTOR('',#2581,1.);
#2581 = DIRECTION('',(1.,0.));
#2582 = ( GEOMETRIC_REPRESENTATION_CONTEXT(2) 
PARAMETRIC_REPRESENTATION_CONTEXT() REPRESENTATION_CONTEXT('2D SPACE',''
  ) );
#2583 = PCURVE('',#2471,#2584);
#2584 = DEFINITIONAL_REPRESENTATION('',(#2585),#2593);
#2585 = ( BOUNDED_CURVE() B_SPLINE_CURVE(2,(#2586,#2587,#2588,#2589,
#2590,#2591,#2592),.UNSPECIFIED.,.T.,.F.) B_SPLINE_CURVE_WITH_KNOTS((1,2
    ,2,2,2,1),(-2.094395102393,0.,2.094395102393,4.188790204786,
6.28318530718,8.377580409573),.UNSPECIFIED.) CURVE() 
GEOMETRIC_REPRESENTATION_ITEM() RATIONAL_B_SPLINE_CURVE((1.,0.5,1.,0.5,
1.,0.5,1.)) REPRESENTATION_ITEM('') );
#2586 = CARTESIAN_POINT('',(-2.5,42.));
#2587 = CARTESIAN_POINT('',(-2.5,46.330127018922));
#2588 = CARTESIAN_POINT('',(1.25,44.165063509461));
#2589 = CARTESIAN_POINT('',(5.,42.));
#2590 = CARTESIAN_POINT('',(1.25,39.834936490539));
#2591 = CARTESIAN_POINT('',(-2.5,37.669872981078));
#2592 = CARTESIAN_POINT('',(-2.5,42.));
#2593 = ( GEOMETRIC_REPRESENTATION_CONTEXT(2) 
PARAMETRIC_REPRESENTATION_CONTEXT() REPRESENTATION_CONTEXT('2D SPACE',''
  ) );
#2594 = ORIENTED_EDGE('',*,*,#2595,.F.);
#2595 = EDGE_CURVE('',#2419,#2568,#2596,.T.);
#2596 = SEAM_CURVE('',#2597,(#2601,#2608),.PCURVE_S1.);
#2597 = LINE('',#2598,#2599);
#2598 = CARTESIAN_POINT('',(297.5,42.,2.7675E+03));
#2599 = VECTOR('',#2600,1.);
#2600 = DIRECTION('',(0.,0.,-1.));
#2601 = PCURVE('',#2439,#2602);
#2602 = DEFINITIONAL_REPRESENTATION('',(#2603),#2607);
#2603 = LINE('',#2604,#2605);
#2604 = CARTESIAN_POINT('',(6.28318530718,-0.));
#2605 = VECTOR('',#2606,1.);
#2606 = DIRECTION('',(0.,1.));
#2607 = ( GEOMETRIC_REPRESENTATION_CONTEXT(2) 
PARAMETRIC_REPRESENTATION_CONTEXT() REPRESENTATION_CONTEXT('2D SPACE',''
  ) );
#2608 = PCURVE('',#2439,#2609);
#2609 = DEFINITIONAL_REPRESENTATION('',(#2610),#2614);
#2610 = LINE('',#2611,#2612);
#2611 = CARTESIAN_POINT('',(0.,-0.));
#2612 = VECTOR('',#2613,1.);
#2613 = DIRECTION('',(0.,1.));
#2614 = ( GEOMETRIC_REPRESENTATION_CONTEXT(2) 
PARAMETRIC_REPRESENTATION_CONTEXT() REPRESENTATION_CONTEXT('2D SPACE',''
  ) );
#2615 = ORIENTED_EDGE('',*,*,#2418,.T.);
#2616 = ORIENTED_EDGE('',*,*,#2595,.T.);
#2617 = ADVANCED_FACE('',(#2618,#2649,#2652,#2655,#2686),#2471,.T.);
#2618 = FACE_BOUND('',#2619,.T.);
#2619 = EDGE_LOOP('',(#2620));
#2620 = ORIENTED_EDGE('',*,*,#2621,.T.);
#2621 = EDGE_CURVE('',#2622,#2622,#2624,.T.);
#2622 = VERTEX_POINT('',#2623);
#2623 = CARTESIAN_POINT('',(355.,-1.347111479062E-14,2.7525E+03));
#2624 = SURFACE_CURVE('',#2625,(#2630,#2637),.PCURVE_S1.);
#2625 = CIRCLE('',#2626,55.);
#2626 = AXIS2_PLACEMENT_3D('',#2627,#2628,#2629);
#2627 = CARTESIAN_POINT('',(300.,0.,2.7525E+03));
#2628 = DIRECTION('',(0.,0.,1.));
#2629 = DIRECTION('',(1.,0.,-0.));
#2630 = PCURVE('',#2471,#2631);
#2631 = DEFINITIONAL_REPRESENTATION('',(#2632),#2636);
#2632 = CIRCLE('',#2633,55.);
#2633 = AXIS2_PLACEMENT_2D('',#2634,#2635);
#2634 = CARTESIAN_POINT('',(0.,0.));
#2635 = DIRECTION('',(1.,0.));
#2636 = ( GEOMETRIC_REPRESENTATION_CONTEXT(2) 
PARAMETRIC_REPRESENTATION_CONTEXT() REPRESENTATION_CONTEXT('2D SPACE',''
  ) );
#2637 = PCURVE('',#2638,#2643);
#2638 = CYLINDRICAL_SURFACE('',#2639,55.);
#2639 = AXIS2_PLACEMENT_3D('',#2640,#2641,#2642);
#2640 = CARTESIAN_POINT('',(300.,0.,2.7495E+03));
#2641 = DIRECTION('',(0.,0.,1.));
#2642 = DIRECTION('',(1.,0.,-0.));
#2643 = DEFINITIONAL_REPRESENTATION('',(#2644),#2648);
#2644 = LINE('',#2645,#2646);
#2645 = CARTESIAN_POINT('',(0.,3.));
#2646 = VECTOR('',#2647,1.);
#2647 = DIRECTION('',(1.,0.));
#2648 = ( GEOMETRIC_REPRESENTATION_CONTEXT(2) 
PARAMETRIC_REPRESENTATION_CONTEXT() REPRESENTATION_CONTEXT('2D SPACE',''
  ) );
#2649 = FACE_BOUND('',#2650,.T.);
#2650 = EDGE_LOOP('',(#2651));
#2651 = ORIENTED_EDGE('',*,*,#2454,.T.);
#2652 = FACE_BOUND('',#2653,.T.);
#2653 = EDGE_LOOP('',(#2654));
#2654 = ORIENTED_EDGE('',*,*,#2513,.T.);
#2655 = FACE_BOUND('',#2656,.T.);
#2656 = EDGE_LOOP('',(#2657));
#2657 = ORIENTED_EDGE('',*,*,#2658,.F.);
#2658 = EDGE_CURVE('',#2659,#2659,#2661,.T.);
#2659 = VERTEX_POINT('',#2660);
#2660 = CARTESIAN_POINT('',(328.,-6.858022075225E-15,2.7525E+03));
#2661 = SURFACE_CURVE('',#2662,(#2667,#2674),.PCURVE_S1.);
#2662 = CIRCLE('',#2663,28.);
#2663 = AXIS2_PLACEMENT_3D('',#2664,#2665,#2666);
#2664 = CARTESIAN_POINT('',(300.,0.,2.7525E+03));
#2665 = DIRECTION('',(0.,0.,1.));
#2666 = DIRECTION('',(1.,0.,-0.));
#2667 = PCURVE('',#2471,#2668);
#2668 = DEFINITIONAL_REPRESENTATION('',(#2669),#2673);
#2669 = CIRCLE('',#2670,28.);
#2670 = AXIS2_PLACEMENT_2D('',#2671,#2672);
#2671 = CARTESIAN_POINT('',(0.,0.));
#2672 = DIRECTION('',(1.,0.));
#2673 = ( GEOMETRIC_REPRESENTATION_CONTEXT(2) 
PARAMETRIC_REPRESENTATION_CONTEXT() REPRESENTATION_CONTEXT('2D SPACE',''
  ) );
#2674 = PCURVE('',#2675,#2680);
#2675 = CYLINDRICAL_SURFACE('',#2676,28.);
#2676 = AXIS2_PLACEMENT_3D('',#2677,#2678,#2679);
#2677 = CARTESIAN_POINT('',(300.,0.,2.7485E+03));
#2678 = DIRECTION('',(0.,0.,1.));
#2679 = DIRECTION('',(1.,0.,-0.));
#2680 = DEFINITIONAL_REPRESENTATION('',(#2681),#2685);
#2681 = LINE('',#2682,#2683);
#2682 = CARTESIAN_POINT('',(0.,4.));
#2683 = VECTOR('',#2684,1.);
#2684 = DIRECTION('',(1.,0.));
#2685 = ( GEOMETRIC_REPRESENTATION_CONTEXT(2) 
PARAMETRIC_REPRESENTATION_CONTEXT() REPRESENTATION_CONTEXT('2D SPACE',''
  ) );
#2686 = FACE_BOUND('',#2687,.T.);
#2687 = EDGE_LOOP('',(#2688));
#2688 = ORIENTED_EDGE('',*,*,#2567,.T.);
#2689 = ADVANCED_FACE('',(#2690),#2638,.T.);
#2690 = FACE_BOUND('',#2691,.T.);
#2691 = EDGE_LOOP('',(#2692,#2693,#2716,#2743));
#2692 = ORIENTED_EDGE('',*,*,#2621,.F.);
#2693 = ORIENTED_EDGE('',*,*,#2694,.F.);
#2694 = EDGE_CURVE('',#2695,#2622,#2697,.T.);
#2695 = VERTEX_POINT('',#2696);
#2696 = CARTESIAN_POINT('',(355.,-1.347111479062E-14,2.7495E+03));
#2697 = SEAM_CURVE('',#2698,(#2702,#2709),.PCURVE_S1.);
#2698 = LINE('',#2699,#2700);
#2699 = CARTESIAN_POINT('',(355.,-1.347111479062E-14,2.7495E+03));
#2700 = VECTOR('',#2701,1.);
#2701 = DIRECTION('',(0.,0.,1.));
#2702 = PCURVE('',#2638,#2703);
#2703 = DEFINITIONAL_REPRESENTATION('',(#2704),#2708);
#2704 = LINE('',#2705,#2706);
#2705 = CARTESIAN_POINT('',(6.28318530718,-0.));
#2706 = VECTOR('',#2707,1.);
#2707 = DIRECTION('',(0.,1.));
#2708 = ( GEOMETRIC_REPRESENTATION_CONTEXT(2) 
PARAMETRIC_REPRESENTATION_CONTEXT() REPRESENTATION_CONTEXT('2D SPACE',''
  ) );
#2709 = PCURVE('',#2638,#2710);
#2710 = DEFINITIONAL_REPRESENTATION('',(#2711),#2715);
#2711 = LINE('',#2712,#2713);
#2712 = CARTESIAN_POINT('',(0.,-0.));
#2713 = VECTOR('',#2714,1.);
#2714 = DIRECTION('',(0.,1.));
#2715 = ( GEOMETRIC_REPRESENTATION_CONTEXT(2) 
PARAMETRIC_REPRESENTATION_CONTEXT() REPRESENTATION_CONTEXT('2D SPACE',''
  ) );
#2716 = ORIENTED_EDGE('',*,*,#2717,.T.);
#2717 = EDGE_CURVE('',#2695,#2695,#2718,.T.);
#2718 = SURFACE_CURVE('',#2719,(#2724,#2731),.PCURVE_S1.);
#2719 = CIRCLE('',#2720,55.);
#2720 = AXIS2_PLACEMENT_3D('',#2721,#2722,#2723);
#2721 = CARTESIAN_POINT('',(300.,0.,2.7495E+03));
#2722 = DIRECTION('',(0.,0.,1.));
#2723 = DIRECTION('',(1.,0.,-0.));
#2724 = PCURVE('',#2638,#2725);
#2725 = DEFINITIONAL_REPRESENTATION('',(#2726),#2730);
#2726 = LINE('',#2727,#2728);
#2727 = CARTESIAN_POINT('',(0.,0.));
#2728 = VECTOR('',#2729,1.);
#2729 = DIRECTION('',(1.,0.));
#2730 = ( GEOMETRIC_REPRESENTATION_CONTEXT(2) 
PARAMETRIC_REPRESENTATION_CONTEXT() REPRESENTATION_CONTEXT('2D SPACE',''
  ) );
#2731 = PCURVE('',#2732,#2737);
#2732 = PLANE('',#2733);
#2733 = AXIS2_PLACEMENT_3D('',#2734,#2735,#2736);
#2734 = CARTESIAN_POINT('',(300.,0.,2.7495E+03));
#2735 = DIRECTION('',(0.,0.,1.));
#2736 = DIRECTION('',(1.,0.,-0.));
#2737 = DEFINITIONAL_REPRESENTATION('',(#2738),#2742);
#2738 = CIRCLE('',#2739,55.);
#2739 = AXIS2_PLACEMENT_2D('',#2740,#2741);
#2740 = CARTESIAN_POINT('',(0.,0.));
#2741 = DIRECTION('',(1.,0.));
#2742 = ( GEOMETRIC_REPRESENTATION_CONTEXT(2) 
PARAMETRIC_REPRESENTATION_CONTEXT() REPRESENTATION_CONTEXT('2D SPACE',''
  ) );
#2743 = ORIENTED_EDGE('',*,*,#2694,.T.);
#2744 = ADVANCED_FACE('',(#2745),#2675,.F.);
#2745 = FACE_BOUND('',#2746,.F.);
#2746 = EDGE_LOOP('',(#2747,#2748,#2771,#2793));
#2747 = ORIENTED_EDGE('',*,*,#2658,.F.);
#2748 = ORIENTED_EDGE('',*,*,#2749,.F.);
#2749 = EDGE_CURVE('',#2750,#2659,#2752,.T.);
#2750 = VERTEX_POINT('',#2751);
#2751 = CARTESIAN_POINT('',(328.,-6.858022075225E-15,2.7495E+03));
#2752 = SEAM_CURVE('',#2753,(#2757,#2764),.PCURVE_S1.);
#2753 = LINE('',#2754,#2755);
#2754 = CARTESIAN_POINT('',(328.,-6.858022075225E-15,2.7485E+03));
#2755 = VECTOR('',#2756,1.);
#2756 = DIRECTION('',(0.,0.,1.));
#2757 = PCURVE('',#2675,#2758);
#2758 = DEFINITIONAL_REPRESENTATION('',(#2759),#2763);
#2759 = LINE('',#2760,#2761);
#2760 = CARTESIAN_POINT('',(6.28318530718,-0.));
#2761 = VECTOR('',#2762,1.);
#2762 = DIRECTION('',(0.,1.));
#2763 = ( GEOMETRIC_REPRESENTATION_CONTEXT(2) 
PARAMETRIC_REPRESENTATION_CONTEXT() REPRESENTATION_CONTEXT('2D SPACE',''
  ) );
#2764 = PCURVE('',#2675,#2765);
#2765 = DEFINITIONAL_REPRESENTATION('',(#2766),#2770);
#2766 = LINE('',#2767,#2768);
#2767 = CARTESIAN_POINT('',(0.,-0.));
#2768 = VECTOR('',#2769,1.);
#2769 = DIRECTION('',(0.,1.));
#2770 = ( GEOMETRIC_REPRESENTATION_CONTEXT(2) 
PARAMETRIC_REPRESENTATION_CONTEXT() REPRESENTATION_CONTEXT('2D SPACE',''
  ) );
#2771 = ORIENTED_EDGE('',*,*,#2772,.T.);
#2772 = EDGE_CURVE('',#2750,#2750,#2773,.T.);
#2773 = SURFACE_CURVE('',#2774,(#2779,#2786),.PCURVE_S1.);
#2774 = CIRCLE('',#2775,28.);
#2775 = AXIS2_PLACEMENT_3D('',#2776,#2777,#2778);
#2776 = CARTESIAN_POINT('',(300.,0.,2.7495E+03));
#2777 = DIRECTION('',(0.,0.,1.));
#2778 = DIRECTION('',(1.,0.,-0.));
#2779 = PCURVE('',#2675,#2780);
#2780 = DEFINITIONAL_REPRESENTATION('',(#2781),#2785);
#2781 = LINE('',#2782,#2783);
#2782 = CARTESIAN_POINT('',(0.,1.));
#2783 = VECTOR('',#2784,1.);
#2784 = DIRECTION('',(1.,0.));
#2785 = ( GEOMETRIC_REPRESENTATION_CONTEXT(2) 
PARAMETRIC_REPRESENTATION_CONTEXT() REPRESENTATION_CONTEXT('2D SPACE',''
  ) );
#2786 = PCURVE('',#2732,#2787);
#2787 = DEFINITIONAL_REPRESENTATION('',(#2788),#2792);
#2788 = CIRCLE('',#2789,28.);
#2789 = AXIS2_PLACEMENT_2D('',#2790,#2791);
#2790 = CARTESIAN_POINT('',(0.,0.));
#2791 = DIRECTION('',(1.,0.));
#2792 = ( GEOMETRIC_REPRESENTATION_CONTEXT(2) 
PARAMETRIC_REPRESENTATION_CONTEXT() REPRESENTATION_CONTEXT('2D SPACE',''
  ) );
#2793 = ORIENTED_EDGE('',*,*,#2749,.T.);
#2794 = ADVANCED_FACE('',(#2795,#2798,#2833,#2868,#2871),#2732,.F.);
#2795 = FACE_BOUND('',#2796,.F.);
#2796 = EDGE_LOOP('',(#2797));
#2797 = ORIENTED_EDGE('',*,*,#2717,.T.);
#2798 = FACE_BOUND('',#2799,.F.);
#2799 = EDGE_LOOP('',(#2800));
#2800 = ORIENTED_EDGE('',*,*,#2801,.T.);
#2801 = EDGE_CURVE('',#2802,#2802,#2804,.T.);
#2802 = VERTEX_POINT('',#2803);
#2803 = CARTESIAN_POINT('',(261.12693304105,-21.,2.7495E+03));
#2804 = SURFACE_CURVE('',#2805,(#2810,#2821),.PCURVE_S1.);
#2805 = CIRCLE('',#2806,2.5);
#2806 = AXIS2_PLACEMENT_3D('',#2807,#2808,#2809);
#2807 = CARTESIAN_POINT('',(263.62693304105,-21.,2.7495E+03));
#2808 = DIRECTION('',(0.,0.,-1.));
#2809 = DIRECTION('',(-1.,0.,-0.));
#2810 = PCURVE('',#2732,#2811);
#2811 = DEFINITIONAL_REPRESENTATION('',(#2812),#2820);
#2812 = ( BOUNDED_CURVE() B_SPLINE_CURVE(2,(#2813,#2814,#2815,#2816,
#2817,#2818,#2819),.UNSPECIFIED.,.T.,.F.) B_SPLINE_CURVE_WITH_KNOTS((1,2
    ,2,2,2,1),(-2.094395102393,0.,2.094395102393,4.188790204786,
6.28318530718,8.377580409573),.UNSPECIFIED.) CURVE() 
GEOMETRIC_REPRESENTATION_ITEM() RATIONAL_B_SPLINE_CURVE((1.,0.5,1.,0.5,
1.,0.5,1.)) REPRESENTATION_ITEM('') );
#2813 = CARTESIAN_POINT('',(-38.87306695894,-21.));
#2814 = CARTESIAN_POINT('',(-38.87306695894,-16.66987298107));
#2815 = CARTESIAN_POINT('',(-35.12306695894,-18.83493649053));
#2816 = CARTESIAN_POINT('',(-31.37306695894,-21.));
#2817 = CARTESIAN_POINT('',(-35.12306695894,-23.16506350946));
#2818 = CARTESIAN_POINT('',(-38.87306695894,-25.33012701892));
#2819 = CARTESIAN_POINT('',(-38.87306695894,-21.));
#2820 = ( GEOMETRIC_REPRESENTATION_CONTEXT(2) 
PARAMETRIC_REPRESENTATION_CONTEXT() REPRESENTATION_CONTEXT('2D SPACE',''
  ) );
#2821 = PCURVE('',#2822,#2827);
#2822 = CYLINDRICAL_SURFACE('',#2823,2.5);
#2823 = AXIS2_PLACEMENT_3D('',#2824,#2825,#2826);
#2824 = CARTESIAN_POINT('',(263.62693304105,-21.,2.7675E+03));
#2825 = DIRECTION('',(0.,0.,-1.));
#2826 = DIRECTION('',(-1.,0.,-0.));
#2827 = DEFINITIONAL_REPRESENTATION('',(#2828),#2832);
#2828 = LINE('',#2829,#2830);
#2829 = CARTESIAN_POINT('',(0.,18.));
#2830 = VECTOR('',#2831,1.);
#2831 = DIRECTION('',(1.,0.));
#2832 = ( GEOMETRIC_REPRESENTATION_CONTEXT(2) 
PARAMETRIC_REPRESENTATION_CONTEXT() REPRESENTATION_CONTEXT('2D SPACE',''
  ) );
#2833 = FACE_BOUND('',#2834,.F.);
#2834 = EDGE_LOOP('',(#2835));
#2835 = ORIENTED_EDGE('',*,*,#2836,.T.);
#2836 = EDGE_CURVE('',#2837,#2837,#2839,.T.);
#2837 = VERTEX_POINT('',#2838);
#2838 = CARTESIAN_POINT('',(333.87306695894,-21.,2.7495E+03));
#2839 = SURFACE_CURVE('',#2840,(#2845,#2856),.PCURVE_S1.);
#2840 = CIRCLE('',#2841,2.5);
#2841 = AXIS2_PLACEMENT_3D('',#2842,#2843,#2844);
#2842 = CARTESIAN_POINT('',(336.37306695894,-21.,2.7495E+03));
#2843 = DIRECTION('',(0.,0.,-1.));
#2844 = DIRECTION('',(-1.,0.,-0.));
#2845 = PCURVE('',#2732,#2846);
#2846 = DEFINITIONAL_REPRESENTATION('',(#2847),#2855);
#2847 = ( BOUNDED_CURVE() B_SPLINE_CURVE(2,(#2848,#2849,#2850,#2851,
#2852,#2853,#2854),.UNSPECIFIED.,.T.,.F.) B_SPLINE_CURVE_WITH_KNOTS((1,2
    ,2,2,2,1),(-2.094395102393,0.,2.094395102393,4.188790204786,
6.28318530718,8.377580409573),.UNSPECIFIED.) CURVE() 
GEOMETRIC_REPRESENTATION_ITEM() RATIONAL_B_SPLINE_CURVE((1.,0.5,1.,0.5,
1.,0.5,1.)) REPRESENTATION_ITEM('') );
#2848 = CARTESIAN_POINT('',(33.873066958946,-21.));
#2849 = CARTESIAN_POINT('',(33.873066958946,-16.66987298107));
#2850 = CARTESIAN_POINT('',(37.623066958946,-18.83493649053));
#2851 = CARTESIAN_POINT('',(41.373066958946,-21.));
#2852 = CARTESIAN_POINT('',(37.623066958946,-23.16506350946));
#2853 = CARTESIAN_POINT('',(33.873066958946,-25.33012701892));
#2854 = CARTESIAN_POINT('',(33.873066958946,-21.));
#2855 = ( GEOMETRIC_REPRESENTATION_CONTEXT(2) 
PARAMETRIC_REPRESENTATION_CONTEXT() REPRESENTATION_CONTEXT('2D SPACE',''
  ) );
#2856 = PCURVE('',#2857,#2862);
#2857 = CYLINDRICAL_SURFACE('',#2858,2.5);
#2858 = AXIS2_PLACEMENT_3D('',#2859,#2860,#2861);
#2859 = CARTESIAN_POINT('',(336.37306695894,-21.,2.7675E+03));
#2860 = DIRECTION('',(0.,0.,-1.));
#2861 = DIRECTION('',(-1.,0.,-0.));
#2862 = DEFINITIONAL_REPRESENTATION('',(#2863),#2867);
#2863 = LINE('',#2864,#2865);
#2864 = CARTESIAN_POINT('',(0.,18.));
#2865 = VECTOR('',#2866,1.);
#2866 = DIRECTION('',(1.,0.));
#2867 = ( GEOMETRIC_REPRESENTATION_CONTEXT(2) 
PARAMETRIC_REPRESENTATION_CONTEXT() REPRESENTATION_CONTEXT('2D SPACE',''
  ) );
#2868 = FACE_BOUND('',#2869,.F.);
#2869 = EDGE_LOOP('',(#2870));
#2870 = ORIENTED_EDGE('',*,*,#2772,.F.);
#2871 = FACE_BOUND('',#2872,.F.);
#2872 = EDGE_LOOP('',(#2873));
#2873 = ORIENTED_EDGE('',*,*,#2874,.T.);
#2874 = EDGE_CURVE('',#2875,#2875,#2877,.T.);
#2875 = VERTEX_POINT('',#2876);
#2876 = CARTESIAN_POINT('',(297.5,42.,2.7495E+03));
#2877 = SURFACE_CURVE('',#2878,(#2883,#2894),.PCURVE_S1.);
#2878 = CIRCLE('',#2879,2.5);
#2879 = AXIS2_PLACEMENT_3D('',#2880,#2881,#2882);
#2880 = CARTESIAN_POINT('',(300.,42.,2.7495E+03));
#2881 = DIRECTION('',(0.,0.,-1.));
#2882 = DIRECTION('',(-1.,0.,-0.));
#2883 = PCURVE('',#2732,#2884);
#2884 = DEFINITIONAL_REPRESENTATION('',(#2885),#2893);
#2885 = ( BOUNDED_CURVE() B_SPLINE_CURVE(2,(#2886,#2887,#2888,#2889,
#2890,#2891,#2892),.UNSPECIFIED.,.T.,.F.) B_SPLINE_CURVE_WITH_KNOTS((1,2
    ,2,2,2,1),(-2.094395102393,0.,2.094395102393,4.188790204786,
6.28318530718,8.377580409573),.UNSPECIFIED.) CURVE() 
GEOMETRIC_REPRESENTATION_ITEM() RATIONAL_B_SPLINE_CURVE((1.,0.5,1.,0.5,
1.,0.5,1.)) REPRESENTATION_ITEM('') );
#2886 = CARTESIAN_POINT('',(-2.5,42.));
#2887 = CARTESIAN_POINT('',(-2.5,46.330127018922));
#2888 = CARTESIAN_POINT('',(1.25,44.165063509461));
#2889 = CARTESIAN_POINT('',(5.,42.));
#2890 = CARTESIAN_POINT('',(1.25,39.834936490539));
#2891 = CARTESIAN_POINT('',(-2.5,37.669872981078));
#2892 = CARTESIAN_POINT('',(-2.5,42.));
#2893 = ( GEOMETRIC_REPRESENTATION_CONTEXT(2) 
PARAMETRIC_REPRESENTATION_CONTEXT() REPRESENTATION_CONTEXT('2D SPACE',''
  ) );
#2894 = PCURVE('',#2895,#2900);
#2895 = CYLINDRICAL_SURFACE('',#2896,2.5);
#2896 = AXIS2_PLACEMENT_3D('',#2897,#2898,#2899);
#2897 = CARTESIAN_POINT('',(300.,42.,2.7675E+03));
#2898 = DIRECTION('',(0.,0.,-1.));
#2899 = DIRECTION('',(-1.,0.,-0.));
#2900 = DEFINITIONAL_REPRESENTATION('',(#2901),#2905);
#2901 = LINE('',#2902,#2903);
#2902 = CARTESIAN_POINT('',(0.,18.));
#2903 = VECTOR('',#2904,1.);
#2904 = DIRECTION('',(1.,0.));
#2905 = ( GEOMETRIC_REPRESENTATION_CONTEXT(2) 
PARAMETRIC_REPRESENTATION_CONTEXT() REPRESENTATION_CONTEXT('2D SPACE',''
  ) );
#2906 = ADVANCED_FACE('',(#2907),#2822,.T.);
#2907 = FACE_BOUND('',#2908,.T.);
#2908 = EDGE_LOOP('',(#2909,#2942,#2963,#2964));
#2909 = ORIENTED_EDGE('',*,*,#2910,.F.);
#2910 = EDGE_CURVE('',#2911,#2911,#2913,.T.);
#2911 = VERTEX_POINT('',#2912);
#2912 = CARTESIAN_POINT('',(261.12693304105,-21.,2.7375E+03));
#2913 = SURFACE_CURVE('',#2914,(#2919,#2926),.PCURVE_S1.);
#2914 = CIRCLE('',#2915,2.5);
#2915 = AXIS2_PLACEMENT_3D('',#2916,#2917,#2918);
#2916 = CARTESIAN_POINT('',(263.62693304105,-21.,2.7375E+03));
#2917 = DIRECTION('',(0.,0.,-1.));
#2918 = DIRECTION('',(-1.,0.,-0.));
#2919 = PCURVE('',#2822,#2920);
#2920 = DEFINITIONAL_REPRESENTATION('',(#2921),#2925);
#2921 = LINE('',#2922,#2923);
#2922 = CARTESIAN_POINT('',(0.,30.));
#2923 = VECTOR('',#2924,1.);
#2924 = DIRECTION('',(1.,0.));
#2925 = ( GEOMETRIC_REPRESENTATION_CONTEXT(2) 
PARAMETRIC_REPRESENTATION_CONTEXT() REPRESENTATION_CONTEXT('2D SPACE',''
  ) );
#2926 = PCURVE('',#2927,#2932);
#2927 = PLANE('',#2928);
#2928 = AXIS2_PLACEMENT_3D('',#2929,#2930,#2931);
#2929 = CARTESIAN_POINT('',(300.,0.,2.7375E+03));
#2930 = DIRECTION('',(0.,0.,1.));
#2931 = DIRECTION('',(1.,0.,-0.));
#2932 = DEFINITIONAL_REPRESENTATION('',(#2933),#2941);
#2933 = ( BOUNDED_CURVE() B_SPLINE_CURVE(2,(#2934,#2935,#2936,#2937,
#2938,#2939,#2940),.UNSPECIFIED.,.T.,.F.) B_SPLINE_CURVE_WITH_KNOTS((1,2
    ,2,2,2,1),(-2.094395102393,0.,2.094395102393,4.188790204786,
6.28318530718,8.377580409573),.UNSPECIFIED.) CURVE() 
GEOMETRIC_REPRESENTATION_ITEM() RATIONAL_B_SPLINE_CURVE((1.,0.5,1.,0.5,
1.,0.5,1.)) REPRESENTATION_ITEM('') );
#2934 = CARTESIAN_POINT('',(-38.87306695894,-21.));
#2935 = CARTESIAN_POINT('',(-38.87306695894,-16.66987298107));
#2936 = CARTESIAN_POINT('',(-35.12306695894,-18.83493649053));
#2937 = CARTESIAN_POINT('',(-31.37306695894,-21.));
#2938 = CARTESIAN_POINT('',(-35.12306695894,-23.16506350946));
#2939 = CARTESIAN_POINT('',(-38.87306695894,-25.33012701892));
#2940 = CARTESIAN_POINT('',(-38.87306695894,-21.));
#2941 = ( GEOMETRIC_REPRESENTATION_CONTEXT(2) 
PARAMETRIC_REPRESENTATION_CONTEXT() REPRESENTATION_CONTEXT('2D SPACE',''
  ) );
#2942 = ORIENTED_EDGE('',*,*,#2943,.F.);
#2943 = EDGE_CURVE('',#2802,#2911,#2944,.T.);
#2944 = SEAM_CURVE('',#2945,(#2949,#2956),.PCURVE_S1.);
#2945 = LINE('',#2946,#2947);
#2946 = CARTESIAN_POINT('',(261.12693304105,-21.,2.7675E+03));
#2947 = VECTOR('',#2948,1.);
#2948 = DIRECTION('',(0.,0.,-1.));
#2949 = PCURVE('',#2822,#2950);
#2950 = DEFINITIONAL_REPRESENTATION('',(#2951),#2955);
#2951 = LINE('',#2952,#2953);
#2952 = CARTESIAN_POINT('',(6.28318530718,-0.));
#2953 = VECTOR('',#2954,1.);
#2954 = DIRECTION('',(0.,1.));
#2955 = ( GEOMETRIC_REPRESENTATION_CONTEXT(2) 
PARAMETRIC_REPRESENTATION_CONTEXT() REPRESENTATION_CONTEXT('2D SPACE',''
  ) );
#2956 = PCURVE('',#2822,#2957);
#2957 = DEFINITIONAL_REPRESENTATION('',(#2958),#2962);
#2958 = LINE('',#2959,#2960);
#2959 = CARTESIAN_POINT('',(0.,-0.));
#2960 = VECTOR('',#2961,1.);
#2961 = DIRECTION('',(0.,1.));
#2962 = ( GEOMETRIC_REPRESENTATION_CONTEXT(2) 
PARAMETRIC_REPRESENTATION_CONTEXT() REPRESENTATION_CONTEXT('2D SPACE',''
  ) );
#2963 = ORIENTED_EDGE('',*,*,#2801,.T.);
#2964 = ORIENTED_EDGE('',*,*,#2943,.T.);
#2965 = ADVANCED_FACE('',(#2966),#2857,.T.);
#2966 = FACE_BOUND('',#2967,.T.);
#2967 = EDGE_LOOP('',(#2968,#2996,#3017,#3018));
#2968 = ORIENTED_EDGE('',*,*,#2969,.F.);
#2969 = EDGE_CURVE('',#2970,#2970,#2972,.T.);
#2970 = VERTEX_POINT('',#2971);
#2971 = CARTESIAN_POINT('',(333.87306695894,-21.,2.7375E+03));
#2972 = SURFACE_CURVE('',#2973,(#2978,#2985),.PCURVE_S1.);
#2973 = CIRCLE('',#2974,2.5);
#2974 = AXIS2_PLACEMENT_3D('',#2975,#2976,#2977);
#2975 = CARTESIAN_POINT('',(336.37306695894,-21.,2.7375E+03));
#2976 = DIRECTION('',(0.,0.,-1.));
#2977 = DIRECTION('',(-1.,0.,-0.));
#2978 = PCURVE('',#2857,#2979);
#2979 = DEFINITIONAL_REPRESENTATION('',(#2980),#2984);
#2980 = LINE('',#2981,#2982);
#2981 = CARTESIAN_POINT('',(0.,30.));
#2982 = VECTOR('',#2983,1.);
#2983 = DIRECTION('',(1.,0.));
#2984 = ( GEOMETRIC_REPRESENTATION_CONTEXT(2) 
PARAMETRIC_REPRESENTATION_CONTEXT() REPRESENTATION_CONTEXT('2D SPACE',''
  ) );
#2985 = PCURVE('',#2927,#2986);
#2986 = DEFINITIONAL_REPRESENTATION('',(#2987),#2995);
#2987 = ( BOUNDED_CURVE() B_SPLINE_CURVE(2,(#2988,#2989,#2990,#2991,
#2992,#2993,#2994),.UNSPECIFIED.,.T.,.F.) B_SPLINE_CURVE_WITH_KNOTS((1,2
    ,2,2,2,1),(-2.094395102393,0.,2.094395102393,4.188790204786,
6.28318530718,8.377580409573),.UNSPECIFIED.) CURVE() 
GEOMETRIC_REPRESENTATION_ITEM() RATIONAL_B_SPLINE_CURVE((1.,0.5,1.,0.5,
1.,0.5,1.)) REPRESENTATION_ITEM('') );
#2988 = CARTESIAN_POINT('',(33.873066958946,-21.));
#2989 = CARTESIAN_POINT('',(33.873066958946,-16.66987298107));
#2990 = CARTESIAN_POINT('',(37.623066958946,-18.83493649053));
#2991 = CARTESIAN_POINT('',(41.373066958946,-21.));
#2992 = CARTESIAN_POINT('',(37.623066958946,-23.16506350946));
#2993 = CARTESIAN_POINT('',(33.873066958946,-25.33012701892));
#2994 = CARTESIAN_POINT('',(33.873066958946,-21.));
#2995 = ( GEOMETRIC_REPRESENTATION_CONTEXT(2) 
PARAMETRIC_REPRESENTATION_CONTEXT() REPRESENTATION_CONTEXT('2D SPACE',''
  ) );
#2996 = ORIENTED_EDGE('',*,*,#2997,.F.);
#2997 = EDGE_CURVE('',#2837,#2970,#2998,.T.);
#2998 = SEAM_CURVE('',#2999,(#3003,#3010),.PCURVE_S1.);
#2999 = LINE('',#3000,#3001);
#3000 = CARTESIAN_POINT('',(333.87306695894,-21.,2.7675E+03));
#3001 = VECTOR('',#3002,1.);
#3002 = DIRECTION('',(0.,0.,-1.));
#3003 = PCURVE('',#2857,#3004);
#3004 = DEFINITIONAL_REPRESENTATION('',(#3005),#3009);
#3005 = LINE('',#3006,#3007);
#3006 = CARTESIAN_POINT('',(6.28318530718,-0.));
#3007 = VECTOR('',#3008,1.);
#3008 = DIRECTION('',(0.,1.));
#3009 = ( GEOMETRIC_REPRESENTATION_CONTEXT(2) 
PARAMETRIC_REPRESENTATION_CONTEXT() REPRESENTATION_CONTEXT('2D SPACE',''
  ) );
#3010 = PCURVE('',#2857,#3011);
#3011 = DEFINITIONAL_REPRESENTATION('',(#3012),#3016);
#3012 = LINE('',#3013,#3014);
#3013 = CARTESIAN_POINT('',(0.,-0.));
#3014 = VECTOR('',#3015,1.);
#3015 = DIRECTION('',(0.,1.));
#3016 = ( GEOMETRIC_REPRESENTATION_CONTEXT(2) 
PARAMETRIC_REPRESENTATION_CONTEXT() REPRESENTATION_CONTEXT('2D SPACE',''
  ) );
#3017 = ORIENTED_EDGE('',*,*,#2836,.T.);
#3018 = ORIENTED_EDGE('',*,*,#2997,.T.);
#3019 = ADVANCED_FACE('',(#3020),#2895,.T.);
#3020 = FACE_BOUND('',#3021,.T.);
#3021 = EDGE_LOOP('',(#3022,#3050,#3071,#3072));
#3022 = ORIENTED_EDGE('',*,*,#3023,.F.);
#3023 = EDGE_CURVE('',#3024,#3024,#3026,.T.);
#3024 = VERTEX_POINT('',#3025);
#3025 = CARTESIAN_POINT('',(297.5,42.,2.7375E+03));
#3026 = SURFACE_CURVE('',#3027,(#3032,#3039),.PCURVE_S1.);
#3027 = CIRCLE('',#3028,2.5);
#3028 = AXIS2_PLACEMENT_3D('',#3029,#3030,#3031);
#3029 = CARTESIAN_POINT('',(300.,42.,2.7375E+03));
#3030 = DIRECTION('',(0.,0.,-1.));
#3031 = DIRECTION('',(-1.,0.,-0.));
#3032 = PCURVE('',#2895,#3033);
#3033 = DEFINITIONAL_REPRESENTATION('',(#3034),#3038);
#3034 = LINE('',#3035,#3036);
#3035 = CARTESIAN_POINT('',(0.,30.));
#3036 = VECTOR('',#3037,1.);
#3037 = DIRECTION('',(1.,0.));
#3038 = ( GEOMETRIC_REPRESENTATION_CONTEXT(2) 
PARAMETRIC_REPRESENTATION_CONTEXT() REPRESENTATION_CONTEXT('2D SPACE',''
  ) );
#3039 = PCURVE('',#2927,#3040);
#3040 = DEFINITIONAL_REPRESENTATION('',(#3041),#3049);
#3041 = ( BOUNDED_CURVE() B_SPLINE_CURVE(2,(#3042,#3043,#3044,#3045,
#3046,#3047,#3048),.UNSPECIFIED.,.T.,.F.) B_SPLINE_CURVE_WITH_KNOTS((1,2
    ,2,2,2,1),(-2.094395102393,0.,2.094395102393,4.188790204786,
6.28318530718,8.377580409573),.UNSPECIFIED.) CURVE() 
GEOMETRIC_REPRESENTATION_ITEM() RATIONAL_B_SPLINE_CURVE((1.,0.5,1.,0.5,
1.,0.5,1.)) REPRESENTATION_ITEM('') );
#3042 = CARTESIAN_POINT('',(-2.5,42.));
#3043 = CARTESIAN_POINT('',(-2.5,46.330127018922));
#3044 = CARTESIAN_POINT('',(1.25,44.165063509461));
#3045 = CARTESIAN_POINT('',(5.,42.));
#3046 = CARTESIAN_POINT('',(1.25,39.834936490539));
#3047 = CARTESIAN_POINT('',(-2.5,37.669872981078));
#3048 = CARTESIAN_POINT('',(-2.5,42.));
#3049 = ( GEOMETRIC_REPRESENTATION_CONTEXT(2) 
PARAMETRIC_REPRESENTATION_CONTEXT() REPRESENTATION_CONTEXT('2D SPACE',''
  ) );
#3050 = ORIENTED_EDGE('',*,*,#3051,.F.);
#3051 = EDGE_CURVE('',#2875,#3024,#3052,.T.);
#3052 = SEAM_CURVE('',#3053,(#3057,#3064),.PCURVE_S1.);
#3053 = LINE('',#3054,#3055);
#3054 = CARTESIAN_POINT('',(297.5,42.,2.7675E+03));
#3055 = VECTOR('',#3056,1.);
#3056 = DIRECTION('',(0.,0.,-1.));
#3057 = PCURVE('',#2895,#3058);
#3058 = DEFINITIONAL_REPRESENTATION('',(#3059),#3063);
#3059 = LINE('',#3060,#3061);
#3060 = CARTESIAN_POINT('',(6.28318530718,-0.));
#3061 = VECTOR('',#3062,1.);
#3062 = DIRECTION('',(0.,1.));
#3063 = ( GEOMETRIC_REPRESENTATION_CONTEXT(2) 
PARAMETRIC_REPRESENTATION_CONTEXT() REPRESENTATION_CONTEXT('2D SPACE',''
  ) );
#3064 = PCURVE('',#2895,#3065);
#3065 = DEFINITIONAL_REPRESENTATION('',(#3066),#3070);
#3066 = LINE('',#3067,#3068);
#3067 = CARTESIAN_POINT('',(0.,-0.));
#3068 = VECTOR('',#3069,1.);
#3069 = DIRECTION('',(0.,1.));
#3070 = ( GEOMETRIC_REPRESENTATION_CONTEXT(2) 
PARAMETRIC_REPRESENTATION_CONTEXT() REPRESENTATION_CONTEXT('2D SPACE',''
  ) );
#3071 = ORIENTED_EDGE('',*,*,#2874,.T.);
#3072 = ORIENTED_EDGE('',*,*,#3051,.T.);
#3073 = ADVANCED_FACE('',(#3074,#3105,#3108,#3111,#3142),#2927,.T.);
#3074 = FACE_BOUND('',#3075,.T.);
#3075 = EDGE_LOOP('',(#3076));
#3076 = ORIENTED_EDGE('',*,*,#3077,.T.);
#3077 = EDGE_CURVE('',#3078,#3078,#3080,.T.);
#3078 = VERTEX_POINT('',#3079);
#3079 = CARTESIAN_POINT('',(355.,-1.347111479062E-14,2.7375E+03));
#3080 = SURFACE_CURVE('',#3081,(#3086,#3093),.PCURVE_S1.);
#3081 = CIRCLE('',#3082,55.);
#3082 = AXIS2_PLACEMENT_3D('',#3083,#3084,#3085);
#3083 = CARTESIAN_POINT('',(300.,0.,2.7375E+03));
#3084 = DIRECTION('',(0.,0.,1.));
#3085 = DIRECTION('',(1.,0.,-0.));
#3086 = PCURVE('',#2927,#3087);
#3087 = DEFINITIONAL_REPRESENTATION('',(#3088),#3092);
#3088 = CIRCLE('',#3089,55.);
#3089 = AXIS2_PLACEMENT_2D('',#3090,#3091);
#3090 = CARTESIAN_POINT('',(0.,0.));
#3091 = DIRECTION('',(1.,0.));
#3092 = ( GEOMETRIC_REPRESENTATION_CONTEXT(2) 
PARAMETRIC_REPRESENTATION_CONTEXT() REPRESENTATION_CONTEXT('2D SPACE',''
  ) );
#3093 = PCURVE('',#3094,#3099);
#3094 = CYLINDRICAL_SURFACE('',#3095,55.);
#3095 = AXIS2_PLACEMENT_3D('',#3096,#3097,#3098);
#3096 = CARTESIAN_POINT('',(300.,0.,2.7345E+03));
#3097 = DIRECTION('',(0.,0.,1.));
#3098 = DIRECTION('',(1.,0.,-0.));
#3099 = DEFINITIONAL_REPRESENTATION('',(#3100),#3104);
#3100 = LINE('',#3101,#3102);
#3101 = CARTESIAN_POINT('',(0.,3.));
#3102 = VECTOR('',#3103,1.);
#3103 = DIRECTION('',(1.,0.));
#3104 = ( GEOMETRIC_REPRESENTATION_CONTEXT(2) 
PARAMETRIC_REPRESENTATION_CONTEXT() REPRESENTATION_CONTEXT('2D SPACE',''
  ) );
#3105 = FACE_BOUND('',#3106,.T.);
#3106 = EDGE_LOOP('',(#3107));
#3107 = ORIENTED_EDGE('',*,*,#2910,.T.);
#3108 = FACE_BOUND('',#3109,.T.);
#3109 = EDGE_LOOP('',(#3110));
#3110 = ORIENTED_EDGE('',*,*,#2969,.T.);
#3111 = FACE_BOUND('',#3112,.T.);
#3112 = EDGE_LOOP('',(#3113));
#3113 = ORIENTED_EDGE('',*,*,#3114,.F.);
#3114 = EDGE_CURVE('',#3115,#3115,#3117,.T.);
#3115 = VERTEX_POINT('',#3116);
#3116 = CARTESIAN_POINT('',(328.,-6.858022075225E-15,2.7375E+03));
#3117 = SURFACE_CURVE('',#3118,(#3123,#3130),.PCURVE_S1.);
#3118 = CIRCLE('',#3119,28.);
#3119 = AXIS2_PLACEMENT_3D('',#3120,#3121,#3122);
#3120 = CARTESIAN_POINT('',(300.,0.,2.7375E+03));
#3121 = DIRECTION('',(0.,0.,1.));
#3122 = DIRECTION('',(1.,0.,-0.));
#3123 = PCURVE('',#2927,#3124);
#3124 = DEFINITIONAL_REPRESENTATION('',(#3125),#3129);
#3125 = CIRCLE('',#3126,28.);
#3126 = AXIS2_PLACEMENT_2D('',#3127,#3128);
#3127 = CARTESIAN_POINT('',(0.,0.));
#3128 = DIRECTION('',(1.,0.));
#3129 = ( GEOMETRIC_REPRESENTATION_CONTEXT(2) 
PARAMETRIC_REPRESENTATION_CONTEXT() REPRESENTATION_CONTEXT('2D SPACE',''
  ) );
#3130 = PCURVE('',#3131,#3136);
#3131 = CYLINDRICAL_SURFACE('',#3132,28.);
#3132 = AXIS2_PLACEMENT_3D('',#3133,#3134,#3135);
#3133 = CARTESIAN_POINT('',(300.,0.,2.7335E+03));
#3134 = DIRECTION('',(0.,0.,1.));
#3135 = DIRECTION('',(1.,0.,-0.));
#3136 = DEFINITIONAL_REPRESENTATION('',(#3137),#3141);
#3137 = LINE('',#3138,#3139);
#3138 = CARTESIAN_POINT('',(0.,4.));
#3139 = VECTOR('',#3140,1.);
#3140 = DIRECTION('',(1.,0.));
#3141 = ( GEOMETRIC_REPRESENTATION_CONTEXT(2) 
PARAMETRIC_REPRESENTATION_CONTEXT() REPRESENTATION_CONTEXT('2D SPACE',''
  ) );
#3142 = FACE_BOUND('',#3143,.T.);
#3143 = EDGE_LOOP('',(#3144));
#3144 = ORIENTED_EDGE('',*,*,#3023,.T.);
#3145 = ADVANCED_FACE('',(#3146),#3094,.T.);
#3146 = FACE_BOUND('',#3147,.T.);
#3147 = EDGE_LOOP('',(#3148,#3149,#3172,#3199));
#3148 = ORIENTED_EDGE('',*,*,#3077,.F.);
#3149 = ORIENTED_EDGE('',*,*,#3150,.F.);
#3150 = EDGE_CURVE('',#3151,#3078,#3153,.T.);
#3151 = VERTEX_POINT('',#3152);
#3152 = CARTESIAN_POINT('',(355.,-1.347111479062E-14,2.7345E+03));
#3153 = SEAM_CURVE('',#3154,(#3158,#3165),.PCURVE_S1.);
#3154 = LINE('',#3155,#3156);
#3155 = CARTESIAN_POINT('',(355.,-1.347111479062E-14,2.7345E+03));
#3156 = VECTOR('',#3157,1.);
#3157 = DIRECTION('',(0.,0.,1.));
#3158 = PCURVE('',#3094,#3159);
#3159 = DEFINITIONAL_REPRESENTATION('',(#3160),#3164);
#3160 = LINE('',#3161,#3162);
#3161 = CARTESIAN_POINT('',(6.28318530718,-0.));
#3162 = VECTOR('',#3163,1.);
#3163 = DIRECTION('',(0.,1.));
#3164 = ( GEOMETRIC_REPRESENTATION_CONTEXT(2) 
PARAMETRIC_REPRESENTATION_CONTEXT() REPRESENTATION_CONTEXT('2D SPACE',''
  ) );
#3165 = PCURVE('',#3094,#3166);
#3166 = DEFINITIONAL_REPRESENTATION('',(#3167),#3171);
#3167 = LINE('',#3168,#3169);
#3168 = CARTESIAN_POINT('',(0.,-0.));
#3169 = VECTOR('',#3170,1.);
#3170 = DIRECTION('',(0.,1.));
#3171 = ( GEOMETRIC_REPRESENTATION_CONTEXT(2) 
PARAMETRIC_REPRESENTATION_CONTEXT() REPRESENTATION_CONTEXT('2D SPACE',''
  ) );
#3172 = ORIENTED_EDGE('',*,*,#3173,.T.);
#3173 = EDGE_CURVE('',#3151,#3151,#3174,.T.);
#3174 = SURFACE_CURVE('',#3175,(#3180,#3187),.PCURVE_S1.);
#3175 = CIRCLE('',#3176,55.);
#3176 = AXIS2_PLACEMENT_3D('',#3177,#3178,#3179);
#3177 = CARTESIAN_POINT('',(300.,0.,2.7345E+03));
#3178 = DIRECTION('',(0.,0.,1.));
#3179 = DIRECTION('',(1.,0.,-0.));
#3180 = PCURVE('',#3094,#3181);
#3181 = DEFINITIONAL_REPRESENTATION('',(#3182),#3186);
#3182 = LINE('',#3183,#3184);
#3183 = CARTESIAN_POINT('',(0.,0.));
#3184 = VECTOR('',#3185,1.);
#3185 = DIRECTION('',(1.,0.));
#3186 = ( GEOMETRIC_REPRESENTATION_CONTEXT(2) 
PARAMETRIC_REPRESENTATION_CONTEXT() REPRESENTATION_CONTEXT('2D SPACE',''
  ) );
#3187 = PCURVE('',#3188,#3193);
#3188 = PLANE('',#3189);
#3189 = AXIS2_PLACEMENT_3D('',#3190,#3191,#3192);
#3190 = CARTESIAN_POINT('',(300.,0.,2.7345E+03));
#3191 = DIRECTION('',(0.,0.,1.));
#3192 = DIRECTION('',(1.,0.,-0.));
#3193 = DEFINITIONAL_REPRESENTATION('',(#3194),#3198);
#3194 = CIRCLE('',#3195,55.);
#3195 = AXIS2_PLACEMENT_2D('',#3196,#3197);
#3196 = CARTESIAN_POINT('',(0.,0.));
#3197 = DIRECTION('',(1.,0.));
#3198 = ( GEOMETRIC_REPRESENTATION_CONTEXT(2) 
PARAMETRIC_REPRESENTATION_CONTEXT() REPRESENTATION_CONTEXT('2D SPACE',''
  ) );
#3199 = ORIENTED_EDGE('',*,*,#3150,.T.);
#3200 = ADVANCED_FACE('',(#3201),#3131,.F.);
#3201 = FACE_BOUND('',#3202,.F.);
#3202 = EDGE_LOOP('',(#3203,#3204,#3227,#3249));
#3203 = ORIENTED_EDGE('',*,*,#3114,.F.);
#3204 = ORIENTED_EDGE('',*,*,#3205,.F.);
#3205 = EDGE_CURVE('',#3206,#3115,#3208,.T.);
#3206 = VERTEX_POINT('',#3207);
#3207 = CARTESIAN_POINT('',(328.,-6.858022075225E-15,2.7345E+03));
#3208 = SEAM_CURVE('',#3209,(#3213,#3220),.PCURVE_S1.);
#3209 = LINE('',#3210,#3211);
#3210 = CARTESIAN_POINT('',(328.,-6.858022075225E-15,2.7335E+03));
#3211 = VECTOR('',#3212,1.);
#3212 = DIRECTION('',(0.,0.,1.));
#3213 = PCURVE('',#3131,#3214);
#3214 = DEFINITIONAL_REPRESENTATION('',(#3215),#3219);
#3215 = LINE('',#3216,#3217);
#3216 = CARTESIAN_POINT('',(6.28318530718,-0.));
#3217 = VECTOR('',#3218,1.);
#3218 = DIRECTION('',(0.,1.));
#3219 = ( GEOMETRIC_REPRESENTATION_CONTEXT(2) 
PARAMETRIC_REPRESENTATION_CONTEXT() REPRESENTATION_CONTEXT('2D SPACE',''
  ) );
#3220 = PCURVE('',#3131,#3221);
#3221 = DEFINITIONAL_REPRESENTATION('',(#3222),#3226);
#3222 = LINE('',#3223,#3224);
#3223 = CARTESIAN_POINT('',(0.,-0.));
#3224 = VECTOR('',#3225,1.);
#3225 = DIRECTION('',(0.,1.));
#3226 = ( GEOMETRIC_REPRESENTATION_CONTEXT(2) 
PARAMETRIC_REPRESENTATION_CONTEXT() REPRESENTATION_CONTEXT('2D SPACE',''
  ) );
#3227 = ORIENTED_EDGE('',*,*,#3228,.T.);
#3228 = EDGE_CURVE('',#3206,#3206,#3229,.T.);
#3229 = SURFACE_CURVE('',#3230,(#3235,#3242),.PCURVE_S1.);
#3230 = CIRCLE('',#3231,28.);
#3231 = AXIS2_PLACEMENT_3D('',#3232,#3233,#3234);
#3232 = CARTESIAN_POINT('',(300.,0.,2.7345E+03));
#3233 = DIRECTION('',(0.,0.,1.));
#3234 = DIRECTION('',(1.,0.,-0.));
#3235 = PCURVE('',#3131,#3236);
#3236 = DEFINITIONAL_REPRESENTATION('',(#3237),#3241);
#3237 = LINE('',#3238,#3239);
#3238 = CARTESIAN_POINT('',(0.,1.));
#3239 = VECTOR('',#3240,1.);
#3240 = DIRECTION('',(1.,0.));
#3241 = ( GEOMETRIC_REPRESENTATION_CONTEXT(2) 
PARAMETRIC_REPRESENTATION_CONTEXT() REPRESENTATION_CONTEXT('2D SPACE',''
  ) );
#3242 = PCURVE('',#3188,#3243);
#3243 = DEFINITIONAL_REPRESENTATION('',(#3244),#3248);
#3244 = CIRCLE('',#3245,28.);
#3245 = AXIS2_PLACEMENT_2D('',#3246,#3247);
#3246 = CARTESIAN_POINT('',(0.,0.));
#3247 = DIRECTION('',(1.,0.));
#3248 = ( GEOMETRIC_REPRESENTATION_CONTEXT(2) 
PARAMETRIC_REPRESENTATION_CONTEXT() REPRESENTATION_CONTEXT('2D SPACE',''
  ) );
#3249 = ORIENTED_EDGE('',*,*,#3205,.T.);
#3250 = ADVANCED_FACE('',(#3251,#3254,#3289,#3324,#3327),#3188,.F.);
#3251 = FACE_BOUND('',#3252,.F.);
#3252 = EDGE_LOOP('',(#3253));
#3253 = ORIENTED_EDGE('',*,*,#3173,.T.);
#3254 = FACE_BOUND('',#3255,.F.);
#3255 = EDGE_LOOP('',(#3256));
#3256 = ORIENTED_EDGE('',*,*,#3257,.T.);
#3257 = EDGE_CURVE('',#3258,#3258,#3260,.T.);
#3258 = VERTEX_POINT('',#3259);
#3259 = CARTESIAN_POINT('',(261.12693304105,-21.,2.7345E+03));
#3260 = SURFACE_CURVE('',#3261,(#3266,#3277),.PCURVE_S1.);
#3261 = CIRCLE('',#3262,2.5);
#3262 = AXIS2_PLACEMENT_3D('',#3263,#3264,#3265);
#3263 = CARTESIAN_POINT('',(263.62693304105,-21.,2.7345E+03));
#3264 = DIRECTION('',(0.,0.,-1.));
#3265 = DIRECTION('',(-1.,0.,-0.));
#3266 = PCURVE('',#3188,#3267);
#3267 = DEFINITIONAL_REPRESENTATION('',(#3268),#3276);
#3268 = ( BOUNDED_CURVE() B_SPLINE_CURVE(2,(#3269,#3270,#3271,#3272,
#3273,#3274,#3275),.UNSPECIFIED.,.T.,.F.) B_SPLINE_CURVE_WITH_KNOTS((1,2
    ,2,2,2,1),(-2.094395102393,0.,2.094395102393,4.188790204786,
6.28318530718,8.377580409573),.UNSPECIFIED.) CURVE() 
GEOMETRIC_REPRESENTATION_ITEM() RATIONAL_B_SPLINE_CURVE((1.,0.5,1.,0.5,
1.,0.5,1.)) REPRESENTATION_ITEM('') );
#3269 = CARTESIAN_POINT('',(-38.87306695894,-21.));
#3270 = CARTESIAN_POINT('',(-38.87306695894,-16.66987298107));
#3271 = CARTESIAN_POINT('',(-35.12306695894,-18.83493649053));
#3272 = CARTESIAN_POINT('',(-31.37306695894,-21.));
#3273 = CARTESIAN_POINT('',(-35.12306695894,-23.16506350946));
#3274 = CARTESIAN_POINT('',(-38.87306695894,-25.33012701892));
#3275 = CARTESIAN_POINT('',(-38.87306695894,-21.));
#3276 = ( GEOMETRIC_REPRESENTATION_CONTEXT(2) 
PARAMETRIC_REPRESENTATION_CONTEXT() REPRESENTATION_CONTEXT('2D SPACE',''
  ) );
#3277 = PCURVE('',#3278,#3283);
#3278 = CYLINDRICAL_SURFACE('',#3279,2.5);
#3279 = AXIS2_PLACEMENT_3D('',#3280,#3281,#3282);
#3280 = CARTESIAN_POINT('',(263.62693304105,-21.,2.7675E+03));
#3281 = DIRECTION('',(0.,0.,-1.));
#3282 = DIRECTION('',(-1.,0.,-0.));
#3283 = DEFINITIONAL_REPRESENTATION('',(#3284),#3288);
#3284 = LINE('',#3285,#3286);
#3285 = CARTESIAN_POINT('',(0.,33.));
#3286 = VECTOR('',#3287,1.);
#3287 = DIRECTION('',(1.,0.));
#3288 = ( GEOMETRIC_REPRESENTATION_CONTEXT(2) 
PARAMETRIC_REPRESENTATION_CONTEXT() REPRESENTATION_CONTEXT('2D SPACE',''
  ) );
#3289 = FACE_BOUND('',#3290,.F.);
#3290 = EDGE_LOOP('',(#3291));
#3291 = ORIENTED_EDGE('',*,*,#3292,.T.);
#3292 = EDGE_CURVE('',#3293,#3293,#3295,.T.);
#3293 = VERTEX_POINT('',#3294);
#3294 = CARTESIAN_POINT('',(333.87306695894,-21.,2.7345E+03));
#3295 = SURFACE_CURVE('',#3296,(#3301,#3312),.PCURVE_S1.);
#3296 = CIRCLE('',#3297,2.5);
#3297 = AXIS2_PLACEMENT_3D('',#3298,#3299,#3300);
#3298 = CARTESIAN_POINT('',(336.37306695894,-21.,2.7345E+03));
#3299 = DIRECTION('',(0.,0.,-1.));
#3300 = DIRECTION('',(-1.,0.,-0.));
#3301 = PCURVE('',#3188,#3302);
#3302 = DEFINITIONAL_REPRESENTATION('',(#3303),#3311);
#3303 = ( BOUNDED_CURVE() B_SPLINE_CURVE(2,(#3304,#3305,#3306,#3307,
#3308,#3309,#3310),.UNSPECIFIED.,.T.,.F.) B_SPLINE_CURVE_WITH_KNOTS((1,2
    ,2,2,2,1),(-2.094395102393,0.,2.094395102393,4.188790204786,
6.28318530718,8.377580409573),.UNSPECIFIED.) CURVE() 
GEOMETRIC_REPRESENTATION_ITEM() RATIONAL_B_SPLINE_CURVE((1.,0.5,1.,0.5,
1.,0.5,1.)) REPRESENTATION_ITEM('') );
#3304 = CARTESIAN_POINT('',(33.873066958946,-21.));
#3305 = CARTESIAN_POINT('',(33.873066958946,-16.66987298107));
#3306 = CARTESIAN_POINT('',(37.623066958946,-18.83493649053));
#3307 = CARTESIAN_POINT('',(41.373066958946,-21.));
#3308 = CARTESIAN_POINT('',(37.623066958946,-23.16506350946));
#3309 = CARTESIAN_POINT('',(33.873066958946,-25.33012701892));
#3310 = CARTESIAN_POINT('',(33.873066958946,-21.));
#3311 = ( GEOMETRIC_REPRESENTATION_CONTEXT(2) 
PARAMETRIC_REPRESENTATION_CONTEXT() REPRESENTATION_CONTEXT('2D SPACE',''
  ) );
#3312 = PCURVE('',#3313,#3318);
#3313 = CYLINDRICAL_SURFACE('',#3314,2.5);
#3314 = AXIS2_PLACEMENT_3D('',#3315,#3316,#3317);
#3315 = CARTESIAN_POINT('',(336.37306695894,-21.,2.7675E+03));
#3316 = DIRECTION('',(0.,0.,-1.));
#3317 = DIRECTION('',(-1.,0.,-0.));
#3318 = DEFINITIONAL_REPRESENTATION('',(#3319),#3323);
#3319 = LINE('',#3320,#3321);
#3320 = CARTESIAN_POINT('',(0.,33.));
#3321 = VECTOR('',#3322,1.);
#3322 = DIRECTION('',(1.,0.));
#3323 = ( GEOMETRIC_REPRESENTATION_CONTEXT(2) 
PARAMETRIC_REPRESENTATION_CONTEXT() REPRESENTATION_CONTEXT('2D SPACE',''
  ) );
#3324 = FACE_BOUND('',#3325,.F.);
#3325 = EDGE_LOOP('',(#3326));
#3326 = ORIENTED_EDGE('',*,*,#3228,.F.);
#3327 = FACE_BOUND('',#3328,.F.);
#3328 = EDGE_LOOP('',(#3329));
#3329 = ORIENTED_EDGE('',*,*,#3330,.T.);
#3330 = EDGE_CURVE('',#3331,#3331,#3333,.T.);
#3331 = VERTEX_POINT('',#3332);
#3332 = CARTESIAN_POINT('',(297.5,42.,2.7345E+03));
#3333 = SURFACE_CURVE('',#3334,(#3339,#3350),.PCURVE_S1.);
#3334 = CIRCLE('',#3335,2.5);
#3335 = AXIS2_PLACEMENT_3D('',#3336,#3337,#3338);
#3336 = CARTESIAN_POINT('',(300.,42.,2.7345E+03));
#3337 = DIRECTION('',(0.,0.,-1.));
#3338 = DIRECTION('',(-1.,0.,-0.));
#3339 = PCURVE('',#3188,#3340);
#3340 = DEFINITIONAL_REPRESENTATION('',(#3341),#3349);
#3341 = ( BOUNDED_CURVE() B_SPLINE_CURVE(2,(#3342,#3343,#3344,#3345,
#3346,#3347,#3348),.UNSPECIFIED.,.T.,.F.) B_SPLINE_CURVE_WITH_KNOTS((1,2
    ,2,2,2,1),(-2.094395102393,0.,2.094395102393,4.188790204786,
6.28318530718,8.377580409573),.UNSPECIFIED.) CURVE() 
GEOMETRIC_REPRESENTATION_ITEM() RATIONAL_B_SPLINE_CURVE((1.,0.5,1.,0.5,
1.,0.5,1.)) REPRESENTATION_ITEM('') );
#3342 = CARTESIAN_POINT('',(-2.5,42.));
#3343 = CARTESIAN_POINT('',(-2.5,46.330127018922));
#3344 = CARTESIAN_POINT('',(1.25,44.165063509461));
#3345 = CARTESIAN_POINT('',(5.,42.));
#3346 = CARTESIAN_POINT('',(1.25,39.834936490539));
#3347 = CARTESIAN_POINT('',(-2.5,37.669872981078));
#3348 = CARTESIAN_POINT('',(-2.5,42.));
#3349 = ( GEOMETRIC_REPRESENTATION_CONTEXT(2) 
PARAMETRIC_REPRESENTATION_CONTEXT() REPRESENTATION_CONTEXT('2D SPACE',''
  ) );
#3350 = PCURVE('',#3351,#3356);
#3351 = CYLINDRICAL_SURFACE('',#3352,2.5);
#3352 = AXIS2_PLACEMENT_3D('',#3353,#3354,#3355);
#3353 = CARTESIAN_POINT('',(300.,42.,2.7675E+03));
#3354 = DIRECTION('',(0.,0.,-1.));
#3355 = DIRECTION('',(-1.,0.,-0.));
#3356 = DEFINITIONAL_REPRESENTATION('',(#3357),#3361);
#3357 = LINE('',#3358,#3359);
#3358 = CARTESIAN_POINT('',(0.,33.));
#3359 = VECTOR('',#3360,1.);
#3360 = DIRECTION('',(1.,0.));
#3361 = ( GEOMETRIC_REPRESENTATION_CONTEXT(2) 
PARAMETRIC_REPRESENTATION_CONTEXT() REPRESENTATION_CONTEXT('2D SPACE',''
  ) );
#3362 = ADVANCED_FACE('',(#3363),#3278,.T.);
#3363 = FACE_BOUND('',#3364,.T.);
#3364 = EDGE_LOOP('',(#3365,#3398,#3419,#3420));
#3365 = ORIENTED_EDGE('',*,*,#3366,.F.);
#3366 = EDGE_CURVE('',#3367,#3367,#3369,.T.);
#3367 = VERTEX_POINT('',#3368);
#3368 = CARTESIAN_POINT('',(261.12693304105,-21.,2.7225E+03));
#3369 = SURFACE_CURVE('',#3370,(#3375,#3382),.PCURVE_S1.);
#3370 = CIRCLE('',#3371,2.5);
#3371 = AXIS2_PLACEMENT_3D('',#3372,#3373,#3374);
#3372 = CARTESIAN_POINT('',(263.62693304105,-21.,2.7225E+03));
#3373 = DIRECTION('',(0.,0.,-1.));
#3374 = DIRECTION('',(-1.,0.,-0.));
#3375 = PCURVE('',#3278,#3376);
#3376 = DEFINITIONAL_REPRESENTATION('',(#3377),#3381);
#3377 = LINE('',#3378,#3379);
#3378 = CARTESIAN_POINT('',(0.,45.));
#3379 = VECTOR('',#3380,1.);
#3380 = DIRECTION('',(1.,0.));
#3381 = ( GEOMETRIC_REPRESENTATION_CONTEXT(2) 
PARAMETRIC_REPRESENTATION_CONTEXT() REPRESENTATION_CONTEXT('2D SPACE',''
  ) );
#3382 = PCURVE('',#3383,#3388);
#3383 = PLANE('',#3384);
#3384 = AXIS2_PLACEMENT_3D('',#3385,#3386,#3387);
#3385 = CARTESIAN_POINT('',(300.,0.,2.7225E+03));
#3386 = DIRECTION('',(0.,0.,1.));
#3387 = DIRECTION('',(1.,0.,-0.));
#3388 = DEFINITIONAL_REPRESENTATION('',(#3389),#3397);
#3389 = ( BOUNDED_CURVE() B_SPLINE_CURVE(2,(#3390,#3391,#3392,#3393,
#3394,#3395,#3396),.UNSPECIFIED.,.T.,.F.) B_SPLINE_CURVE_WITH_KNOTS((1,2
    ,2,2,2,1),(-2.094395102393,0.,2.094395102393,4.188790204786,
6.28318530718,8.377580409573),.UNSPECIFIED.) CURVE() 
GEOMETRIC_REPRESENTATION_ITEM() RATIONAL_B_SPLINE_CURVE((1.,0.5,1.,0.5,
1.,0.5,1.)) REPRESENTATION_ITEM('') );
#3390 = CARTESIAN_POINT('',(-38.87306695894,-21.));
#3391 = CARTESIAN_POINT('',(-38.87306695894,-16.66987298107));
#3392 = CARTESIAN_POINT('',(-35.12306695894,-18.83493649053));
#3393 = CARTESIAN_POINT('',(-31.37306695894,-21.));
#3394 = CARTESIAN_POINT('',(-35.12306695894,-23.16506350946));
#3395 = CARTESIAN_POINT('',(-38.87306695894,-25.33012701892));
#3396 = CARTESIAN_POINT('',(-38.87306695894,-21.));
#3397 = ( GEOMETRIC_REPRESENTATION_CONTEXT(2) 
PARAMETRIC_REPRESENTATION_CONTEXT() REPRESENTATION_CONTEXT('2D SPACE',''
  ) );
#3398 = ORIENTED_EDGE('',*,*,#3399,.F.);
#3399 = EDGE_CURVE('',#3258,#3367,#3400,.T.);
#3400 = SEAM_CURVE('',#3401,(#3405,#3412),.PCURVE_S1.);
#3401 = LINE('',#3402,#3403);
#3402 = CARTESIAN_POINT('',(261.12693304105,-21.,2.7675E+03));
#3403 = VECTOR('',#3404,1.);
#3404 = DIRECTION('',(0.,0.,-1.));
#3405 = PCURVE('',#3278,#3406);
#3406 = DEFINITIONAL_REPRESENTATION('',(#3407),#3411);
#3407 = LINE('',#3408,#3409);
#3408 = CARTESIAN_POINT('',(6.28318530718,-0.));
#3409 = VECTOR('',#3410,1.);
#3410 = DIRECTION('',(0.,1.));
#3411 = ( GEOMETRIC_REPRESENTATION_CONTEXT(2) 
PARAMETRIC_REPRESENTATION_CONTEXT() REPRESENTATION_CONTEXT('2D SPACE',''
  ) );
#3412 = PCURVE('',#3278,#3413);
#3413 = DEFINITIONAL_REPRESENTATION('',(#3414),#3418);
#3414 = LINE('',#3415,#3416);
#3415 = CARTESIAN_POINT('',(0.,-0.));
#3416 = VECTOR('',#3417,1.);
#3417 = DIRECTION('',(0.,1.));
#3418 = ( GEOMETRIC_REPRESENTATION_CONTEXT(2) 
PARAMETRIC_REPRESENTATION_CONTEXT() REPRESENTATION_CONTEXT('2D SPACE',''
  ) );
#3419 = ORIENTED_EDGE('',*,*,#3257,.T.);
#3420 = ORIENTED_EDGE('',*,*,#3399,.T.);
#3421 = ADVANCED_FACE('',(#3422),#3313,.T.);
#3422 = FACE_BOUND('',#3423,.T.);
#3423 = EDGE_LOOP('',(#3424,#3452,#3473,#3474));
#3424 = ORIENTED_EDGE('',*,*,#3425,.F.);
#3425 = EDGE_CURVE('',#3426,#3426,#3428,.T.);
#3426 = VERTEX_POINT('',#3427);
#3427 = CARTESIAN_POINT('',(333.87306695894,-21.,2.7225E+03));
#3428 = SURFACE_CURVE('',#3429,(#3434,#3441),.PCURVE_S1.);
#3429 = CIRCLE('',#3430,2.5);
#3430 = AXIS2_PLACEMENT_3D('',#3431,#3432,#3433);
#3431 = CARTESIAN_POINT('',(336.37306695894,-21.,2.7225E+03));
#3432 = DIRECTION('',(0.,0.,-1.));
#3433 = DIRECTION('',(-1.,0.,-0.));
#3434 = PCURVE('',#3313,#3435);
#3435 = DEFINITIONAL_REPRESENTATION('',(#3436),#3440);
#3436 = LINE('',#3437,#3438);
#3437 = CARTESIAN_POINT('',(0.,45.));
#3438 = VECTOR('',#3439,1.);
#3439 = DIRECTION('',(1.,0.));
#3440 = ( GEOMETRIC_REPRESENTATION_CONTEXT(2) 
PARAMETRIC_REPRESENTATION_CONTEXT() REPRESENTATION_CONTEXT('2D SPACE',''
  ) );
#3441 = PCURVE('',#3383,#3442);
#3442 = DEFINITIONAL_REPRESENTATION('',(#3443),#3451);
#3443 = ( BOUNDED_CURVE() B_SPLINE_CURVE(2,(#3444,#3445,#3446,#3447,
#3448,#3449,#3450),.UNSPECIFIED.,.T.,.F.) B_SPLINE_CURVE_WITH_KNOTS((1,2
    ,2,2,2,1),(-2.094395102393,0.,2.094395102393,4.188790204786,
6.28318530718,8.377580409573),.UNSPECIFIED.) CURVE() 
GEOMETRIC_REPRESENTATION_ITEM() RATIONAL_B_SPLINE_CURVE((1.,0.5,1.,0.5,
1.,0.5,1.)) REPRESENTATION_ITEM('') );
#3444 = CARTESIAN_POINT('',(33.873066958946,-21.));
#3445 = CARTESIAN_POINT('',(33.873066958946,-16.66987298107));
#3446 = CARTESIAN_POINT('',(37.623066958946,-18.83493649053));
#3447 = CARTESIAN_POINT('',(41.373066958946,-21.));
#3448 = CARTESIAN_POINT('',(37.623066958946,-23.16506350946));
#3449 = CARTESIAN_POINT('',(33.873066958946,-25.33012701892));
#3450 = CARTESIAN_POINT('',(33.873066958946,-21.));
#3451 = ( GEOMETRIC_REPRESENTATION_CONTEXT(2) 
PARAMETRIC_REPRESENTATION_CONTEXT() REPRESENTATION_CONTEXT('2D SPACE',''
  ) );
#3452 = ORIENTED_EDGE('',*,*,#3453,.F.);
#3453 = EDGE_CURVE('',#3293,#3426,#3454,.T.);
#3454 = SEAM_CURVE('',#3455,(#3459,#3466),.PCURVE_S1.);
#3455 = LINE('',#3456,#3457);
#3456 = CARTESIAN_POINT('',(333.87306695894,-21.,2.7675E+03));
#3457 = VECTOR('',#3458,1.);
#3458 = DIRECTION('',(0.,0.,-1.));
#3459 = PCURVE('',#3313,#3460);
#3460 = DEFINITIONAL_REPRESENTATION('',(#3461),#3465);
#3461 = LINE('',#3462,#3463);
#3462 = CARTESIAN_POINT('',(6.28318530718,-0.));
#3463 = VECTOR('',#3464,1.);
#3464 = DIRECTION('',(0.,1.));
#3465 = ( GEOMETRIC_REPRESENTATION_CONTEXT(2) 
PARAMETRIC_REPRESENTATION_CONTEXT() REPRESENTATION_CONTEXT('2D SPACE',''
  ) );
#3466 = PCURVE('',#3313,#3467);
#3467 = DEFINITIONAL_REPRESENTATION('',(#3468),#3472);
#3468 = LINE('',#3469,#3470);
#3469 = CARTESIAN_POINT('',(0.,-0.));
#3470 = VECTOR('',#3471,1.);
#3471 = DIRECTION('',(0.,1.));
#3472 = ( GEOMETRIC_REPRESENTATION_CONTEXT(2) 
PARAMETRIC_REPRESENTATION_CONTEXT() REPRESENTATION_CONTEXT('2D SPACE',''
  ) );
#3473 = ORIENTED_EDGE('',*,*,#3292,.T.);
#3474 = ORIENTED_EDGE('',*,*,#3453,.T.);
#3475 = ADVANCED_FACE('',(#3476),#3351,.T.);
#3476 = FACE_BOUND('',#3477,.T.);
#3477 = EDGE_LOOP('',(#3478,#3506,#3527,#3528));
#3478 = ORIENTED_EDGE('',*,*,#3479,.F.);
#3479 = EDGE_CURVE('',#3480,#3480,#3482,.T.);
#3480 = VERTEX_POINT('',#3481);
#3481 = CARTESIAN_POINT('',(297.5,42.,2.7225E+03));
#3482 = SURFACE_CURVE('',#3483,(#3488,#3495),.PCURVE_S1.);
#3483 = CIRCLE('',#3484,2.5);
#3484 = AXIS2_PLACEMENT_3D('',#3485,#3486,#3487);
#3485 = CARTESIAN_POINT('',(300.,42.,2.7225E+03));
#3486 = DIRECTION('',(0.,0.,-1.));
#3487 = DIRECTION('',(-1.,0.,-0.));
#3488 = PCURVE('',#3351,#3489);
#3489 = DEFINITIONAL_REPRESENTATION('',(#3490),#3494);
#3490 = LINE('',#3491,#3492);
#3491 = CARTESIAN_POINT('',(0.,45.));
#3492 = VECTOR('',#3493,1.);
#3493 = DIRECTION('',(1.,0.));
#3494 = ( GEOMETRIC_REPRESENTATION_CONTEXT(2) 
PARAMETRIC_REPRESENTATION_CONTEXT() REPRESENTATION_CONTEXT('2D SPACE',''
  ) );
#3495 = PCURVE('',#3383,#3496);
#3496 = DEFINITIONAL_REPRESENTATION('',(#3497),#3505);
#3497 = ( BOUNDED_CURVE() B_SPLINE_CURVE(2,(#3498,#3499,#3500,#3501,
#3502,#3503,#3504),.UNSPECIFIED.,.T.,.F.) B_SPLINE_CURVE_WITH_KNOTS((1,2
    ,2,2,2,1),(-2.094395102393,0.,2.094395102393,4.188790204786,
6.28318530718,8.377580409573),.UNSPECIFIED.) CURVE() 
GEOMETRIC_REPRESENTATION_ITEM() RATIONAL_B_SPLINE_CURVE((1.,0.5,1.,0.5,
1.,0.5,1.)) REPRESENTATION_ITEM('') );
#3498 = CARTESIAN_POINT('',(-2.5,42.));
#3499 = CARTESIAN_POINT('',(-2.5,46.330127018922));
#3500 = CARTESIAN_POINT('',(1.25,44.165063509461));
#3501 = CARTESIAN_POINT('',(5.,42.));
#3502 = CARTESIAN_POINT('',(1.25,39.834936490539));
#3503 = CARTESIAN_POINT('',(-2.5,37.669872981078));
#3504 = CARTESIAN_POINT('',(-2.5,42.));
#3505 = ( GEOMETRIC_REPRESENTATION_CONTEXT(2) 
PARAMETRIC_REPRESENTATION_CONTEXT() REPRESENTATION_CONTEXT('2D SPACE',''
  ) );
#3506 = ORIENTED_EDGE('',*,*,#3507,.F.);
#3507 = EDGE_CURVE('',#3331,#3480,#3508,.T.);
#3508 = SEAM_CURVE('',#3509,(#3513,#3520),.PCURVE_S1.);
#3509 = LINE('',#3510,#3511);
#3510 = CARTESIAN_POINT('',(297.5,42.,2.7675E+03));
#3511 = VECTOR('',#3512,1.);
#3512 = DIRECTION('',(0.,0.,-1.));
#3513 = PCURVE('',#3351,#3514);
#3514 = DEFINITIONAL_REPRESENTATION('',(#3515),#3519);
#3515 = LINE('',#3516,#3517);
#3516 = CARTESIAN_POINT('',(6.28318530718,-0.));
#3517 = VECTOR('',#3518,1.);
#3518 = DIRECTION('',(0.,1.));
#3519 = ( GEOMETRIC_REPRESENTATION_CONTEXT(2) 
PARAMETRIC_REPRESENTATION_CONTEXT() REPRESENTATION_CONTEXT('2D SPACE',''
  ) );
#3520 = PCURVE('',#3351,#3521);
#3521 = DEFINITIONAL_REPRESENTATION('',(#3522),#3526);
#3522 = LINE('',#3523,#3524);
#3523 = CARTESIAN_POINT('',(0.,-0.));
#3524 = VECTOR('',#3525,1.);
#3525 = DIRECTION('',(0.,1.));
#3526 = ( GEOMETRIC_REPRESENTATION_CONTEXT(2) 
PARAMETRIC_REPRESENTATION_CONTEXT() REPRESENTATION_CONTEXT('2D SPACE',''
  ) );
#3527 = ORIENTED_EDGE('',*,*,#3330,.T.);
#3528 = ORIENTED_EDGE('',*,*,#3507,.T.);
#3529 = ADVANCED_FACE('',(#3530,#3561,#3564,#3567,#3598),#3383,.T.);
#3530 = FACE_BOUND('',#3531,.T.);
#3531 = EDGE_LOOP('',(#3532));
#3532 = ORIENTED_EDGE('',*,*,#3533,.T.);
#3533 = EDGE_CURVE('',#3534,#3534,#3536,.T.);
#3534 = VERTEX_POINT('',#3535);
#3535 = CARTESIAN_POINT('',(355.,-1.347111479062E-14,2.7225E+03));
#3536 = SURFACE_CURVE('',#3537,(#3542,#3549),.PCURVE_S1.);
#3537 = CIRCLE('',#3538,55.);
#3538 = AXIS2_PLACEMENT_3D('',#3539,#3540,#3541);
#3539 = CARTESIAN_POINT('',(300.,0.,2.7225E+03));
#3540 = DIRECTION('',(0.,0.,1.));
#3541 = DIRECTION('',(1.,0.,-0.));
#3542 = PCURVE('',#3383,#3543);
#3543 = DEFINITIONAL_REPRESENTATION('',(#3544),#3548);
#3544 = CIRCLE('',#3545,55.);
#3545 = AXIS2_PLACEMENT_2D('',#3546,#3547);
#3546 = CARTESIAN_POINT('',(0.,0.));
#3547 = DIRECTION('',(1.,0.));
#3548 = ( GEOMETRIC_REPRESENTATION_CONTEXT(2) 
PARAMETRIC_REPRESENTATION_CONTEXT() REPRESENTATION_CONTEXT('2D SPACE',''
  ) );
#3549 = PCURVE('',#3550,#3555);
#3550 = CYLINDRICAL_SURFACE('',#3551,55.);
#3551 = AXIS2_PLACEMENT_3D('',#3552,#3553,#3554);
#3552 = CARTESIAN_POINT('',(300.,0.,2.7195E+03));
#3553 = DIRECTION('',(0.,0.,1.));
#3554 = DIRECTION('',(1.,0.,-0.));
#3555 = DEFINITIONAL_REPRESENTATION('',(#3556),#3560);
#3556 = LINE('',#3557,#3558);
#3557 = CARTESIAN_POINT('',(0.,3.));
#3558 = VECTOR('',#3559,1.);
#3559 = DIRECTION('',(1.,0.));
#3560 = ( GEOMETRIC_REPRESENTATION_CONTEXT(2) 
PARAMETRIC_REPRESENTATION_CONTEXT() REPRESENTATION_CONTEXT('2D SPACE',''
  ) );
#3561 = FACE_BOUND('',#3562,.T.);
#3562 = EDGE_LOOP('',(#3563));
#3563 = ORIENTED_EDGE('',*,*,#3366,.T.);
#3564 = FACE_BOUND('',#3565,.T.);
#3565 = EDGE_LOOP('',(#3566));
#3566 = ORIENTED_EDGE('',*,*,#3425,.T.);
#3567 = FACE_BOUND('',#3568,.T.);
#3568 = EDGE_LOOP('',(#3569));
#3569 = ORIENTED_EDGE('',*,*,#3570,.F.);
#3570 = EDGE_CURVE('',#3571,#3571,#3573,.T.);
#3571 = VERTEX_POINT('',#3572);
#3572 = CARTESIAN_POINT('',(328.,-6.858022075225E-15,2.7225E+03));
#3573 = SURFACE_CURVE('',#3574,(#3579,#3586),.PCURVE_S1.);
#3574 = CIRCLE('',#3575,28.);
#3575 = AXIS2_PLACEMENT_3D('',#3576,#3577,#3578);
#3576 = CARTESIAN_POINT('',(300.,0.,2.7225E+03));
#3577 = DIRECTION('',(0.,0.,1.));
#3578 = DIRECTION('',(1.,0.,-0.));
#3579 = PCURVE('',#3383,#3580);
#3580 = DEFINITIONAL_REPRESENTATION('',(#3581),#3585);
#3581 = CIRCLE('',#3582,28.);
#3582 = AXIS2_PLACEMENT_2D('',#3583,#3584);
#3583 = CARTESIAN_POINT('',(0.,0.));
#3584 = DIRECTION('',(1.,0.));
#3585 = ( GEOMETRIC_REPRESENTATION_CONTEXT(2) 
PARAMETRIC_REPRESENTATION_CONTEXT() REPRESENTATION_CONTEXT('2D SPACE',''
  ) );
#3586 = PCURVE('',#3587,#3592);
#3587 = CYLINDRICAL_SURFACE('',#3588,28.);
#3588 = AXIS2_PLACEMENT_3D('',#3589,#3590,#3591);
#3589 = CARTESIAN_POINT('',(300.,0.,2.7185E+03));
#3590 = DIRECTION('',(0.,0.,1.));
#3591 = DIRECTION('',(1.,0.,-0.));
#3592 = DEFINITIONAL_REPRESENTATION('',(#3593),#3597);
#3593 = LINE('',#3594,#3595);
#3594 = CARTESIAN_POINT('',(0.,4.));
#3595 = VECTOR('',#3596,1.);
#3596 = DIRECTION('',(1.,0.));
#3597 = ( GEOMETRIC_REPRESENTATION_CONTEXT(2) 
PARAMETRIC_REPRESENTATION_CONTEXT() REPRESENTATION_CONTEXT('2D SPACE',''
  ) );
#3598 = FACE_BOUND('',#3599,.T.);
#3599 = EDGE_LOOP('',(#3600));
#3600 = ORIENTED_EDGE('',*,*,#3479,.T.);
#3601 = ADVANCED_FACE('',(#3602),#3550,.T.);
#3602 = FACE_BOUND('',#3603,.T.);
#3603 = EDGE_LOOP('',(#3604,#3605,#3628,#3655));
#3604 = ORIENTED_EDGE('',*,*,#3533,.F.);
#3605 = ORIENTED_EDGE('',*,*,#3606,.F.);
#3606 = EDGE_CURVE('',#3607,#3534,#3609,.T.);
#3607 = VERTEX_POINT('',#3608);
#3608 = CARTESIAN_POINT('',(355.,-1.347111479062E-14,2.7195E+03));
#3609 = SEAM_CURVE('',#3610,(#3614,#3621),.PCURVE_S1.);
#3610 = LINE('',#3611,#3612);
#3611 = CARTESIAN_POINT('',(355.,-1.347111479062E-14,2.7195E+03));
#3612 = VECTOR('',#3613,1.);
#3613 = DIRECTION('',(0.,0.,1.));
#3614 = PCURVE('',#3550,#3615);
#3615 = DEFINITIONAL_REPRESENTATION('',(#3616),#3620);
#3616 = LINE('',#3617,#3618);
#3617 = CARTESIAN_POINT('',(6.28318530718,-0.));
#3618 = VECTOR('',#3619,1.);
#3619 = DIRECTION('',(0.,1.));
#3620 = ( GEOMETRIC_REPRESENTATION_CONTEXT(2) 
PARAMETRIC_REPRESENTATION_CONTEXT() REPRESENTATION_CONTEXT('2D SPACE',''
  ) );
#3621 = PCURVE('',#3550,#3622);
#3622 = DEFINITIONAL_REPRESENTATION('',(#3623),#3627);
#3623 = LINE('',#3624,#3625);
#3624 = CARTESIAN_POINT('',(0.,-0.));
#3625 = VECTOR('',#3626,1.);
#3626 = DIRECTION('',(0.,1.));
#3627 = ( GEOMETRIC_REPRESENTATION_CONTEXT(2) 
PARAMETRIC_REPRESENTATION_CONTEXT() REPRESENTATION_CONTEXT('2D SPACE',''
  ) );
#3628 = ORIENTED_EDGE('',*,*,#3629,.T.);
#3629 = EDGE_CURVE('',#3607,#3607,#3630,.T.);
#3630 = SURFACE_CURVE('',#3631,(#3636,#3643),.PCURVE_S1.);
#3631 = CIRCLE('',#3632,55.);
#3632 = AXIS2_PLACEMENT_3D('',#3633,#3634,#3635);
#3633 = CARTESIAN_POINT('',(300.,0.,2.7195E+03));
#3634 = DIRECTION('',(0.,0.,1.));
#3635 = DIRECTION('',(1.,0.,-0.));
#3636 = PCURVE('',#3550,#3637);
#3637 = DEFINITIONAL_REPRESENTATION('',(#3638),#3642);
#3638 = LINE('',#3639,#3640);
#3639 = CARTESIAN_POINT('',(0.,0.));
#3640 = VECTOR('',#3641,1.);
#3641 = DIRECTION('',(1.,0.));
#3642 = ( GEOMETRIC_REPRESENTATION_CONTEXT(2) 
PARAMETRIC_REPRESENTATION_CONTEXT() REPRESENTATION_CONTEXT('2D SPACE',''
  ) );
#3643 = PCURVE('',#3644,#3649);
#3644 = PLANE('',#3645);
#3645 = AXIS2_PLACEMENT_3D('',#3646,#3647,#3648);
#3646 = CARTESIAN_POINT('',(300.,0.,2.7195E+03));
#3647 = DIRECTION('',(0.,0.,1.));
#3648 = DIRECTION('',(1.,0.,-0.));
#3649 = DEFINITIONAL_REPRESENTATION('',(#3650),#3654);
#3650 = CIRCLE('',#3651,55.);
#3651 = AXIS2_PLACEMENT_2D('',#3652,#3653);
#3652 = CARTESIAN_POINT('',(0.,0.));
#3653 = DIRECTION('',(1.,0.));
#3654 = ( GEOMETRIC_REPRESENTATION_CONTEXT(2) 
PARAMETRIC_REPRESENTATION_CONTEXT() REPRESENTATION_CONTEXT('2D SPACE',''
  ) );
#3655 = ORIENTED_EDGE('',*,*,#3606,.T.);
#3656 = ADVANCED_FACE('',(#3657),#3587,.F.);
#3657 = FACE_BOUND('',#3658,.F.);
#3658 = EDGE_LOOP('',(#3659,#3660,#3683,#3705));
#3659 = ORIENTED_EDGE('',*,*,#3570,.F.);
#3660 = ORIENTED_EDGE('',*,*,#3661,.F.);
#3661 = EDGE_CURVE('',#3662,#3571,#3664,.T.);
#3662 = VERTEX_POINT('',#3663);
#3663 = CARTESIAN_POINT('',(328.,-6.858022075225E-15,2.7195E+03));
#3664 = SEAM_CURVE('',#3665,(#3669,#3676),.PCURVE_S1.);
#3665 = LINE('',#3666,#3667);
#3666 = CARTESIAN_POINT('',(328.,-6.858022075225E-15,2.7185E+03));
#3667 = VECTOR('',#3668,1.);
#3668 = DIRECTION('',(0.,0.,1.));
#3669 = PCURVE('',#3587,#3670);
#3670 = DEFINITIONAL_REPRESENTATION('',(#3671),#3675);
#3671 = LINE('',#3672,#3673);
#3672 = CARTESIAN_POINT('',(6.28318530718,-0.));
#3673 = VECTOR('',#3674,1.);
#3674 = DIRECTION('',(0.,1.));
#3675 = ( GEOMETRIC_REPRESENTATION_CONTEXT(2) 
PARAMETRIC_REPRESENTATION_CONTEXT() REPRESENTATION_CONTEXT('2D SPACE',''
  ) );
#3676 = PCURVE('',#3587,#3677);
#3677 = DEFINITIONAL_REPRESENTATION('',(#3678),#3682);
#3678 = LINE('',#3679,#3680);
#3679 = CARTESIAN_POINT('',(0.,-0.));
#3680 = VECTOR('',#3681,1.);
#3681 = DIRECTION('',(0.,1.));
#3682 = ( GEOMETRIC_REPRESENTATION_CONTEXT(2) 
PARAMETRIC_REPRESENTATION_CONTEXT() REPRESENTATION_CONTEXT('2D SPACE',''
  ) );
#3683 = ORIENTED_EDGE('',*,*,#3684,.T.);
#3684 = EDGE_CURVE('',#3662,#3662,#3685,.T.);
#3685 = SURFACE_CURVE('',#3686,(#3691,#3698),.PCURVE_S1.);
#3686 = CIRCLE('',#3687,28.);
#3687 = AXIS2_PLACEMENT_3D('',#3688,#3689,#3690);
#3688 = CARTESIAN_POINT('',(300.,0.,2.7195E+03));
#3689 = DIRECTION('',(0.,0.,1.));
#3690 = DIRECTION('',(1.,0.,-0.));
#3691 = PCURVE('',#3587,#3692);
#3692 = DEFINITIONAL_REPRESENTATION('',(#3693),#3697);
#3693 = LINE('',#3694,#3695);
#3694 = CARTESIAN_POINT('',(0.,1.));
#3695 = VECTOR('',#3696,1.);
#3696 = DIRECTION('',(1.,0.));
#3697 = ( GEOMETRIC_REPRESENTATION_CONTEXT(2) 
PARAMETRIC_REPRESENTATION_CONTEXT() REPRESENTATION_CONTEXT('2D SPACE',''
  ) );
#3698 = PCURVE('',#3644,#3699);
#3699 = DEFINITIONAL_REPRESENTATION('',(#3700),#3704);
#3700 = CIRCLE('',#3701,28.);
#3701 = AXIS2_PLACEMENT_2D('',#3702,#3703);
#3702 = CARTESIAN_POINT('',(0.,0.));
#3703 = DIRECTION('',(1.,0.));
#3704 = ( GEOMETRIC_REPRESENTATION_CONTEXT(2) 
PARAMETRIC_REPRESENTATION_CONTEXT() REPRESENTATION_CONTEXT('2D SPACE',''
  ) );
#3705 = ORIENTED_EDGE('',*,*,#3661,.T.);
#3706 = ADVANCED_FACE('',(#3707,#3710,#3745,#3780,#3783),#3644,.F.);
#3707 = FACE_BOUND('',#3708,.F.);
#3708 = EDGE_LOOP('',(#3709));
#3709 = ORIENTED_EDGE('',*,*,#3629,.T.);
#3710 = FACE_BOUND('',#3711,.F.);
#3711 = EDGE_LOOP('',(#3712));
#3712 = ORIENTED_EDGE('',*,*,#3713,.T.);
#3713 = EDGE_CURVE('',#3714,#3714,#3716,.T.);
#3714 = VERTEX_POINT('',#3715);
#3715 = CARTESIAN_POINT('',(261.12693304105,-21.,2.7195E+03));
#3716 = SURFACE_CURVE('',#3717,(#3722,#3733),.PCURVE_S1.);
#3717 = CIRCLE('',#3718,2.5);
#3718 = AXIS2_PLACEMENT_3D('',#3719,#3720,#3721);
#3719 = CARTESIAN_POINT('',(263.62693304105,-21.,2.7195E+03));
#3720 = DIRECTION('',(0.,0.,-1.));
#3721 = DIRECTION('',(-1.,0.,-0.));
#3722 = PCURVE('',#3644,#3723);
#3723 = DEFINITIONAL_REPRESENTATION('',(#3724),#3732);
#3724 = ( BOUNDED_CURVE() B_SPLINE_CURVE(2,(#3725,#3726,#3727,#3728,
#3729,#3730,#3731),.UNSPECIFIED.,.T.,.F.) B_SPLINE_CURVE_WITH_KNOTS((1,2
    ,2,2,2,1),(-2.094395102393,0.,2.094395102393,4.188790204786,
6.28318530718,8.377580409573),.UNSPECIFIED.) CURVE() 
GEOMETRIC_REPRESENTATION_ITEM() RATIONAL_B_SPLINE_CURVE((1.,0.5,1.,0.5,
1.,0.5,1.)) REPRESENTATION_ITEM('') );
#3725 = CARTESIAN_POINT('',(-38.87306695894,-21.));
#3726 = CARTESIAN_POINT('',(-38.87306695894,-16.66987298107));
#3727 = CARTESIAN_POINT('',(-35.12306695894,-18.83493649053));
#3728 = CARTESIAN_POINT('',(-31.37306695894,-21.));
#3729 = CARTESIAN_POINT('',(-35.12306695894,-23.16506350946));
#3730 = CARTESIAN_POINT('',(-38.87306695894,-25.33012701892));
#3731 = CARTESIAN_POINT('',(-38.87306695894,-21.));
#3732 = ( GEOMETRIC_REPRESENTATION_CONTEXT(2) 
PARAMETRIC_REPRESENTATION_CONTEXT() REPRESENTATION_CONTEXT('2D SPACE',''
  ) );
#3733 = PCURVE('',#3734,#3739);
#3734 = CYLINDRICAL_SURFACE('',#3735,2.5);
#3735 = AXIS2_PLACEMENT_3D('',#3736,#3737,#3738);
#3736 = CARTESIAN_POINT('',(263.62693304105,-21.,2.7675E+03));
#3737 = DIRECTION('',(0.,0.,-1.));
#3738 = DIRECTION('',(-1.,0.,-0.));
#3739 = DEFINITIONAL_REPRESENTATION('',(#3740),#3744);
#3740 = LINE('',#3741,#3742);
#3741 = CARTESIAN_POINT('',(0.,48.));
#3742 = VECTOR('',#3743,1.);
#3743 = DIRECTION('',(1.,0.));
#3744 = ( GEOMETRIC_REPRESENTATION_CONTEXT(2) 
PARAMETRIC_REPRESENTATION_CONTEXT() REPRESENTATION_CONTEXT('2D SPACE',''
  ) );
#3745 = FACE_BOUND('',#3746,.F.);
#3746 = EDGE_LOOP('',(#3747));
#3747 = ORIENTED_EDGE('',*,*,#3748,.T.);
#3748 = EDGE_CURVE('',#3749,#3749,#3751,.T.);
#3749 = VERTEX_POINT('',#3750);
#3750 = CARTESIAN_POINT('',(333.87306695894,-21.,2.7195E+03));
#3751 = SURFACE_CURVE('',#3752,(#3757,#3768),.PCURVE_S1.);
#3752 = CIRCLE('',#3753,2.5);
#3753 = AXIS2_PLACEMENT_3D('',#3754,#3755,#3756);
#3754 = CARTESIAN_POINT('',(336.37306695894,-21.,2.7195E+03));
#3755 = DIRECTION('',(0.,0.,-1.));
#3756 = DIRECTION('',(-1.,0.,-0.));
#3757 = PCURVE('',#3644,#3758);
#3758 = DEFINITIONAL_REPRESENTATION('',(#3759),#3767);
#3759 = ( BOUNDED_CURVE() B_SPLINE_CURVE(2,(#3760,#3761,#3762,#3763,
#3764,#3765,#3766),.UNSPECIFIED.,.T.,.F.) B_SPLINE_CURVE_WITH_KNOTS((1,2
    ,2,2,2,1),(-2.094395102393,0.,2.094395102393,4.188790204786,
6.28318530718,8.377580409573),.UNSPECIFIED.) CURVE() 
GEOMETRIC_REPRESENTATION_ITEM() RATIONAL_B_SPLINE_CURVE((1.,0.5,1.,0.5,
1.,0.5,1.)) REPRESENTATION_ITEM('') );
#3760 = CARTESIAN_POINT('',(33.873066958946,-21.));
#3761 = CARTESIAN_POINT('',(33.873066958946,-16.66987298107));
#3762 = CARTESIAN_POINT('',(37.623066958946,-18.83493649053));
#3763 = CARTESIAN_POINT('',(41.373066958946,-21.));
#3764 = CARTESIAN_POINT('',(37.623066958946,-23.16506350946));
#3765 = CARTESIAN_POINT('',(33.873066958946,-25.33012701892));
#3766 = CARTESIAN_POINT('',(33.873066958946,-21.));
#3767 = ( GEOMETRIC_REPRESENTATION_CONTEXT(2) 
PARAMETRIC_REPRESENTATION_CONTEXT() REPRESENTATION_CONTEXT('2D SPACE',''
  ) );
#3768 = PCURVE('',#3769,#3774);
#3769 = CYLINDRICAL_SURFACE('',#3770,2.5);
#3770 = AXIS2_PLACEMENT_3D('',#3771,#3772,#3773);
#3771 = CARTESIAN_POINT('',(336.37306695894,-21.,2.7675E+03));
#3772 = DIRECTION('',(0.,0.,-1.));
#3773 = DIRECTION('',(-1.,0.,-0.));
#3774 = DEFINITIONAL_REPRESENTATION('',(#3775),#3779);
#3775 = LINE('',#3776,#3777);
#3776 = CARTESIAN_POINT('',(0.,48.));
#3777 = VECTOR('',#3778,1.);
#3778 = DIRECTION('',(1.,0.));
#3779 = ( GEOMETRIC_REPRESENTATION_CONTEXT(2) 
PARAMETRIC_REPRESENTATION_CONTEXT() REPRESENTATION_CONTEXT('2D SPACE',''
  ) );
#3780 = FACE_BOUND('',#3781,.F.);
#3781 = EDGE_LOOP('',(#3782));
#3782 = ORIENTED_EDGE('',*,*,#3684,.F.);
#3783 = FACE_BOUND('',#3784,.F.);
#3784 = EDGE_LOOP('',(#3785));
#3785 = ORIENTED_EDGE('',*,*,#3786,.T.);
#3786 = EDGE_CURVE('',#3787,#3787,#3789,.T.);
#3787 = VERTEX_POINT('',#3788);
#3788 = CARTESIAN_POINT('',(297.5,42.,2.7195E+03));
#3789 = SURFACE_CURVE('',#3790,(#3795,#3806),.PCURVE_S1.);
#3790 = CIRCLE('',#3791,2.5);
#3791 = AXIS2_PLACEMENT_3D('',#3792,#3793,#3794);
#3792 = CARTESIAN_POINT('',(300.,42.,2.7195E+03));
#3793 = DIRECTION('',(0.,0.,-1.));
#3794 = DIRECTION('',(-1.,0.,-0.));
#3795 = PCURVE('',#3644,#3796);
#3796 = DEFINITIONAL_REPRESENTATION('',(#3797),#3805);
#3797 = ( BOUNDED_CURVE() B_SPLINE_CURVE(2,(#3798,#3799,#3800,#3801,
#3802,#3803,#3804),.UNSPECIFIED.,.T.,.F.) B_SPLINE_CURVE_WITH_KNOTS((1,2
    ,2,2,2,1),(-2.094395102393,0.,2.094395102393,4.188790204786,
6.28318530718,8.377580409573),.UNSPECIFIED.) CURVE() 
GEOMETRIC_REPRESENTATION_ITEM() RATIONAL_B_SPLINE_CURVE((1.,0.5,1.,0.5,
1.,0.5,1.)) REPRESENTATION_ITEM('') );
#3798 = CARTESIAN_POINT('',(-2.5,42.));
#3799 = CARTESIAN_POINT('',(-2.5,46.330127018922));
#3800 = CARTESIAN_POINT('',(1.25,44.165063509461));
#3801 = CARTESIAN_POINT('',(5.,42.));
#3802 = CARTESIAN_POINT('',(1.25,39.834936490539));
#3803 = CARTESIAN_POINT('',(-2.5,37.669872981078));
#3804 = CARTESIAN_POINT('',(-2.5,42.));
#3805 = ( GEOMETRIC_REPRESENTATION_CONTEXT(2) 
PARAMETRIC_REPRESENTATION_CONTEXT() REPRESENTATION_CONTEXT('2D SPACE',''
  ) );
#3806 = PCURVE('',#3807,#3812);
#3807 = CYLINDRICAL_SURFACE('',#3808,2.5);
#3808 = AXIS2_PLACEMENT_3D('',#3809,#3810,#3811);
#3809 = CARTESIAN_POINT('',(300.,42.,2.7675E+03));
#3810 = DIRECTION('',(0.,0.,-1.));
#3811 = DIRECTION('',(-1.,0.,-0.));
#3812 = DEFINITIONAL_REPRESENTATION('',(#3813),#3817);
#3813 = LINE('',#3814,#3815);
#3814 = CARTESIAN_POINT('',(0.,48.));
#3815 = VECTOR('',#3816,1.);
#3816 = DIRECTION('',(1.,0.));
#3817 = ( GEOMETRIC_REPRESENTATION_CONTEXT(2) 
PARAMETRIC_REPRESENTATION_CONTEXT() REPRESENTATION_CONTEXT('2D SPACE',''
  ) );
#3818 = ADVANCED_FACE('',(#3819),#3734,.T.);
#3819 = FACE_BOUND('',#3820,.T.);
#3820 = EDGE_LOOP('',(#3821,#3854,#3875,#3876));
#3821 = ORIENTED_EDGE('',*,*,#3822,.F.);
#3822 = EDGE_CURVE('',#3823,#3823,#3825,.T.);
#3823 = VERTEX_POINT('',#3824);
#3824 = CARTESIAN_POINT('',(261.12693304105,-21.,2.7075E+03));
#3825 = SURFACE_CURVE('',#3826,(#3831,#3838),.PCURVE_S1.);
#3826 = CIRCLE('',#3827,2.5);
#3827 = AXIS2_PLACEMENT_3D('',#3828,#3829,#3830);
#3828 = CARTESIAN_POINT('',(263.62693304105,-21.,2.7075E+03));
#3829 = DIRECTION('',(0.,0.,-1.));
#3830 = DIRECTION('',(-1.,0.,-0.));
#3831 = PCURVE('',#3734,#3832);
#3832 = DEFINITIONAL_REPRESENTATION('',(#3833),#3837);
#3833 = LINE('',#3834,#3835);
#3834 = CARTESIAN_POINT('',(0.,60.));
#3835 = VECTOR('',#3836,1.);
#3836 = DIRECTION('',(1.,0.));
#3837 = ( GEOMETRIC_REPRESENTATION_CONTEXT(2) 
PARAMETRIC_REPRESENTATION_CONTEXT() REPRESENTATION_CONTEXT('2D SPACE',''
  ) );
#3838 = PCURVE('',#3839,#3844);
#3839 = PLANE('',#3840);
#3840 = AXIS2_PLACEMENT_3D('',#3841,#3842,#3843);
#3841 = CARTESIAN_POINT('',(300.,0.,2.7075E+03));
#3842 = DIRECTION('',(0.,0.,1.));
#3843 = DIRECTION('',(1.,0.,-0.));
#3844 = DEFINITIONAL_REPRESENTATION('',(#3845),#3853);
#3845 = ( BOUNDED_CURVE() B_SPLINE_CURVE(2,(#3846,#3847,#3848,#3849,
#3850,#3851,#3852),.UNSPECIFIED.,.T.,.F.) B_SPLINE_CURVE_WITH_KNOTS((1,2
    ,2,2,2,1),(-2.094395102393,0.,2.094395102393,4.188790204786,
6.28318530718,8.377580409573),.UNSPECIFIED.) CURVE() 
GEOMETRIC_REPRESENTATION_ITEM() RATIONAL_B_SPLINE_CURVE((1.,0.5,1.,0.5,
1.,0.5,1.)) REPRESENTATION_ITEM('') );
#3846 = CARTESIAN_POINT('',(-38.87306695894,-21.));
#3847 = CARTESIAN_POINT('',(-38.87306695894,-16.66987298107));
#3848 = CARTESIAN_POINT('',(-35.12306695894,-18.83493649053));
#3849 = CARTESIAN_POINT('',(-31.37306695894,-21.));
#3850 = CARTESIAN_POINT('',(-35.12306695894,-23.16506350946));
#3851 = CARTESIAN_POINT('',(-38.87306695894,-25.33012701892));
#3852 = CARTESIAN_POINT('',(-38.87306695894,-21.));
#3853 = ( GEOMETRIC_REPRESENTATION_CONTEXT(2) 
PARAMETRIC_REPRESENTATION_CONTEXT() REPRESENTATION_CONTEXT('2D SPACE',''
  ) );
#3854 = ORIENTED_EDGE('',*,*,#3855,.F.);
#3855 = EDGE_CURVE('',#3714,#3823,#3856,.T.);
#3856 = SEAM_CURVE('',#3857,(#3861,#3868),.PCURVE_S1.);
#3857 = LINE('',#3858,#3859);
#3858 = CARTESIAN_POINT('',(261.12693304105,-21.,2.7675E+03));
#3859 = VECTOR('',#3860,1.);
#3860 = DIRECTION('',(0.,0.,-1.));
#3861 = PCURVE('',#3734,#3862);
#3862 = DEFINITIONAL_REPRESENTATION('',(#3863),#3867);
#3863 = LINE('',#3864,#3865);
#3864 = CARTESIAN_POINT('',(6.28318530718,-0.));
#3865 = VECTOR('',#3866,1.);
#3866 = DIRECTION('',(0.,1.));
#3867 = ( GEOMETRIC_REPRESENTATION_CONTEXT(2) 
PARAMETRIC_REPRESENTATION_CONTEXT() REPRESENTATION_CONTEXT('2D SPACE',''
  ) );
#3868 = PCURVE('',#3734,#3869);
#3869 = DEFINITIONAL_REPRESENTATION('',(#3870),#3874);
#3870 = LINE('',#3871,#3872);
#3871 = CARTESIAN_POINT('',(0.,-0.));
#3872 = VECTOR('',#3873,1.);
#3873 = DIRECTION('',(0.,1.));
#3874 = ( GEOMETRIC_REPRESENTATION_CONTEXT(2) 
PARAMETRIC_REPRESENTATION_CONTEXT() REPRESENTATION_CONTEXT('2D SPACE',''
  ) );
#3875 = ORIENTED_EDGE('',*,*,#3713,.T.);
#3876 = ORIENTED_EDGE('',*,*,#3855,.T.);
#3877 = ADVANCED_FACE('',(#3878),#3769,.T.);
#3878 = FACE_BOUND('',#3879,.T.);
#3879 = EDGE_LOOP('',(#3880,#3908,#3929,#3930));
#3880 = ORIENTED_EDGE('',*,*,#3881,.F.);
#3881 = EDGE_CURVE('',#3882,#3882,#3884,.T.);
#3882 = VERTEX_POINT('',#3883);
#3883 = CARTESIAN_POINT('',(333.87306695894,-21.,2.7075E+03));
#3884 = SURFACE_CURVE('',#3885,(#3890,#3897),.PCURVE_S1.);
#3885 = CIRCLE('',#3886,2.5);
#3886 = AXIS2_PLACEMENT_3D('',#3887,#3888,#3889);
#3887 = CARTESIAN_POINT('',(336.37306695894,-21.,2.7075E+03));
#3888 = DIRECTION('',(0.,0.,-1.));
#3889 = DIRECTION('',(-1.,0.,-0.));
#3890 = PCURVE('',#3769,#3891);
#3891 = DEFINITIONAL_REPRESENTATION('',(#3892),#3896);
#3892 = LINE('',#3893,#3894);
#3893 = CARTESIAN_POINT('',(0.,60.));
#3894 = VECTOR('',#3895,1.);
#3895 = DIRECTION('',(1.,0.));
#3896 = ( GEOMETRIC_REPRESENTATION_CONTEXT(2) 
PARAMETRIC_REPRESENTATION_CONTEXT() REPRESENTATION_CONTEXT('2D SPACE',''
  ) );
#3897 = PCURVE('',#3839,#3898);
#3898 = DEFINITIONAL_REPRESENTATION('',(#3899),#3907);
#3899 = ( BOUNDED_CURVE() B_SPLINE_CURVE(2,(#3900,#3901,#3902,#3903,
#3904,#3905,#3906),.UNSPECIFIED.,.T.,.F.) B_SPLINE_CURVE_WITH_KNOTS((1,2
    ,2,2,2,1),(-2.094395102393,0.,2.094395102393,4.188790204786,
6.28318530718,8.377580409573),.UNSPECIFIED.) CURVE() 
GEOMETRIC_REPRESENTATION_ITEM() RATIONAL_B_SPLINE_CURVE((1.,0.5,1.,0.5,
1.,0.5,1.)) REPRESENTATION_ITEM('') );
#3900 = CARTESIAN_POINT('',(33.873066958946,-21.));
#3901 = CARTESIAN_POINT('',(33.873066958946,-16.66987298107));
#3902 = CARTESIAN_POINT('',(37.623066958946,-18.83493649053));
#3903 = CARTESIAN_POINT('',(41.373066958946,-21.));
#3904 = CARTESIAN_POINT('',(37.623066958946,-23.16506350946));
#3905 = CARTESIAN_POINT('',(33.873066958946,-25.33012701892));
#3906 = CARTESIAN_POINT('',(33.873066958946,-21.));
#3907 = ( GEOMETRIC_REPRESENTATION_CONTEXT(2) 
PARAMETRIC_REPRESENTATION_CONTEXT() REPRESENTATION_CONTEXT('2D SPACE',''
  ) );
#3908 = ORIENTED_EDGE('',*,*,#3909,.F.);
#3909 = EDGE_CURVE('',#3749,#3882,#3910,.T.);
#3910 = SEAM_CURVE('',#3911,(#3915,#3922),.PCURVE_S1.);
#3911 = LINE('',#3912,#3913);
#3912 = CARTESIAN_POINT('',(333.87306695894,-21.,2.7675E+03));
#3913 = VECTOR('',#3914,1.);
#3914 = DIRECTION('',(0.,0.,-1.));
#3915 = PCURVE('',#3769,#3916);
#3916 = DEFINITIONAL_REPRESENTATION('',(#3917),#3921);
#3917 = LINE('',#3918,#3919);
#3918 = CARTESIAN_POINT('',(6.28318530718,-0.));
#3919 = VECTOR('',#3920,1.);
#3920 = DIRECTION('',(0.,1.));
#3921 = ( GEOMETRIC_REPRESENTATION_CONTEXT(2) 
PARAMETRIC_REPRESENTATION_CONTEXT() REPRESENTATION_CONTEXT('2D SPACE',''
  ) );
#3922 = PCURVE('',#3769,#3923);
#3923 = DEFINITIONAL_REPRESENTATION('',(#3924),#3928);
#3924 = LINE('',#3925,#3926);
#3925 = CARTESIAN_POINT('',(0.,-0.));
#3926 = VECTOR('',#3927,1.);
#3927 = DIRECTION('',(0.,1.));
#3928 = ( GEOMETRIC_REPRESENTATION_CONTEXT(2) 
PARAMETRIC_REPRESENTATION_CONTEXT() REPRESENTATION_CONTEXT('2D SPACE',''
  ) );
#3929 = ORIENTED_EDGE('',*,*,#3748,.T.);
#3930 = ORIENTED_EDGE('',*,*,#3909,.T.);
#3931 = ADVANCED_FACE('',(#3932),#3807,.T.);
#3932 = FACE_BOUND('',#3933,.T.);
#3933 = EDGE_LOOP('',(#3934,#3962,#3983,#3984));
#3934 = ORIENTED_EDGE('',*,*,#3935,.F.);
#3935 = EDGE_CURVE('',#3936,#3936,#3938,.T.);
#3936 = VERTEX_POINT('',#3937);
#3937 = CARTESIAN_POINT('',(297.5,42.,2.7075E+03));
#3938 = SURFACE_CURVE('',#3939,(#3944,#3951),.PCURVE_S1.);
#3939 = CIRCLE('',#3940,2.5);
#3940 = AXIS2_PLACEMENT_3D('',#3941,#3942,#3943);
#3941 = CARTESIAN_POINT('',(300.,42.,2.7075E+03));
#3942 = DIRECTION('',(0.,0.,-1.));
#3943 = DIRECTION('',(-1.,0.,-0.));
#3944 = PCURVE('',#3807,#3945);
#3945 = DEFINITIONAL_REPRESENTATION('',(#3946),#3950);
#3946 = LINE('',#3947,#3948);
#3947 = CARTESIAN_POINT('',(0.,60.));
#3948 = VECTOR('',#3949,1.);
#3949 = DIRECTION('',(1.,0.));
#3950 = ( GEOMETRIC_REPRESENTATION_CONTEXT(2) 
PARAMETRIC_REPRESENTATION_CONTEXT() REPRESENTATION_CONTEXT('2D SPACE',''
  ) );
#3951 = PCURVE('',#3839,#3952);
#3952 = DEFINITIONAL_REPRESENTATION('',(#3953),#3961);
#3953 = ( BOUNDED_CURVE() B_SPLINE_CURVE(2,(#3954,#3955,#3956,#3957,
#3958,#3959,#3960),.UNSPECIFIED.,.T.,.F.) B_SPLINE_CURVE_WITH_KNOTS((1,2
    ,2,2,2,1),(-2.094395102393,0.,2.094395102393,4.188790204786,
6.28318530718,8.377580409573),.UNSPECIFIED.) CURVE() 
GEOMETRIC_REPRESENTATION_ITEM() RATIONAL_B_SPLINE_CURVE((1.,0.5,1.,0.5,
1.,0.5,1.)) REPRESENTATION_ITEM('') );
#3954 = CARTESIAN_POINT('',(-2.5,42.));
#3955 = CARTESIAN_POINT('',(-2.5,46.330127018922));
#3956 = CARTESIAN_POINT('',(1.25,44.165063509461));
#3957 = CARTESIAN_POINT('',(5.,42.));
#3958 = CARTESIAN_POINT('',(1.25,39.834936490539));
#3959 = CARTESIAN_POINT('',(-2.5,37.669872981078));
#3960 = CARTESIAN_POINT('',(-2.5,42.));
#3961 = ( GEOMETRIC_REPRESENTATION_CONTEXT(2) 
PARAMETRIC_REPRESENTATION_CONTEXT() REPRESENTATION_CONTEXT('2D SPACE',''
  ) );
#3962 = ORIENTED_EDGE('',*,*,#3963,.F.);
#3963 = EDGE_CURVE('',#3787,#3936,#3964,.T.);
#3964 = SEAM_CURVE('',#3965,(#3969,#3976),.PCURVE_S1.);
#3965 = LINE('',#3966,#3967);
#3966 = CARTESIAN_POINT('',(297.5,42.,2.7675E+03));
#3967 = VECTOR('',#3968,1.);
#3968 = DIRECTION('',(0.,0.,-1.));
#3969 = PCURVE('',#3807,#3970);
#3970 = DEFINITIONAL_REPRESENTATION('',(#3971),#3975);
#3971 = LINE('',#3972,#3973);
#3972 = CARTESIAN_POINT('',(6.28318530718,-0.));
#3973 = VECTOR('',#3974,1.);
#3974 = DIRECTION('',(0.,1.));
#3975 = ( GEOMETRIC_REPRESENTATION_CONTEXT(2) 
PARAMETRIC_REPRESENTATION_CONTEXT() REPRESENTATION_CONTEXT('2D SPACE',''
  ) );
#3976 = PCURVE('',#3807,#3977);
#3977 = DEFINITIONAL_REPRESENTATION('',(#3978),#3982);
#3978 = LINE('',#3979,#3980);
#3979 = CARTESIAN_POINT('',(0.,-0.));
#3980 = VECTOR('',#3981,1.);
#3981 = DIRECTION('',(0.,1.));
#3982 = ( GEOMETRIC_REPRESENTATION_CONTEXT(2) 
PARAMETRIC_REPRESENTATION_CONTEXT() REPRESENTATION_CONTEXT('2D SPACE',''
  ) );
#3983 = ORIENTED_EDGE('',*,*,#3786,.T.);
#3984 = ORIENTED_EDGE('',*,*,#3963,.T.);
#3985 = ADVANCED_FACE('',(#3986,#4017,#4020,#4023,#4054),#3839,.T.);
#3986 = FACE_BOUND('',#3987,.T.);
#3987 = EDGE_LOOP('',(#3988));
#3988 = ORIENTED_EDGE('',*,*,#3989,.T.);
#3989 = EDGE_CURVE('',#3990,#3990,#3992,.T.);
#3990 = VERTEX_POINT('',#3991);
#3991 = CARTESIAN_POINT('',(355.,-1.347111479062E-14,2.7075E+03));
#3992 = SURFACE_CURVE('',#3993,(#3998,#4005),.PCURVE_S1.);
#3993 = CIRCLE('',#3994,55.);
#3994 = AXIS2_PLACEMENT_3D('',#3995,#3996,#3997);
#3995 = CARTESIAN_POINT('',(300.,0.,2.7075E+03));
#3996 = DIRECTION('',(0.,0.,1.));
#3997 = DIRECTION('',(1.,0.,-0.));
#3998 = PCURVE('',#3839,#3999);
#3999 = DEFINITIONAL_REPRESENTATION('',(#4000),#4004);
#4000 = CIRCLE('',#4001,55.);
#4001 = AXIS2_PLACEMENT_2D('',#4002,#4003);
#4002 = CARTESIAN_POINT('',(0.,0.));
#4003 = DIRECTION('',(1.,0.));
#4004 = ( GEOMETRIC_REPRESENTATION_CONTEXT(2) 
PARAMETRIC_REPRESENTATION_CONTEXT() REPRESENTATION_CONTEXT('2D SPACE',''
  ) );
#4005 = PCURVE('',#4006,#4011);
#4006 = CYLINDRICAL_SURFACE('',#4007,55.);
#4007 = AXIS2_PLACEMENT_3D('',#4008,#4009,#4010);
#4008 = CARTESIAN_POINT('',(300.,0.,2.7045E+03));
#4009 = DIRECTION('',(0.,0.,1.));
#4010 = DIRECTION('',(1.,0.,-0.));
#4011 = DEFINITIONAL_REPRESENTATION('',(#4012),#4016);
#4012 = LINE('',#4013,#4014);
#4013 = CARTESIAN_POINT('',(0.,3.));
#4014 = VECTOR('',#4015,1.);
#4015 = DIRECTION('',(1.,0.));
#4016 = ( GEOMETRIC_REPRESENTATION_CONTEXT(2) 
PARAMETRIC_REPRESENTATION_CONTEXT() REPRESENTATION_CONTEXT('2D SPACE',''
  ) );
#4017 = FACE_BOUND('',#4018,.T.);
#4018 = EDGE_LOOP('',(#4019));
#4019 = ORIENTED_EDGE('',*,*,#3822,.T.);
#4020 = FACE_BOUND('',#4021,.T.);
#4021 = EDGE_LOOP('',(#4022));
#4022 = ORIENTED_EDGE('',*,*,#3881,.T.);
#4023 = FACE_BOUND('',#4024,.T.);
#4024 = EDGE_LOOP('',(#4025));
#4025 = ORIENTED_EDGE('',*,*,#4026,.F.);
#4026 = EDGE_CURVE('',#4027,#4027,#4029,.T.);
#4027 = VERTEX_POINT('',#4028);
#4028 = CARTESIAN_POINT('',(328.,-6.858022075225E-15,2.7075E+03));
#4029 = SURFACE_CURVE('',#4030,(#4035,#4042),.PCURVE_S1.);
#4030 = CIRCLE('',#4031,28.);
#4031 = AXIS2_PLACEMENT_3D('',#4032,#4033,#4034);
#4032 = CARTESIAN_POINT('',(300.,0.,2.7075E+03));
#4033 = DIRECTION('',(0.,0.,1.));
#4034 = DIRECTION('',(1.,0.,-0.));
#4035 = PCURVE('',#3839,#4036);
#4036 = DEFINITIONAL_REPRESENTATION('',(#4037),#4041);
#4037 = CIRCLE('',#4038,28.);
#4038 = AXIS2_PLACEMENT_2D('',#4039,#4040);
#4039 = CARTESIAN_POINT('',(0.,0.));
#4040 = DIRECTION('',(1.,0.));
#4041 = ( GEOMETRIC_REPRESENTATION_CONTEXT(2) 
PARAMETRIC_REPRESENTATION_CONTEXT() REPRESENTATION_CONTEXT('2D SPACE',''
  ) );
#4042 = PCURVE('',#4043,#4048);
#4043 = CYLINDRICAL_SURFACE('',#4044,28.);
#4044 = AXIS2_PLACEMENT_3D('',#4045,#4046,#4047);
#4045 = CARTESIAN_POINT('',(300.,0.,2.7035E+03));
#4046 = DIRECTION('',(0.,0.,1.));
#4047 = DIRECTION('',(1.,0.,-0.));
#4048 = DEFINITIONAL_REPRESENTATION('',(#4049),#4053);
#4049 = LINE('',#4050,#4051);
#4050 = CARTESIAN_POINT('',(0.,4.));
#4051 = VECTOR('',#4052,1.);
#4052 = DIRECTION('',(1.,0.));
#4053 = ( GEOMETRIC_REPRESENTATION_CONTEXT(2) 
PARAMETRIC_REPRESENTATION_CONTEXT() REPRESENTATION_CONTEXT('2D SPACE',''
  ) );
#4054 = FACE_BOUND('',#4055,.T.);
#4055 = EDGE_LOOP('',(#4056));
#4056 = ORIENTED_EDGE('',*,*,#3935,.T.);
#4057 = ADVANCED_FACE('',(#4058),#4006,.T.);
#4058 = FACE_BOUND('',#4059,.T.);
#4059 = EDGE_LOOP('',(#4060,#4061,#4084,#4111));
#4060 = ORIENTED_EDGE('',*,*,#3989,.F.);
#4061 = ORIENTED_EDGE('',*,*,#4062,.F.);
#4062 = EDGE_CURVE('',#4063,#3990,#4065,.T.);
#4063 = VERTEX_POINT('',#4064);
#4064 = CARTESIAN_POINT('',(355.,-1.347111479062E-14,2.7045E+03));
#4065 = SEAM_CURVE('',#4066,(#4070,#4077),.PCURVE_S1.);
#4066 = LINE('',#4067,#4068);
#4067 = CARTESIAN_POINT('',(355.,-1.347111479062E-14,2.7045E+03));
#4068 = VECTOR('',#4069,1.);
#4069 = DIRECTION('',(0.,0.,1.));
#4070 = PCURVE('',#4006,#4071);
#4071 = DEFINITIONAL_REPRESENTATION('',(#4072),#4076);
#4072 = LINE('',#4073,#4074);
#4073 = CARTESIAN_POINT('',(6.28318530718,-0.));
#4074 = VECTOR('',#4075,1.);
#4075 = DIRECTION('',(0.,1.));
#4076 = ( GEOMETRIC_REPRESENTATION_CONTEXT(2) 
PARAMETRIC_REPRESENTATION_CONTEXT() REPRESENTATION_CONTEXT('2D SPACE',''
  ) );
#4077 = PCURVE('',#4006,#4078);
#4078 = DEFINITIONAL_REPRESENTATION('',(#4079),#4083);
#4079 = LINE('',#4080,#4081);
#4080 = CARTESIAN_POINT('',(0.,-0.));
#4081 = VECTOR('',#4082,1.);
#4082 = DIRECTION('',(0.,1.));
#4083 = ( GEOMETRIC_REPRESENTATION_CONTEXT(2) 
PARAMETRIC_REPRESENTATION_CONTEXT() REPRESENTATION_CONTEXT('2D SPACE',''
  ) );
#4084 = ORIENTED_EDGE('',*,*,#4085,.T.);
#4085 = EDGE_CURVE('',#4063,#4063,#4086,.T.);
#4086 = SURFACE_CURVE('',#4087,(#4092,#4099),.PCURVE_S1.);
#4087 = CIRCLE('',#4088,55.);
#4088 = AXIS2_PLACEMENT_3D('',#4089,#4090,#4091);
#4089 = CARTESIAN_POINT('',(300.,0.,2.7045E+03));
#4090 = DIRECTION('',(0.,0.,1.));
#4091 = DIRECTION('',(1.,0.,-0.));
#4092 = PCURVE('',#4006,#4093);
#4093 = DEFINITIONAL_REPRESENTATION('',(#4094),#4098);
#4094 = LINE('',#4095,#4096);
#4095 = CARTESIAN_POINT('',(0.,0.));
#4096 = VECTOR('',#4097,1.);
#4097 = DIRECTION('',(1.,0.));
#4098 = ( GEOMETRIC_REPRESENTATION_CONTEXT(2) 
PARAMETRIC_REPRESENTATION_CONTEXT() REPRESENTATION_CONTEXT('2D SPACE',''
  ) );
#4099 = PCURVE('',#4100,#4105);
#4100 = PLANE('',#4101);
#4101 = AXIS2_PLACEMENT_3D('',#4102,#4103,#4104);
#4102 = CARTESIAN_POINT('',(300.,0.,2.7045E+03));
#4103 = DIRECTION('',(0.,0.,1.));
#4104 = DIRECTION('',(1.,0.,-0.));
#4105 = DEFINITIONAL_REPRESENTATION('',(#4106),#4110);
#4106 = CIRCLE('',#4107,55.);
#4107 = AXIS2_PLACEMENT_2D('',#4108,#4109);
#4108 = CARTESIAN_POINT('',(0.,0.));
#4109 = DIRECTION('',(1.,0.));
#4110 = ( GEOMETRIC_REPRESENTATION_CONTEXT(2) 
PARAMETRIC_REPRESENTATION_CONTEXT() REPRESENTATION_CONTEXT('2D SPACE',''
  ) );
#4111 = ORIENTED_EDGE('',*,*,#4062,.T.);
#4112 = ADVANCED_FACE('',(#4113),#4043,.F.);
#4113 = FACE_BOUND('',#4114,.F.);
#4114 = EDGE_LOOP('',(#4115,#4116,#4139,#4161));
#4115 = ORIENTED_EDGE('',*,*,#4026,.F.);
#4116 = ORIENTED_EDGE('',*,*,#4117,.F.);
#4117 = EDGE_CURVE('',#4118,#4027,#4120,.T.);
#4118 = VERTEX_POINT('',#4119);
#4119 = CARTESIAN_POINT('',(328.,-6.858022075225E-15,2.7045E+03));
#4120 = SEAM_CURVE('',#4121,(#4125,#4132),.PCURVE_S1.);
#4121 = LINE('',#4122,#4123);
#4122 = CARTESIAN_POINT('',(328.,-6.858022075225E-15,2.7035E+03));
#4123 = VECTOR('',#4124,1.);
#4124 = DIRECTION('',(0.,0.,1.));
#4125 = PCURVE('',#4043,#4126);
#4126 = DEFINITIONAL_REPRESENTATION('',(#4127),#4131);
#4127 = LINE('',#4128,#4129);
#4128 = CARTESIAN_POINT('',(6.28318530718,-0.));
#4129 = VECTOR('',#4130,1.);
#4130 = DIRECTION('',(0.,1.));
#4131 = ( GEOMETRIC_REPRESENTATION_CONTEXT(2) 
PARAMETRIC_REPRESENTATION_CONTEXT() REPRESENTATION_CONTEXT('2D SPACE',''
  ) );
#4132 = PCURVE('',#4043,#4133);
#4133 = DEFINITIONAL_REPRESENTATION('',(#4134),#4138);
#4134 = LINE('',#4135,#4136);
#4135 = CARTESIAN_POINT('',(0.,-0.));
#4136 = VECTOR('',#4137,1.);
#4137 = DIRECTION('',(0.,1.));
#4138 = ( GEOMETRIC_REPRESENTATION_CONTEXT(2) 
PARAMETRIC_REPRESENTATION_CONTEXT() REPRESENTATION_CONTEXT('2D SPACE',''
  ) );
#4139 = ORIENTED_EDGE('',*,*,#4140,.T.);
#4140 = EDGE_CURVE('',#4118,#4118,#4141,.T.);
#4141 = SURFACE_CURVE('',#4142,(#4147,#4154),.PCURVE_S1.);
#4142 = CIRCLE('',#4143,28.);
#4143 = AXIS2_PLACEMENT_3D('',#4144,#4145,#4146);
#4144 = CARTESIAN_POINT('',(300.,0.,2.7045E+03));
#4145 = DIRECTION('',(0.,0.,1.));
#4146 = DIRECTION('',(1.,0.,-0.));
#4147 = PCURVE('',#4043,#4148);
#4148 = DEFINITIONAL_REPRESENTATION('',(#4149),#4153);
#4149 = LINE('',#4150,#4151);
#4150 = CARTESIAN_POINT('',(0.,1.));
#4151 = VECTOR('',#4152,1.);
#4152 = DIRECTION('',(1.,0.));
#4153 = ( GEOMETRIC_REPRESENTATION_CONTEXT(2) 
PARAMETRIC_REPRESENTATION_CONTEXT() REPRESENTATION_CONTEXT('2D SPACE',''
  ) );
#4154 = PCURVE('',#4100,#4155);
#4155 = DEFINITIONAL_REPRESENTATION('',(#4156),#4160);
#4156 = CIRCLE('',#4157,28.);
#4157 = AXIS2_PLACEMENT_2D('',#4158,#4159);
#4158 = CARTESIAN_POINT('',(0.,0.));
#4159 = DIRECTION('',(1.,0.));
#4160 = ( GEOMETRIC_REPRESENTATION_CONTEXT(2) 
PARAMETRIC_REPRESENTATION_CONTEXT() REPRESENTATION_CONTEXT('2D SPACE',''
  ) );
#4161 = ORIENTED_EDGE('',*,*,#4117,.T.);
#4162 = ADVANCED_FACE('',(#4163,#4166,#4201,#4236,#4239),#4100,.F.);
#4163 = FACE_BOUND('',#4164,.F.);
#4164 = EDGE_LOOP('',(#4165));
#4165 = ORIENTED_EDGE('',*,*,#4085,.T.);
#4166 = FACE_BOUND('',#4167,.F.);
#4167 = EDGE_LOOP('',(#4168));
#4168 = ORIENTED_EDGE('',*,*,#4169,.T.);
#4169 = EDGE_CURVE('',#4170,#4170,#4172,.T.);
#4170 = VERTEX_POINT('',#4171);
#4171 = CARTESIAN_POINT('',(261.12693304105,-21.,2.7045E+03));
#4172 = SURFACE_CURVE('',#4173,(#4178,#4189),.PCURVE_S1.);
#4173 = CIRCLE('',#4174,2.5);
#4174 = AXIS2_PLACEMENT_3D('',#4175,#4176,#4177);
#4175 = CARTESIAN_POINT('',(263.62693304105,-21.,2.7045E+03));
#4176 = DIRECTION('',(0.,0.,-1.));
#4177 = DIRECTION('',(-1.,0.,-0.));
#4178 = PCURVE('',#4100,#4179);
#4179 = DEFINITIONAL_REPRESENTATION('',(#4180),#4188);
#4180 = ( BOUNDED_CURVE() B_SPLINE_CURVE(2,(#4181,#4182,#4183,#4184,
#4185,#4186,#4187),.UNSPECIFIED.,.T.,.F.) B_SPLINE_CURVE_WITH_KNOTS((1,2
    ,2,2,2,1),(-2.094395102393,0.,2.094395102393,4.188790204786,
6.28318530718,8.377580409573),.UNSPECIFIED.) CURVE() 
GEOMETRIC_REPRESENTATION_ITEM() RATIONAL_B_SPLINE_CURVE((1.,0.5,1.,0.5,
1.,0.5,1.)) REPRESENTATION_ITEM('') );
#4181 = CARTESIAN_POINT('',(-38.87306695894,-21.));
#4182 = CARTESIAN_POINT('',(-38.87306695894,-16.66987298107));
#4183 = CARTESIAN_POINT('',(-35.12306695894,-18.83493649053));
#4184 = CARTESIAN_POINT('',(-31.37306695894,-21.));
#4185 = CARTESIAN_POINT('',(-35.12306695894,-23.16506350946));
#4186 = CARTESIAN_POINT('',(-38.87306695894,-25.33012701892));
#4187 = CARTESIAN_POINT('',(-38.87306695894,-21.));
#4188 = ( GEOMETRIC_REPRESENTATION_CONTEXT(2) 
PARAMETRIC_REPRESENTATION_CONTEXT() REPRESENTATION_CONTEXT('2D SPACE',''
  ) );
#4189 = PCURVE('',#4190,#4195);
#4190 = CYLINDRICAL_SURFACE('',#4191,2.5);
#4191 = AXIS2_PLACEMENT_3D('',#4192,#4193,#4194);
#4192 = CARTESIAN_POINT('',(263.62693304105,-21.,2.7675E+03));
#4193 = DIRECTION('',(0.,0.,-1.));
#4194 = DIRECTION('',(-1.,0.,-0.));
#4195 = DEFINITIONAL_REPRESENTATION('',(#4196),#4200);
#4196 = LINE('',#4197,#4198);
#4197 = CARTESIAN_POINT('',(0.,63.));
#4198 = VECTOR('',#4199,1.);
#4199 = DIRECTION('',(1.,0.));
#4200 = ( GEOMETRIC_REPRESENTATION_CONTEXT(2) 
PARAMETRIC_REPRESENTATION_CONTEXT() REPRESENTATION_CONTEXT('2D SPACE',''
  ) );
#4201 = FACE_BOUND('',#4202,.F.);
#4202 = EDGE_LOOP('',(#4203));
#4203 = ORIENTED_EDGE('',*,*,#4204,.T.);
#4204 = EDGE_CURVE('',#4205,#4205,#4207,.T.);
#4205 = VERTEX_POINT('',#4206);
#4206 = CARTESIAN_POINT('',(333.87306695894,-21.,2.7045E+03));
#4207 = SURFACE_CURVE('',#4208,(#4213,#4224),.PCURVE_S1.);
#4208 = CIRCLE('',#4209,2.5);
#4209 = AXIS2_PLACEMENT_3D('',#4210,#4211,#4212);
#4210 = CARTESIAN_POINT('',(336.37306695894,-21.,2.7045E+03));
#4211 = DIRECTION('',(0.,0.,-1.));
#4212 = DIRECTION('',(-1.,0.,-0.));
#4213 = PCURVE('',#4100,#4214);
#4214 = DEFINITIONAL_REPRESENTATION('',(#4215),#4223);
#4215 = ( BOUNDED_CURVE() B_SPLINE_CURVE(2,(#4216,#4217,#4218,#4219,
#4220,#4221,#4222),.UNSPECIFIED.,.T.,.F.) B_SPLINE_CURVE_WITH_KNOTS((1,2
    ,2,2,2,1),(-2.094395102393,0.,2.094395102393,4.188790204786,
6.28318530718,8.377580409573),.UNSPECIFIED.) CURVE() 
GEOMETRIC_REPRESENTATION_ITEM() RATIONAL_B_SPLINE_CURVE((1.,0.5,1.,0.5,
1.,0.5,1.)) REPRESENTATION_ITEM('') );
#4216 = CARTESIAN_POINT('',(33.873066958946,-21.));
#4217 = CARTESIAN_POINT('',(33.873066958946,-16.66987298107));
#4218 = CARTESIAN_POINT('',(37.623066958946,-18.83493649053));
#4219 = CARTESIAN_POINT('',(41.373066958946,-21.));
#4220 = CARTESIAN_POINT('',(37.623066958946,-23.16506350946));
#4221 = CARTESIAN_POINT('',(33.873066958946,-25.33012701892));
#4222 = CARTESIAN_POINT('',(33.873066958946,-21.));
#4223 = ( GEOMETRIC_REPRESENTATION_CONTEXT(2) 
PARAMETRIC_REPRESENTATION_CONTEXT() REPRESENTATION_CONTEXT('2D SPACE',''
  ) );
#4224 = PCURVE('',#4225,#4230);
#4225 = CYLINDRICAL_SURFACE('',#4226,2.5);
#4226 = AXIS2_PLACEMENT_3D('',#4227,#4228,#4229);
#4227 = CARTESIAN_POINT('',(336.37306695894,-21.,2.7675E+03));
#4228 = DIRECTION('',(0.,0.,-1.));
#4229 = DIRECTION('',(-1.,0.,-0.));
#4230 = DEFINITIONAL_REPRESENTATION('',(#4231),#4235);
#4231 = LINE('',#4232,#4233);
#4232 = CARTESIAN_POINT('',(0.,63.));
#4233 = VECTOR('',#4234,1.);
#4234 = DIRECTION('',(1.,0.));
#4235 = ( GEOMETRIC_REPRESENTATION_CONTEXT(2) 
PARAMETRIC_REPRESENTATION_CONTEXT() REPRESENTATION_CONTEXT('2D SPACE',''
  ) );
#4236 = FACE_BOUND('',#4237,.F.);
#4237 = EDGE_LOOP('',(#4238));
#4238 = ORIENTED_EDGE('',*,*,#4140,.F.);
#4239 = FACE_BOUND('',#4240,.F.);
#4240 = EDGE_LOOP('',(#4241));
#4241 = ORIENTED_EDGE('',*,*,#4242,.T.);
#4242 = EDGE_CURVE('',#4243,#4243,#4245,.T.);
#4243 = VERTEX_POINT('',#4244);
#4244 = CARTESIAN_POINT('',(297.5,42.,2.7045E+03));
#4245 = SURFACE_CURVE('',#4246,(#4251,#4262),.PCURVE_S1.);
#4246 = CIRCLE('',#4247,2.5);
#4247 = AXIS2_PLACEMENT_3D('',#4248,#4249,#4250);
#4248 = CARTESIAN_POINT('',(300.,42.,2.7045E+03));
#4249 = DIRECTION('',(0.,0.,-1.));
#4250 = DIRECTION('',(-1.,0.,-0.));
#4251 = PCURVE('',#4100,#4252);
#4252 = DEFINITIONAL_REPRESENTATION('',(#4253),#4261);
#4253 = ( BOUNDED_CURVE() B_SPLINE_CURVE(2,(#4254,#4255,#4256,#4257,
#4258,#4259,#4260),.UNSPECIFIED.,.T.,.F.) B_SPLINE_CURVE_WITH_KNOTS((1,2
    ,2,2,2,1),(-2.094395102393,0.,2.094395102393,4.188790204786,
6.28318530718,8.377580409573),.UNSPECIFIED.) CURVE() 
GEOMETRIC_REPRESENTATION_ITEM() RATIONAL_B_SPLINE_CURVE((1.,0.5,1.,0.5,
1.,0.5,1.)) REPRESENTATION_ITEM('') );
#4254 = CARTESIAN_POINT('',(-2.5,42.));
#4255 = CARTESIAN_POINT('',(-2.5,46.330127018922));
#4256 = CARTESIAN_POINT('',(1.25,44.165063509461));
#4257 = CARTESIAN_POINT('',(5.,42.));
#4258 = CARTESIAN_POINT('',(1.25,39.834936490539));
#4259 = CARTESIAN_POINT('',(-2.5,37.669872981078));
#4260 = CARTESIAN_POINT('',(-2.5,42.));
#4261 = ( GEOMETRIC_REPRESENTATION_CONTEXT(2) 
PARAMETRIC_REPRESENTATION_CONTEXT() REPRESENTATION_CONTEXT('2D SPACE',''
  ) );
#4262 = PCURVE('',#4263,#4268);
#4263 = CYLINDRICAL_SURFACE('',#4264,2.5);
#4264 = AXIS2_PLACEMENT_3D('',#4265,#4266,#4267);
#4265 = CARTESIAN_POINT('',(300.,42.,2.7675E+03));
#4266 = DIRECTION('',(0.,0.,-1.));
#4267 = DIRECTION('',(-1.,0.,-0.));
#4268 = DEFINITIONAL_REPRESENTATION('',(#4269),#4273);
#4269 = LINE('',#4270,#4271);
#4270 = CARTESIAN_POINT('',(0.,63.));
#4271 = VECTOR('',#4272,1.);
#4272 = DIRECTION('',(1.,0.));
#4273 = ( GEOMETRIC_REPRESENTATION_CONTEXT(2) 
PARAMETRIC_REPRESENTATION_CONTEXT() REPRESENTATION_CONTEXT('2D SPACE',''
  ) );
#4274 = ADVANCED_FACE('',(#4275),#4190,.T.);
#4275 = FACE_BOUND('',#4276,.T.);
#4276 = EDGE_LOOP('',(#4277,#4310,#4331,#4332));
#4277 = ORIENTED_EDGE('',*,*,#4278,.F.);
#4278 = EDGE_CURVE('',#4279,#4279,#4281,.T.);
#4279 = VERTEX_POINT('',#4280);
#4280 = CARTESIAN_POINT('',(261.12693304105,-21.,2.6925E+03));
#4281 = SURFACE_CURVE('',#4282,(#4287,#4294),.PCURVE_S1.);
#4282 = CIRCLE('',#4283,2.5);
#4283 = AXIS2_PLACEMENT_3D('',#4284,#4285,#4286);
#4284 = CARTESIAN_POINT('',(263.62693304105,-21.,2.6925E+03));
#4285 = DIRECTION('',(0.,0.,-1.));
#4286 = DIRECTION('',(-1.,0.,-0.));
#4287 = PCURVE('',#4190,#4288);
#4288 = DEFINITIONAL_REPRESENTATION('',(#4289),#4293);
#4289 = LINE('',#4290,#4291);
#4290 = CARTESIAN_POINT('',(0.,75.));
#4291 = VECTOR('',#4292,1.);
#4292 = DIRECTION('',(1.,0.));
#4293 = ( GEOMETRIC_REPRESENTATION_CONTEXT(2) 
PARAMETRIC_REPRESENTATION_CONTEXT() REPRESENTATION_CONTEXT('2D SPACE',''
  ) );
#4294 = PCURVE('',#4295,#4300);
#4295 = PLANE('',#4296);
#4296 = AXIS2_PLACEMENT_3D('',#4297,#4298,#4299);
#4297 = CARTESIAN_POINT('',(300.,0.,2.6925E+03));
#4298 = DIRECTION('',(0.,0.,1.));
#4299 = DIRECTION('',(1.,0.,-0.));
#4300 = DEFINITIONAL_REPRESENTATION('',(#4301),#4309);
#4301 = ( BOUNDED_CURVE() B_SPLINE_CURVE(2,(#4302,#4303,#4304,#4305,
#4306,#4307,#4308),.UNSPECIFIED.,.T.,.F.) B_SPLINE_CURVE_WITH_KNOTS((1,2
    ,2,2,2,1),(-2.094395102393,0.,2.094395102393,4.188790204786,
6.28318530718,8.377580409573),.UNSPECIFIED.) CURVE() 
GEOMETRIC_REPRESENTATION_ITEM() RATIONAL_B_SPLINE_CURVE((1.,0.5,1.,0.5,
1.,0.5,1.)) REPRESENTATION_ITEM('') );
#4302 = CARTESIAN_POINT('',(-38.87306695894,-21.));
#4303 = CARTESIAN_POINT('',(-38.87306695894,-16.66987298107));
#4304 = CARTESIAN_POINT('',(-35.12306695894,-18.83493649053));
#4305 = CARTESIAN_POINT('',(-31.37306695894,-21.));
#4306 = CARTESIAN_POINT('',(-35.12306695894,-23.16506350946));
#4307 = CARTESIAN_POINT('',(-38.87306695894,-25.33012701892));
#4308 = CARTESIAN_POINT('',(-38.87306695894,-21.));
#4309 = ( GEOMETRIC_REPRESENTATION_CONTEXT(2) 
PARAMETRIC_REPRESENTATION_CONTEXT() REPRESENTATION_CONTEXT('2D SPACE',''
  ) );
#4310 = ORIENTED_EDGE('',*,*,#4311,.F.);
#4311 = EDGE_CURVE('',#4170,#4279,#4312,.T.);
#4312 = SEAM_CURVE('',#4313,(#4317,#4324),.PCURVE_S1.);
#4313 = LINE('',#4314,#4315);
#4314 = CARTESIAN_POINT('',(261.12693304105,-21.,2.7675E+03));
#4315 = VECTOR('',#4316,1.);
#4316 = DIRECTION('',(0.,0.,-1.));
#4317 = PCURVE('',#4190,#4318);
#4318 = DEFINITIONAL_REPRESENTATION('',(#4319),#4323);
#4319 = LINE('',#4320,#4321);
#4320 = CARTESIAN_POINT('',(6.28318530718,-0.));
#4321 = VECTOR('',#4322,1.);
#4322 = DIRECTION('',(0.,1.));
#4323 = ( GEOMETRIC_REPRESENTATION_CONTEXT(2) 
PARAMETRIC_REPRESENTATION_CONTEXT() REPRESENTATION_CONTEXT('2D SPACE',''
  ) );
#4324 = PCURVE('',#4190,#4325);
#4325 = DEFINITIONAL_REPRESENTATION('',(#4326),#4330);
#4326 = LINE('',#4327,#4328);
#4327 = CARTESIAN_POINT('',(0.,-0.));
#4328 = VECTOR('',#4329,1.);
#4329 = DIRECTION('',(0.,1.));
#4330 = ( GEOMETRIC_REPRESENTATION_CONTEXT(2) 
PARAMETRIC_REPRESENTATION_CONTEXT() REPRESENTATION_CONTEXT('2D SPACE',''
  ) );
#4331 = ORIENTED_EDGE('',*,*,#4169,.T.);
#4332 = ORIENTED_EDGE('',*,*,#4311,.T.);
#4333 = ADVANCED_FACE('',(#4334),#4225,.T.);
#4334 = FACE_BOUND('',#4335,.T.);
#4335 = EDGE_LOOP('',(#4336,#4364,#4385,#4386));
#4336 = ORIENTED_EDGE('',*,*,#4337,.F.);
#4337 = EDGE_CURVE('',#4338,#4338,#4340,.T.);
#4338 = VERTEX_POINT('',#4339);
#4339 = CARTESIAN_POINT('',(333.87306695894,-21.,2.6925E+03));
#4340 = SURFACE_CURVE('',#4341,(#4346,#4353),.PCURVE_S1.);
#4341 = CIRCLE('',#4342,2.5);
#4342 = AXIS2_PLACEMENT_3D('',#4343,#4344,#4345);
#4343 = CARTESIAN_POINT('',(336.37306695894,-21.,2.6925E+03));
#4344 = DIRECTION('',(0.,0.,-1.));
#4345 = DIRECTION('',(-1.,0.,-0.));
#4346 = PCURVE('',#4225,#4347);
#4347 = DEFINITIONAL_REPRESENTATION('',(#4348),#4352);
#4348 = LINE('',#4349,#4350);
#4349 = CARTESIAN_POINT('',(0.,75.));
#4350 = VECTOR('',#4351,1.);
#4351 = DIRECTION('',(1.,0.));
#4352 = ( GEOMETRIC_REPRESENTATION_CONTEXT(2) 
PARAMETRIC_REPRESENTATION_CONTEXT() REPRESENTATION_CONTEXT('2D SPACE',''
  ) );
#4353 = PCURVE('',#4295,#4354);
#4354 = DEFINITIONAL_REPRESENTATION('',(#4355),#4363);
#4355 = ( BOUNDED_CURVE() B_SPLINE_CURVE(2,(#4356,#4357,#4358,#4359,
#4360,#4361,#4362),.UNSPECIFIED.,.T.,.F.) B_SPLINE_CURVE_WITH_KNOTS((1,2
    ,2,2,2,1),(-2.094395102393,0.,2.094395102393,4.188790204786,
6.28318530718,8.377580409573),.UNSPECIFIED.) CURVE() 
GEOMETRIC_REPRESENTATION_ITEM() RATIONAL_B_SPLINE_CURVE((1.,0.5,1.,0.5,
1.,0.5,1.)) REPRESENTATION_ITEM('') );
#4356 = CARTESIAN_POINT('',(33.873066958946,-21.));
#4357 = CARTESIAN_POINT('',(33.873066958946,-16.66987298107));
#4358 = CARTESIAN_POINT('',(37.623066958946,-18.83493649053));
#4359 = CARTESIAN_POINT('',(41.373066958946,-21.));
#4360 = CARTESIAN_POINT('',(37.623066958946,-23.16506350946));
#4361 = CARTESIAN_POINT('',(33.873066958946,-25.33012701892));
#4362 = CARTESIAN_POINT('',(33.873066958946,-21.));
#4363 = ( GEOMETRIC_REPRESENTATION_CONTEXT(2) 
PARAMETRIC_REPRESENTATION_CONTEXT() REPRESENTATION_CONTEXT('2D SPACE',''
  ) );
#4364 = ORIENTED_EDGE('',*,*,#4365,.F.);
#4365 = EDGE_CURVE('',#4205,#4338,#4366,.T.);
#4366 = SEAM_CURVE('',#4367,(#4371,#4378),.PCURVE_S1.);
#4367 = LINE('',#4368,#4369);
#4368 = CARTESIAN_POINT('',(333.87306695894,-21.,2.7675E+03));
#4369 = VECTOR('',#4370,1.);
#4370 = DIRECTION('',(0.,0.,-1.));
#4371 = PCURVE('',#4225,#4372);
#4372 = DEFINITIONAL_REPRESENTATION('',(#4373),#4377);
#4373 = LINE('',#4374,#4375);
#4374 = CARTESIAN_POINT('',(6.28318530718,-0.));
#4375 = VECTOR('',#4376,1.);
#4376 = DIRECTION('',(0.,1.));
#4377 = ( GEOMETRIC_REPRESENTATION_CONTEXT(2) 
PARAMETRIC_REPRESENTATION_CONTEXT() REPRESENTATION_CONTEXT('2D SPACE',''
  ) );
#4378 = PCURVE('',#4225,#4379);
#4379 = DEFINITIONAL_REPRESENTATION('',(#4380),#4384);
#4380 = LINE('',#4381,#4382);
#4381 = CARTESIAN_POINT('',(0.,-0.));
#4382 = VECTOR('',#4383,1.);
#4383 = DIRECTION('',(0.,1.));
#4384 = ( GEOMETRIC_REPRESENTATION_CONTEXT(2) 
PARAMETRIC_REPRESENTATION_CONTEXT() REPRESENTATION_CONTEXT('2D SPACE',''
  ) );
#4385 = ORIENTED_EDGE('',*,*,#4204,.T.);
#4386 = ORIENTED_EDGE('',*,*,#4365,.T.);
#4387 = ADVANCED_FACE('',(#4388),#4263,.T.);
#4388 = FACE_BOUND('',#4389,.T.);
#4389 = EDGE_LOOP('',(#4390,#4418,#4439,#4440));
#4390 = ORIENTED_EDGE('',*,*,#4391,.F.);
#4391 = EDGE_CURVE('',#4392,#4392,#4394,.T.);
#4392 = VERTEX_POINT('',#4393);
#4393 = CARTESIAN_POINT('',(297.5,42.,2.6925E+03));
#4394 = SURFACE_CURVE('',#4395,(#4400,#4407),.PCURVE_S1.);
#4395 = CIRCLE('',#4396,2.5);
#4396 = AXIS2_PLACEMENT_3D('',#4397,#4398,#4399);
#4397 = CARTESIAN_POINT('',(300.,42.,2.6925E+03));
#4398 = DIRECTION('',(0.,0.,-1.));
#4399 = DIRECTION('',(-1.,0.,-0.));
#4400 = PCURVE('',#4263,#4401);
#4401 = DEFINITIONAL_REPRESENTATION('',(#4402),#4406);
#4402 = LINE('',#4403,#4404);
#4403 = CARTESIAN_POINT('',(0.,75.));
#4404 = VECTOR('',#4405,1.);
#4405 = DIRECTION('',(1.,0.));
#4406 = ( GEOMETRIC_REPRESENTATION_CONTEXT(2) 
PARAMETRIC_REPRESENTATION_CONTEXT() REPRESENTATION_CONTEXT('2D SPACE',''
  ) );
#4407 = PCURVE('',#4295,#4408);
#4408 = DEFINITIONAL_REPRESENTATION('',(#4409),#4417);
#4409 = ( BOUNDED_CURVE() B_SPLINE_CURVE(2,(#4410,#4411,#4412,#4413,
#4414,#4415,#4416),.UNSPECIFIED.,.T.,.F.) B_SPLINE_CURVE_WITH_KNOTS((1,2
    ,2,2,2,1),(-2.094395102393,0.,2.094395102393,4.188790204786,
6.28318530718,8.377580409573),.UNSPECIFIED.) CURVE() 
GEOMETRIC_REPRESENTATION_ITEM() RATIONAL_B_SPLINE_CURVE((1.,0.5,1.,0.5,
1.,0.5,1.)) REPRESENTATION_ITEM('') );
#4410 = CARTESIAN_POINT('',(-2.5,42.));
#4411 = CARTESIAN_POINT('',(-2.5,46.330127018922));
#4412 = CARTESIAN_POINT('',(1.25,44.165063509461));
#4413 = CARTESIAN_POINT('',(5.,42.));
#4414 = CARTESIAN_POINT('',(1.25,39.834936490539));
#4415 = CARTESIAN_POINT('',(-2.5,37.669872981078));
#4416 = CARTESIAN_POINT('',(-2.5,42.));
#4417 = ( GEOMETRIC_REPRESENTATION_CONTEXT(2) 
PARAMETRIC_REPRESENTATION_CONTEXT() REPRESENTATION_CONTEXT('2D SPACE',''
  ) );
#4418 = ORIENTED_EDGE('',*,*,#4419,.F.);
#4419 = EDGE_CURVE('',#4243,#4392,#4420,.T.);
#4420 = SEAM_CURVE('',#4421,(#4425,#4432),.PCURVE_S1.);
#4421 = LINE('',#4422,#4423);
#4422 = CARTESIAN_POINT('',(297.5,42.,2.7675E+03));
#4423 = VECTOR('',#4424,1.);
#4424 = DIRECTION('',(0.,0.,-1.));
#4425 = PCURVE('',#4263,#4426);
#4426 = DEFINITIONAL_REPRESENTATION('',(#4427),#4431);
#4427 = LINE('',#4428,#4429);
#4428 = CARTESIAN_POINT('',(6.28318530718,-0.));
#4429 = VECTOR('',#4430,1.);
#4430 = DIRECTION('',(0.,1.));
#4431 = ( GEOMETRIC_REPRESENTATION_CONTEXT(2) 
PARAMETRIC_REPRESENTATION_CONTEXT() REPRESENTATION_CONTEXT('2D SPACE',''
  ) );
#4432 = PCURVE('',#4263,#4433);
#4433 = DEFINITIONAL_REPRESENTATION('',(#4434),#4438);
#4434 = LINE('',#4435,#4436);
#4435 = CARTESIAN_POINT('',(0.,-0.));
#4436 = VECTOR('',#4437,1.);
#4437 = DIRECTION('',(0.,1.));
#4438 = ( GEOMETRIC_REPRESENTATION_CONTEXT(2) 
PARAMETRIC_REPRESENTATION_CONTEXT() REPRESENTATION_CONTEXT('2D SPACE',''
  ) );
#4439 = ORIENTED_EDGE('',*,*,#4242,.T.);
#4440 = ORIENTED_EDGE('',*,*,#4419,.T.);
#4441 = ADVANCED_FACE('',(#4442,#4473,#4476,#4479,#4510),#4295,.T.);
#4442 = FACE_BOUND('',#4443,.T.);
#4443 = EDGE_LOOP('',(#4444));
#4444 = ORIENTED_EDGE('',*,*,#4445,.T.);
#4445 = EDGE_CURVE('',#4446,#4446,#4448,.T.);
#4446 = VERTEX_POINT('',#4447);
#4447 = CARTESIAN_POINT('',(355.,-1.347111479062E-14,2.6925E+03));
#4448 = SURFACE_CURVE('',#4449,(#4454,#4461),.PCURVE_S1.);
#4449 = CIRCLE('',#4450,55.);
#4450 = AXIS2_PLACEMENT_3D('',#4451,#4452,#4453);
#4451 = CARTESIAN_POINT('',(300.,0.,2.6925E+03));
#4452 = DIRECTION('',(0.,0.,1.));
#4453 = DIRECTION('',(1.,0.,-0.));
#4454 = PCURVE('',#4295,#4455);
#4455 = DEFINITIONAL_REPRESENTATION('',(#4456),#4460);
#4456 = CIRCLE('',#4457,55.);
#4457 = AXIS2_PLACEMENT_2D('',#4458,#4459);
#4458 = CARTESIAN_POINT('',(0.,0.));
#4459 = DIRECTION('',(1.,0.));
#4460 = ( GEOMETRIC_REPRESENTATION_CONTEXT(2) 
PARAMETRIC_REPRESENTATION_CONTEXT() REPRESENTATION_CONTEXT('2D SPACE',''
  ) );
#4461 = PCURVE('',#4462,#4467);
#4462 = CYLINDRICAL_SURFACE('',#4463,55.);
#4463 = AXIS2_PLACEMENT_3D('',#4464,#4465,#4466);
#4464 = CARTESIAN_POINT('',(300.,0.,2.6895E+03));
#4465 = DIRECTION('',(0.,0.,1.));
#4466 = DIRECTION('',(1.,0.,-0.));
#4467 = DEFINITIONAL_REPRESENTATION('',(#4468),#4472);
#4468 = LINE('',#4469,#4470);
#4469 = CARTESIAN_POINT('',(0.,3.));
#4470 = VECTOR('',#4471,1.);
#4471 = DIRECTION('',(1.,0.));
#4472 = ( GEOMETRIC_REPRESENTATION_CONTEXT(2) 
PARAMETRIC_REPRESENTATION_CONTEXT() REPRESENTATION_CONTEXT('2D SPACE',''
  ) );
#4473 = FACE_BOUND('',#4474,.T.);
#4474 = EDGE_LOOP('',(#4475));
#4475 = ORIENTED_EDGE('',*,*,#4278,.T.);
#4476 = FACE_BOUND('',#4477,.T.);
#4477 = EDGE_LOOP('',(#4478));
#4478 = ORIENTED_EDGE('',*,*,#4337,.T.);
#4479 = FACE_BOUND('',#4480,.T.);
#4480 = EDGE_LOOP('',(#4481));
#4481 = ORIENTED_EDGE('',*,*,#4482,.F.);
#4482 = EDGE_CURVE('',#4483,#4483,#4485,.T.);
#4483 = VERTEX_POINT('',#4484);
#4484 = CARTESIAN_POINT('',(328.,-6.858022075225E-15,2.6925E+03));
#4485 = SURFACE_CURVE('',#4486,(#4491,#4498),.PCURVE_S1.);
#4486 = CIRCLE('',#4487,28.);
#4487 = AXIS2_PLACEMENT_3D('',#4488,#4489,#4490);
#4488 = CARTESIAN_POINT('',(300.,0.,2.6925E+03));
#4489 = DIRECTION('',(0.,0.,1.));
#4490 = DIRECTION('',(1.,0.,-0.));
#4491 = PCURVE('',#4295,#4492);
#4492 = DEFINITIONAL_REPRESENTATION('',(#4493),#4497);
#4493 = CIRCLE('',#4494,28.);
#4494 = AXIS2_PLACEMENT_2D('',#4495,#4496);
#4495 = CARTESIAN_POINT('',(0.,0.));
#4496 = DIRECTION('',(1.,0.));
#4497 = ( GEOMETRIC_REPRESENTATION_CONTEXT(2) 
PARAMETRIC_REPRESENTATION_CONTEXT() REPRESENTATION_CONTEXT('2D SPACE',''
  ) );
#4498 = PCURVE('',#4499,#4504);
#4499 = CYLINDRICAL_SURFACE('',#4500,28.);
#4500 = AXIS2_PLACEMENT_3D('',#4501,#4502,#4503);
#4501 = CARTESIAN_POINT('',(300.,0.,2.6885E+03));
#4502 = DIRECTION('',(0.,0.,1.));
#4503 = DIRECTION('',(1.,0.,-0.));
#4504 = DEFINITIONAL_REPRESENTATION('',(#4505),#4509);
#4505 = LINE('',#4506,#4507);
#4506 = CARTESIAN_POINT('',(0.,4.));
#4507 = VECTOR('',#4508,1.);
#4508 = DIRECTION('',(1.,0.));
#4509 = ( GEOMETRIC_REPRESENTATION_CONTEXT(2) 
PARAMETRIC_REPRESENTATION_CONTEXT() REPRESENTATION_CONTEXT('2D SPACE',''
  ) );
#4510 = FACE_BOUND('',#4511,.T.);
#4511 = EDGE_LOOP('',(#4512));
#4512 = ORIENTED_EDGE('',*,*,#4391,.T.);
#4513 = ADVANCED_FACE('',(#4514),#4462,.T.);
#4514 = FACE_BOUND('',#4515,.T.);
#4515 = EDGE_LOOP('',(#4516,#4517,#4540,#4567));
#4516 = ORIENTED_EDGE('',*,*,#4445,.F.);
#4517 = ORIENTED_EDGE('',*,*,#4518,.F.);
#4518 = EDGE_CURVE('',#4519,#4446,#4521,.T.);
#4519 = VERTEX_POINT('',#4520);
#4520 = CARTESIAN_POINT('',(355.,-1.347111479062E-14,2.6895E+03));
#4521 = SEAM_CURVE('',#4522,(#4526,#4533),.PCURVE_S1.);
#4522 = LINE('',#4523,#4524);
#4523 = CARTESIAN_POINT('',(355.,-1.347111479062E-14,2.6895E+03));
#4524 = VECTOR('',#4525,1.);
#4525 = DIRECTION('',(0.,0.,1.));
#4526 = PCURVE('',#4462,#4527);
#4527 = DEFINITIONAL_REPRESENTATION('',(#4528),#4532);
#4528 = LINE('',#4529,#4530);
#4529 = CARTESIAN_POINT('',(6.28318530718,-0.));
#4530 = VECTOR('',#4531,1.);
#4531 = DIRECTION('',(0.,1.));
#4532 = ( GEOMETRIC_REPRESENTATION_CONTEXT(2) 
PARAMETRIC_REPRESENTATION_CONTEXT() REPRESENTATION_CONTEXT('2D SPACE',''
  ) );
#4533 = PCURVE('',#4462,#4534);
#4534 = DEFINITIONAL_REPRESENTATION('',(#4535),#4539);
#4535 = LINE('',#4536,#4537);
#4536 = CARTESIAN_POINT('',(0.,-0.));
#4537 = VECTOR('',#4538,1.);
#4538 = DIRECTION('',(0.,1.));
#4539 = ( GEOMETRIC_REPRESENTATION_CONTEXT(2) 
PARAMETRIC_REPRESENTATION_CONTEXT() REPRESENTATION_CONTEXT('2D SPACE',''
  ) );
#4540 = ORIENTED_EDGE('',*,*,#4541,.T.);
#4541 = EDGE_CURVE('',#4519,#4519,#4542,.T.);
#4542 = SURFACE_CURVE('',#4543,(#4548,#4555),.PCURVE_S1.);
#4543 = CIRCLE('',#4544,55.);
#4544 = AXIS2_PLACEMENT_3D('',#4545,#4546,#4547);
#4545 = CARTESIAN_POINT('',(300.,0.,2.6895E+03));
#4546 = DIRECTION('',(0.,0.,1.));
#4547 = DIRECTION('',(1.,0.,-0.));
#4548 = PCURVE('',#4462,#4549);
#4549 = DEFINITIONAL_REPRESENTATION('',(#4550),#4554);
#4550 = LINE('',#4551,#4552);
#4551 = CARTESIAN_POINT('',(0.,0.));
#4552 = VECTOR('',#4553,1.);
#4553 = DIRECTION('',(1.,0.));
#4554 = ( GEOMETRIC_REPRESENTATION_CONTEXT(2) 
PARAMETRIC_REPRESENTATION_CONTEXT() REPRESENTATION_CONTEXT('2D SPACE',''
  ) );
#4555 = PCURVE('',#4556,#4561);
#4556 = PLANE('',#4557);
#4557 = AXIS2_PLACEMENT_3D('',#4558,#4559,#4560);
#4558 = CARTESIAN_POINT('',(300.,0.,2.6895E+03));
#4559 = DIRECTION('',(0.,0.,1.));
#4560 = DIRECTION('',(1.,0.,-0.));
#4561 = DEFINITIONAL_REPRESENTATION('',(#4562),#4566);
#4562 = CIRCLE('',#4563,55.);
#4563 = AXIS2_PLACEMENT_2D('',#4564,#4565);
#4564 = CARTESIAN_POINT('',(0.,0.));
#4565 = DIRECTION('',(1.,0.));
#4566 = ( GEOMETRIC_REPRESENTATION_CONTEXT(2) 
PARAMETRIC_REPRESENTATION_CONTEXT() REPRESENTATION_CONTEXT('2D SPACE',''
  ) );
#4567 = ORIENTED_EDGE('',*,*,#4518,.T.);
#4568 = ADVANCED_FACE('',(#4569),#4499,.F.);
#4569 = FACE_BOUND('',#4570,.F.);
#4570 = EDGE_LOOP('',(#4571,#4572,#4595,#4617));
#4571 = ORIENTED_EDGE('',*,*,#4482,.F.);
#4572 = ORIENTED_EDGE('',*,*,#4573,.F.);
#4573 = EDGE_CURVE('',#4574,#4483,#4576,.T.);
#4574 = VERTEX_POINT('',#4575);
#4575 = CARTESIAN_POINT('',(328.,-6.858022075225E-15,2.6895E+03));
#4576 = SEAM_CURVE('',#4577,(#4581,#4588),.PCURVE_S1.);
#4577 = LINE('',#4578,#4579);
#4578 = CARTESIAN_POINT('',(328.,-6.858022075225E-15,2.6885E+03));
#4579 = VECTOR('',#4580,1.);
#4580 = DIRECTION('',(0.,0.,1.));
#4581 = PCURVE('',#4499,#4582);
#4582 = DEFINITIONAL_REPRESENTATION('',(#4583),#4587);
#4583 = LINE('',#4584,#4585);
#4584 = CARTESIAN_POINT('',(6.28318530718,-0.));
#4585 = VECTOR('',#4586,1.);
#4586 = DIRECTION('',(0.,1.));
#4587 = ( GEOMETRIC_REPRESENTATION_CONTEXT(2) 
PARAMETRIC_REPRESENTATION_CONTEXT() REPRESENTATION_CONTEXT('2D SPACE',''
  ) );
#4588 = PCURVE('',#4499,#4589);
#4589 = DEFINITIONAL_REPRESENTATION('',(#4590),#4594);
#4590 = LINE('',#4591,#4592);
#4591 = CARTESIAN_POINT('',(0.,-0.));
#4592 = VECTOR('',#4593,1.);
#4593 = DIRECTION('',(0.,1.));
#4594 = ( GEOMETRIC_REPRESENTATION_CONTEXT(2) 
PARAMETRIC_REPRESENTATION_CONTEXT() REPRESENTATION_CONTEXT('2D SPACE',''
  ) );
#4595 = ORIENTED_EDGE('',*,*,#4596,.T.);
#4596 = EDGE_CURVE('',#4574,#4574,#4597,.T.);
#4597 = SURFACE_CURVE('',#4598,(#4603,#4610),.PCURVE_S1.);
#4598 = CIRCLE('',#4599,28.);
#4599 = AXIS2_PLACEMENT_3D('',#4600,#4601,#4602);
#4600 = CARTESIAN_POINT('',(300.,0.,2.6895E+03));
#4601 = DIRECTION('',(0.,0.,1.));
#4602 = DIRECTION('',(1.,0.,-0.));
#4603 = PCURVE('',#4499,#4604);
#4604 = DEFINITIONAL_REPRESENTATION('',(#4605),#4609);
#4605 = LINE('',#4606,#4607);
#4606 = CARTESIAN_POINT('',(0.,1.));
#4607 = VECTOR('',#4608,1.);
#4608 = DIRECTION('',(1.,0.));
#4609 = ( GEOMETRIC_REPRESENTATION_CONTEXT(2) 
PARAMETRIC_REPRESENTATION_CONTEXT() REPRESENTATION_CONTEXT('2D SPACE',''
  ) );
#4610 = PCURVE('',#4556,#4611);
#4611 = DEFINITIONAL_REPRESENTATION('',(#4612),#4616);
#4612 = CIRCLE('',#4613,28.);
#4613 = AXIS2_PLACEMENT_2D('',#4614,#4615);
#4614 = CARTESIAN_POINT('',(0.,0.));
#4615 = DIRECTION('',(1.,0.));
#4616 = ( GEOMETRIC_REPRESENTATION_CONTEXT(2) 
PARAMETRIC_REPRESENTATION_CONTEXT() REPRESENTATION_CONTEXT('2D SPACE',''
  ) );
#4617 = ORIENTED_EDGE('',*,*,#4573,.T.);
#4618 = ADVANCED_FACE('',(#4619,#4622,#4657,#4692,#4695),#4556,.F.);
#4619 = FACE_BOUND('',#4620,.F.);
#4620 = EDGE_LOOP('',(#4621));
#4621 = ORIENTED_EDGE('',*,*,#4541,.T.);
#4622 = FACE_BOUND('',#4623,.F.);
#4623 = EDGE_LOOP('',(#4624));
#4624 = ORIENTED_EDGE('',*,*,#4625,.T.);
#4625 = EDGE_CURVE('',#4626,#4626,#4628,.T.);
#4626 = VERTEX_POINT('',#4627);
#4627 = CARTESIAN_POINT('',(261.12693304105,-21.,2.6895E+03));
#4628 = SURFACE_CURVE('',#4629,(#4634,#4645),.PCURVE_S1.);
#4629 = CIRCLE('',#4630,2.5);
#4630 = AXIS2_PLACEMENT_3D('',#4631,#4632,#4633);
#4631 = CARTESIAN_POINT('',(263.62693304105,-21.,2.6895E+03));
#4632 = DIRECTION('',(0.,0.,-1.));
#4633 = DIRECTION('',(-1.,0.,-0.));
#4634 = PCURVE('',#4556,#4635);
#4635 = DEFINITIONAL_REPRESENTATION('',(#4636),#4644);
#4636 = ( BOUNDED_CURVE() B_SPLINE_CURVE(2,(#4637,#4638,#4639,#4640,
#4641,#4642,#4643),.UNSPECIFIED.,.T.,.F.) B_SPLINE_CURVE_WITH_KNOTS((1,2
    ,2,2,2,1),(-2.094395102393,0.,2.094395102393,4.188790204786,
6.28318530718,8.377580409573),.UNSPECIFIED.) CURVE() 
GEOMETRIC_REPRESENTATION_ITEM() RATIONAL_B_SPLINE_CURVE((1.,0.5,1.,0.5,
1.,0.5,1.)) REPRESENTATION_ITEM('') );
#4637 = CARTESIAN_POINT('',(-38.87306695894,-21.));
#4638 = CARTESIAN_POINT('',(-38.87306695894,-16.66987298107));
#4639 = CARTESIAN_POINT('',(-35.12306695894,-18.83493649053));
#4640 = CARTESIAN_POINT('',(-31.37306695894,-21.));
#4641 = CARTESIAN_POINT('',(-35.12306695894,-23.16506350946));
#4642 = CARTESIAN_POINT('',(-38.87306695894,-25.33012701892));
#4643 = CARTESIAN_POINT('',(-38.87306695894,-21.));
#4644 = ( GEOMETRIC_REPRESENTATION_CONTEXT(2) 
PARAMETRIC_REPRESENTATION_CONTEXT() REPRESENTATION_CONTEXT('2D SPACE',''
  ) );
#4645 = PCURVE('',#4646,#4651);
#4646 = CYLINDRICAL_SURFACE('',#4647,2.5);
#4647 = AXIS2_PLACEMENT_3D('',#4648,#4649,#4650);
#4648 = CARTESIAN_POINT('',(263.62693304105,-21.,2.7675E+03));
#4649 = DIRECTION('',(0.,0.,-1.));
#4650 = DIRECTION('',(-1.,0.,-0.));
#4651 = DEFINITIONAL_REPRESENTATION('',(#4652),#4656);
#4652 = LINE('',#4653,#4654);
#4653 = CARTESIAN_POINT('',(0.,78.));
#4654 = VECTOR('',#4655,1.);
#4655 = DIRECTION('',(1.,0.));
#4656 = ( GEOMETRIC_REPRESENTATION_CONTEXT(2) 
PARAMETRIC_REPRESENTATION_CONTEXT() REPRESENTATION_CONTEXT('2D SPACE',''
  ) );
#4657 = FACE_BOUND('',#4658,.F.);
#4658 = EDGE_LOOP('',(#4659));
#4659 = ORIENTED_EDGE('',*,*,#4660,.T.);
#4660 = EDGE_CURVE('',#4661,#4661,#4663,.T.);
#4661 = VERTEX_POINT('',#4662);
#4662 = CARTESIAN_POINT('',(333.87306695894,-21.,2.6895E+03));
#4663 = SURFACE_CURVE('',#4664,(#4669,#4680),.PCURVE_S1.);
#4664 = CIRCLE('',#4665,2.5);
#4665 = AXIS2_PLACEMENT_3D('',#4666,#4667,#4668);
#4666 = CARTESIAN_POINT('',(336.37306695894,-21.,2.6895E+03));
#4667 = DIRECTION('',(0.,0.,-1.));
#4668 = DIRECTION('',(-1.,0.,-0.));
#4669 = PCURVE('',#4556,#4670);
#4670 = DEFINITIONAL_REPRESENTATION('',(#4671),#4679);
#4671 = ( BOUNDED_CURVE() B_SPLINE_CURVE(2,(#4672,#4673,#4674,#4675,
#4676,#4677,#4678),.UNSPECIFIED.,.T.,.F.) B_SPLINE_CURVE_WITH_KNOTS((1,2
    ,2,2,2,1),(-2.094395102393,0.,2.094395102393,4.188790204786,
6.28318530718,8.377580409573),.UNSPECIFIED.) CURVE() 
GEOMETRIC_REPRESENTATION_ITEM() RATIONAL_B_SPLINE_CURVE((1.,0.5,1.,0.5,
1.,0.5,1.)) REPRESENTATION_ITEM('') );
#4672 = CARTESIAN_POINT('',(33.873066958946,-21.));
#4673 = CARTESIAN_POINT('',(33.873066958946,-16.66987298107));
#4674 = CARTESIAN_POINT('',(37.623066958946,-18.83493649053));
#4675 = CARTESIAN_POINT('',(41.373066958946,-21.));
#4676 = CARTESIAN_POINT('',(37.623066958946,-23.16506350946));
#4677 = CARTESIAN_POINT('',(33.873066958946,-25.33012701892));
#4678 = CARTESIAN_POINT('',(33.873066958946,-21.));
#4679 = ( GEOMETRIC_REPRESENTATION_CONTEXT(2) 
PARAMETRIC_REPRESENTATION_CONTEXT() REPRESENTATION_CONTEXT('2D SPACE',''
  ) );
#4680 = PCURVE('',#4681,#4686);
#4681 = CYLINDRICAL_SURFACE('',#4682,2.5);
#4682 = AXIS2_PLACEMENT_3D('',#4683,#4684,#4685);
#4683 = CARTESIAN_POINT('',(336.37306695894,-21.,2.7675E+03));
#4684 = DIRECTION('',(0.,0.,-1.));
#4685 = DIRECTION('',(-1.,0.,-0.));
#4686 = DEFINITIONAL_REPRESENTATION('',(#4687),#4691);
#4687 = LINE('',#4688,#4689);
#4688 = CARTESIAN_POINT('',(0.,78.));
#4689 = VECTOR('',#4690,1.);
#4690 = DIRECTION('',(1.,0.));
#4691 = ( GEOMETRIC_REPRESENTATION_CONTEXT(2) 
PARAMETRIC_REPRESENTATION_CONTEXT() REPRESENTATION_CONTEXT('2D SPACE',''
  ) );
#4692 = FACE_BOUND('',#4693,.F.);
#4693 = EDGE_LOOP('',(#4694));
#4694 = ORIENTED_EDGE('',*,*,#4596,.F.);
#4695 = FACE_BOUND('',#4696,.F.);
#4696 = EDGE_LOOP('',(#4697));
#4697 = ORIENTED_EDGE('',*,*,#4698,.T.);
#4698 = EDGE_CURVE('',#4699,#4699,#4701,.T.);
#4699 = VERTEX_POINT('',#4700);
#4700 = CARTESIAN_POINT('',(297.5,42.,2.6895E+03));
#4701 = SURFACE_CURVE('',#4702,(#4707,#4718),.PCURVE_S1.);
#4702 = CIRCLE('',#4703,2.5);
#4703 = AXIS2_PLACEMENT_3D('',#4704,#4705,#4706);
#4704 = CARTESIAN_POINT('',(300.,42.,2.6895E+03));
#4705 = DIRECTION('',(0.,0.,-1.));
#4706 = DIRECTION('',(-1.,0.,-0.));
#4707 = PCURVE('',#4556,#4708);
#4708 = DEFINITIONAL_REPRESENTATION('',(#4709),#4717);
#4709 = ( BOUNDED_CURVE() B_SPLINE_CURVE(2,(#4710,#4711,#4712,#4713,
#4714,#4715,#4716),.UNSPECIFIED.,.T.,.F.) B_SPLINE_CURVE_WITH_KNOTS((1,2
    ,2,2,2,1),(-2.094395102393,0.,2.094395102393,4.188790204786,
6.28318530718,8.377580409573),.UNSPECIFIED.) CURVE() 
GEOMETRIC_REPRESENTATION_ITEM() RATIONAL_B_SPLINE_CURVE((1.,0.5,1.,0.5,
1.,0.5,1.)) REPRESENTATION_ITEM('') );
#4710 = CARTESIAN_POINT('',(-2.5,42.));
#4711 = CARTESIAN_POINT('',(-2.5,46.330127018922));
#4712 = CARTESIAN_POINT('',(1.25,44.165063509461));
#4713 = CARTESIAN_POINT('',(5.,42.));
#4714 = CARTESIAN_POINT('',(1.25,39.834936490539));
#4715 = CARTESIAN_POINT('',(-2.5,37.669872981078));
#4716 = CARTESIAN_POINT('',(-2.5,42.));
#4717 = ( GEOMETRIC_REPRESENTATION_CONTEXT(2) 
PARAMETRIC_REPRESENTATION_CONTEXT() REPRESENTATION_CONTEXT('2D SPACE',''
  ) );
#4718 = PCURVE('',#4719,#4724);
#4719 = CYLINDRICAL_SURFACE('',#4720,2.5);
#4720 = AXIS2_PLACEMENT_3D('',#4721,#4722,#4723);
#4721 = CARTESIAN_POINT('',(300.,42.,2.7675E+03));
#4722 = DIRECTION('',(0.,0.,-1.));
#4723 = DIRECTION('',(-1.,0.,-0.));
#4724 = DEFINITIONAL_REPRESENTATION('',(#4725),#4729);
#4725 = LINE('',#4726,#4727);
#4726 = CARTESIAN_POINT('',(0.,78.));
#4727 = VECTOR('',#4728,1.);
#4728 = DIRECTION('',(1.,0.));
#4729 = ( GEOMETRIC_REPRESENTATION_CONTEXT(2) 
PARAMETRIC_REPRESENTATION_CONTEXT() REPRESENTATION_CONTEXT('2D SPACE',''
  ) );
#4730 = ADVANCED_FACE('',(#4731),#4646,.T.);
#4731 = FACE_BOUND('',#4732,.T.);
#4732 = EDGE_LOOP('',(#4733,#4766,#4787,#4788));
#4733 = ORIENTED_EDGE('',*,*,#4734,.F.);
#4734 = EDGE_CURVE('',#4735,#4735,#4737,.T.);
#4735 = VERTEX_POINT('',#4736);
#4736 = CARTESIAN_POINT('',(261.12693304105,-21.,2.6775E+03));
#4737 = SURFACE_CURVE('',#4738,(#4743,#4750),.PCURVE_S1.);
#4738 = CIRCLE('',#4739,2.5);
#4739 = AXIS2_PLACEMENT_3D('',#4740,#4741,#4742);
#4740 = CARTESIAN_POINT('',(263.62693304105,-21.,2.6775E+03));
#4741 = DIRECTION('',(0.,0.,-1.));
#4742 = DIRECTION('',(-1.,0.,-0.));
#4743 = PCURVE('',#4646,#4744);
#4744 = DEFINITIONAL_REPRESENTATION('',(#4745),#4749);
#4745 = LINE('',#4746,#4747);
#4746 = CARTESIAN_POINT('',(0.,90.));
#4747 = VECTOR('',#4748,1.);
#4748 = DIRECTION('',(1.,0.));
#4749 = ( GEOMETRIC_REPRESENTATION_CONTEXT(2) 
PARAMETRIC_REPRESENTATION_CONTEXT() REPRESENTATION_CONTEXT('2D SPACE',''
  ) );
#4750 = PCURVE('',#4751,#4756);
#4751 = PLANE('',#4752);
#4752 = AXIS2_PLACEMENT_3D('',#4753,#4754,#4755);
#4753 = CARTESIAN_POINT('',(300.,0.,2.6775E+03));
#4754 = DIRECTION('',(0.,0.,1.));
#4755 = DIRECTION('',(1.,0.,-0.));
#4756 = DEFINITIONAL_REPRESENTATION('',(#4757),#4765);
#4757 = ( BOUNDED_CURVE() B_SPLINE_CURVE(2,(#4758,#4759,#4760,#4761,
#4762,#4763,#4764),.UNSPECIFIED.,.T.,.F.) B_SPLINE_CURVE_WITH_KNOTS((1,2
    ,2,2,2,1),(-2.094395102393,0.,2.094395102393,4.188790204786,
6.28318530718,8.377580409573),.UNSPECIFIED.) CURVE() 
GEOMETRIC_REPRESENTATION_ITEM() RATIONAL_B_SPLINE_CURVE((1.,0.5,1.,0.5,
1.,0.5,1.)) REPRESENTATION_ITEM('') );
#4758 = CARTESIAN_POINT('',(-38.87306695894,-21.));
#4759 = CARTESIAN_POINT('',(-38.87306695894,-16.66987298107));
#4760 = CARTESIAN_POINT('',(-35.12306695894,-18.83493649053));
#4761 = CARTESIAN_POINT('',(-31.37306695894,-21.));
#4762 = CARTESIAN_POINT('',(-35.12306695894,-23.16506350946));
#4763 = CARTESIAN_POINT('',(-38.87306695894,-25.33012701892));
#4764 = CARTESIAN_POINT('',(-38.87306695894,-21.));
#4765 = ( GEOMETRIC_REPRESENTATION_CONTEXT(2) 
PARAMETRIC_REPRESENTATION_CONTEXT() REPRESENTATION_CONTEXT('2D SPACE',''
  ) );
#4766 = ORIENTED_EDGE('',*,*,#4767,.F.);
#4767 = EDGE_CURVE('',#4626,#4735,#4768,.T.);
#4768 = SEAM_CURVE('',#4769,(#4773,#4780),.PCURVE_S1.);
#4769 = LINE('',#4770,#4771);
#4770 = CARTESIAN_POINT('',(261.12693304105,-21.,2.7675E+03));
#4771 = VECTOR('',#4772,1.);
#4772 = DIRECTION('',(0.,0.,-1.));
#4773 = PCURVE('',#4646,#4774);
#4774 = DEFINITIONAL_REPRESENTATION('',(#4775),#4779);
#4775 = LINE('',#4776,#4777);
#4776 = CARTESIAN_POINT('',(6.28318530718,-0.));
#4777 = VECTOR('',#4778,1.);
#4778 = DIRECTION('',(0.,1.));
#4779 = ( GEOMETRIC_REPRESENTATION_CONTEXT(2) 
PARAMETRIC_REPRESENTATION_CONTEXT() REPRESENTATION_CONTEXT('2D SPACE',''
  ) );
#4780 = PCURVE('',#4646,#4781);
#4781 = DEFINITIONAL_REPRESENTATION('',(#4782),#4786);
#4782 = LINE('',#4783,#4784);
#4783 = CARTESIAN_POINT('',(0.,-0.));
#4784 = VECTOR('',#4785,1.);
#4785 = DIRECTION('',(0.,1.));
#4786 = ( GEOMETRIC_REPRESENTATION_CONTEXT(2) 
PARAMETRIC_REPRESENTATION_CONTEXT() REPRESENTATION_CONTEXT('2D SPACE',''
  ) );
#4787 = ORIENTED_EDGE('',*,*,#4625,.T.);
#4788 = ORIENTED_EDGE('',*,*,#4767,.T.);
#4789 = ADVANCED_FACE('',(#4790),#4681,.T.);
#4790 = FACE_BOUND('',#4791,.T.);
#4791 = EDGE_LOOP('',(#4792,#4820,#4841,#4842));
#4792 = ORIENTED_EDGE('',*,*,#4793,.F.);
#4793 = EDGE_CURVE('',#4794,#4794,#4796,.T.);
#4794 = VERTEX_POINT('',#4795);
#4795 = CARTESIAN_POINT('',(333.87306695894,-21.,2.6775E+03));
#4796 = SURFACE_CURVE('',#4797,(#4802,#4809),.PCURVE_S1.);
#4797 = CIRCLE('',#4798,2.5);
#4798 = AXIS2_PLACEMENT_3D('',#4799,#4800,#4801);
#4799 = CARTESIAN_POINT('',(336.37306695894,-21.,2.6775E+03));
#4800 = DIRECTION('',(0.,0.,-1.));
#4801 = DIRECTION('',(-1.,0.,-0.));
#4802 = PCURVE('',#4681,#4803);
#4803 = DEFINITIONAL_REPRESENTATION('',(#4804),#4808);
#4804 = LINE('',#4805,#4806);
#4805 = CARTESIAN_POINT('',(0.,90.));
#4806 = VECTOR('',#4807,1.);
#4807 = DIRECTION('',(1.,0.));
#4808 = ( GEOMETRIC_REPRESENTATION_CONTEXT(2) 
PARAMETRIC_REPRESENTATION_CONTEXT() REPRESENTATION_CONTEXT('2D SPACE',''
  ) );
#4809 = PCURVE('',#4751,#4810);
#4810 = DEFINITIONAL_REPRESENTATION('',(#4811),#4819);
#4811 = ( BOUNDED_CURVE() B_SPLINE_CURVE(2,(#4812,#4813,#4814,#4815,
#4816,#4817,#4818),.UNSPECIFIED.,.T.,.F.) B_SPLINE_CURVE_WITH_KNOTS((1,2
    ,2,2,2,1),(-2.094395102393,0.,2.094395102393,4.188790204786,
6.28318530718,8.377580409573),.UNSPECIFIED.) CURVE() 
GEOMETRIC_REPRESENTATION_ITEM() RATIONAL_B_SPLINE_CURVE((1.,0.5,1.,0.5,
1.,0.5,1.)) REPRESENTATION_ITEM('') );
#4812 = CARTESIAN_POINT('',(33.873066958946,-21.));
#4813 = CARTESIAN_POINT('',(33.873066958946,-16.66987298107));
#4814 = CARTESIAN_POINT('',(37.623066958946,-18.83493649053));
#4815 = CARTESIAN_POINT('',(41.373066958946,-21.));
#4816 = CARTESIAN_POINT('',(37.623066958946,-23.16506350946));
#4817 = CARTESIAN_POINT('',(33.873066958946,-25.33012701892));
#4818 = CARTESIAN_POINT('',(33.873066958946,-21.));
#4819 = ( GEOMETRIC_REPRESENTATION_CONTEXT(2) 
PARAMETRIC_REPRESENTATION_CONTEXT() REPRESENTATION_CONTEXT('2D SPACE',''
  ) );
#4820 = ORIENTED_EDGE('',*,*,#4821,.F.);
#4821 = EDGE_CURVE('',#4661,#4794,#4822,.T.);
#4822 = SEAM_CURVE('',#4823,(#4827,#4834),.PCURVE_S1.);
#4823 = LINE('',#4824,#4825);
#4824 = CARTESIAN_POINT('',(333.87306695894,-21.,2.7675E+03));
#4825 = VECTOR('',#4826,1.);
#4826 = DIRECTION('',(0.,0.,-1.));
#4827 = PCURVE('',#4681,#4828);
#4828 = DEFINITIONAL_REPRESENTATION('',(#4829),#4833);
#4829 = LINE('',#4830,#4831);
#4830 = CARTESIAN_POINT('',(6.28318530718,-0.));
#4831 = VECTOR('',#4832,1.);
#4832 = DIRECTION('',(0.,1.));
#4833 = ( GEOMETRIC_REPRESENTATION_CONTEXT(2) 
PARAMETRIC_REPRESENTATION_CONTEXT() REPRESENTATION_CONTEXT('2D SPACE',''
  ) );
#4834 = PCURVE('',#4681,#4835);
#4835 = DEFINITIONAL_REPRESENTATION('',(#4836),#4840);
#4836 = LINE('',#4837,#4838);
#4837 = CARTESIAN_POINT('',(0.,-0.));
#4838 = VECTOR('',#4839,1.);
#4839 = DIRECTION('',(0.,1.));
#4840 = ( GEOMETRIC_REPRESENTATION_CONTEXT(2) 
PARAMETRIC_REPRESENTATION_CONTEXT() REPRESENTATION_CONTEXT('2D SPACE',''
  ) );
#4841 = ORIENTED_EDGE('',*,*,#4660,.T.);
#4842 = ORIENTED_EDGE('',*,*,#4821,.T.);
#4843 = ADVANCED_FACE('',(#4844),#4719,.T.);
#4844 = FACE_BOUND('',#4845,.T.);
#4845 = EDGE_LOOP('',(#4846,#4874,#4895,#4896));
#4846 = ORIENTED_EDGE('',*,*,#4847,.F.);
#4847 = EDGE_CURVE('',#4848,#4848,#4850,.T.);
#4848 = VERTEX_POINT('',#4849);
#4849 = CARTESIAN_POINT('',(297.5,42.,2.6775E+03));
#4850 = SURFACE_CURVE('',#4851,(#4856,#4863),.PCURVE_S1.);
#4851 = CIRCLE('',#4852,2.5);
#4852 = AXIS2_PLACEMENT_3D('',#4853,#4854,#4855);
#4853 = CARTESIAN_POINT('',(300.,42.,2.6775E+03));
#4854 = DIRECTION('',(0.,0.,-1.));
#4855 = DIRECTION('',(-1.,0.,-0.));
#4856 = PCURVE('',#4719,#4857);
#4857 = DEFINITIONAL_REPRESENTATION('',(#4858),#4862);
#4858 = LINE('',#4859,#4860);
#4859 = CARTESIAN_POINT('',(0.,90.));
#4860 = VECTOR('',#4861,1.);
#4861 = DIRECTION('',(1.,0.));
#4862 = ( GEOMETRIC_REPRESENTATION_CONTEXT(2) 
PARAMETRIC_REPRESENTATION_CONTEXT() REPRESENTATION_CONTEXT('2D SPACE',''
  ) );
#4863 = PCURVE('',#4751,#4864);
#4864 = DEFINITIONAL_REPRESENTATION('',(#4865),#4873);
#4865 = ( BOUNDED_CURVE() B_SPLINE_CURVE(2,(#4866,#4867,#4868,#4869,
#4870,#4871,#4872),.UNSPECIFIED.,.T.,.F.) B_SPLINE_CURVE_WITH_KNOTS((1,2
    ,2,2,2,1),(-2.094395102393,0.,2.094395102393,4.188790204786,
6.28318530718,8.377580409573),.UNSPECIFIED.) CURVE() 
GEOMETRIC_REPRESENTATION_ITEM() RATIONAL_B_SPLINE_CURVE((1.,0.5,1.,0.5,
1.,0.5,1.)) REPRESENTATION_ITEM('') );
#4866 = CARTESIAN_POINT('',(-2.5,42.));
#4867 = CARTESIAN_POINT('',(-2.5,46.330127018922));
#4868 = CARTESIAN_POINT('',(1.25,44.165063509461));
#4869 = CARTESIAN_POINT('',(5.,42.));
#4870 = CARTESIAN_POINT('',(1.25,39.834936490539));
#4871 = CARTESIAN_POINT('',(-2.5,37.669872981078));
#4872 = CARTESIAN_POINT('',(-2.5,42.));
#4873 = ( GEOMETRIC_REPRESENTATION_CONTEXT(2) 
PARAMETRIC_REPRESENTATION_CONTEXT() REPRESENTATION_CONTEXT('2D SPACE',''
  ) );
#4874 = ORIENTED_EDGE('',*,*,#4875,.F.);
#4875 = EDGE_CURVE('',#4699,#4848,#4876,.T.);
#4876 = SEAM_CURVE('',#4877,(#4881,#4888),.PCURVE_S1.);
#4877 = LINE('',#4878,#4879);
#4878 = CARTESIAN_POINT('',(297.5,42.,2.7675E+03));
#4879 = VECTOR('',#4880,1.);
#4880 = DIRECTION('',(0.,0.,-1.));
#4881 = PCURVE('',#4719,#4882);
#4882 = DEFINITIONAL_REPRESENTATION('',(#4883),#4887);
#4883 = LINE('',#4884,#4885);
#4884 = CARTESIAN_POINT('',(6.28318530718,-0.));
#4885 = VECTOR('',#4886,1.);
#4886 = DIRECTION('',(0.,1.));
#4887 = ( GEOMETRIC_REPRESENTATION_CONTEXT(2) 
PARAMETRIC_REPRESENTATION_CONTEXT() REPRESENTATION_CONTEXT('2D SPACE',''
  ) );
#4888 = PCURVE('',#4719,#4889);
#4889 = DEFINITIONAL_REPRESENTATION('',(#4890),#4894);
#4890 = LINE('',#4891,#4892);
#4891 = CARTESIAN_POINT('',(0.,-0.));
#4892 = VECTOR('',#4893,1.);
#4893 = DIRECTION('',(0.,1.));
#4894 = ( GEOMETRIC_REPRESENTATION_CONTEXT(2) 
PARAMETRIC_REPRESENTATION_CONTEXT() REPRESENTATION_CONTEXT('2D SPACE',''
  ) );
#4895 = ORIENTED_EDGE('',*,*,#4698,.T.);
#4896 = ORIENTED_EDGE('',*,*,#4875,.T.);
#4897 = ADVANCED_FACE('',(#4898,#4929,#4932,#4935,#4966),#4751,.T.);
#4898 = FACE_BOUND('',#4899,.T.);
#4899 = EDGE_LOOP('',(#4900));
#4900 = ORIENTED_EDGE('',*,*,#4901,.T.);
#4901 = EDGE_CURVE('',#4902,#4902,#4904,.T.);
#4902 = VERTEX_POINT('',#4903);
#4903 = CARTESIAN_POINT('',(355.,-1.347111479062E-14,2.6775E+03));
#4904 = SURFACE_CURVE('',#4905,(#4910,#4917),.PCURVE_S1.);
#4905 = CIRCLE('',#4906,55.);
#4906 = AXIS2_PLACEMENT_3D('',#4907,#4908,#4909);
#4907 = CARTESIAN_POINT('',(300.,0.,2.6775E+03));
#4908 = DIRECTION('',(0.,0.,1.));
#4909 = DIRECTION('',(1.,0.,-0.));
#4910 = PCURVE('',#4751,#4911);
#4911 = DEFINITIONAL_REPRESENTATION('',(#4912),#4916);
#4912 = CIRCLE('',#4913,55.);
#4913 = AXIS2_PLACEMENT_2D('',#4914,#4915);
#4914 = CARTESIAN_POINT('',(0.,0.));
#4915 = DIRECTION('',(1.,0.));
#4916 = ( GEOMETRIC_REPRESENTATION_CONTEXT(2) 
PARAMETRIC_REPRESENTATION_CONTEXT() REPRESENTATION_CONTEXT('2D SPACE',''
  ) );
#4917 = PCURVE('',#4918,#4923);
#4918 = CYLINDRICAL_SURFACE('',#4919,55.);
#4919 = AXIS2_PLACEMENT_3D('',#4920,#4921,#4922);
#4920 = CARTESIAN_POINT('',(300.,0.,2.6745E+03));
#4921 = DIRECTION('',(0.,0.,1.));
#4922 = DIRECTION('',(1.,0.,-0.));
#4923 = DEFINITIONAL_REPRESENTATION('',(#4924),#4928);
#4924 = LINE('',#4925,#4926);
#4925 = CARTESIAN_POINT('',(0.,3.));
#4926 = VECTOR('',#4927,1.);
#4927 = DIRECTION('',(1.,0.));
#4928 = ( GEOMETRIC_REPRESENTATION_CONTEXT(2) 
PARAMETRIC_REPRESENTATION_CONTEXT() REPRESENTATION_CONTEXT('2D SPACE',''
  ) );
#4929 = FACE_BOUND('',#4930,.T.);
#4930 = EDGE_LOOP('',(#4931));
#4931 = ORIENTED_EDGE('',*,*,#4734,.T.);
#4932 = FACE_BOUND('',#4933,.T.);
#4933 = EDGE_LOOP('',(#4934));
#4934 = ORIENTED_EDGE('',*,*,#4793,.T.);
#4935 = FACE_BOUND('',#4936,.T.);
#4936 = EDGE_LOOP('',(#4937));
#4937 = ORIENTED_EDGE('',*,*,#4938,.F.);
#4938 = EDGE_CURVE('',#4939,#4939,#4941,.T.);
#4939 = VERTEX_POINT('',#4940);
#4940 = CARTESIAN_POINT('',(328.,-6.858022075225E-15,2.6775E+03));
#4941 = SURFACE_CURVE('',#4942,(#4947,#4954),.PCURVE_S1.);
#4942 = CIRCLE('',#4943,28.);
#4943 = AXIS2_PLACEMENT_3D('',#4944,#4945,#4946);
#4944 = CARTESIAN_POINT('',(300.,0.,2.6775E+03));
#4945 = DIRECTION('',(0.,0.,1.));
#4946 = DIRECTION('',(1.,0.,-0.));
#4947 = PCURVE('',#4751,#4948);
#4948 = DEFINITIONAL_REPRESENTATION('',(#4949),#4953);
#4949 = CIRCLE('',#4950,28.);
#4950 = AXIS2_PLACEMENT_2D('',#4951,#4952);
#4951 = CARTESIAN_POINT('',(0.,0.));
#4952 = DIRECTION('',(1.,0.));
#4953 = ( GEOMETRIC_REPRESENTATION_CONTEXT(2) 
PARAMETRIC_REPRESENTATION_CONTEXT() REPRESENTATION_CONTEXT('2D SPACE',''
  ) );
#4954 = PCURVE('',#4955,#4960);
#4955 = CYLINDRICAL_SURFACE('',#4956,28.);
#4956 = AXIS2_PLACEMENT_3D('',#4957,#4958,#4959);
#4957 = CARTESIAN_POINT('',(300.,0.,2.6735E+03));
#4958 = DIRECTION('',(0.,0.,1.));
#4959 = DIRECTION('',(1.,0.,-0.));
#4960 = DEFINITIONAL_REPRESENTATION('',(#4961),#4965);
#4961 = LINE('',#4962,#4963);
#4962 = CARTESIAN_POINT('',(0.,4.));
#4963 = VECTOR('',#4964,1.);
#4964 = DIRECTION('',(1.,0.));
#4965 = ( GEOMETRIC_REPRESENTATION_CONTEXT(2) 
PARAMETRIC_REPRESENTATION_CONTEXT() REPRESENTATION_CONTEXT('2D SPACE',''
  ) );
#4966 = FACE_BOUND('',#4967,.T.);
#4967 = EDGE_LOOP('',(#4968));
#4968 = ORIENTED_EDGE('',*,*,#4847,.T.);
#4969 = ADVANCED_FACE('',(#4970),#4918,.T.);
#4970 = FACE_BOUND('',#4971,.T.);
#4971 = EDGE_LOOP('',(#4972,#4973,#4996,#5023));
#4972 = ORIENTED_EDGE('',*,*,#4901,.F.);
#4973 = ORIENTED_EDGE('',*,*,#4974,.F.);
#4974 = EDGE_CURVE('',#4975,#4902,#4977,.T.);
#4975 = VERTEX_POINT('',#4976);
#4976 = CARTESIAN_POINT('',(355.,-1.347111479062E-14,2.6745E+03));
#4977 = SEAM_CURVE('',#4978,(#4982,#4989),.PCURVE_S1.);
#4978 = LINE('',#4979,#4980);
#4979 = CARTESIAN_POINT('',(355.,-1.347111479062E-14,2.6745E+03));
#4980 = VECTOR('',#4981,1.);
#4981 = DIRECTION('',(0.,0.,1.));
#4982 = PCURVE('',#4918,#4983);
#4983 = DEFINITIONAL_REPRESENTATION('',(#4984),#4988);
#4984 = LINE('',#4985,#4986);
#4985 = CARTESIAN_POINT('',(6.28318530718,-0.));
#4986 = VECTOR('',#4987,1.);
#4987 = DIRECTION('',(0.,1.));
#4988 = ( GEOMETRIC_REPRESENTATION_CONTEXT(2) 
PARAMETRIC_REPRESENTATION_CONTEXT() REPRESENTATION_CONTEXT('2D SPACE',''
  ) );
#4989 = PCURVE('',#4918,#4990);
#4990 = DEFINITIONAL_REPRESENTATION('',(#4991),#4995);
#4991 = LINE('',#4992,#4993);
#4992 = CARTESIAN_POINT('',(0.,-0.));
#4993 = VECTOR('',#4994,1.);
#4994 = DIRECTION('',(0.,1.));
#4995 = ( GEOMETRIC_REPRESENTATION_CONTEXT(2) 
PARAMETRIC_REPRESENTATION_CONTEXT() REPRESENTATION_CONTEXT('2D SPACE',''
  ) );
#4996 = ORIENTED_EDGE('',*,*,#4997,.T.);
#4997 = EDGE_CURVE('',#4975,#4975,#4998,.T.);
#4998 = SURFACE_CURVE('',#4999,(#5004,#5011),.PCURVE_S1.);
#4999 = CIRCLE('',#5000,55.);
#5000 = AXIS2_PLACEMENT_3D('',#5001,#5002,#5003);
#5001 = CARTESIAN_POINT('',(300.,0.,2.6745E+03));
#5002 = DIRECTION('',(0.,0.,1.));
#5003 = DIRECTION('',(1.,0.,-0.));
#5004 = PCURVE('',#4918,#5005);
#5005 = DEFINITIONAL_REPRESENTATION('',(#5006),#5010);
#5006 = LINE('',#5007,#5008);
#5007 = CARTESIAN_POINT('',(0.,0.));
#5008 = VECTOR('',#5009,1.);
#5009 = DIRECTION('',(1.,0.));
#5010 = ( GEOMETRIC_REPRESENTATION_CONTEXT(2) 
PARAMETRIC_REPRESENTATION_CONTEXT() REPRESENTATION_CONTEXT('2D SPACE',''
  ) );
#5011 = PCURVE('',#5012,#5017);
#5012 = PLANE('',#5013);
#5013 = AXIS2_PLACEMENT_3D('',#5014,#5015,#5016);
#5014 = CARTESIAN_POINT('',(300.,0.,2.6745E+03));
#5015 = DIRECTION('',(0.,0.,1.));
#5016 = DIRECTION('',(1.,0.,-0.));
#5017 = DEFINITIONAL_REPRESENTATION('',(#5018),#5022);
#5018 = CIRCLE('',#5019,55.);
#5019 = AXIS2_PLACEMENT_2D('',#5020,#5021);
#5020 = CARTESIAN_POINT('',(0.,0.));
#5021 = DIRECTION('',(1.,0.));
#5022 = ( GEOMETRIC_REPRESENTATION_CONTEXT(2) 
PARAMETRIC_REPRESENTATION_CONTEXT() REPRESENTATION_CONTEXT('2D SPACE',''
  ) );
#5023 = ORIENTED_EDGE('',*,*,#4974,.T.);
#5024 = ADVANCED_FACE('',(#5025),#4955,.F.);
#5025 = FACE_BOUND('',#5026,.F.);
#5026 = EDGE_LOOP('',(#5027,#5028,#5051,#5073));
#5027 = ORIENTED_EDGE('',*,*,#4938,.F.);
#5028 = ORIENTED_EDGE('',*,*,#5029,.F.);
#5029 = EDGE_CURVE('',#5030,#4939,#5032,.T.);
#5030 = VERTEX_POINT('',#5031);
#5031 = CARTESIAN_POINT('',(328.,-6.858022075225E-15,2.6745E+03));
#5032 = SEAM_CURVE('',#5033,(#5037,#5044),.PCURVE_S1.);
#5033 = LINE('',#5034,#5035);
#5034 = CARTESIAN_POINT('',(328.,-6.858022075225E-15,2.6735E+03));
#5035 = VECTOR('',#5036,1.);
#5036 = DIRECTION('',(0.,0.,1.));
#5037 = PCURVE('',#4955,#5038);
#5038 = DEFINITIONAL_REPRESENTATION('',(#5039),#5043);
#5039 = LINE('',#5040,#5041);
#5040 = CARTESIAN_POINT('',(6.28318530718,-0.));
#5041 = VECTOR('',#5042,1.);
#5042 = DIRECTION('',(0.,1.));
#5043 = ( GEOMETRIC_REPRESENTATION_CONTEXT(2) 
PARAMETRIC_REPRESENTATION_CONTEXT() REPRESENTATION_CONTEXT('2D SPACE',''
  ) );
#5044 = PCURVE('',#4955,#5045);
#5045 = DEFINITIONAL_REPRESENTATION('',(#5046),#5050);
#5046 = LINE('',#5047,#5048);
#5047 = CARTESIAN_POINT('',(0.,-0.));
#5048 = VECTOR('',#5049,1.);
#5049 = DIRECTION('',(0.,1.));
#5050 = ( GEOMETRIC_REPRESENTATION_CONTEXT(2) 
PARAMETRIC_REPRESENTATION_CONTEXT() REPRESENTATION_CONTEXT('2D SPACE',''
  ) );
#5051 = ORIENTED_EDGE('',*,*,#5052,.T.);
#5052 = EDGE_CURVE('',#5030,#5030,#5053,.T.);
#5053 = SURFACE_CURVE('',#5054,(#5059,#5066),.PCURVE_S1.);
#5054 = CIRCLE('',#5055,28.);
#5055 = AXIS2_PLACEMENT_3D('',#5056,#5057,#5058);
#5056 = CARTESIAN_POINT('',(300.,0.,2.6745E+03));
#5057 = DIRECTION('',(0.,0.,1.));
#5058 = DIRECTION('',(1.,0.,-0.));
#5059 = PCURVE('',#4955,#5060);
#5060 = DEFINITIONAL_REPRESENTATION('',(#5061),#5065);
#5061 = LINE('',#5062,#5063);
#5062 = CARTESIAN_POINT('',(0.,1.));
#5063 = VECTOR('',#5064,1.);
#5064 = DIRECTION('',(1.,0.));
#5065 = ( GEOMETRIC_REPRESENTATION_CONTEXT(2) 
PARAMETRIC_REPRESENTATION_CONTEXT() REPRESENTATION_CONTEXT('2D SPACE',''
  ) );
#5066 = PCURVE('',#5012,#5067);
#5067 = DEFINITIONAL_REPRESENTATION('',(#5068),#5072);
#5068 = CIRCLE('',#5069,28.);
#5069 = AXIS2_PLACEMENT_2D('',#5070,#5071);
#5070 = CARTESIAN_POINT('',(0.,0.));
#5071 = DIRECTION('',(1.,0.));
#5072 = ( GEOMETRIC_REPRESENTATION_CONTEXT(2) 
PARAMETRIC_REPRESENTATION_CONTEXT() REPRESENTATION_CONTEXT('2D SPACE',''
  ) );
#5073 = ORIENTED_EDGE('',*,*,#5029,.T.);
#5074 = ADVANCED_FACE('',(#5075,#5078,#5113,#5148,#5151),#5012,.F.);
#5075 = FACE_BOUND('',#5076,.F.);
#5076 = EDGE_LOOP('',(#5077));
#5077 = ORIENTED_EDGE('',*,*,#4997,.T.);
#5078 = FACE_BOUND('',#5079,.F.);
#5079 = EDGE_LOOP('',(#5080));
#5080 = ORIENTED_EDGE('',*,*,#5081,.T.);
#5081 = EDGE_CURVE('',#5082,#5082,#5084,.T.);
#5082 = VERTEX_POINT('',#5083);
#5083 = CARTESIAN_POINT('',(261.12693304105,-21.,2.6745E+03));
#5084 = SURFACE_CURVE('',#5085,(#5090,#5101),.PCURVE_S1.);
#5085 = CIRCLE('',#5086,2.5);
#5086 = AXIS2_PLACEMENT_3D('',#5087,#5088,#5089);
#5087 = CARTESIAN_POINT('',(263.62693304105,-21.,2.6745E+03));
#5088 = DIRECTION('',(0.,0.,-1.));
#5089 = DIRECTION('',(-1.,0.,-0.));
#5090 = PCURVE('',#5012,#5091);
#5091 = DEFINITIONAL_REPRESENTATION('',(#5092),#5100);
#5092 = ( BOUNDED_CURVE() B_SPLINE_CURVE(2,(#5093,#5094,#5095,#5096,
#5097,#5098,#5099),.UNSPECIFIED.,.T.,.F.) B_SPLINE_CURVE_WITH_KNOTS((1,2
    ,2,2,2,1),(-2.094395102393,0.,2.094395102393,4.188790204786,
6.28318530718,8.377580409573),.UNSPECIFIED.) CURVE() 
GEOMETRIC_REPRESENTATION_ITEM() RATIONAL_B_SPLINE_CURVE((1.,0.5,1.,0.5,
1.,0.5,1.)) REPRESENTATION_ITEM('') );
#5093 = CARTESIAN_POINT('',(-38.87306695894,-21.));
#5094 = CARTESIAN_POINT('',(-38.87306695894,-16.66987298107));
#5095 = CARTESIAN_POINT('',(-35.12306695894,-18.83493649053));
#5096 = CARTESIAN_POINT('',(-31.37306695894,-21.));
#5097 = CARTESIAN_POINT('',(-35.12306695894,-23.16506350946));
#5098 = CARTESIAN_POINT('',(-38.87306695894,-25.33012701892));
#5099 = CARTESIAN_POINT('',(-38.87306695894,-21.));
#5100 = ( GEOMETRIC_REPRESENTATION_CONTEXT(2) 
PARAMETRIC_REPRESENTATION_CONTEXT() REPRESENTATION_CONTEXT('2D SPACE',''
  ) );
#5101 = PCURVE('',#5102,#5107);
#5102 = CYLINDRICAL_SURFACE('',#5103,2.5);
#5103 = AXIS2_PLACEMENT_3D('',#5104,#5105,#5106);
#5104 = CARTESIAN_POINT('',(263.62693304105,-21.,2.7675E+03));
#5105 = DIRECTION('',(0.,0.,-1.));
#5106 = DIRECTION('',(-1.,0.,-0.));
#5107 = DEFINITIONAL_REPRESENTATION('',(#5108),#5112);
#5108 = LINE('',#5109,#5110);
#5109 = CARTESIAN_POINT('',(0.,93.));
#5110 = VECTOR('',#5111,1.);
#5111 = DIRECTION('',(1.,0.));
#5112 = ( GEOMETRIC_REPRESENTATION_CONTEXT(2) 
PARAMETRIC_REPRESENTATION_CONTEXT() REPRESENTATION_CONTEXT('2D SPACE',''
  ) );
#5113 = FACE_BOUND('',#5114,.F.);
#5114 = EDGE_LOOP('',(#5115));
#5115 = ORIENTED_EDGE('',*,*,#5116,.T.);
#5116 = EDGE_CURVE('',#5117,#5117,#5119,.T.);
#5117 = VERTEX_POINT('',#5118);
#5118 = CARTESIAN_POINT('',(333.87306695894,-21.,2.6745E+03));
#5119 = SURFACE_CURVE('',#5120,(#5125,#5136),.PCURVE_S1.);
#5120 = CIRCLE('',#5121,2.5);
#5121 = AXIS2_PLACEMENT_3D('',#5122,#5123,#5124);
#5122 = CARTESIAN_POINT('',(336.37306695894,-21.,2.6745E+03));
#5123 = DIRECTION('',(0.,0.,-1.));
#5124 = DIRECTION('',(-1.,0.,-0.));
#5125 = PCURVE('',#5012,#5126);
#5126 = DEFINITIONAL_REPRESENTATION('',(#5127),#5135);
#5127 = ( BOUNDED_CURVE() B_SPLINE_CURVE(2,(#5128,#5129,#5130,#5131,
#5132,#5133,#5134),.UNSPECIFIED.,.T.,.F.) B_SPLINE_CURVE_WITH_KNOTS((1,2
    ,2,2,2,1),(-2.094395102393,0.,2.094395102393,4.188790204786,
6.28318530718,8.377580409573),.UNSPECIFIED.) CURVE() 
GEOMETRIC_REPRESENTATION_ITEM() RATIONAL_B_SPLINE_CURVE((1.,0.5,1.,0.5,
1.,0.5,1.)) REPRESENTATION_ITEM('') );
#5128 = CARTESIAN_POINT('',(33.873066958946,-21.));
#5129 = CARTESIAN_POINT('',(33.873066958946,-16.66987298107));
#5130 = CARTESIAN_POINT('',(37.623066958946,-18.83493649053));
#5131 = CARTESIAN_POINT('',(41.373066958946,-21.));
#5132 = CARTESIAN_POINT('',(37.623066958946,-23.16506350946));
#5133 = CARTESIAN_POINT('',(33.873066958946,-25.33012701892));
#5134 = CARTESIAN_POINT('',(33.873066958946,-21.));
#5135 = ( GEOMETRIC_REPRESENTATION_CONTEXT(2) 
PARAMETRIC_REPRESENTATION_CONTEXT() REPRESENTATION_CONTEXT('2D SPACE',''
  ) );
#5136 = PCURVE('',#5137,#5142);
#5137 = CYLINDRICAL_SURFACE('',#5138,2.5);
#5138 = AXIS2_PLACEMENT_3D('',#5139,#5140,#5141);
#5139 = CARTESIAN_POINT('',(336.37306695894,-21.,2.7675E+03));
#5140 = DIRECTION('',(0.,0.,-1.));
#5141 = DIRECTION('',(-1.,0.,-0.));
#5142 = DEFINITIONAL_REPRESENTATION('',(#5143),#5147);
#5143 = LINE('',#5144,#5145);
#5144 = CARTESIAN_POINT('',(0.,93.));
#5145 = VECTOR('',#5146,1.);
#5146 = DIRECTION('',(1.,0.));
#5147 = ( GEOMETRIC_REPRESENTATION_CONTEXT(2) 
PARAMETRIC_REPRESENTATION_CONTEXT() REPRESENTATION_CONTEXT('2D SPACE',''
  ) );
#5148 = FACE_BOUND('',#5149,.F.);
#5149 = EDGE_LOOP('',(#5150));
#5150 = ORIENTED_EDGE('',*,*,#5052,.F.);
#5151 = FACE_BOUND('',#5152,.F.);
#5152 = EDGE_LOOP('',(#5153));
#5153 = ORIENTED_EDGE('',*,*,#5154,.T.);
#5154 = EDGE_CURVE('',#5155,#5155,#5157,.T.);
#5155 = VERTEX_POINT('',#5156);
#5156 = CARTESIAN_POINT('',(297.5,42.,2.6745E+03));
#5157 = SURFACE_CURVE('',#5158,(#5163,#5174),.PCURVE_S1.);
#5158 = CIRCLE('',#5159,2.5);
#5159 = AXIS2_PLACEMENT_3D('',#5160,#5161,#5162);
#5160 = CARTESIAN_POINT('',(300.,42.,2.6745E+03));
#5161 = DIRECTION('',(0.,0.,-1.));
#5162 = DIRECTION('',(-1.,0.,-0.));
#5163 = PCURVE('',#5012,#5164);
#5164 = DEFINITIONAL_REPRESENTATION('',(#5165),#5173);
#5165 = ( BOUNDED_CURVE() B_SPLINE_CURVE(2,(#5166,#5167,#5168,#5169,
#5170,#5171,#5172),.UNSPECIFIED.,.T.,.F.) B_SPLINE_CURVE_WITH_KNOTS((1,2
    ,2,2,2,1),(-2.094395102393,0.,2.094395102393,4.188790204786,
6.28318530718,8.377580409573),.UNSPECIFIED.) CURVE() 
GEOMETRIC_REPRESENTATION_ITEM() RATIONAL_B_SPLINE_CURVE((1.,0.5,1.,0.5,
1.,0.5,1.)) REPRESENTATION_ITEM('') );
#5166 = CARTESIAN_POINT('',(-2.5,42.));
#5167 = CARTESIAN_POINT('',(-2.5,46.330127018922));
#5168 = CARTESIAN_POINT('',(1.25,44.165063509461));
#5169 = CARTESIAN_POINT('',(5.,42.));
#5170 = CARTESIAN_POINT('',(1.25,39.834936490539));
#5171 = CARTESIAN_POINT('',(-2.5,37.669872981078));
#5172 = CARTESIAN_POINT('',(-2.5,42.));
#5173 = ( GEOMETRIC_REPRESENTATION_CONTEXT(2) 
PARAMETRIC_REPRESENTATION_CONTEXT() REPRESENTATION_CONTEXT('2D SPACE',''
  ) );
#5174 = PCURVE('',#5175,#5180);
#5175 = CYLINDRICAL_SURFACE('',#5176,2.5);
#5176 = AXIS2_PLACEMENT_3D('',#5177,#5178,#5179);
#5177 = CARTESIAN_POINT('',(300.,42.,2.7675E+03));
#5178 = DIRECTION('',(0.,0.,-1.));
#5179 = DIRECTION('',(-1.,0.,-0.));
#5180 = DEFINITIONAL_REPRESENTATION('',(#5181),#5185);
#5181 = LINE('',#5182,#5183);
#5182 = CARTESIAN_POINT('',(0.,93.));
#5183 = VECTOR('',#5184,1.);
#5184 = DIRECTION('',(1.,0.));
#5185 = ( GEOMETRIC_REPRESENTATION_CONTEXT(2) 
PARAMETRIC_REPRESENTATION_CONTEXT() REPRESENTATION_CONTEXT('2D SPACE',''
  ) );
#5186 = ADVANCED_FACE('',(#5187),#5102,.T.);
#5187 = FACE_BOUND('',#5188,.T.);
#5188 = EDGE_LOOP('',(#5189,#5222,#5243,#5244));
#5189 = ORIENTED_EDGE('',*,*,#5190,.F.);
#5190 = EDGE_CURVE('',#5191,#5191,#5193,.T.);
#5191 = VERTEX_POINT('',#5192);
#5192 = CARTESIAN_POINT('',(261.12693304105,-21.,2.6625E+03));
#5193 = SURFACE_CURVE('',#5194,(#5199,#5206),.PCURVE_S1.);
#5194 = CIRCLE('',#5195,2.5);
#5195 = AXIS2_PLACEMENT_3D('',#5196,#5197,#5198);
#5196 = CARTESIAN_POINT('',(263.62693304105,-21.,2.6625E+03));
#5197 = DIRECTION('',(0.,0.,-1.));
#5198 = DIRECTION('',(-1.,0.,-0.));
#5199 = PCURVE('',#5102,#5200);
#5200 = DEFINITIONAL_REPRESENTATION('',(#5201),#5205);
#5201 = LINE('',#5202,#5203);
#5202 = CARTESIAN_POINT('',(0.,105.));
#5203 = VECTOR('',#5204,1.);
#5204 = DIRECTION('',(1.,0.));
#5205 = ( GEOMETRIC_REPRESENTATION_CONTEXT(2) 
PARAMETRIC_REPRESENTATION_CONTEXT() REPRESENTATION_CONTEXT('2D SPACE',''
  ) );
#5206 = PCURVE('',#5207,#5212);
#5207 = PLANE('',#5208);
#5208 = AXIS2_PLACEMENT_3D('',#5209,#5210,#5211);
#5209 = CARTESIAN_POINT('',(300.,0.,2.6625E+03));
#5210 = DIRECTION('',(0.,0.,1.));
#5211 = DIRECTION('',(1.,0.,-0.));
#5212 = DEFINITIONAL_REPRESENTATION('',(#5213),#5221);
#5213 = ( BOUNDED_CURVE() B_SPLINE_CURVE(2,(#5214,#5215,#5216,#5217,
#5218,#5219,#5220),.UNSPECIFIED.,.T.,.F.) B_SPLINE_CURVE_WITH_KNOTS((1,2
    ,2,2,2,1),(-2.094395102393,0.,2.094395102393,4.188790204786,
6.28318530718,8.377580409573),.UNSPECIFIED.) CURVE() 
GEOMETRIC_REPRESENTATION_ITEM() RATIONAL_B_SPLINE_CURVE((1.,0.5,1.,0.5,
1.,0.5,1.)) REPRESENTATION_ITEM('') );
#5214 = CARTESIAN_POINT('',(-38.87306695894,-21.));
#5215 = CARTESIAN_POINT('',(-38.87306695894,-16.66987298107));
#5216 = CARTESIAN_POINT('',(-35.12306695894,-18.83493649053));
#5217 = CARTESIAN_POINT('',(-31.37306695894,-21.));
#5218 = CARTESIAN_POINT('',(-35.12306695894,-23.16506350946));
#5219 = CARTESIAN_POINT('',(-38.87306695894,-25.33012701892));
#5220 = CARTESIAN_POINT('',(-38.87306695894,-21.));
#5221 = ( GEOMETRIC_REPRESENTATION_CONTEXT(2) 
PARAMETRIC_REPRESENTATION_CONTEXT() REPRESENTATION_CONTEXT('2D SPACE',''
  ) );
#5222 = ORIENTED_EDGE('',*,*,#5223,.F.);
#5223 = EDGE_CURVE('',#5082,#5191,#5224,.T.);
#5224 = SEAM_CURVE('',#5225,(#5229,#5236),.PCURVE_S1.);
#5225 = LINE('',#5226,#5227);
#5226 = CARTESIAN_POINT('',(261.12693304105,-21.,2.7675E+03));
#5227 = VECTOR('',#5228,1.);
#5228 = DIRECTION('',(0.,0.,-1.));
#5229 = PCURVE('',#5102,#5230);
#5230 = DEFINITIONAL_REPRESENTATION('',(#5231),#5235);
#5231 = LINE('',#5232,#5233);
#5232 = CARTESIAN_POINT('',(6.28318530718,-0.));
#5233 = VECTOR('',#5234,1.);
#5234 = DIRECTION('',(0.,1.));
#5235 = ( GEOMETRIC_REPRESENTATION_CONTEXT(2) 
PARAMETRIC_REPRESENTATION_CONTEXT() REPRESENTATION_CONTEXT('2D SPACE',''
  ) );
#5236 = PCURVE('',#5102,#5237);
#5237 = DEFINITIONAL_REPRESENTATION('',(#5238),#5242);
#5238 = LINE('',#5239,#5240);
#5239 = CARTESIAN_POINT('',(0.,-0.));
#5240 = VECTOR('',#5241,1.);
#5241 = DIRECTION('',(0.,1.));
#5242 = ( GEOMETRIC_REPRESENTATION_CONTEXT(2) 
PARAMETRIC_REPRESENTATION_CONTEXT() REPRESENTATION_CONTEXT('2D SPACE',''
  ) );
#5243 = ORIENTED_EDGE('',*,*,#5081,.T.);
#5244 = ORIENTED_EDGE('',*,*,#5223,.T.);
#5245 = ADVANCED_FACE('',(#5246),#5137,.T.);
#5246 = FACE_BOUND('',#5247,.T.);
#5247 = EDGE_LOOP('',(#5248,#5276,#5297,#5298));
#5248 = ORIENTED_EDGE('',*,*,#5249,.F.);
#5249 = EDGE_CURVE('',#5250,#5250,#5252,.T.);
#5250 = VERTEX_POINT('',#5251);
#5251 = CARTESIAN_POINT('',(333.87306695894,-21.,2.6625E+03));
#5252 = SURFACE_CURVE('',#5253,(#5258,#5265),.PCURVE_S1.);
#5253 = CIRCLE('',#5254,2.5);
#5254 = AXIS2_PLACEMENT_3D('',#5255,#5256,#5257);
#5255 = CARTESIAN_POINT('',(336.37306695894,-21.,2.6625E+03));
#5256 = DIRECTION('',(0.,0.,-1.));
#5257 = DIRECTION('',(-1.,0.,-0.));
#5258 = PCURVE('',#5137,#5259);
#5259 = DEFINITIONAL_REPRESENTATION('',(#5260),#5264);
#5260 = LINE('',#5261,#5262);
#5261 = CARTESIAN_POINT('',(0.,105.));
#5262 = VECTOR('',#5263,1.);
#5263 = DIRECTION('',(1.,0.));
#5264 = ( GEOMETRIC_REPRESENTATION_CONTEXT(2) 
PARAMETRIC_REPRESENTATION_CONTEXT() REPRESENTATION_CONTEXT('2D SPACE',''
  ) );
#5265 = PCURVE('',#5207,#5266);
#5266 = DEFINITIONAL_REPRESENTATION('',(#5267),#5275);
#5267 = ( BOUNDED_CURVE() B_SPLINE_CURVE(2,(#5268,#5269,#5270,#5271,
#5272,#5273,#5274),.UNSPECIFIED.,.T.,.F.) B_SPLINE_CURVE_WITH_KNOTS((1,2
    ,2,2,2,1),(-2.094395102393,0.,2.094395102393,4.188790204786,
6.28318530718,8.377580409573),.UNSPECIFIED.) CURVE() 
GEOMETRIC_REPRESENTATION_ITEM() RATIONAL_B_SPLINE_CURVE((1.,0.5,1.,0.5,
1.,0.5,1.)) REPRESENTATION_ITEM('') );
#5268 = CARTESIAN_POINT('',(33.873066958946,-21.));
#5269 = CARTESIAN_POINT('',(33.873066958946,-16.66987298107));
#5270 = CARTESIAN_POINT('',(37.623066958946,-18.83493649053));
#5271 = CARTESIAN_POINT('',(41.373066958946,-21.));
#5272 = CARTESIAN_POINT('',(37.623066958946,-23.16506350946));
#5273 = CARTESIAN_POINT('',(33.873066958946,-25.33012701892));
#5274 = CARTESIAN_POINT('',(33.873066958946,-21.));
#5275 = ( GEOMETRIC_REPRESENTATION_CONTEXT(2) 
PARAMETRIC_REPRESENTATION_CONTEXT() REPRESENTATION_CONTEXT('2D SPACE',''
  ) );
#5276 = ORIENTED_EDGE('',*,*,#5277,.F.);
#5277 = EDGE_CURVE('',#5117,#5250,#5278,.T.);
#5278 = SEAM_CURVE('',#5279,(#5283,#5290),.PCURVE_S1.);
#5279 = LINE('',#5280,#5281);
#5280 = CARTESIAN_POINT('',(333.87306695894,-21.,2.7675E+03));
#5281 = VECTOR('',#5282,1.);
#5282 = DIRECTION('',(0.,0.,-1.));
#5283 = PCURVE('',#5137,#5284);
#5284 = DEFINITIONAL_REPRESENTATION('',(#5285),#5289);
#5285 = LINE('',#5286,#5287);
#5286 = CARTESIAN_POINT('',(6.28318530718,-0.));
#5287 = VECTOR('',#5288,1.);
#5288 = DIRECTION('',(0.,1.));
#5289 = ( GEOMETRIC_REPRESENTATION_CONTEXT(2) 
PARAMETRIC_REPRESENTATION_CONTEXT() REPRESENTATION_CONTEXT('2D SPACE',''
  ) );
#5290 = PCURVE('',#5137,#5291);
#5291 = DEFINITIONAL_REPRESENTATION('',(#5292),#5296);
#5292 = LINE('',#5293,#5294);
#5293 = CARTESIAN_POINT('',(0.,-0.));
#5294 = VECTOR('',#5295,1.);
#5295 = DIRECTION('',(0.,1.));
#5296 = ( GEOMETRIC_REPRESENTATION_CONTEXT(2) 
PARAMETRIC_REPRESENTATION_CONTEXT() REPRESENTATION_CONTEXT('2D SPACE',''
  ) );
#5297 = ORIENTED_EDGE('',*,*,#5116,.T.);
#5298 = ORIENTED_EDGE('',*,*,#5277,.T.);
#5299 = ADVANCED_FACE('',(#5300),#5175,.T.);
#5300 = FACE_BOUND('',#5301,.T.);
#5301 = EDGE_LOOP('',(#5302,#5330,#5351,#5352));
#5302 = ORIENTED_EDGE('',*,*,#5303,.F.);
#5303 = EDGE_CURVE('',#5304,#5304,#5306,.T.);
#5304 = VERTEX_POINT('',#5305);
#5305 = CARTESIAN_POINT('',(297.5,42.,2.6625E+03));
#5306 = SURFACE_CURVE('',#5307,(#5312,#5319),.PCURVE_S1.);
#5307 = CIRCLE('',#5308,2.5);
#5308 = AXIS2_PLACEMENT_3D('',#5309,#5310,#5311);
#5309 = CARTESIAN_POINT('',(300.,42.,2.6625E+03));
#5310 = DIRECTION('',(0.,0.,-1.));
#5311 = DIRECTION('',(-1.,0.,-0.));
#5312 = PCURVE('',#5175,#5313);
#5313 = DEFINITIONAL_REPRESENTATION('',(#5314),#5318);
#5314 = LINE('',#5315,#5316);
#5315 = CARTESIAN_POINT('',(0.,105.));
#5316 = VECTOR('',#5317,1.);
#5317 = DIRECTION('',(1.,0.));
#5318 = ( GEOMETRIC_REPRESENTATION_CONTEXT(2) 
PARAMETRIC_REPRESENTATION_CONTEXT() REPRESENTATION_CONTEXT('2D SPACE',''
  ) );
#5319 = PCURVE('',#5207,#5320);
#5320 = DEFINITIONAL_REPRESENTATION('',(#5321),#5329);
#5321 = ( BOUNDED_CURVE() B_SPLINE_CURVE(2,(#5322,#5323,#5324,#5325,
#5326,#5327,#5328),.UNSPECIFIED.,.T.,.F.) B_SPLINE_CURVE_WITH_KNOTS((1,2
    ,2,2,2,1),(-2.094395102393,0.,2.094395102393,4.188790204786,
6.28318530718,8.377580409573),.UNSPECIFIED.) CURVE() 
GEOMETRIC_REPRESENTATION_ITEM() RATIONAL_B_SPLINE_CURVE((1.,0.5,1.,0.5,
1.,0.5,1.)) REPRESENTATION_ITEM('') );
#5322 = CARTESIAN_POINT('',(-2.5,42.));
#5323 = CARTESIAN_POINT('',(-2.5,46.330127018922));
#5324 = CARTESIAN_POINT('',(1.25,44.165063509461));
#5325 = CARTESIAN_POINT('',(5.,42.));
#5326 = CARTESIAN_POINT('',(1.25,39.834936490539));
#5327 = CARTESIAN_POINT('',(-2.5,37.669872981078));
#5328 = CARTESIAN_POINT('',(-2.5,42.));
#5329 = ( GEOMETRIC_REPRESENTATION_CONTEXT(2) 
PARAMETRIC_REPRESENTATION_CONTEXT() REPRESENTATION_CONTEXT('2D SPACE',''
  ) );
#5330 = ORIENTED_EDGE('',*,*,#5331,.F.);
#5331 = EDGE_CURVE('',#5155,#5304,#5332,.T.);
#5332 = SEAM_CURVE('',#5333,(#5337,#5344),.PCURVE_S1.);
#5333 = LINE('',#5334,#5335);
#5334 = CARTESIAN_POINT('',(297.5,42.,2.7675E+03));
#5335 = VECTOR('',#5336,1.);
#5336 = DIRECTION('',(0.,0.,-1.));
#5337 = PCURVE('',#5175,#5338);
#5338 = DEFINITIONAL_REPRESENTATION('',(#5339),#5343);
#5339 = LINE('',#5340,#5341);
#5340 = CARTESIAN_POINT('',(6.28318530718,-0.));
#5341 = VECTOR('',#5342,1.);
#5342 = DIRECTION('',(0.,1.));
#5343 = ( GEOMETRIC_REPRESENTATION_CONTEXT(2) 
PARAMETRIC_REPRESENTATION_CONTEXT() REPRESENTATION_CONTEXT('2D SPACE',''
  ) );
#5344 = PCURVE('',#5175,#5345);
#5345 = DEFINITIONAL_REPRESENTATION('',(#5346),#5350);
#5346 = LINE('',#5347,#5348);
#5347 = CARTESIAN_POINT('',(0.,-0.));
#5348 = VECTOR('',#5349,1.);
#5349 = DIRECTION('',(0.,1.));
#5350 = ( GEOMETRIC_REPRESENTATION_CONTEXT(2) 
PARAMETRIC_REPRESENTATION_CONTEXT() REPRESENTATION_CONTEXT('2D SPACE',''
  ) );
#5351 = ORIENTED_EDGE('',*,*,#5154,.T.);
#5352 = ORIENTED_EDGE('',*,*,#5331,.T.);
#5353 = ADVANCED_FACE('',(#5354,#5385,#5388,#5391,#5422),#5207,.T.);
#5354 = FACE_BOUND('',#5355,.T.);
#5355 = EDGE_LOOP('',(#5356));
#5356 = ORIENTED_EDGE('',*,*,#5357,.T.);
#5357 = EDGE_CURVE('',#5358,#5358,#5360,.T.);
#5358 = VERTEX_POINT('',#5359);
#5359 = CARTESIAN_POINT('',(355.,-1.347111479062E-14,2.6625E+03));
#5360 = SURFACE_CURVE('',#5361,(#5366,#5373),.PCURVE_S1.);
#5361 = CIRCLE('',#5362,55.);
#5362 = AXIS2_PLACEMENT_3D('',#5363,#5364,#5365);
#5363 = CARTESIAN_POINT('',(300.,0.,2.6625E+03));
#5364 = DIRECTION('',(0.,0.,1.));
#5365 = DIRECTION('',(1.,0.,-0.));
#5366 = PCURVE('',#5207,#5367);
#5367 = DEFINITIONAL_REPRESENTATION('',(#5368),#5372);
#5368 = CIRCLE('',#5369,55.);
#5369 = AXIS2_PLACEMENT_2D('',#5370,#5371);
#5370 = CARTESIAN_POINT('',(0.,0.));
#5371 = DIRECTION('',(1.,0.));
#5372 = ( GEOMETRIC_REPRESENTATION_CONTEXT(2) 
PARAMETRIC_REPRESENTATION_CONTEXT() REPRESENTATION_CONTEXT('2D SPACE',''
  ) );
#5373 = PCURVE('',#5374,#5379);
#5374 = CYLINDRICAL_SURFACE('',#5375,55.);
#5375 = AXIS2_PLACEMENT_3D('',#5376,#5377,#5378);
#5376 = CARTESIAN_POINT('',(300.,0.,2.6595E+03));
#5377 = DIRECTION('',(0.,0.,1.));
#5378 = DIRECTION('',(1.,0.,-0.));
#5379 = DEFINITIONAL_REPRESENTATION('',(#5380),#5384);
#5380 = LINE('',#5381,#5382);
#5381 = CARTESIAN_POINT('',(0.,3.));
#5382 = VECTOR('',#5383,1.);
#5383 = DIRECTION('',(1.,0.));
#5384 = ( GEOMETRIC_REPRESENTATION_CONTEXT(2) 
PARAMETRIC_REPRESENTATION_CONTEXT() REPRESENTATION_CONTEXT('2D SPACE',''
  ) );
#5385 = FACE_BOUND('',#5386,.T.);
#5386 = EDGE_LOOP('',(#5387));
#5387 = ORIENTED_EDGE('',*,*,#5190,.T.);
#5388 = FACE_BOUND('',#5389,.T.);
#5389 = EDGE_LOOP('',(#5390));
#5390 = ORIENTED_EDGE('',*,*,#5249,.T.);
#5391 = FACE_BOUND('',#5392,.T.);
#5392 = EDGE_LOOP('',(#5393));
#5393 = ORIENTED_EDGE('',*,*,#5394,.F.);
#5394 = EDGE_CURVE('',#5395,#5395,#5397,.T.);
#5395 = VERTEX_POINT('',#5396);
#5396 = CARTESIAN_POINT('',(328.,-6.858022075225E-15,2.6625E+03));
#5397 = SURFACE_CURVE('',#5398,(#5403,#5410),.PCURVE_S1.);
#5398 = CIRCLE('',#5399,28.);
#5399 = AXIS2_PLACEMENT_3D('',#5400,#5401,#5402);
#5400 = CARTESIAN_POINT('',(300.,0.,2.6625E+03));
#5401 = DIRECTION('',(0.,0.,1.));
#5402 = DIRECTION('',(1.,0.,-0.));
#5403 = PCURVE('',#5207,#5404);
#5404 = DEFINITIONAL_REPRESENTATION('',(#5405),#5409);
#5405 = CIRCLE('',#5406,28.);
#5406 = AXIS2_PLACEMENT_2D('',#5407,#5408);
#5407 = CARTESIAN_POINT('',(0.,0.));
#5408 = DIRECTION('',(1.,0.));
#5409 = ( GEOMETRIC_REPRESENTATION_CONTEXT(2) 
PARAMETRIC_REPRESENTATION_CONTEXT() REPRESENTATION_CONTEXT('2D SPACE',''
  ) );
#5410 = PCURVE('',#5411,#5416);
#5411 = CYLINDRICAL_SURFACE('',#5412,28.);
#5412 = AXIS2_PLACEMENT_3D('',#5413,#5414,#5415);
#5413 = CARTESIAN_POINT('',(300.,0.,2.6585E+03));
#5414 = DIRECTION('',(0.,0.,1.));
#5415 = DIRECTION('',(1.,0.,-0.));
#5416 = DEFINITIONAL_REPRESENTATION('',(#5417),#5421);
#5417 = LINE('',#5418,#5419);
#5418 = CARTESIAN_POINT('',(0.,4.));
#5419 = VECTOR('',#5420,1.);
#5420 = DIRECTION('',(1.,0.));
#5421 = ( GEOMETRIC_REPRESENTATION_CONTEXT(2) 
PARAMETRIC_REPRESENTATION_CONTEXT() REPRESENTATION_CONTEXT('2D SPACE',''
  ) );
#5422 = FACE_BOUND('',#5423,.T.);
#5423 = EDGE_LOOP('',(#5424));
#5424 = ORIENTED_EDGE('',*,*,#5303,.T.);
#5425 = ADVANCED_FACE('',(#5426),#5374,.T.);
#5426 = FACE_BOUND('',#5427,.T.);
#5427 = EDGE_LOOP('',(#5428,#5429,#5452,#5479));
#5428 = ORIENTED_EDGE('',*,*,#5357,.F.);
#5429 = ORIENTED_EDGE('',*,*,#5430,.F.);
#5430 = EDGE_CURVE('',#5431,#5358,#5433,.T.);
#5431 = VERTEX_POINT('',#5432);
#5432 = CARTESIAN_POINT('',(355.,-1.347111479062E-14,2.6595E+03));
#5433 = SEAM_CURVE('',#5434,(#5438,#5445),.PCURVE_S1.);
#5434 = LINE('',#5435,#5436);
#5435 = CARTESIAN_POINT('',(355.,-1.347111479062E-14,2.6595E+03));
#5436 = VECTOR('',#5437,1.);
#5437 = DIRECTION('',(0.,0.,1.));
#5438 = PCURVE('',#5374,#5439);
#5439 = DEFINITIONAL_REPRESENTATION('',(#5440),#5444);
#5440 = LINE('',#5441,#5442);
#5441 = CARTESIAN_POINT('',(6.28318530718,-0.));
#5442 = VECTOR('',#5443,1.);
#5443 = DIRECTION('',(0.,1.));
#5444 = ( GEOMETRIC_REPRESENTATION_CONTEXT(2) 
PARAMETRIC_REPRESENTATION_CONTEXT() REPRESENTATION_CONTEXT('2D SPACE',''
  ) );
#5445 = PCURVE('',#5374,#5446);
#5446 = DEFINITIONAL_REPRESENTATION('',(#5447),#5451);
#5447 = LINE('',#5448,#5449);
#5448 = CARTESIAN_POINT('',(0.,-0.));
#5449 = VECTOR('',#5450,1.);
#5450 = DIRECTION('',(0.,1.));
#5451 = ( GEOMETRIC_REPRESENTATION_CONTEXT(2) 
PARAMETRIC_REPRESENTATION_CONTEXT() REPRESENTATION_CONTEXT('2D SPACE',''
  ) );
#5452 = ORIENTED_EDGE('',*,*,#5453,.T.);
#5453 = EDGE_CURVE('',#5431,#5431,#5454,.T.);
#5454 = SURFACE_CURVE('',#5455,(#5460,#5467),.PCURVE_S1.);
#5455 = CIRCLE('',#5456,55.);
#5456 = AXIS2_PLACEMENT_3D('',#5457,#5458,#5459);
#5457 = CARTESIAN_POINT('',(300.,0.,2.6595E+03));
#5458 = DIRECTION('',(0.,0.,1.));
#5459 = DIRECTION('',(1.,0.,-0.));
#5460 = PCURVE('',#5374,#5461);
#5461 = DEFINITIONAL_REPRESENTATION('',(#5462),#5466);
#5462 = LINE('',#5463,#5464);
#5463 = CARTESIAN_POINT('',(0.,0.));
#5464 = VECTOR('',#5465,1.);
#5465 = DIRECTION('',(1.,0.));
#5466 = ( GEOMETRIC_REPRESENTATION_CONTEXT(2) 
PARAMETRIC_REPRESENTATION_CONTEXT() REPRESENTATION_CONTEXT('2D SPACE',''
  ) );
#5467 = PCURVE('',#5468,#5473);
#5468 = PLANE('',#5469);
#5469 = AXIS2_PLACEMENT_3D('',#5470,#5471,#5472);
#5470 = CARTESIAN_POINT('',(300.,0.,2.6595E+03));
#5471 = DIRECTION('',(0.,0.,1.));
#5472 = DIRECTION('',(1.,0.,-0.));
#5473 = DEFINITIONAL_REPRESENTATION('',(#5474),#5478);
#5474 = CIRCLE('',#5475,55.);
#5475 = AXIS2_PLACEMENT_2D('',#5476,#5477);
#5476 = CARTESIAN_POINT('',(0.,0.));
#5477 = DIRECTION('',(1.,0.));
#5478 = ( GEOMETRIC_REPRESENTATION_CONTEXT(2) 
PARAMETRIC_REPRESENTATION_CONTEXT() REPRESENTATION_CONTEXT('2D SPACE',''
  ) );
#5479 = ORIENTED_EDGE('',*,*,#5430,.T.);
#5480 = ADVANCED_FACE('',(#5481),#5411,.F.);
#5481 = FACE_BOUND('',#5482,.F.);
#5482 = EDGE_LOOP('',(#5483,#5484,#5507,#5529));
#5483 = ORIENTED_EDGE('',*,*,#5394,.F.);
#5484 = ORIENTED_EDGE('',*,*,#5485,.F.);
#5485 = EDGE_CURVE('',#5486,#5395,#5488,.T.);
#5486 = VERTEX_POINT('',#5487);
#5487 = CARTESIAN_POINT('',(328.,-6.858022075225E-15,2.6595E+03));
#5488 = SEAM_CURVE('',#5489,(#5493,#5500),.PCURVE_S1.);
#5489 = LINE('',#5490,#5491);
#5490 = CARTESIAN_POINT('',(328.,-6.858022075225E-15,2.6585E+03));
#5491 = VECTOR('',#5492,1.);
#5492 = DIRECTION('',(0.,0.,1.));
#5493 = PCURVE('',#5411,#5494);
#5494 = DEFINITIONAL_REPRESENTATION('',(#5495),#5499);
#5495 = LINE('',#5496,#5497);
#5496 = CARTESIAN_POINT('',(6.28318530718,-0.));
#5497 = VECTOR('',#5498,1.);
#5498 = DIRECTION('',(0.,1.));
#5499 = ( GEOMETRIC_REPRESENTATION_CONTEXT(2) 
PARAMETRIC_REPRESENTATION_CONTEXT() REPRESENTATION_CONTEXT('2D SPACE',''
  ) );
#5500 = PCURVE('',#5411,#5501);
#5501 = DEFINITIONAL_REPRESENTATION('',(#5502),#5506);
#5502 = LINE('',#5503,#5504);
#5503 = CARTESIAN_POINT('',(0.,-0.));
#5504 = VECTOR('',#5505,1.);
#5505 = DIRECTION('',(0.,1.));
#5506 = ( GEOMETRIC_REPRESENTATION_CONTEXT(2) 
PARAMETRIC_REPRESENTATION_CONTEXT() REPRESENTATION_CONTEXT('2D SPACE',''
  ) );
#5507 = ORIENTED_EDGE('',*,*,#5508,.T.);
#5508 = EDGE_CURVE('',#5486,#5486,#5509,.T.);
#5509 = SURFACE_CURVE('',#5510,(#5515,#5522),.PCURVE_S1.);
#5510 = CIRCLE('',#5511,28.);
#5511 = AXIS2_PLACEMENT_3D('',#5512,#5513,#5514);
#5512 = CARTESIAN_POINT('',(300.,0.,2.6595E+03));
#5513 = DIRECTION('',(0.,0.,1.));
#5514 = DIRECTION('',(1.,0.,-0.));
#5515 = PCURVE('',#5411,#5516);
#5516 = DEFINITIONAL_REPRESENTATION('',(#5517),#5521);
#5517 = LINE('',#5518,#5519);
#5518 = CARTESIAN_POINT('',(0.,1.));
#5519 = VECTOR('',#5520,1.);
#5520 = DIRECTION('',(1.,0.));
#5521 = ( GEOMETRIC_REPRESENTATION_CONTEXT(2) 
PARAMETRIC_REPRESENTATION_CONTEXT() REPRESENTATION_CONTEXT('2D SPACE',''
  ) );
#5522 = PCURVE('',#5468,#5523);
#5523 = DEFINITIONAL_REPRESENTATION('',(#5524),#5528);
#5524 = CIRCLE('',#5525,28.);
#5525 = AXIS2_PLACEMENT_2D('',#5526,#5527);
#5526 = CARTESIAN_POINT('',(0.,0.));
#5527 = DIRECTION('',(1.,0.));
#5528 = ( GEOMETRIC_REPRESENTATION_CONTEXT(2) 
PARAMETRIC_REPRESENTATION_CONTEXT() REPRESENTATION_CONTEXT('2D SPACE',''
  ) );
#5529 = ORIENTED_EDGE('',*,*,#5485,.T.);
#5530 = ADVANCED_FACE('',(#5531,#5534),#5468,.F.);
#5531 = FACE_BOUND('',#5532,.F.);
#5532 = EDGE_LOOP('',(#5533));
#5533 = ORIENTED_EDGE('',*,*,#5453,.T.);
#5534 = FACE_BOUND('',#5535,.F.);
#5535 = EDGE_LOOP('',(#5536));
#5536 = ORIENTED_EDGE('',*,*,#5508,.F.);
#5537 = ( GEOMETRIC_REPRESENTATION_CONTEXT(3) 
GLOBAL_UNCERTAINTY_ASSIGNED_CONTEXT((#5541)) 
GLOBAL_UNIT_ASSIGNED_CONTEXT((#5538,#5539,#5540)) REPRESENTATION_CONTEXT
('Context #1','3D Context with UNIT and UNCERTAINTY') );
#5538 = ( LENGTH_UNIT() NAMED_UNIT(*) SI_UNIT(.MILLI.,.METRE.) );
#5539 = ( NAMED_UNIT(*) PLANE_ANGLE_UNIT() SI_UNIT($,.RADIAN.) );
#5540 = ( NAMED_UNIT(*) SI_UNIT($,.STERADIAN.) SOLID_ANGLE_UNIT() );
#5541 = UNCERTAINTY_MEASURE_WITH_UNIT(LENGTH_MEASURE(1.E-07),#5538,
  'distance_accuracy_value','confusion accuracy');
#5542 = CONTEXT_DEPENDENT_SHAPE_REPRESENTATION(#5543,#5545);
#5543 = ( REPRESENTATION_RELATIONSHIP('','',#2246,#10) 
REPRESENTATION_RELATIONSHIP_WITH_TRANSFORMATION(#5544) 
SHAPE_REPRESENTATION_RELATIONSHIP() );
#5544 = ITEM_DEFINED_TRANSFORMATION('','',#11,#23);
#5545 = PRODUCT_DEFINITION_SHAPE('Placement','Placement of an item',
  #5546);
#5546 = NEXT_ASSEMBLY_USAGE_OCCURRENCE('3','=>[0:1:1:4]','',#5,#2241,$);
#5547 = PRODUCT_RELATED_PRODUCT_CATEGORY('part',$,(#2243));
#5548 = SHAPE_DEFINITION_REPRESENTATION(#5549,#5555);
#5549 = PRODUCT_DEFINITION_SHAPE('','',#5550);
#5550 = PRODUCT_DEFINITION('design','',#5551,#5554);
#5551 = PRODUCT_DEFINITION_FORMATION('','',#5552);
#5552 = PRODUCT('COMPOUND','COMPOUND','',(#5553));
#5553 = PRODUCT_CONTEXT('',#2,'mechanical');
#5554 = PRODUCT_DEFINITION_CONTEXT('part definition',#2,'design');
#5555 = ADVANCED_BREP_SHAPE_REPRESENTATION('',(#11,#5556),#5654);
#5556 = MANIFOLD_SOLID_BREP('',#5557);
#5557 = CLOSED_SHELL('',(#5558,#5646,#5650));
#5558 = ADVANCED_FACE('',(#5559),#5572,.T.);
#5559 = FACE_BOUND('',#5560,.T.);
#5560 = EDGE_LOOP('',(#5561,#5595,#5618,#5645));
#5561 = ORIENTED_EDGE('',*,*,#5562,.F.);
#5562 = EDGE_CURVE('',#5563,#5563,#5565,.T.);
#5563 = VERTEX_POINT('',#5564);
#5564 = CARTESIAN_POINT('',(9.,-2.204364238465E-15,22.5));
#5565 = SURFACE_CURVE('',#5566,(#5571,#5583),.PCURVE_S1.);
#5566 = CIRCLE('',#5567,9.);
#5567 = AXIS2_PLACEMENT_3D('',#5568,#5569,#5570);
#5568 = CARTESIAN_POINT('',(0.,0.,22.5));
#5569 = DIRECTION('',(0.,0.,1.));
#5570 = DIRECTION('',(1.,0.,-0.));
#5571 = PCURVE('',#5572,#5577);
#5572 = CYLINDRICAL_SURFACE('',#5573,9.);
#5573 = AXIS2_PLACEMENT_3D('',#5574,#5575,#5576);
#5574 = CARTESIAN_POINT('',(0.,0.,-22.5));
#5575 = DIRECTION('',(0.,0.,1.));
#5576 = DIRECTION('',(1.,0.,-0.));
#5577 = DEFINITIONAL_REPRESENTATION('',(#5578),#5582);
#5578 = LINE('',#5579,#5580);
#5579 = CARTESIAN_POINT('',(0.,45.));
#5580 = VECTOR('',#5581,1.);
#5581 = DIRECTION('',(1.,0.));
#5582 = ( GEOMETRIC_REPRESENTATION_CONTEXT(2) 
PARAMETRIC_REPRESENTATION_CONTEXT() REPRESENTATION_CONTEXT('2D SPACE',''
  ) );
#5583 = PCURVE('',#5584,#5589);
#5584 = PLANE('',#5585);
#5585 = AXIS2_PLACEMENT_3D('',#5586,#5587,#5588);
#5586 = CARTESIAN_POINT('',(0.,0.,22.5));
#5587 = DIRECTION('',(0.,0.,1.));
#5588 = DIRECTION('',(1.,0.,-0.));
#5589 = DEFINITIONAL_REPRESENTATION('',(#5590),#5594);
#5590 = CIRCLE('',#5591,9.);
#5591 = AXIS2_PLACEMENT_2D('',#5592,#5593);
#5592 = CARTESIAN_POINT('',(0.,0.));
#5593 = DIRECTION('',(1.,0.));
#5594 = ( GEOMETRIC_REPRESENTATION_CONTEXT(2) 
PARAMETRIC_REPRESENTATION_CONTEXT() REPRESENTATION_CONTEXT('2D SPACE',''
  ) );
#5595 = ORIENTED_EDGE('',*,*,#5596,.F.);
#5596 = EDGE_CURVE('',#5597,#5563,#5599,.T.);
#5597 = VERTEX_POINT('',#5598);
#5598 = CARTESIAN_POINT('',(9.,-2.204364238465E-15,-22.5));
#5599 = SEAM_CURVE('',#5600,(#5604,#5611),.PCURVE_S1.);
#5600 = LINE('',#5601,#5602);
#5601 = CARTESIAN_POINT('',(9.,-2.204364238465E-15,-22.5));
#5602 = VECTOR('',#5603,1.);
#5603 = DIRECTION('',(0.,0.,1.));
#5604 = PCURVE('',#5572,#5605);
#5605 = DEFINITIONAL_REPRESENTATION('',(#5606),#5610);
#5606 = LINE('',#5607,#5608);
#5607 = CARTESIAN_POINT('',(6.28318530718,-0.));
#5608 = VECTOR('',#5609,1.);
#5609 = DIRECTION('',(0.,1.));
#5610 = ( GEOMETRIC_REPRESENTATION_CONTEXT(2) 
PARAMETRIC_REPRESENTATION_CONTEXT() REPRESENTATION_CONTEXT('2D SPACE',''
  ) );
#5611 = PCURVE('',#5572,#5612);
#5612 = DEFINITIONAL_REPRESENTATION('',(#5613),#5617);
#5613 = LINE('',#5614,#5615);
#5614 = CARTESIAN_POINT('',(0.,-0.));
#5615 = VECTOR('',#5616,1.);
#5616 = DIRECTION('',(0.,1.));
#5617 = ( GEOMETRIC_REPRESENTATION_CONTEXT(2) 
PARAMETRIC_REPRESENTATION_CONTEXT() REPRESENTATION_CONTEXT('2D SPACE',''
  ) );
#5618 = ORIENTED_EDGE('',*,*,#5619,.T.);
#5619 = EDGE_CURVE('',#5597,#5597,#5620,.T.);
#5620 = SURFACE_CURVE('',#5621,(#5626,#5633),.PCURVE_S1.);
#5621 = CIRCLE('',#5622,9.);
#5622 = AXIS2_PLACEMENT_3D('',#5623,#5624,#5625);
#5623 = CARTESIAN_POINT('',(0.,0.,-22.5));
#5624 = DIRECTION('',(0.,0.,1.));
#5625 = DIRECTION('',(1.,0.,-0.));
#5626 = PCURVE('',#5572,#5627);
#5627 = DEFINITIONAL_REPRESENTATION('',(#5628),#5632);
#5628 = LINE('',#5629,#5630);
#5629 = CARTESIAN_POINT('',(0.,0.));
#5630 = VECTOR('',#5631,1.);
#5631 = DIRECTION('',(1.,0.));
#5632 = ( GEOMETRIC_REPRESENTATION_CONTEXT(2) 
PARAMETRIC_REPRESENTATION_CONTEXT() REPRESENTATION_CONTEXT('2D SPACE',''
  ) );
#5633 = PCURVE('',#5634,#5639);
#5634 = PLANE('',#5635);
#5635 = AXIS2_PLACEMENT_3D('',#5636,#5637,#5638);
#5636 = CARTESIAN_POINT('',(0.,0.,-22.5));
#5637 = DIRECTION('',(0.,0.,1.));
#5638 = DIRECTION('',(1.,0.,-0.));
#5639 = DEFINITIONAL_REPRESENTATION('',(#5640),#5644);
#5640 = CIRCLE('',#5641,9.);
#5641 = AXIS2_PLACEMENT_2D('',#5642,#5643);
#5642 = CARTESIAN_POINT('',(0.,0.));
#5643 = DIRECTION('',(1.,0.));
#5644 = ( GEOMETRIC_REPRESENTATION_CONTEXT(2) 
PARAMETRIC_REPRESENTATION_CONTEXT() REPRESENTATION_CONTEXT('2D SPACE',''
  ) );
#5645 = ORIENTED_EDGE('',*,*,#5596,.T.);
#5646 = ADVANCED_FACE('',(#5647),#5584,.T.);
#5647 = FACE_BOUND('',#5648,.T.);
#5648 = EDGE_LOOP('',(#5649));
#5649 = ORIENTED_EDGE('',*,*,#5562,.T.);
#5650 = ADVANCED_FACE('',(#5651),#5634,.F.);
#5651 = FACE_BOUND('',#5652,.T.);
#5652 = EDGE_LOOP('',(#5653));
#5653 = ORIENTED_EDGE('',*,*,#5619,.F.);
#5654 = ( GEOMETRIC_REPRESENTATION_CONTEXT(3) 
GLOBAL_UNCERTAINTY_ASSIGNED_CONTEXT((#5658)) 
GLOBAL_UNIT_ASSIGNED_CONTEXT((#5655,#5656,#5657)) REPRESENTATION_CONTEXT
('Context #1','3D Context with UNIT and UNCERTAINTY') );
#5655 = ( LENGTH_UNIT() NAMED_UNIT(*) SI_UNIT(.MILLI.,.METRE.) );
#5656 = ( NAMED_UNIT(*) PLANE_ANGLE_UNIT() SI_UNIT($,.RADIAN.) );
#5657 = ( NAMED_UNIT(*) SI_UNIT($,.STERADIAN.) SOLID_ANGLE_UNIT() );
#5658 = UNCERTAINTY_MEASURE_WITH_UNIT(LENGTH_MEASURE(1.E-07),#5655,
  'distance_accuracy_value','confusion accuracy');
#5659 = CONTEXT_DEPENDENT_SHAPE_REPRESENTATION(#5660,#5662);
#5660 = ( REPRESENTATION_RELATIONSHIP('','',#5555,#10) 
REPRESENTATION_RELATIONSHIP_WITH_TRANSFORMATION(#5661) 
SHAPE_REPRESENTATION_RELATIONSHIP() );
#5661 = ITEM_DEFINED_TRANSFORMATION('','',#11,#27);
#5662 = PRODUCT_DEFINITION_SHAPE('Placement','Placement of an item',
  #5663);
#5663 = NEXT_ASSEMBLY_USAGE_OCCURRENCE('4','=>[0:1:1:5]','',#5,#5550,$);
#5664 = PRODUCT_RELATED_PRODUCT_CATEGORY('part',$,(#5552));
#5665 = SHAPE_DEFINITION_REPRESENTATION(#5666,#5672);
#5666 = PRODUCT_DEFINITION_SHAPE('','',#5667);
#5667 = PRODUCT_DEFINITION('design','',#5668,#5671);
#5668 = PRODUCT_DEFINITION_FORMATION('','',#5669);
#5669 = PRODUCT('COMPOUND','COMPOUND','',(#5670));
#5670 = PRODUCT_CONTEXT('',#2,'mechanical');
#5671 = PRODUCT_DEFINITION_CONTEXT('part definition',#2,'design');
#5672 = ADVANCED_BREP_SHAPE_REPRESENTATION('',(#11,#5673),#5919);
#5673 = BREP_WITH_VOIDS('',#5674,(#5796));
#5674 = CLOSED_SHELL('',(#5675,#5737,#5792));
#5675 = ADVANCED_FACE('',(#5676),#5689,.T.);
#5676 = FACE_BOUND('',#5677,.T.);
#5677 = EDGE_LOOP('',(#5678,#5712,#5736));
#5678 = ORIENTED_EDGE('',*,*,#5679,.F.);
#5679 = EDGE_CURVE('',#5680,#5680,#5682,.T.);
#5680 = VERTEX_POINT('',#5681);
#5681 = CARTESIAN_POINT('',(510.,-2.449293598295E-15,2.741830343737E+03)
  );
#5682 = SURFACE_CURVE('',#5683,(#5688,#5700),.PCURVE_S1.);
#5683 = CIRCLE('',#5684,10.);
#5684 = AXIS2_PLACEMENT_3D('',#5685,#5686,#5687);
#5685 = CARTESIAN_POINT('',(500.,0.,2.741830343737E+03));
#5686 = DIRECTION('',(0.,0.,1.));
#5687 = DIRECTION('',(0.,-1.,0.));
#5688 = PCURVE('',#5689,#5694);
#5689 = SPHERICAL_SURFACE('',#5690,75.);
#5690 = AXIS2_PLACEMENT_3D('',#5691,#5692,#5693);
#5691 = CARTESIAN_POINT('',(500.,0.,2.6675E+03));
#5692 = DIRECTION('',(0.,0.,1.));
#5693 = DIRECTION('',(1.,0.,-0.));
#5694 = DEFINITIONAL_REPRESENTATION('',(#5695),#5699);
#5695 = LINE('',#5696,#5697);
#5696 = CARTESIAN_POINT('',(-1.570796326795,1.437064737385));
#5697 = VECTOR('',#5698,1.);
#5698 = DIRECTION('',(1.,0.));
#5699 = ( GEOMETRIC_REPRESENTATION_CONTEXT(2) 
PARAMETRIC_REPRESENTATION_CONTEXT() REPRESENTATION_CONTEXT('2D SPACE',''
  ) );
#5700 = PCURVE('',#5701,#5706);
#5701 = CYLINDRICAL_SURFACE('',#5702,10.);
#5702 = AXIS2_PLACEMENT_3D('',#5703,#5704,#5705);
#5703 = CARTESIAN_POINT('',(500.,0.,2.7385E+03));
#5704 = DIRECTION('',(0.,0.,1.));
#5705 = DIRECTION('',(1.,0.,-0.));
#5706 = DEFINITIONAL_REPRESENTATION('',(#5707),#5711);
#5707 = LINE('',#5708,#5709);
#5708 = CARTESIAN_POINT('',(-1.570796326795,3.330343736593));
#5709 = VECTOR('',#5710,1.);
#5710 = DIRECTION('',(1.,0.));
#5711 = ( GEOMETRIC_REPRESENTATION_CONTEXT(2) 
PARAMETRIC_REPRESENTATION_CONTEXT() REPRESENTATION_CONTEXT('2D SPACE',''
  ) );
#5712 = ORIENTED_EDGE('',*,*,#5713,.F.);
#5713 = EDGE_CURVE('',#5714,#5680,#5716,.T.);
#5714 = VERTEX_POINT('',#5715);
#5715 = CARTESIAN_POINT('',(500.,-1.124819836996E-30,2.5925E+03));
#5716 = SEAM_CURVE('',#5717,(#5722,#5729),.PCURVE_S1.);
#5717 = CIRCLE('',#5718,75.);
#5718 = AXIS2_PLACEMENT_3D('',#5719,#5720,#5721);
#5719 = CARTESIAN_POINT('',(500.,0.,2.6675E+03));
#5720 = DIRECTION('',(-2.449293598295E-16,-1.,0.));
#5721 = DIRECTION('',(1.,-2.449293598295E-16,0.));
#5722 = PCURVE('',#5689,#5723);
#5723 = DEFINITIONAL_REPRESENTATION('',(#5724),#5728);
#5724 = LINE('',#5725,#5726);
#5725 = CARTESIAN_POINT('',(6.28318530718,-6.28318530718));
#5726 = VECTOR('',#5727,1.);
#5727 = DIRECTION('',(0.,1.));
#5728 = ( GEOMETRIC_REPRESENTATION_CONTEXT(2) 
PARAMETRIC_REPRESENTATION_CONTEXT() REPRESENTATION_CONTEXT('2D SPACE',''
  ) );
#5729 = PCURVE('',#5689,#5730);
#5730 = DEFINITIONAL_REPRESENTATION('',(#5731),#5735);
#5731 = LINE('',#5732,#5733);
#5732 = CARTESIAN_POINT('',(0.,-6.28318530718));
#5733 = VECTOR('',#5734,1.);
#5734 = DIRECTION('',(0.,1.));
#5735 = ( GEOMETRIC_REPRESENTATION_CONTEXT(2) 
PARAMETRIC_REPRESENTATION_CONTEXT() REPRESENTATION_CONTEXT('2D SPACE',''
  ) );
#5736 = ORIENTED_EDGE('',*,*,#5713,.T.);
#5737 = ADVANCED_FACE('',(#5738),#5701,.T.);
#5738 = FACE_BOUND('',#5739,.T.);
#5739 = EDGE_LOOP('',(#5740,#5763,#5790,#5791));
#5740 = ORIENTED_EDGE('',*,*,#5741,.T.);
#5741 = EDGE_CURVE('',#5680,#5742,#5744,.T.);
#5742 = VERTEX_POINT('',#5743);
#5743 = CARTESIAN_POINT('',(510.,-2.449293598295E-15,2.7545E+03));
#5744 = SEAM_CURVE('',#5745,(#5749,#5756),.PCURVE_S1.);
#5745 = LINE('',#5746,#5747);
#5746 = CARTESIAN_POINT('',(510.,-2.449293598295E-15,2.7385E+03));
#5747 = VECTOR('',#5748,1.);
#5748 = DIRECTION('',(0.,0.,1.));
#5749 = PCURVE('',#5701,#5750);
#5750 = DEFINITIONAL_REPRESENTATION('',(#5751),#5755);
#5751 = LINE('',#5752,#5753);
#5752 = CARTESIAN_POINT('',(6.28318530718,-0.));
#5753 = VECTOR('',#5754,1.);
#5754 = DIRECTION('',(0.,1.));
#5755 = ( GEOMETRIC_REPRESENTATION_CONTEXT(2) 
PARAMETRIC_REPRESENTATION_CONTEXT() REPRESENTATION_CONTEXT('2D SPACE',''
  ) );
#5756 = PCURVE('',#5701,#5757);
#5757 = DEFINITIONAL_REPRESENTATION('',(#5758),#5762);
#5758 = LINE('',#5759,#5760);
#5759 = CARTESIAN_POINT('',(0.,-0.));
#5760 = VECTOR('',#5761,1.);
#5761 = DIRECTION('',(0.,1.));
#5762 = ( GEOMETRIC_REPRESENTATION_CONTEXT(2) 
PARAMETRIC_REPRESENTATION_CONTEXT() REPRESENTATION_CONTEXT('2D SPACE',''
  ) );
#5763 = ORIENTED_EDGE('',*,*,#5764,.F.);
#5764 = EDGE_CURVE('',#5742,#5742,#5765,.T.);
#5765 = SURFACE_CURVE('',#5766,(#5771,#5778),.PCURVE_S1.);
#5766 = CIRCLE('',#5767,10.);
#5767 = AXIS2_PLACEMENT_3D('',#5768,#5769,#5770);
#5768 = CARTESIAN_POINT('',(500.,0.,2.7545E+03));
#5769 = DIRECTION('',(0.,0.,1.));
#5770 = DIRECTION('',(1.,0.,-0.));
#5771 = PCURVE('',#5701,#5772);
#5772 = DEFINITIONAL_REPRESENTATION('',(#5773),#5777);
#5773 = LINE('',#5774,#5775);
#5774 = CARTESIAN_POINT('',(0.,16.));
#5775 = VECTOR('',#5776,1.);
#5776 = DIRECTION('',(1.,0.));
#5777 = ( GEOMETRIC_REPRESENTATION_CONTEXT(2) 
PARAMETRIC_REPRESENTATION_CONTEXT() REPRESENTATION_CONTEXT('2D SPACE',''
  ) );
#5778 = PCURVE('',#5779,#5784);
#5779 = PLANE('',#5780);
#5780 = AXIS2_PLACEMENT_3D('',#5781,#5782,#5783);
#5781 = CARTESIAN_POINT('',(500.,0.,2.7545E+03));
#5782 = DIRECTION('',(0.,0.,1.));
#5783 = DIRECTION('',(1.,0.,-0.));
#5784 = DEFINITIONAL_REPRESENTATION('',(#5785),#5789);
#5785 = CIRCLE('',#5786,10.);
#5786 = AXIS2_PLACEMENT_2D('',#5787,#5788);
#5787 = CARTESIAN_POINT('',(0.,0.));
#5788 = DIRECTION('',(1.,0.));
#5789 = ( GEOMETRIC_REPRESENTATION_CONTEXT(2) 
PARAMETRIC_REPRESENTATION_CONTEXT() REPRESENTATION_CONTEXT('2D SPACE',''
  ) );
#5790 = ORIENTED_EDGE('',*,*,#5741,.F.);
#5791 = ORIENTED_EDGE('',*,*,#5679,.T.);
#5792 = ADVANCED_FACE('',(#5793),#5779,.T.);
#5793 = FACE_BOUND('',#5794,.T.);
#5794 = EDGE_LOOP('',(#5795));
#5795 = ORIENTED_EDGE('',*,*,#5764,.T.);
#5796 = ORIENTED_CLOSED_SHELL('',*,#5797,.F.);
#5797 = CLOSED_SHELL('',(#5798,#5860,#5915));
#5798 = ADVANCED_FACE('',(#5799),#5812,.T.);
#5799 = FACE_BOUND('',#5800,.T.);
#5800 = EDGE_LOOP('',(#5801,#5835,#5859));
#5801 = ORIENTED_EDGE('',*,*,#5802,.F.);
#5802 = EDGE_CURVE('',#5803,#5803,#5805,.T.);
#5803 = VERTEX_POINT('',#5804);
#5804 = CARTESIAN_POINT('',(509.99999999999,-2.449293598294E-15,
    2.740316550317E+03));
#5805 = SURFACE_CURVE('',#5806,(#5811,#5823),.PCURVE_S1.);
#5806 = CIRCLE('',#5807,10.);
#5807 = AXIS2_PLACEMENT_3D('',#5808,#5809,#5810);
#5808 = CARTESIAN_POINT('',(500.,0.,2.740316550317E+03));
#5809 = DIRECTION('',(0.,0.,1.));
#5810 = DIRECTION('',(0.,-1.,0.));
#5811 = PCURVE('',#5812,#5817);
#5812 = SPHERICAL_SURFACE('',#5813,73.5);
#5813 = AXIS2_PLACEMENT_3D('',#5814,#5815,#5816);
#5814 = CARTESIAN_POINT('',(500.,0.,2.6675E+03));
#5815 = DIRECTION('',(0.,0.,1.));
#5816 = DIRECTION('',(1.,0.,-0.));
#5817 = DEFINITIONAL_REPRESENTATION('',(#5818),#5822);
#5818 = LINE('',#5819,#5820);
#5819 = CARTESIAN_POINT('',(-1.570796326795,1.434318623421));
#5820 = VECTOR('',#5821,1.);
#5821 = DIRECTION('',(1.,0.));
#5822 = ( GEOMETRIC_REPRESENTATION_CONTEXT(2) 
PARAMETRIC_REPRESENTATION_CONTEXT() REPRESENTATION_CONTEXT('2D SPACE',''
  ) );
#5823 = PCURVE('',#5824,#5829);
#5824 = CYLINDRICAL_SURFACE('',#5825,10.);
#5825 = AXIS2_PLACEMENT_3D('',#5826,#5827,#5828);
#5826 = CARTESIAN_POINT('',(500.,0.,2.7385E+03));
#5827 = DIRECTION('',(0.,0.,1.));
#5828 = DIRECTION('',(1.,0.,-0.));
#5829 = DEFINITIONAL_REPRESENTATION('',(#5830),#5834);
#5830 = LINE('',#5831,#5832);
#5831 = CARTESIAN_POINT('',(-1.570796326795,1.816550316532));
#5832 = VECTOR('',#5833,1.);
#5833 = DIRECTION('',(1.,0.));
#5834 = ( GEOMETRIC_REPRESENTATION_CONTEXT(2) 
PARAMETRIC_REPRESENTATION_CONTEXT() REPRESENTATION_CONTEXT('2D SPACE',''
  ) );
#5835 = ORIENTED_EDGE('',*,*,#5836,.F.);
#5836 = EDGE_CURVE('',#5837,#5803,#5839,.T.);
#5837 = VERTEX_POINT('',#5838);
#5838 = CARTESIAN_POINT('',(500.,-1.102323440256E-30,2.594E+03));
#5839 = SEAM_CURVE('',#5840,(#5845,#5852),.PCURVE_S1.);
#5840 = CIRCLE('',#5841,73.5);
#5841 = AXIS2_PLACEMENT_3D('',#5842,#5843,#5844);
#5842 = CARTESIAN_POINT('',(500.,0.,2.6675E+03));
#5843 = DIRECTION('',(-2.449293598295E-16,-1.,0.));
#5844 = DIRECTION('',(1.,-2.449293598295E-16,0.));
#5845 = PCURVE('',#5812,#5846);
#5846 = DEFINITIONAL_REPRESENTATION('',(#5847),#5851);
#5847 = LINE('',#5848,#5849);
#5848 = CARTESIAN_POINT('',(6.28318530718,-6.28318530718));
#5849 = VECTOR('',#5850,1.);
#5850 = DIRECTION('',(0.,1.));
#5851 = ( GEOMETRIC_REPRESENTATION_CONTEXT(2) 
PARAMETRIC_REPRESENTATION_CONTEXT() REPRESENTATION_CONTEXT('2D SPACE',''
  ) );
#5852 = PCURVE('',#5812,#5853);
#5853 = DEFINITIONAL_REPRESENTATION('',(#5854),#5858);
#5854 = LINE('',#5855,#5856);
#5855 = CARTESIAN_POINT('',(0.,-6.28318530718));
#5856 = VECTOR('',#5857,1.);
#5857 = DIRECTION('',(0.,1.));
#5858 = ( GEOMETRIC_REPRESENTATION_CONTEXT(2) 
PARAMETRIC_REPRESENTATION_CONTEXT() REPRESENTATION_CONTEXT('2D SPACE',''
  ) );
#5859 = ORIENTED_EDGE('',*,*,#5836,.T.);
#5860 = ADVANCED_FACE('',(#5861),#5824,.F.);
#5861 = FACE_BOUND('',#5862,.F.);
#5862 = EDGE_LOOP('',(#5863,#5864,#5887,#5914));
#5863 = ORIENTED_EDGE('',*,*,#5802,.F.);
#5864 = ORIENTED_EDGE('',*,*,#5865,.F.);
#5865 = EDGE_CURVE('',#5866,#5803,#5868,.T.);
#5866 = VERTEX_POINT('',#5867);
#5867 = CARTESIAN_POINT('',(510.,-2.449293598295E-15,2.7385E+03));
#5868 = SEAM_CURVE('',#5869,(#5873,#5880),.PCURVE_S1.);
#5869 = LINE('',#5870,#5871);
#5870 = CARTESIAN_POINT('',(510.,-2.449293598295E-15,2.7385E+03));
#5871 = VECTOR('',#5872,1.);
#5872 = DIRECTION('',(0.,0.,1.));
#5873 = PCURVE('',#5824,#5874);
#5874 = DEFINITIONAL_REPRESENTATION('',(#5875),#5879);
#5875 = LINE('',#5876,#5877);
#5876 = CARTESIAN_POINT('',(6.28318530718,-0.));
#5877 = VECTOR('',#5878,1.);
#5878 = DIRECTION('',(0.,1.));
#5879 = ( GEOMETRIC_REPRESENTATION_CONTEXT(2) 
PARAMETRIC_REPRESENTATION_CONTEXT() REPRESENTATION_CONTEXT('2D SPACE',''
  ) );
#5880 = PCURVE('',#5824,#5881);
#5881 = DEFINITIONAL_REPRESENTATION('',(#5882),#5886);
#5882 = LINE('',#5883,#5884);
#5883 = CARTESIAN_POINT('',(0.,-0.));
#5884 = VECTOR('',#5885,1.);
#5885 = DIRECTION('',(0.,1.));
#5886 = ( GEOMETRIC_REPRESENTATION_CONTEXT(2) 
PARAMETRIC_REPRESENTATION_CONTEXT() REPRESENTATION_CONTEXT('2D SPACE',''
  ) );
#5887 = ORIENTED_EDGE('',*,*,#5888,.T.);
#5888 = EDGE_CURVE('',#5866,#5866,#5889,.T.);
#5889 = SURFACE_CURVE('',#5890,(#5895,#5902),.PCURVE_S1.);
#5890 = CIRCLE('',#5891,10.);
#5891 = AXIS2_PLACEMENT_3D('',#5892,#5893,#5894);
#5892 = CARTESIAN_POINT('',(500.,0.,2.7385E+03));
#5893 = DIRECTION('',(0.,0.,1.));
#5894 = DIRECTION('',(1.,0.,-0.));
#5895 = PCURVE('',#5824,#5896);
#5896 = DEFINITIONAL_REPRESENTATION('',(#5897),#5901);
#5897 = LINE('',#5898,#5899);
#5898 = CARTESIAN_POINT('',(0.,0.));
#5899 = VECTOR('',#5900,1.);
#5900 = DIRECTION('',(1.,0.));
#5901 = ( GEOMETRIC_REPRESENTATION_CONTEXT(2) 
PARAMETRIC_REPRESENTATION_CONTEXT() REPRESENTATION_CONTEXT('2D SPACE',''
  ) );
#5902 = PCURVE('',#5903,#5908);
#5903 = PLANE('',#5904);
#5904 = AXIS2_PLACEMENT_3D('',#5905,#5906,#5907);
#5905 = CARTESIAN_POINT('',(500.,0.,2.7385E+03));
#5906 = DIRECTION('',(0.,0.,1.));
#5907 = DIRECTION('',(1.,0.,-0.));
#5908 = DEFINITIONAL_REPRESENTATION('',(#5909),#5913);
#5909 = CIRCLE('',#5910,10.);
#5910 = AXIS2_PLACEMENT_2D('',#5911,#5912);
#5911 = CARTESIAN_POINT('',(0.,0.));
#5912 = DIRECTION('',(1.,0.));
#5913 = ( GEOMETRIC_REPRESENTATION_CONTEXT(2) 
PARAMETRIC_REPRESENTATION_CONTEXT() REPRESENTATION_CONTEXT('2D SPACE',''
  ) );
#5914 = ORIENTED_EDGE('',*,*,#5865,.T.);
#5915 = ADVANCED_FACE('',(#5916),#5903,.T.);
#5916 = FACE_BOUND('',#5917,.F.);
#5917 = EDGE_LOOP('',(#5918));
#5918 = ORIENTED_EDGE('',*,*,#5888,.F.);
#5919 = ( GEOMETRIC_REPRESENTATION_CONTEXT(3) 
GLOBAL_UNCERTAINTY_ASSIGNED_CONTEXT((#5923)) 
GLOBAL_UNIT_ASSIGNED_CONTEXT((#5920,#5921,#5922)) REPRESENTATION_CONTEXT
('Context #1','3D Context with UNIT and UNCERTAINTY') );
#5920 = ( LENGTH_UNIT() NAMED_UNIT(*) SI_UNIT(.MILLI.,.METRE.) );
#5921 = ( NAMED_UNIT(*) PLANE_ANGLE_UNIT() SI_UNIT($,.RADIAN.) );
#5922 = ( NAMED_UNIT(*) SI_UNIT($,.STERADIAN.) SOLID_ANGLE_UNIT() );
#5923 = UNCERTAINTY_MEASURE_WITH_UNIT(LENGTH_MEASURE(1.E-07),#5920,
  'distance_accuracy_value','confusion accuracy');
#5924 = CONTEXT_DEPENDENT_SHAPE_REPRESENTATION(#5925,#5927);
#5925 = ( REPRESENTATION_RELATIONSHIP('','',#5672,#10) 
REPRESENTATION_RELATIONSHIP_WITH_TRANSFORMATION(#5926) 
SHAPE_REPRESENTATION_RELATIONSHIP() );
#5926 = ITEM_DEFINED_TRANSFORMATION('','',#11,#31);
#5927 = PRODUCT_DEFINITION_SHAPE('Placement','Placement of an item',
  #5928);
#5928 = NEXT_ASSEMBLY_USAGE_OCCURRENCE('5','=>[0:1:1:6]','',#5,#5667,$);
#5929 = PRODUCT_RELATED_PRODUCT_CATEGORY('part',$,(#5669));
#5930 = SHAPE_DEFINITION_REPRESENTATION(#5931,#5937);
#5931 = PRODUCT_DEFINITION_SHAPE('','',#5932);
#5932 = PRODUCT_DEFINITION('design','',#5933,#5936);
#5933 = PRODUCT_DEFINITION_FORMATION('','',#5934);
#5934 = PRODUCT('SOLID','SOLID','',(#5935));
#5935 = PRODUCT_CONTEXT('',#2,'mechanical');
#5936 = PRODUCT_DEFINITION_CONTEXT('part definition',#2,'design');
#5937 = ADVANCED_BREP_SHAPE_REPRESENTATION('',(#11,#5938),#6086);
#5938 = MANIFOLD_SOLID_BREP('',#5939);
#5939 = CLOSED_SHELL('',(#5940,#6052,#6082));
#5940 = ADVANCED_FACE('',(#5941),#5956,.T.);
#5941 = FACE_BOUND('',#5942,.T.);
#5942 = EDGE_LOOP('',(#5943,#5979,#6002,#6029,#6030));
#5943 = ORIENTED_EDGE('',*,*,#5944,.F.);
#5944 = EDGE_CURVE('',#5945,#5947,#5949,.T.);
#5945 = VERTEX_POINT('',#5946);
#5946 = CARTESIAN_POINT('',(497.5,-6.123233995737E-16,2.671830127019E+03
    ));
#5947 = VERTEX_POINT('',#5948);
#5948 = CARTESIAN_POINT('',(502.5,-6.123233995737E-16,2.671830127019E+03
    ));
#5949 = SURFACE_CURVE('',#5950,(#5955,#5967),.PCURVE_S1.);
#5950 = CIRCLE('',#5951,2.5);
#5951 = AXIS2_PLACEMENT_3D('',#5952,#5953,#5954);
#5952 = CARTESIAN_POINT('',(500.,0.,2.671830127019E+03));
#5953 = DIRECTION('',(0.,0.,-1.));
#5954 = DIRECTION('',(0.,1.,0.));
#5955 = PCURVE('',#5956,#5961);
#5956 = CYLINDRICAL_SURFACE('',#5957,2.5);
#5957 = AXIS2_PLACEMENT_3D('',#5958,#5959,#5960);
#5958 = CARTESIAN_POINT('',(500.,0.,2.7545E+03));
#5959 = DIRECTION('',(0.,0.,-1.));
#5960 = DIRECTION('',(-1.,0.,-0.));
#5961 = DEFINITIONAL_REPRESENTATION('',(#5962),#5966);
#5962 = LINE('',#5963,#5964);
#5963 = CARTESIAN_POINT('',(-4.712388980385,82.669872981078));
#5964 = VECTOR('',#5965,1.);
#5965 = DIRECTION('',(1.,0.));
#5966 = ( GEOMETRIC_REPRESENTATION_CONTEXT(2) 
PARAMETRIC_REPRESENTATION_CONTEXT() REPRESENTATION_CONTEXT('2D SPACE',''
  ) );
#5967 = PCURVE('',#5968,#5973);
#5968 = SPHERICAL_SURFACE('',#5969,5.);
#5969 = AXIS2_PLACEMENT_3D('',#5970,#5971,#5972);
#5970 = CARTESIAN_POINT('',(500.,0.,2.6675E+03));
#5971 = DIRECTION('',(0.,0.,1.));
#5972 = DIRECTION('',(1.,0.,-0.));
#5973 = DEFINITIONAL_REPRESENTATION('',(#5974),#5978);
#5974 = LINE('',#5975,#5976);
#5975 = CARTESIAN_POINT('',(7.853981633974,1.047197551197));
#5976 = VECTOR('',#5977,1.);
#5977 = DIRECTION('',(-1.,0.));
#5978 = ( GEOMETRIC_REPRESENTATION_CONTEXT(2) 
PARAMETRIC_REPRESENTATION_CONTEXT() REPRESENTATION_CONTEXT('2D SPACE',''
  ) );
#5979 = ORIENTED_EDGE('',*,*,#5980,.F.);
#5980 = EDGE_CURVE('',#5981,#5945,#5983,.T.);
#5981 = VERTEX_POINT('',#5982);
#5982 = CARTESIAN_POINT('',(497.5,-6.123233995737E-16,2.7545E+03));
#5983 = SEAM_CURVE('',#5984,(#5988,#5995),.PCURVE_S1.);
#5984 = LINE('',#5985,#5986);
#5985 = CARTESIAN_POINT('',(497.5,-6.123233995737E-16,2.7545E+03));
#5986 = VECTOR('',#5987,1.);
#5987 = DIRECTION('',(0.,0.,-1.));
#5988 = PCURVE('',#5956,#5989);
#5989 = DEFINITIONAL_REPRESENTATION('',(#5990),#5994);
#5990 = LINE('',#5991,#5992);
#5991 = CARTESIAN_POINT('',(6.28318530718,-0.));
#5992 = VECTOR('',#5993,1.);
#5993 = DIRECTION('',(0.,1.));
#5994 = ( GEOMETRIC_REPRESENTATION_CONTEXT(2) 
PARAMETRIC_REPRESENTATION_CONTEXT() REPRESENTATION_CONTEXT('2D SPACE',''
  ) );
#5995 = PCURVE('',#5956,#5996);
#5996 = DEFINITIONAL_REPRESENTATION('',(#5997),#6001);
#5997 = LINE('',#5998,#5999);
#5998 = CARTESIAN_POINT('',(0.,-0.));
#5999 = VECTOR('',#6000,1.);
#6000 = DIRECTION('',(0.,1.));
#6001 = ( GEOMETRIC_REPRESENTATION_CONTEXT(2) 
PARAMETRIC_REPRESENTATION_CONTEXT() REPRESENTATION_CONTEXT('2D SPACE',''
  ) );
#6002 = ORIENTED_EDGE('',*,*,#6003,.T.);
#6003 = EDGE_CURVE('',#5981,#5981,#6004,.T.);
#6004 = SURFACE_CURVE('',#6005,(#6010,#6017),.PCURVE_S1.);
#6005 = CIRCLE('',#6006,2.5);
#6006 = AXIS2_PLACEMENT_3D('',#6007,#6008,#6009);
#6007 = CARTESIAN_POINT('',(500.,0.,2.7545E+03));
#6008 = DIRECTION('',(0.,0.,-1.));
#6009 = DIRECTION('',(-1.,0.,-0.));
#6010 = PCURVE('',#5956,#6011);
#6011 = DEFINITIONAL_REPRESENTATION('',(#6012),#6016);
#6012 = LINE('',#6013,#6014);
#6013 = CARTESIAN_POINT('',(0.,0.));
#6014 = VECTOR('',#6015,1.);
#6015 = DIRECTION('',(1.,0.));
#6016 = ( GEOMETRIC_REPRESENTATION_CONTEXT(2) 
PARAMETRIC_REPRESENTATION_CONTEXT() REPRESENTATION_CONTEXT('2D SPACE',''
  ) );
#6017 = PCURVE('',#6018,#6023);
#6018 = PLANE('',#6019);
#6019 = AXIS2_PLACEMENT_3D('',#6020,#6021,#6022);
#6020 = CARTESIAN_POINT('',(500.,0.,2.7545E+03));
#6021 = DIRECTION('',(0.,0.,-1.));
#6022 = DIRECTION('',(-1.,0.,-0.));
#6023 = DEFINITIONAL_REPRESENTATION('',(#6024),#6028);
#6024 = CIRCLE('',#6025,2.5);
#6025 = AXIS2_PLACEMENT_2D('',#6026,#6027);
#6026 = CARTESIAN_POINT('',(0.,0.));
#6027 = DIRECTION('',(1.,0.));
#6028 = ( GEOMETRIC_REPRESENTATION_CONTEXT(2) 
PARAMETRIC_REPRESENTATION_CONTEXT() REPRESENTATION_CONTEXT('2D SPACE',''
  ) );
#6029 = ORIENTED_EDGE('',*,*,#5980,.T.);
#6030 = ORIENTED_EDGE('',*,*,#6031,.F.);
#6031 = EDGE_CURVE('',#5947,#5945,#6032,.T.);
#6032 = SURFACE_CURVE('',#6033,(#6038,#6045),.PCURVE_S1.);
#6033 = CIRCLE('',#6034,2.5);
#6034 = AXIS2_PLACEMENT_3D('',#6035,#6036,#6037);
#6035 = CARTESIAN_POINT('',(500.,0.,2.671830127019E+03));
#6036 = DIRECTION('',(0.,0.,-1.));
#6037 = DIRECTION('',(0.,1.,0.));
#6038 = PCURVE('',#5956,#6039);
#6039 = DEFINITIONAL_REPRESENTATION('',(#6040),#6044);
#6040 = LINE('',#6041,#6042);
#6041 = CARTESIAN_POINT('',(1.570796326795,82.669872981078));
#6042 = VECTOR('',#6043,1.);
#6043 = DIRECTION('',(1.,0.));
#6044 = ( GEOMETRIC_REPRESENTATION_CONTEXT(2) 
PARAMETRIC_REPRESENTATION_CONTEXT() REPRESENTATION_CONTEXT('2D SPACE',''
  ) );
#6045 = PCURVE('',#5968,#6046);
#6046 = DEFINITIONAL_REPRESENTATION('',(#6047),#6051);
#6047 = LINE('',#6048,#6049);
#6048 = CARTESIAN_POINT('',(7.853981633974,1.047197551197));
#6049 = VECTOR('',#6050,1.);
#6050 = DIRECTION('',(-1.,0.));
#6051 = ( GEOMETRIC_REPRESENTATION_CONTEXT(2) 
PARAMETRIC_REPRESENTATION_CONTEXT() REPRESENTATION_CONTEXT('2D SPACE',''
  ) );
#6052 = ADVANCED_FACE('',(#6053),#5968,.T.);
#6053 = FACE_BOUND('',#6054,.T.);
#6054 = EDGE_LOOP('',(#6055,#6056,#6080,#6081));
#6055 = ORIENTED_EDGE('',*,*,#5944,.T.);
#6056 = ORIENTED_EDGE('',*,*,#6057,.F.);
#6057 = EDGE_CURVE('',#6058,#5947,#6060,.T.);
#6058 = VERTEX_POINT('',#6059);
#6059 = CARTESIAN_POINT('',(500.,-7.498798913309E-32,2.6625E+03));
#6060 = SEAM_CURVE('',#6061,(#6066,#6073),.PCURVE_S1.);
#6061 = CIRCLE('',#6062,5.);
#6062 = AXIS2_PLACEMENT_3D('',#6063,#6064,#6065);
#6063 = CARTESIAN_POINT('',(500.,0.,2.6675E+03));
#6064 = DIRECTION('',(-2.449293598295E-16,-1.,0.));
#6065 = DIRECTION('',(1.,-2.449293598295E-16,0.));
#6066 = PCURVE('',#5968,#6067);
#6067 = DEFINITIONAL_REPRESENTATION('',(#6068),#6072);
#6068 = LINE('',#6069,#6070);
#6069 = CARTESIAN_POINT('',(6.28318530718,-6.28318530718));
#6070 = VECTOR('',#6071,1.);
#6071 = DIRECTION('',(0.,1.));
#6072 = ( GEOMETRIC_REPRESENTATION_CONTEXT(2) 
PARAMETRIC_REPRESENTATION_CONTEXT() REPRESENTATION_CONTEXT('2D SPACE',''
  ) );
#6073 = PCURVE('',#5968,#6074);
#6074 = DEFINITIONAL_REPRESENTATION('',(#6075),#6079);
#6075 = LINE('',#6076,#6077);
#6076 = CARTESIAN_POINT('',(0.,-6.28318530718));
#6077 = VECTOR('',#6078,1.);
#6078 = DIRECTION('',(0.,1.));
#6079 = ( GEOMETRIC_REPRESENTATION_CONTEXT(2) 
PARAMETRIC_REPRESENTATION_CONTEXT() REPRESENTATION_CONTEXT('2D SPACE',''
  ) );
#6080 = ORIENTED_EDGE('',*,*,#6057,.T.);
#6081 = ORIENTED_EDGE('',*,*,#6031,.T.);
#6082 = ADVANCED_FACE('',(#6083),#6018,.F.);
#6083 = FACE_BOUND('',#6084,.T.);
#6084 = EDGE_LOOP('',(#6085));
#6085 = ORIENTED_EDGE('',*,*,#6003,.F.);
#6086 = ( GEOMETRIC_REPRESENTATION_CONTEXT(3) 
GLOBAL_UNCERTAINTY_ASSIGNED_CONTEXT((#6090)) 
GLOBAL_UNIT_ASSIGNED_CONTEXT((#6087,#6088,#6089)) REPRESENTATION_CONTEXT
('Context #1','3D Context with UNIT and UNCERTAINTY') );
#6087 = ( LENGTH_UNIT() NAMED_UNIT(*) SI_UNIT(.MILLI.,.METRE.) );
#6088 = ( NAMED_UNIT(*) PLANE_ANGLE_UNIT() SI_UNIT($,.RADIAN.) );
#6089 = ( NAMED_UNIT(*) SI_UNIT($,.STERADIAN.) SOLID_ANGLE_UNIT() );
#6090 = UNCERTAINTY_MEASURE_WITH_UNIT(LENGTH_MEASURE(1.E-07),#6087,
  'distance_accuracy_value','confusion accuracy');
#6091 = CONTEXT_DEPENDENT_SHAPE_REPRESENTATION(#6092,#6094);
#6092 = ( REPRESENTATION_RELATIONSHIP('','',#5937,#10) 
REPRESENTATION_RELATIONSHIP_WITH_TRANSFORMATION(#6093) 
SHAPE_REPRESENTATION_RELATIONSHIP() );
#6093 = ITEM_DEFINED_TRANSFORMATION('','',#11,#35);
#6094 = PRODUCT_DEFINITION_SHAPE('Placement','Placement of an item',
  #6095);
#6095 = NEXT_ASSEMBLY_USAGE_OCCURRENCE('6','=>[0:1:1:7]','',#5,#5932,$);
#6096 = PRODUCT_RELATED_PRODUCT_CATEGORY('part',$,(#5934));
#6097 = SHAPE_DEFINITION_REPRESENTATION(#6098,#6104);
#6098 = PRODUCT_DEFINITION_SHAPE('','',#6099);
#6099 = PRODUCT_DEFINITION('design','',#6100,#6103);
#6100 = PRODUCT_DEFINITION_FORMATION('','',#6101);
#6101 = PRODUCT('SOLID','SOLID','',(#6102));
#6102 = PRODUCT_CONTEXT('',#2,'mechanical');
#6103 = PRODUCT_DEFINITION_CONTEXT('part definition',#2,'design');
#6104 = ADVANCED_BREP_SHAPE_REPRESENTATION('',(#11,#6105),#9041);
#6105 = MANIFOLD_SOLID_BREP('',#6106);
#6106 = CLOSED_SHELL('',(#6107,#6195,#6230,#6234,#6832,#6836,#6925,#7014
    ,#7238,#7557,#7876,#8033,#8037,#8044,#8051,#8201,#8410,#8668,#8769,
    #8846,#8923,#8978,#9033,#9037));
#6107 = ADVANCED_FACE('',(#6108),#6121,.T.);
#6108 = FACE_BOUND('',#6109,.T.);
#6109 = EDGE_LOOP('',(#6110,#6144,#6167,#6194));
#6110 = ORIENTED_EDGE('',*,*,#6111,.F.);
#6111 = EDGE_CURVE('',#6112,#6112,#6114,.T.);
#6112 = VERTEX_POINT('',#6113);
#6113 = CARTESIAN_POINT('',(595.15,-1.959434878636E-15,2.9625E+03));
#6114 = SURFACE_CURVE('',#6115,(#6120,#6132),.PCURVE_S1.);
#6115 = CIRCLE('',#6116,8.);
#6116 = AXIS2_PLACEMENT_3D('',#6117,#6118,#6119);
#6117 = CARTESIAN_POINT('',(587.15,0.,2.9625E+03));
#6118 = DIRECTION('',(0.,0.,1.));
#6119 = DIRECTION('',(1.,0.,-0.));
#6120 = PCURVE('',#6121,#6126);
#6121 = CYLINDRICAL_SURFACE('',#6122,8.);
#6122 = AXIS2_PLACEMENT_3D('',#6123,#6124,#6125);
#6123 = CARTESIAN_POINT('',(587.15,0.,2.8125E+03));
#6124 = DIRECTION('',(0.,0.,1.));
#6125 = DIRECTION('',(1.,0.,-0.));
#6126 = DEFINITIONAL_REPRESENTATION('',(#6127),#6131);
#6127 = LINE('',#6128,#6129);
#6128 = CARTESIAN_POINT('',(0.,150.));
#6129 = VECTOR('',#6130,1.);
#6130 = DIRECTION('',(1.,0.));
#6131 = ( GEOMETRIC_REPRESENTATION_CONTEXT(2) 
PARAMETRIC_REPRESENTATION_CONTEXT() REPRESENTATION_CONTEXT('2D SPACE',''
  ) );
#6132 = PCURVE('',#6133,#6138);
#6133 = PLANE('',#6134);
#6134 = AXIS2_PLACEMENT_3D('',#6135,#6136,#6137);
#6135 = CARTESIAN_POINT('',(587.15,0.,2.9625E+03));
#6136 = DIRECTION('',(0.,0.,1.));
#6137 = DIRECTION('',(1.,0.,-0.));
#6138 = DEFINITIONAL_REPRESENTATION('',(#6139),#6143);
#6139 = CIRCLE('',#6140,8.);
#6140 = AXIS2_PLACEMENT_2D('',#6141,#6142);
#6141 = CARTESIAN_POINT('',(0.,0.));
#6142 = DIRECTION('',(1.,0.));
#6143 = ( GEOMETRIC_REPRESENTATION_CONTEXT(2) 
PARAMETRIC_REPRESENTATION_CONTEXT() REPRESENTATION_CONTEXT('2D SPACE',''
  ) );
#6144 = ORIENTED_EDGE('',*,*,#6145,.F.);
#6145 = EDGE_CURVE('',#6146,#6112,#6148,.T.);
#6146 = VERTEX_POINT('',#6147);
#6147 = CARTESIAN_POINT('',(595.15,-1.959434878636E-15,2.8125E+03));
#6148 = SEAM_CURVE('',#6149,(#6153,#6160),.PCURVE_S1.);
#6149 = LINE('',#6150,#6151);
#6150 = CARTESIAN_POINT('',(595.15,-1.959434878636E-15,2.8125E+03));
#6151 = VECTOR('',#6152,1.);
#6152 = DIRECTION('',(0.,0.,1.));
#6153 = PCURVE('',#6121,#6154);
#6154 = DEFINITIONAL_REPRESENTATION('',(#6155),#6159);
#6155 = LINE('',#6156,#6157);
#6156 = CARTESIAN_POINT('',(6.28318530718,-0.));
#6157 = VECTOR('',#6158,1.);
#6158 = DIRECTION('',(0.,1.));
#6159 = ( GEOMETRIC_REPRESENTATION_CONTEXT(2) 
PARAMETRIC_REPRESENTATION_CONTEXT() REPRESENTATION_CONTEXT('2D SPACE',''
  ) );
#6160 = PCURVE('',#6121,#6161);
#6161 = DEFINITIONAL_REPRESENTATION('',(#6162),#6166);
#6162 = LINE('',#6163,#6164);
#6163 = CARTESIAN_POINT('',(0.,-0.));
#6164 = VECTOR('',#6165,1.);
#6165 = DIRECTION('',(0.,1.));
#6166 = ( GEOMETRIC_REPRESENTATION_CONTEXT(2) 
PARAMETRIC_REPRESENTATION_CONTEXT() REPRESENTATION_CONTEXT('2D SPACE',''
  ) );
#6167 = ORIENTED_EDGE('',*,*,#6168,.T.);
#6168 = EDGE_CURVE('',#6146,#6146,#6169,.T.);
#6169 = SURFACE_CURVE('',#6170,(#6175,#6182),.PCURVE_S1.);
#6170 = CIRCLE('',#6171,8.);
#6171 = AXIS2_PLACEMENT_3D('',#6172,#6173,#6174);
#6172 = CARTESIAN_POINT('',(587.15,0.,2.8125E+03));
#6173 = DIRECTION('',(0.,0.,1.));
#6174 = DIRECTION('',(1.,0.,-0.));
#6175 = PCURVE('',#6121,#6176);
#6176 = DEFINITIONAL_REPRESENTATION('',(#6177),#6181);
#6177 = LINE('',#6178,#6179);
#6178 = CARTESIAN_POINT('',(0.,0.));
#6179 = VECTOR('',#6180,1.);
#6180 = DIRECTION('',(1.,0.));
#6181 = ( GEOMETRIC_REPRESENTATION_CONTEXT(2) 
PARAMETRIC_REPRESENTATION_CONTEXT() REPRESENTATION_CONTEXT('2D SPACE',''
  ) );
#6182 = PCURVE('',#6183,#6188);
#6183 = PLANE('',#6184);
#6184 = AXIS2_PLACEMENT_3D('',#6185,#6186,#6187);
#6185 = CARTESIAN_POINT('',(587.15,0.,2.8125E+03));
#6186 = DIRECTION('',(0.,0.,1.));
#6187 = DIRECTION('',(1.,0.,-0.));
#6188 = DEFINITIONAL_REPRESENTATION('',(#6189),#6193);
#6189 = CIRCLE('',#6190,8.);
#6190 = AXIS2_PLACEMENT_2D('',#6191,#6192);
#6191 = CARTESIAN_POINT('',(0.,0.));
#6192 = DIRECTION('',(1.,0.));
#6193 = ( GEOMETRIC_REPRESENTATION_CONTEXT(2) 
PARAMETRIC_REPRESENTATION_CONTEXT() REPRESENTATION_CONTEXT('2D SPACE',''
  ) );
#6194 = ORIENTED_EDGE('',*,*,#6145,.T.);
#6195 = ADVANCED_FACE('',(#6196,#6227),#6133,.F.);
#6196 = FACE_BOUND('',#6197,.F.);
#6197 = EDGE_LOOP('',(#6198));
#6198 = ORIENTED_EDGE('',*,*,#6199,.T.);
#6199 = EDGE_CURVE('',#6200,#6200,#6202,.T.);
#6200 = VERTEX_POINT('',#6201);
#6201 = CARTESIAN_POINT('',(609.15,-5.388445916248E-15,2.9625E+03));
#6202 = SURFACE_CURVE('',#6203,(#6208,#6215),.PCURVE_S1.);
#6203 = CIRCLE('',#6204,22.);
#6204 = AXIS2_PLACEMENT_3D('',#6205,#6206,#6207);
#6205 = CARTESIAN_POINT('',(587.15,0.,2.9625E+03));
#6206 = DIRECTION('',(0.,0.,1.));
#6207 = DIRECTION('',(1.,0.,-0.));
#6208 = PCURVE('',#6133,#6209);
#6209 = DEFINITIONAL_REPRESENTATION('',(#6210),#6214);
#6210 = CIRCLE('',#6211,22.);
#6211 = AXIS2_PLACEMENT_2D('',#6212,#6213);
#6212 = CARTESIAN_POINT('',(0.,0.));
#6213 = DIRECTION('',(1.,0.));
#6214 = ( GEOMETRIC_REPRESENTATION_CONTEXT(2) 
PARAMETRIC_REPRESENTATION_CONTEXT() REPRESENTATION_CONTEXT('2D SPACE',''
  ) );
#6215 = PCURVE('',#6216,#6221);
#6216 = CYLINDRICAL_SURFACE('',#6217,22.);
#6217 = AXIS2_PLACEMENT_3D('',#6218,#6219,#6220);
#6218 = CARTESIAN_POINT('',(587.15,0.,2.9625E+03));
#6219 = DIRECTION('',(0.,0.,1.));
#6220 = DIRECTION('',(1.,0.,-0.));
#6221 = DEFINITIONAL_REPRESENTATION('',(#6222),#6226);
#6222 = LINE('',#6223,#6224);
#6223 = CARTESIAN_POINT('',(0.,0.));
#6224 = VECTOR('',#6225,1.);
#6225 = DIRECTION('',(1.,0.));
#6226 = ( GEOMETRIC_REPRESENTATION_CONTEXT(2) 
PARAMETRIC_REPRESENTATION_CONTEXT() REPRESENTATION_CONTEXT('2D SPACE',''
  ) );
#6227 = FACE_BOUND('',#6228,.F.);
#6228 = EDGE_LOOP('',(#6229));
#6229 = ORIENTED_EDGE('',*,*,#6111,.F.);
#6230 = ADVANCED_FACE('',(#6231),#6183,.F.);
#6231 = FACE_BOUND('',#6232,.T.);
#6232 = EDGE_LOOP('',(#6233));
#6233 = ORIENTED_EDGE('',*,*,#6168,.F.);
#6234 = ADVANCED_FACE('',(#6235,#6289,#6463,#6637),#6216,.T.);
#6235 = FACE_BOUND('',#6236,.T.);
#6236 = EDGE_LOOP('',(#6237,#6260,#6287,#6288));
#6237 = ORIENTED_EDGE('',*,*,#6238,.T.);
#6238 = EDGE_CURVE('',#6200,#6239,#6241,.T.);
#6239 = VERTEX_POINT('',#6240);
#6240 = CARTESIAN_POINT('',(609.15,-5.388445916248E-15,3.0025E+03));
#6241 = SEAM_CURVE('',#6242,(#6246,#6253),.PCURVE_S1.);
#6242 = LINE('',#6243,#6244);
#6243 = CARTESIAN_POINT('',(609.15,-5.388445916248E-15,2.9625E+03));
#6244 = VECTOR('',#6245,1.);
#6245 = DIRECTION('',(0.,0.,1.));
#6246 = PCURVE('',#6216,#6247);
#6247 = DEFINITIONAL_REPRESENTATION('',(#6248),#6252);
#6248 = LINE('',#6249,#6250);
#6249 = CARTESIAN_POINT('',(6.28318530718,-0.));
#6250 = VECTOR('',#6251,1.);
#6251 = DIRECTION('',(0.,1.));
#6252 = ( GEOMETRIC_REPRESENTATION_CONTEXT(2) 
PARAMETRIC_REPRESENTATION_CONTEXT() REPRESENTATION_CONTEXT('2D SPACE',''
  ) );
#6253 = PCURVE('',#6216,#6254);
#6254 = DEFINITIONAL_REPRESENTATION('',(#6255),#6259);
#6255 = LINE('',#6256,#6257);
#6256 = CARTESIAN_POINT('',(0.,-0.));
#6257 = VECTOR('',#6258,1.);
#6258 = DIRECTION('',(0.,1.));
#6259 = ( GEOMETRIC_REPRESENTATION_CONTEXT(2) 
PARAMETRIC_REPRESENTATION_CONTEXT() REPRESENTATION_CONTEXT('2D SPACE',''
  ) );
#6260 = ORIENTED_EDGE('',*,*,#6261,.F.);
#6261 = EDGE_CURVE('',#6239,#6239,#6262,.T.);
#6262 = SURFACE_CURVE('',#6263,(#6268,#6275),.PCURVE_S1.);
#6263 = CIRCLE('',#6264,22.);
#6264 = AXIS2_PLACEMENT_3D('',#6265,#6266,#6267);
#6265 = CARTESIAN_POINT('',(587.15,0.,3.0025E+03));
#6266 = DIRECTION('',(0.,0.,1.));
#6267 = DIRECTION('',(1.,0.,-0.));
#6268 = PCURVE('',#6216,#6269);
#6269 = DEFINITIONAL_REPRESENTATION('',(#6270),#6274);
#6270 = LINE('',#6271,#6272);
#6271 = CARTESIAN_POINT('',(0.,40.));
#6272 = VECTOR('',#6273,1.);
#6273 = DIRECTION('',(1.,0.));
#6274 = ( GEOMETRIC_REPRESENTATION_CONTEXT(2) 
PARAMETRIC_REPRESENTATION_CONTEXT() REPRESENTATION_CONTEXT('2D SPACE',''
  ) );
#6275 = PCURVE('',#6276,#6281);
#6276 = PLANE('',#6277);
#6277 = AXIS2_PLACEMENT_3D('',#6278,#6279,#6280);
#6278 = CARTESIAN_POINT('',(587.15,0.,3.0025E+03));
#6279 = DIRECTION('',(0.,0.,1.));
#6280 = DIRECTION('',(1.,0.,-0.));
#6281 = DEFINITIONAL_REPRESENTATION('',(#6282),#6286);
#6282 = CIRCLE('',#6283,22.);
#6283 = AXIS2_PLACEMENT_2D('',#6284,#6285);
#6284 = CARTESIAN_POINT('',(0.,0.));
#6285 = DIRECTION('',(1.,0.));
#6286 = ( GEOMETRIC_REPRESENTATION_CONTEXT(2) 
PARAMETRIC_REPRESENTATION_CONTEXT() REPRESENTATION_CONTEXT('2D SPACE',''
  ) );
#6287 = ORIENTED_EDGE('',*,*,#6238,.F.);
#6288 = ORIENTED_EDGE('',*,*,#6199,.T.);
#6289 = FACE_BOUND('',#6290,.T.);
#6290 = EDGE_LOOP('',(#6291));
#6291 = ORIENTED_EDGE('',*,*,#6292,.F.);
#6292 = EDGE_CURVE('',#6293,#6293,#6295,.T.);
#6293 = VERTEX_POINT('',#6294);
#6294 = CARTESIAN_POINT('',(604.82914419618,13.093810006658,2.9925E+03)
  );
#6295 = SURFACE_CURVE('',#6296,(#6348,#6403),.PCURVE_S1.);
#6296 = B_SPLINE_CURVE_WITH_KNOTS('',8,(#6297,#6298,#6299,#6300,#6301,
    #6302,#6303,#6304,#6305,#6306,#6307,#6308,#6309,#6310,#6311,#6312,
    #6313,#6314,#6315,#6316,#6317,#6318,#6319,#6320,#6321,#6322,#6323,
    #6324,#6325,#6326,#6327,#6328,#6329,#6330,#6331,#6332,#6333,#6334,
    #6335,#6336,#6337,#6338,#6339,#6340,#6341,#6342,#6343,#6344,#6345,
    #6346,#6347),.UNSPECIFIED.,.T.,.F.,(9,7,7,7,7,7,7,9),(0.,
    0.154978669064,0.286453095901,0.41150541533,0.569072877577,
    0.707449316819,0.827659859053,1.),.UNSPECIFIED.);
#6297 = CARTESIAN_POINT('',(604.82914419618,13.093810006658,2.9925E+03)
  );
#6298 = CARTESIAN_POINT('',(604.82914419618,13.093810006658,
    2.992760624779E+03));
#6299 = CARTESIAN_POINT('',(604.84774573682,13.068693984642,
    2.993020842844E+03));
#6300 = CARTESIAN_POINT('',(604.88484705195,13.018601613844,
    2.993278719406E+03));
#6301 = CARTESIAN_POINT('',(604.94065191451,12.942834488034,
    2.993532117956E+03));
#6302 = CARTESIAN_POINT('',(605.01551199419,12.840099837883,
    2.993778212059E+03));
#6303 = CARTESIAN_POINT('',(605.10973968575,12.708616773004,
    2.994013174691E+03));
#6304 = CARTESIAN_POINT('',(605.22335511503,12.546291538054,
    2.994231733842E+03));
#6305 = CARTESIAN_POINT('',(605.46803066217,12.185637622337,
    2.994591326808E+03));
#6306 = CARTESIAN_POINT('',(605.59822156889,11.990032970911,
    2.994745543183E+03));
#6307 = CARTESIAN_POINT('',(605.74325999466,11.766576434978,
    2.994875285381E+03));
#6308 = CARTESIAN_POINT('',(605.89831825447,11.519940192113,
    2.994970338634E+03));
#6309 = CARTESIAN_POINT('',(606.05745001126,11.25699621108,
    2.99502390702E+03));
#6310 = CARTESIAN_POINT('',(606.21488483652,10.986166260884,
    2.995032713726E+03));
#6311 = CARTESIAN_POINT('',(606.36563671442,10.716635348973,
    2.994997145779E+03));
#6312 = CARTESIAN_POINT('',(606.63913950049,10.210392764422,
    2.994849467138E+03));
#6313 = CARTESIAN_POINT('',(606.75871224811,9.980469447405,
    2.994743441916E+03));
#6314 = CARTESIAN_POINT('',(606.86428296609,9.770158983563,
    2.994609920115E+03));
#6315 = CARTESIAN_POINT('',(606.9562666095,9.581164667658,
    2.994454506828E+03));
#6316 = CARTESIAN_POINT('',(607.03535428504,9.414405390207,
    2.994282118794E+03));
#6317 = CARTESIAN_POINT('',(607.10233204172,9.270184741487,
    2.99409712265E+03));
#6318 = CARTESIAN_POINT('',(607.15801930075,9.148292422774,
    2.99390340149E+03));
#6319 = CARTESIAN_POINT('',(607.26022323881,8.921777663904,
    2.993453619931E+03));
#6320 = CARTESIAN_POINT('',(607.30118492493,8.82856977063,
    2.993191831301E+03));
#6321 = CARTESIAN_POINT('',(607.32766539915,8.767281802695,
    2.992923392812E+03));
#6322 = CARTESIAN_POINT('',(607.34061515103,8.737057733415,
    2.992651419788E+03));
#6323 = CARTESIAN_POINT('',(607.34046524105,8.737461169676,
    2.992378483629E+03));
#6324 = CARTESIAN_POINT('',(607.32715760352,8.768535386078,
    2.992106995708E+03));
#6325 = CARTESIAN_POINT('',(607.30011602034,8.830828459141,
    2.991839571756E+03));
#6326 = CARTESIAN_POINT('',(607.22126993845,9.008461615895,
    2.991351458102E+03));
#6327 = CARTESIAN_POINT('',(607.17270165756,9.116823208404,
    2.991127927232E+03));
#6328 = CARTESIAN_POINT('',(607.11153389352,9.251382938133,
    2.990912240906E+03));
#6329 = CARTESIAN_POINT('',(607.03667375951,9.41288677563,
    2.990708263417E+03));
#6330 = CARTESIAN_POINT('',(606.94692645178,9.601686789062,
    2.990520768183E+03));
#6331 = CARTESIAN_POINT('',(606.84102862366,9.817536212016,
    2.990355568051E+03));
#6332 = CARTESIAN_POINT('',(606.71786104178,10.05926491866,
    2.990219772582E+03));
#6333 = CARTESIAN_POINT('',(606.45477981506,10.554306917017,
    2.990037733216E+03));
#6334 = CARTESIAN_POINT('',(606.32106233003,10.798405761829,
    2.989983371138E+03));
#6335 = CARTESIAN_POINT('',(606.17885359104,11.049178227292,
    2.989965291896E+03));
#6336 = CARTESIAN_POINT('',(606.03210119638,11.298494881533,
    2.989985996241E+03));
#6337 = CARTESIAN_POINT('',(605.88560924138,11.53837558274,
    2.990044584963E+03));
#6338 = CARTESIAN_POINT('',(605.74465731216,11.761825645578,
    2.990136851895E+03));
#6339 = CARTESIAN_POINT('',(605.61403834631,11.963442220142,
    2.990255312779E+03));
#6340 = CARTESIAN_POINT('',(605.33023887311,12.392365011777,
    2.990581099526E+03));
#6341 = CARTESIAN_POINT('',(605.18580440325,12.602015088045,
    2.990811610949E+03));
#6342 = CARTESIAN_POINT('',(605.06582801448,12.770896106445,
    2.991067585563E+03));
#6343 = CARTESIAN_POINT('',(604.97060517068,12.902143489319,
    2.991340366337E+03));
#6344 = CARTESIAN_POINT('',(604.8997460011,12.998482712296,
    2.991623828878E+03));
#6345 = CARTESIAN_POINT('',(604.85271554677,13.061984461045,
    2.991913630398E+03));
#6346 = CARTESIAN_POINT('',(604.82914419618,13.093810006658,
    2.992206620289E+03));
#6347 = CARTESIAN_POINT('',(604.82914419618,13.093810006658,2.9925E+03)
  );
#6348 = PCURVE('',#6216,#6349);
#6349 = DEFINITIONAL_REPRESENTATION('',(#6350),#6402);
#6350 = B_SPLINE_CURVE_WITH_KNOTS('',8,(#6351,#6352,#6353,#6354,#6355,
    #6356,#6357,#6358,#6359,#6360,#6361,#6362,#6363,#6364,#6365,#6366,
    #6367,#6368,#6369,#6370,#6371,#6372,#6373,#6374,#6375,#6376,#6377,
    #6378,#6379,#6380,#6381,#6382,#6383,#6384,#6385,#6386,#6387,#6388,
    #6389,#6390,#6391,#6392,#6393,#6394,#6395,#6396,#6397,#6398,#6399,
    #6400,#6401),.UNSPECIFIED.,.T.,.F.,(9,7,7,7,7,7,7,9),(0.,
    0.154978669064,0.286453095901,0.41150541533,0.569072877577,
    0.707449316819,0.827659859053,1.),.UNSPECIFIED.);
#6351 = CARTESIAN_POINT('',(0.637481140052,30.));
#6352 = CARTESIAN_POINT('',(0.637481140052,30.260624779235));
#6353 = CARTESIAN_POINT('',(0.636060489642,30.520842844436));
#6354 = CARTESIAN_POINT('',(0.633227042932,30.77871940588));
#6355 = CARTESIAN_POINT('',(0.628949782121,31.032117955713));
#6356 = CARTESIAN_POINT('',(0.623171951782,31.278212058957));
#6357 = CARTESIAN_POINT('',(0.615819727605,31.513174691034));
#6358 = CARTESIAN_POINT('',(0.606814494762,31.731733841906));
#6359 = CARTESIAN_POINT('',(0.587004583525,32.091326807897));
#6360 = CARTESIAN_POINT('',(0.576324553779,32.24554318315));
#6361 = CARTESIAN_POINT('',(0.564216818707,32.375285380568));
#6362 = CARTESIAN_POINT('',(0.550977551753,32.470338634401));
#6363 = CARTESIAN_POINT('',(0.537011506956,32.523907019916));
#6364 = CARTESIAN_POINT('',(0.522775468587,32.532713725837));
#6365 = CARTESIAN_POINT('',(0.50873946181,32.497145779271));
#6366 = CARTESIAN_POINT('',(0.482584909703,32.349467138303));
#6367 = CARTESIAN_POINT('',(0.470806512282,32.243441916085));
#6368 = CARTESIAN_POINT('',(0.460111808794,32.109920114593));
#6369 = CARTESIAN_POINT('',(0.45055886982,31.954506828221));
#6370 = CARTESIAN_POINT('',(0.442170211484,31.782118794198));
#6371 = CARTESIAN_POINT('',(0.434942532771,31.597122650146));
#6372 = CARTESIAN_POINT('',(0.428851211141,31.403401489912));
#6373 = CARTESIAN_POINT('',(0.417555543414,30.953619930889));
#6374 = CARTESIAN_POINT('',(0.412927969684,30.691831300766));
#6375 = CARTESIAN_POINT('',(0.409893262021,30.423392812132));
#6376 = CARTESIAN_POINT('',(0.408398607751,30.151419787724));
#6377 = CARTESIAN_POINT('',(0.408418172176,29.87848362862));
#6378 = CARTESIAN_POINT('',(0.409954725814,29.606995707655));
#6379 = CARTESIAN_POINT('',(0.413041411681,29.339571756347));
#6380 = CARTESIAN_POINT('',(0.421875306188,28.851458101968));
#6381 = CARTESIAN_POINT('',(0.427272918354,28.627927232016));
#6382 = CARTESIAN_POINT('',(0.433991373771,28.412240905508));
#6383 = CARTESIAN_POINT('',(0.44208229775,28.208263417205));
#6384 = CARTESIAN_POINT('',(0.451583283985,28.020768183484));
#6385 = CARTESIAN_POINT('',(0.462509967625,27.855568050925));
#6386 = CARTESIAN_POINT('',(0.474839892156,27.719772581864));
#6387 = CARTESIAN_POINT('',(0.500321951636,27.537733215857));
#6388 = CARTESIAN_POINT('',(0.512972052625,27.483371137738));
#6389 = CARTESIAN_POINT('',(0.526073704197,27.465291896));
#6390 = CARTESIAN_POINT('',(0.539220275605,27.485996240762));
#6391 = CARTESIAN_POINT('',(0.551993518919,27.544584962501));
#6392 = CARTESIAN_POINT('',(0.564000764505,27.636851895209));
#6393 = CARTESIAN_POINT('',(0.574919807884,27.755312778513));
#6394 = CARTESIAN_POINT('',(0.598297629107,28.081099526163));
#6395 = CARTESIAN_POINT('',(0.609867727008,28.311610948762));
#6396 = CARTESIAN_POINT('',(0.619282892012,28.567585562658));
#6397 = CARTESIAN_POINT('',(0.626653137595,28.840366336703));
#6398 = CARTESIAN_POINT('',(0.632089082916,29.123828877511));
#6399 = CARTESIAN_POINT('',(0.635680961673,29.413630398392));
#6400 = CARTESIAN_POINT('',(0.637481140052,29.706620288676));
#6401 = CARTESIAN_POINT('',(0.637481140052,30.));
#6402 = ( GEOMETRIC_REPRESENTATION_CONTEXT(2) 
PARAMETRIC_REPRESENTATION_CONTEXT() REPRESENTATION_CONTEXT('2D SPACE',''
  ) );
#6403 = PCURVE('',#6404,#6409);
#6404 = CYLINDRICAL_SURFACE('',#6405,2.5);
#6405 = AXIS2_PLACEMENT_3D('',#6406,#6407,#6408);
#6406 = CARTESIAN_POINT('',(587.15,0.,2.9925E+03));
#6407 = DIRECTION('',(0.866025403784,0.5,0.));
#6408 = DIRECTION('',(-0.5,0.866025403784,0.));
#6409 = DEFINITIONAL_REPRESENTATION('',(#6410),#6462);
#6410 = B_SPLINE_CURVE_WITH_KNOTS('',8,(#6411,#6412,#6413,#6414,#6415,
    #6416,#6417,#6418,#6419,#6420,#6421,#6422,#6423,#6424,#6425,#6426,
    #6427,#6428,#6429,#6430,#6431,#6432,#6433,#6434,#6435,#6436,#6437,
    #6438,#6439,#6440,#6441,#6442,#6443,#6444,#6445,#6446,#6447,#6448,
    #6449,#6450,#6451,#6452,#6453,#6454,#6455,#6456,#6457,#6458,#6459,
    #6460,#6461),.UNSPECIFIED.,.F.,.F.,(9,7,7,7,7,7,7,9),(0.,
    0.154978669064,0.286453095901,0.41150541533,0.569072877577,
    0.707449316819,0.827659859053,1.),.UNSPECIFIED.);
#6411 = CARTESIAN_POINT('',(0.,21.857492994394));
#6412 = CARTESIAN_POINT('',(0.104249911694,21.857492994394));
#6413 = CARTESIAN_POINT('',(0.20833667973,21.861044390126));
#6414 = CARTESIAN_POINT('',(0.313215442461,21.86812888615));
#6415 = CARTESIAN_POINT('',(0.419729492524,21.878573751875));
#6416 = CARTESIAN_POINT('',(0.52870648722,21.89203715753));
#6417 = CARTESIAN_POINT('',(0.640999285002,21.907899199722));
#6418 = CARTESIAN_POINT('',(0.757561259553,21.925130430267));
#6419 = CARTESIAN_POINT('',(0.983215123715,21.95669871191));
#6420 = CARTESIAN_POINT('',(1.094808142686,21.971645018764));
#6421 = CARTESIAN_POINT('',(1.211574208991,21.985523712042));
#6422 = CARTESIAN_POINT('',(1.331721342565,21.996489982665));
#6423 = CARTESIAN_POINT('',(1.453968537792,22.002830136075));
#6424 = CARTESIAN_POINT('',(1.57720866864,22.003757719096));
#6425 = CARTESIAN_POINT('',(1.700385171724,21.999547219069));
#6426 = CARTESIAN_POINT('',(1.937915764788,21.983286287538));
#6427 = CARTESIAN_POINT('',(2.048771887743,21.971877666068));
#6428 = CARTESIAN_POINT('',(2.155433369804,21.958149357817));
#6429 = CARTESIAN_POINT('',(2.258379924555,21.94331237179));
#6430 = CARTESIAN_POINT('',(2.357972500084,21.92842466921));
#6431 = CARTESIAN_POINT('',(2.454483532016,21.914318783619));
#6432 = CARTESIAN_POINT('',(2.548094151025,21.901599205252));
#6433 = CARTESIAN_POINT('',(2.75340198184,21.876853032542));
#6434 = CARTESIAN_POINT('',(2.864666655634,21.865722946664));
#6435 = CARTESIAN_POINT('',(2.973824071272,21.858011726077));
#6436 = CARTESIAN_POINT('',(3.081770675156,21.854114505536));
#6437 = CARTESIAN_POINT('',(3.189345799535,21.854186397821));
#6438 = CARTESIAN_POINT('',(3.297386680686,21.858198753855));
#6439 = CARTESIAN_POINT('',(3.406779207374,21.86592659239));
#6440 = CARTESIAN_POINT('',(3.61677103306,21.886460460868));
#6441 = CARTESIAN_POINT('',(3.717298126742,21.898579892051));
#6442 = CARTESIAN_POINT('',(3.820622246605,21.912886919362));
#6443 = CARTESIAN_POINT('',(3.927202242655,21.928808060331));
#6444 = CARTESIAN_POINT('',(4.037555537614,21.945484618625));
#6445 = CARTESIAN_POINT('',(4.152281519837,21.961699120744));
#6446 = CARTESIAN_POINT('',(4.272134549549,21.975897219243));
#6447 = CARTESIAN_POINT('',(4.507771254741,21.995583192821));
#6448 = CARTESIAN_POINT('',(4.62034532151,22.001829876258));
#6449 = CARTESIAN_POINT('',(4.734249793343,22.004059728385));
#6450 = CARTESIAN_POINT('',(4.848221656911,22.001626753667));
#6451 = CARTESIAN_POINT('',(4.961073084145,21.994701349787));
#6452 = CARTESIAN_POINT('',(5.07152568951,21.98435842979));
#6453 = CARTESIAN_POINT('',(5.177942314655,21.972047374426));
#6454 = CARTESIAN_POINT('',(5.421145342725,21.940731216877));
#6455 = CARTESIAN_POINT('',(5.556260779363,21.920472334928));
#6456 = CARTESIAN_POINT('',(5.685256691191,21.901010243595));
#6457 = CARTESIAN_POINT('',(5.809503123506,21.884168533286));
#6458 = CARTESIAN_POINT('',(5.930256616082,21.870972303828));
#6459 = CARTESIAN_POINT('',(6.048636942132,21.861993610003));
#6460 = CARTESIAN_POINT('',(6.16583342265,21.857492994394));
#6461 = CARTESIAN_POINT('',(6.28318530718,21.857492994394));
#6462 = ( GEOMETRIC_REPRESENTATION_CONTEXT(2) 
PARAMETRIC_REPRESENTATION_CONTEXT() REPRESENTATION_CONTEXT('2D SPACE',''
  ) );
#6463 = FACE_BOUND('',#6464,.T.);
#6464 = EDGE_LOOP('',(#6465));
#6465 = ORIENTED_EDGE('',*,*,#6466,.F.);
#6466 = EDGE_CURVE('',#6467,#6467,#6469,.T.);
#6467 = VERTEX_POINT('',#6468);
#6468 = CARTESIAN_POINT('',(566.97085580381,8.763682987736,2.9925E+03));
#6469 = SURFACE_CURVE('',#6470,(#6522,#6577),.PCURVE_S1.);
#6470 = B_SPLINE_CURVE_WITH_KNOTS('',8,(#6471,#6472,#6473,#6474,#6475,
    #6476,#6477,#6478,#6479,#6480,#6481,#6482,#6483,#6484,#6485,#6486,
    #6487,#6488,#6489,#6490,#6491,#6492,#6493,#6494,#6495,#6496,#6497,
    #6498,#6499,#6500,#6501,#6502,#6503,#6504,#6505,#6506,#6507,#6508,
    #6509,#6510,#6511,#6512,#6513,#6514,#6515,#6516,#6517,#6518,#6519,
    #6520,#6521),.UNSPECIFIED.,.T.,.F.,(9,7,7,7,7,7,7,9),(0.,
    0.15497866862,0.286453095081,0.411505414152,0.569072878785,
    0.70744931764,0.827659859537,1.),.UNSPECIFIED.);
#6471 = CARTESIAN_POINT('',(566.97085580381,8.763682987736,2.9925E+03));
#6472 = CARTESIAN_POINT('',(566.97085580381,8.763682987736,
    2.992760624779E+03));
#6473 = CARTESIAN_POINT('',(566.9833061466,8.792350405484,
    2.993020842844E+03));
#6474 = CARTESIAN_POINT('',(567.00813675468,8.849527272306,
    2.993278719406E+03));
#6475 = CARTESIAN_POINT('',(567.04585057912,8.935739263841,
    2.993532117956E+03));
#6476 = CARTESIAN_POINT('',(567.09739135616,9.051937319648,
    2.993778212059E+03));
#6477 = CARTESIAN_POINT('',(567.16414518473,9.199282426718,
    2.994013174691E+03));
#6478 = CARTESIAN_POINT('',(567.24791524724,9.378838892213,
    2.994231733842E+03));
#6479 = CARTESIAN_POINT('',(567.43791292665,9.771061089573,
    2.994591326808E+03));
#6480 = CARTESIAN_POINT('',(567.54221607052,9.981612047852,
    2.994745543183E+03));
#6481 = CARTESIAN_POINT('',(567.6632158944,10.218947277064,
    2.994875285381E+03));
#6482 = CARTESIAN_POINT('',(567.79928001631,10.476549790553,
    2.994970338634E+03));
#6483 = CARTESIAN_POINT('',(567.94743030527,10.745833924994,
    2.99502390702E+03));
#6484 = CARTESIAN_POINT('',(568.10325850961,11.017591458212,
    2.995032713726E+03));
#6485 = CARTESIAN_POINT('',(568.26130318748,11.282911870095,
    2.994997145779E+03));
#6486 = CARTESIAN_POINT('',(568.56297073314,11.772893523116,
    2.994849467138E+03));
#6487 = CARTESIAN_POINT('',(568.70230379279,11.991408218663,
    2.994743441916E+03));
#6488 = CARTESIAN_POINT('',(568.83165263817,12.187990374254,
    2.994609920115E+03));
#6489 = CARTESIAN_POINT('',(568.94933469521,12.362147704132,
    2.994454506828E+03));
#6490 = CARTESIAN_POINT('',(569.05420862803,12.514019279002,
    2.994282118794E+03));
#6491 = CARTESIAN_POINT('',(569.14561849523,12.644134042133,
    2.99409712265E+03));
#6492 = CARTESIAN_POINT('',(569.22333671025,12.753306782478,
    2.99390340149E+03));
#6493 = CARTESIAN_POINT('',(569.36840227819,12.955075370664,
    2.993453619926E+03));
#6494 = CARTESIAN_POINT('',(569.42864183457,13.037153172542,
    2.993191831315E+03));
#6495 = CARTESIAN_POINT('',(569.46847853771,13.090729924186,
    2.992923392797E+03));
#6496 = CARTESIAN_POINT('',(569.48817847479,13.117056774572,
    2.992651419788E+03));
#6497 = CARTESIAN_POINT('',(569.48790404129,13.116725227208,
    2.992378483644E+03));
#6498 = CARTESIAN_POINT('',(569.46764679851,13.089663365883,
    2.992106995693E+03));
#6499 = CARTESIAN_POINT('',(569.42722020884,13.03509813475,
    2.991839571761E+03));
#6500 = CARTESIAN_POINT('',(569.31280842238,12.877998844973,
    2.991351458102E+03));
#6501 = CARTESIAN_POINT('',(569.24324867092,12.781756683647,
    2.991127927232E+03));
#6502 = CARTESIAN_POINT('',(569.15730040867,12.661503981229,
    2.990912240906E+03));
#6503 = CARTESIAN_POINT('',(569.05486404959,12.515921284701,
    2.990708263417E+03));
#6504 = CARTESIAN_POINT('',(568.9362320956,12.343797829563,
    2.990520768183E+03));
#6505 = CARTESIAN_POINT('',(568.80224992599,12.144162908728,
    2.990355568051E+03));
#6506 = CARTESIAN_POINT('',(568.65449051614,11.916632300584,
    2.990219772582E+03));
#6507 = CARTESIAN_POINT('',(568.35731218299,11.441276275804,
    2.990037733216E+03));
#6508 = CARTESIAN_POINT('',(568.21277512486,11.203424114426,
    2.989983371138E+03));
#6509 = CARTESIAN_POINT('',(568.0667041687,10.9548815011,
    2.989965291896E+03));
#6510 = CARTESIAN_POINT('',(567.92416580986,10.703131872125,
    2.989985996241E+03));
#6511 = CARTESIAN_POINT('',(567.78966900625,10.456325767054,
    2.990044584963E+03));
#6512 = CARTESIAN_POINT('',(567.66663153996,10.22253278421,
    2.990136851895E+03));
#6513 = CARTESIAN_POINT('',(567.55733594749,10.008605154284,
    2.990255312779E+03));
#6514 = CARTESIAN_POINT('',(567.32777765027,9.5483662051,
    2.990581099526E+03));
#6515 = CARTESIAN_POINT('',(567.21843259325,9.318457246882,
    2.990811610949E+03));
#6516 = CARTESIAN_POINT('',(567.13216553548,9.130114137151,
    2.991067585563E+03));
#6517 = CARTESIAN_POINT('',(567.06611338963,8.982025043967,
    2.991340366337E+03));
#6518 = CARTESIAN_POINT('',(567.01811075994,8.872489591533,
    2.991623828878E+03));
#6519 = CARTESIAN_POINT('',(566.9866318595,8.800009148957,
    2.991913630398E+03));
#6520 = CARTESIAN_POINT('',(566.97085580381,8.763682987736,
    2.992206620289E+03));
#6521 = CARTESIAN_POINT('',(566.97085580381,8.763682987736,2.9925E+03));
#6522 = PCURVE('',#6216,#6523);
#6523 = DEFINITIONAL_REPRESENTATION('',(#6524),#6576);
#6524 = B_SPLINE_CURVE_WITH_KNOTS('',8,(#6525,#6526,#6527,#6528,#6529,
    #6530,#6531,#6532,#6533,#6534,#6535,#6536,#6537,#6538,#6539,#6540,
    #6541,#6542,#6543,#6544,#6545,#6546,#6547,#6548,#6549,#6550,#6551,
    #6552,#6553,#6554,#6555,#6556,#6557,#6558,#6559,#6560,#6561,#6562,
    #6563,#6564,#6565,#6566,#6567,#6568,#6569,#6570,#6571,#6572,#6573,
    #6574,#6575),.UNSPECIFIED.,.T.,.F.,(9,7,7,7,7,7,7,9),(0.,
    0.15497866862,0.286453095081,0.411505414152,0.569072878785,
    0.70744931764,0.827659859537,1.),.UNSPECIFIED.);
#6525 = CARTESIAN_POINT('',(2.731876242445,30.));
#6526 = CARTESIAN_POINT('',(2.731876242445,30.260624779237));
#6527 = CARTESIAN_POINT('',(2.730455592036,30.520842844434));
#6528 = CARTESIAN_POINT('',(2.727622145326,30.77871940588));
#6529 = CARTESIAN_POINT('',(2.723344884514,31.032117955714));
#6530 = CARTESIAN_POINT('',(2.717567054175,31.278212058957));
#6531 = CARTESIAN_POINT('',(2.710214829998,31.513174691033));
#6532 = CARTESIAN_POINT('',(2.701209597155,31.731733841906));
#6533 = CARTESIAN_POINT('',(2.681399685918,32.091326807898));
#6534 = CARTESIAN_POINT('',(2.670719656173,32.245543183149));
#6535 = CARTESIAN_POINT('',(2.6586119211,32.375285380569));
#6536 = CARTESIAN_POINT('',(2.645372654146,32.4703386344));
#6537 = CARTESIAN_POINT('',(2.631406609349,32.523907019917));
#6538 = CARTESIAN_POINT('',(2.61717057098,32.532713725836));
#6539 = CARTESIAN_POINT('',(2.603134564203,32.497145779271));
#6540 = CARTESIAN_POINT('',(2.576980012097,32.349467138303));
#6541 = CARTESIAN_POINT('',(2.565201614676,32.243441916085));
#6542 = CARTESIAN_POINT('',(2.554506911188,32.109920114592));
#6543 = CARTESIAN_POINT('',(2.544953972213,31.95450682822));
#6544 = CARTESIAN_POINT('',(2.536565313877,31.782118794198));
#6545 = CARTESIAN_POINT('',(2.529337635164,31.597122650146));
#6546 = CARTESIAN_POINT('',(2.523246313534,31.403401489911));
#6547 = CARTESIAN_POINT('',(2.511950645694,30.953619926374));
#6548 = CARTESIAN_POINT('',(2.507323072273,30.691831314787));
#6549 = CARTESIAN_POINT('',(2.504288364369,30.423392796595));
#6550 = CARTESIAN_POINT('',(2.502793710006,30.151419787822));
#6551 = CARTESIAN_POINT('',(2.502813274621,29.87848364415));
#6552 = CARTESIAN_POINT('',(2.504349828314,29.606995693417));
#6553 = CARTESIAN_POINT('',(2.50743651399,29.339571761011));
#6554 = CARTESIAN_POINT('',(2.516270408582,28.851458101968));
#6555 = CARTESIAN_POINT('',(2.521668020747,28.627927232016));
#6556 = CARTESIAN_POINT('',(2.528386476164,28.412240905508));
#6557 = CARTESIAN_POINT('',(2.536477400144,28.208263417205));
#6558 = CARTESIAN_POINT('',(2.545978386378,28.020768183484));
#6559 = CARTESIAN_POINT('',(2.556905070018,27.855568050925));
#6560 = CARTESIAN_POINT('',(2.569234994549,27.719772581864));
#6561 = CARTESIAN_POINT('',(2.594717054029,27.537733215857));
#6562 = CARTESIAN_POINT('',(2.607367155018,27.483371137738));
#6563 = CARTESIAN_POINT('',(2.62046880659,27.465291896001));
#6564 = CARTESIAN_POINT('',(2.633615377998,27.485996240763));
#6565 = CARTESIAN_POINT('',(2.646388621312,27.5445849625));
#6566 = CARTESIAN_POINT('',(2.658395866899,27.63685189521));
#6567 = CARTESIAN_POINT('',(2.669314910277,27.755312778513));
#6568 = CARTESIAN_POINT('',(2.6926927315,28.081099526163));
#6569 = CARTESIAN_POINT('',(2.704262829401,28.311610948762));
#6570 = CARTESIAN_POINT('',(2.713677994405,28.567585562658));
#6571 = CARTESIAN_POINT('',(2.721048239988,28.840366336703));
#6572 = CARTESIAN_POINT('',(2.726484185309,29.123828877512));
#6573 = CARTESIAN_POINT('',(2.730076064066,29.413630398392));
#6574 = CARTESIAN_POINT('',(2.731876242445,29.706620288676));
#6575 = CARTESIAN_POINT('',(2.731876242445,30.));
#6576 = ( GEOMETRIC_REPRESENTATION_CONTEXT(2) 
PARAMETRIC_REPRESENTATION_CONTEXT() REPRESENTATION_CONTEXT('2D SPACE',''
  ) );
#6577 = PCURVE('',#6578,#6583);
#6578 = CYLINDRICAL_SURFACE('',#6579,2.5);
#6579 = AXIS2_PLACEMENT_3D('',#6580,#6581,#6582);
#6580 = CARTESIAN_POINT('',(587.15,0.,2.9925E+03));
#6581 = DIRECTION('',(-0.866025403784,0.5,0.));
#6582 = DIRECTION('',(-0.5,-0.866025403784,0.));
#6583 = DEFINITIONAL_REPRESENTATION('',(#6584),#6636);
#6584 = B_SPLINE_CURVE_WITH_KNOTS('',8,(#6585,#6586,#6587,#6588,#6589,
    #6590,#6591,#6592,#6593,#6594,#6595,#6596,#6597,#6598,#6599,#6600,
    #6601,#6602,#6603,#6604,#6605,#6606,#6607,#6608,#6609,#6610,#6611,
    #6612,#6613,#6614,#6615,#6616,#6617,#6618,#6619,#6620,#6621,#6622,
    #6623,#6624,#6625,#6626,#6627,#6628,#6629,#6630,#6631,#6632,#6633,
    #6634,#6635),.UNSPECIFIED.,.F.,.F.,(9,7,7,7,7,7,7,9),(0.,
    0.15497866862,0.286453095081,0.411505414152,0.569072878785,
    0.70744931764,0.827659859537,1.),.UNSPECIFIED.);
#6585 = CARTESIAN_POINT('',(0.,21.857492994394));
#6586 = CARTESIAN_POINT('',(0.104249911695,21.857492994394));
#6587 = CARTESIAN_POINT('',(0.208336679729,21.861044390125));
#6588 = CARTESIAN_POINT('',(0.313215442461,21.86812888615));
#6589 = CARTESIAN_POINT('',(0.419729492524,21.878573751875));
#6590 = CARTESIAN_POINT('',(0.528706487221,21.89203715753));
#6591 = CARTESIAN_POINT('',(0.640999285001,21.907899199722));
#6592 = CARTESIAN_POINT('',(0.757561259553,21.925130430267));
#6593 = CARTESIAN_POINT('',(0.983215123715,21.956698711911));
#6594 = CARTESIAN_POINT('',(1.094808142686,21.971645018763));
#6595 = CARTESIAN_POINT('',(1.211574208992,21.985523712042));
#6596 = CARTESIAN_POINT('',(1.331721342565,21.996489982665));
#6597 = CARTESIAN_POINT('',(1.453968537792,22.002830136075));
#6598 = CARTESIAN_POINT('',(1.577208668641,22.003757719096));
#6599 = CARTESIAN_POINT('',(1.700385171724,21.999547219069));
#6600 = CARTESIAN_POINT('',(1.937915764788,21.983286287538));
#6601 = CARTESIAN_POINT('',(2.048771887743,21.971877666068));
#6602 = CARTESIAN_POINT('',(2.155433369804,21.958149357817));
#6603 = CARTESIAN_POINT('',(2.258379924556,21.94331237179));
#6604 = CARTESIAN_POINT('',(2.357972500084,21.92842466921));
#6605 = CARTESIAN_POINT('',(2.454483532016,21.914318783619));
#6606 = CARTESIAN_POINT('',(2.548094151025,21.901599205252));
#6607 = CARTESIAN_POINT('',(2.753401983901,21.876853032294));
#6608 = CARTESIAN_POINT('',(2.864666649428,21.86572294709));
#6609 = CARTESIAN_POINT('',(2.973824077989,21.85801172599));
#6610 = CARTESIAN_POINT('',(3.081770675196,21.854114505224));
#6611 = CARTESIAN_POINT('',(3.189345792817,21.854186397924));
#6612 = CARTESIAN_POINT('',(3.297386686805,21.858198754113));
#6613 = CARTESIAN_POINT('',(3.406779205367,21.865926592193));
#6614 = CARTESIAN_POINT('',(3.61677103306,21.886460460868));
#6615 = CARTESIAN_POINT('',(3.717298126742,21.898579892051));
#6616 = CARTESIAN_POINT('',(3.820622246605,21.912886919362));
#6617 = CARTESIAN_POINT('',(3.927202242655,21.928808060331));
#6618 = CARTESIAN_POINT('',(4.037555537614,21.945484618625));
#6619 = CARTESIAN_POINT('',(4.152281519837,21.961699120744));
#6620 = CARTESIAN_POINT('',(4.272134549549,21.975897219243));
#6621 = CARTESIAN_POINT('',(4.507771254741,21.995583192821));
#6622 = CARTESIAN_POINT('',(4.620345321511,22.001829876258));
#6623 = CARTESIAN_POINT('',(4.734249793341,22.004059728386));
#6624 = CARTESIAN_POINT('',(4.848221656914,22.001626753666));
#6625 = CARTESIAN_POINT('',(4.961073084143,21.994701349788));
#6626 = CARTESIAN_POINT('',(5.071525689511,21.98435842979));
#6627 = CARTESIAN_POINT('',(5.177942314655,21.972047374426));
#6628 = CARTESIAN_POINT('',(5.421145342725,21.940731216877));
#6629 = CARTESIAN_POINT('',(5.556260779363,21.920472334928));
#6630 = CARTESIAN_POINT('',(5.685256691189,21.901010243595));
#6631 = CARTESIAN_POINT('',(5.809503123509,21.884168533286));
#6632 = CARTESIAN_POINT('',(5.930256616081,21.870972303829));
#6633 = CARTESIAN_POINT('',(6.048636942133,21.861993610002));
#6634 = CARTESIAN_POINT('',(6.16583342265,21.857492994394));
#6635 = CARTESIAN_POINT('',(6.28318530718,21.857492994394));
#6636 = ( GEOMETRIC_REPRESENTATION_CONTEXT(2) 
PARAMETRIC_REPRESENTATION_CONTEXT() REPRESENTATION_CONTEXT('2D SPACE',''
  ) );
#6637 = FACE_BOUND('',#6638,.T.);
#6638 = EDGE_LOOP('',(#6639));
#6639 = ORIENTED_EDGE('',*,*,#6640,.F.);
#6640 = EDGE_CURVE('',#6641,#6641,#6643,.T.);
#6641 = VERTEX_POINT('',#6642);
#6642 = CARTESIAN_POINT('',(587.15,-22.,2.99E+03));
#6643 = SURFACE_CURVE('',#6644,(#6703,#6765),.PCURVE_S1.);
#6644 = B_SPLINE_CURVE_WITH_KNOTS('',8,(#6645,#6646,#6647,#6648,#6649,
    #6650,#6651,#6652,#6653,#6654,#6655,#6656,#6657,#6658,#6659,#6660,
    #6661,#6662,#6663,#6664,#6665,#6666,#6667,#6668,#6669,#6670,#6671,
    #6672,#6673,#6674,#6675,#6676,#6677,#6678,#6679,#6680,#6681,#6682,
    #6683,#6684,#6685,#6686,#6687,#6688,#6689,#6690,#6691,#6692,#6693,
    #6694,#6695,#6696,#6697,#6698,#6699,#6700,#6701,#6702),
  .UNSPECIFIED.,.T.,.F.,(9,7,7,7,7,7,7,7,9),(0.,0.137165892149,
    0.280708713053,0.45263808251,0.598492444293,0.69259283182,
    0.7961025079,0.900389091447,1.),.UNSPECIFIED.);
#6645 = CARTESIAN_POINT('',(587.15,-22.,2.99E+03));
#6646 = CARTESIAN_POINT('',(587.44203607507,-22.,2.99E+03));
#6647 = CARTESIAN_POINT('',(587.72688484124,-21.99556955292,
    2.990038986992E+03));
#6648 = CARTESIAN_POINT('',(587.99872982637,-21.98709063214,
    2.990113605489E+03));
#6649 = CARTESIAN_POINT('',(588.2526034952,-21.97541985585,
    2.990219661742E+03));
#6650 = CARTESIAN_POINT('',(588.48447052213,-21.96172886524,
    2.990352146749E+03));
#6651 = CARTESIAN_POINT('',(588.69138775605,-21.9472561052,
    2.99050527378E+03));
#6652 = CARTESIAN_POINT('',(588.87170586821,-21.93306831742,
    2.990672527316E+03));
#6653 = CARTESIAN_POINT('',(589.18598912996,-21.90618098783,
    2.991029011701E+03));
#6654 = CARTESIAN_POINT('',(589.32133778392,-21.89324522874,
    2.991223358707E+03));
#6655 = CARTESIAN_POINT('',(589.43234085193,-21.88178180123,
    2.991426376461E+03));
#6656 = CARTESIAN_POINT('',(589.51998795289,-21.87224175887,
    2.991635540159E+03));
#6657 = CARTESIAN_POINT('',(589.58512250305,-21.86491356068,
    2.991848919397E+03));
#6658 = CARTESIAN_POINT('',(589.62835602117,-21.85996855532,
    2.992064976197E+03));
#6659 = CARTESIAN_POINT('',(589.65,-21.85749299439,2.992282405898E+03));
#6660 = CARTESIAN_POINT('',(589.65,-21.85749299439,2.992760624784E+03));
#6661 = CARTESIAN_POINT('',(589.61894812007,-21.86104438984,
    2.99302084283E+03));
#6662 = CARTESIAN_POINT('',(589.55701618559,-21.86812888676,
    2.993278719421E+03));
#6663 = CARTESIAN_POINT('',(589.46349750955,-21.87857375163,
    2.993532117957E+03));
#6664 = CARTESIAN_POINT('',(589.33709665723,-21.89203715692,
    2.993778212044E+03));
#6665 = CARTESIAN_POINT('',(589.17611511898,-21.90789920052,
    2.994013174704E+03));
#6666 = CARTESIAN_POINT('',(588.97872964229,-21.92513042993,
    2.994231733838E+03));
#6667 = CARTESIAN_POINT('',(588.54405641117,-21.95669871191,
    2.994591326808E+03));
#6668 = CARTESIAN_POINT('',(588.30956236057,-21.97164501876,
    2.994745543183E+03));
#6669 = CARTESIAN_POINT('',(588.04352411093,-21.98552371204,
    2.994875285381E+03));
#6670 = CARTESIAN_POINT('',(587.7524017292,-21.99648998266,
    2.994970338634E+03));
#6671 = CARTESIAN_POINT('',(587.44511968347,-22.00283013607,
    2.99502390702E+03));
#6672 = CARTESIAN_POINT('',(587.13185665386,-22.00375771909,
    2.995032713726E+03));
#6673 = CARTESIAN_POINT('',(586.82306009809,-21.99954721906,
    2.994997145779E+03));
#6674 = CARTESIAN_POINT('',(586.3380899144,-21.98583638157,
    2.9948726266E+03));
#6675 = CARTESIAN_POINT('',(586.1522897851,-21.97870242657,
    2.994806724357E+03));
#6676 = CARTESIAN_POINT('',(585.97266879898,-21.97001143962,
    2.994724212794E+03));
#6677 = CARTESIAN_POINT('',(585.80094944109,-21.96005698202,
    2.994625776945E+03));
#6678 = CARTESIAN_POINT('',(585.6387604446,-21.94920702994,
    2.99451231157E+03));
#6679 = CARTESIAN_POINT('',(585.48761192979,-21.93787872966,
    2.994384908025E+03));
#6680 = CARTESIAN_POINT('',(585.34886801405,-21.92650695797,
    2.994244841692E+03));
#6681 = CARTESIAN_POINT('',(585.08605165771,-21.90340647872,
    2.993927151291E+03));
#6682 = CARTESIAN_POINT('',(584.96479619835,-21.89175295394,
    2.993747127069E+03));
#6683 = CARTESIAN_POINT('',(584.86154977369,-21.88109873886,
    2.993555404225E+03));
#6684 = CARTESIAN_POINT('',(584.77761275477,-21.87197100961,
    2.993354103735E+03));
#6685 = CARTESIAN_POINT('',(584.71397915987,-21.86481112509,
    2.993145500937E+03));
#6686 = CARTESIAN_POINT('',(584.67132608073,-21.85993196786,
    2.992931979267E+03));
#6687 = CARTESIAN_POINT('',(584.65,-21.85749299439,2.992715987426E+03));
#6688 = CARTESIAN_POINT('',(584.65,-21.85749299439,2.992282391447E+03));
#6689 = CARTESIAN_POINT('',(584.67164680687,-21.85996887641,
    2.992064961764E+03));
#6690 = CARTESIAN_POINT('',(584.71488114714,-21.86491398239,
    2.991848911438E+03));
#6691 = CARTESIAN_POINT('',(584.78001383511,-21.87224193027,
    2.991635539118E+03));
#6692 = CARTESIAN_POINT('',(584.86765822647,-21.88178167033,
    2.991426379202E+03));
#6693 = CARTESIAN_POINT('',(584.97866018316,-21.89324504435,
    2.9912233614E+03));
#6694 = CARTESIAN_POINT('',(585.11401019777,-21.90618093031,
    2.991029012463E+03));
#6695 = CARTESIAN_POINT('',(585.42822894735,-21.93306274081,
    2.990672601253E+03));
#6696 = CARTESIAN_POINT('',(585.60854177854,-21.94725112754,
    2.990505322017E+03));
#6697 = CARTESIAN_POINT('',(585.81550830097,-21.96172883415,
    2.990352137277E+03));
#6698 = CARTESIAN_POINT('',(586.04745711206,-21.97542527769,
    2.990219607374E+03));
#6699 = CARTESIAN_POINT('',(586.30141135553,-21.98709790492,
    2.99011354157E+03));
#6700 = CARTESIAN_POINT('',(586.5732961333,-21.99557386605,
    2.990038949017E+03));
#6701 = CARTESIAN_POINT('',(586.8581061699,-22.,2.99E+03));
#6702 = CARTESIAN_POINT('',(587.15,-22.,2.99E+03));
#6703 = PCURVE('',#6216,#6704);
#6704 = DEFINITIONAL_REPRESENTATION('',(#6705),#6764);
#6705 = B_SPLINE_CURVE_WITH_KNOTS('',8,(#6706,#6707,#6708,#6709,#6710,
    #6711,#6712,#6713,#6714,#6715,#6716,#6717,#6718,#6719,#6720,#6721,
    #6722,#6723,#6724,#6725,#6726,#6727,#6728,#6729,#6730,#6731,#6732,
    #6733,#6734,#6735,#6736,#6737,#6738,#6739,#6740,#6741,#6742,#6743,
    #6744,#6745,#6746,#6747,#6748,#6749,#6750,#6751,#6752,#6753,#6754,
    #6755,#6756,#6757,#6758,#6759,#6760,#6761,#6762,#6763),
  .UNSPECIFIED.,.T.,.F.,(9,7,7,7,7,7,7,7,9),(0.,0.137165892149,
    0.280708713053,0.45263808251,0.598492444293,0.69259283182,
    0.7961025079,0.900389091447,1.),.UNSPECIFIED.);
#6706 = CARTESIAN_POINT('',(4.712388980385,27.5));
#6707 = CARTESIAN_POINT('',(4.725663347434,27.5));
#6708 = CARTESIAN_POINT('',(4.738611023142,27.53898699184));
#6709 = CARTESIAN_POINT('',(4.750971157938,27.613605489118));
#6710 = CARTESIAN_POINT('',(4.762520864797,27.719661741909));
#6711 = CARTESIAN_POINT('',(4.77307727501,27.852146749401));
#6712 = CARTESIAN_POINT('',(4.782504986974,28.005273780062));
#6713 = CARTESIAN_POINT('',(4.790726401465,28.172527315814));
#6714 = CARTESIAN_POINT('',(4.805064187259,28.529011700869));
#6715 = CARTESIAN_POINT('',(4.81124412792,28.723358707345));
#6716 = CARTESIAN_POINT('',(4.816316373468,28.926376460954));
#6717 = CARTESIAN_POINT('',(4.820323806421,29.135540159338));
#6718 = CARTESIAN_POINT('',(4.823303139714,29.348919396725));
#6719 = CARTESIAN_POINT('',(4.825281113644,29.564976197371));
#6720 = CARTESIAN_POINT('',(4.826271344838,29.782405898175));
#6721 = CARTESIAN_POINT('',(4.826271344838,30.260624784217));
#6722 = CARTESIAN_POINT('',(4.824850694589,30.520842829993));
#6723 = CARTESIAN_POINT('',(4.822017247365,30.778719420795));
#6724 = CARTESIAN_POINT('',(4.817739987053,31.032117956512));
#6725 = CARTESIAN_POINT('',(4.811962156915,31.278212043984));
#6726 = CARTESIAN_POINT('',(4.804609931912,31.513174703706));
#6727 = CARTESIAN_POINT('',(4.795604699757,31.731733838125));
#6728 = CARTESIAN_POINT('',(4.775794788311,32.091326807897));
#6729 = CARTESIAN_POINT('',(4.765114758566,32.245543183152));
#6730 = CARTESIAN_POINT('',(4.753007023493,32.375285380564));
#6731 = CARTESIAN_POINT('',(4.739767756539,32.470338634405));
#6732 = CARTESIAN_POINT('',(4.725801711742,32.523907019914));
#6733 = CARTESIAN_POINT('',(4.711565673374,32.532713725837));
#6734 = CARTESIAN_POINT('',(4.697529666596,32.497145779271));
#6735 = CARTESIAN_POINT('',(4.675476759415,32.372626600021));
#6736 = CARTESIAN_POINT('',(4.667025507879,32.306724356859));
#6737 = CARTESIAN_POINT('',(4.658852029964,32.224212793527));
#6738 = CARTESIAN_POINT('',(4.651034164749,32.12577694471));
#6739 = CARTESIAN_POINT('',(4.643645961896,32.012311569983));
#6740 = CARTESIAN_POINT('',(4.636756591705,31.8849080248));
#6741 = CARTESIAN_POINT('',(4.630429012096,31.744841692077));
#6742 = CARTESIAN_POINT('',(4.618436756563,31.427151290963));
#6743 = CARTESIAN_POINT('',(4.612899937467,31.247127069496));
#6744 = CARTESIAN_POINT('',(4.608182148497,31.055404224755));
#6745 = CARTESIAN_POINT('',(4.604344406685,30.854103734652));
#6746 = CARTESIAN_POINT('',(4.60143372809,30.645500937416));
#6747 = CARTESIAN_POINT('',(4.599482297976,30.431979266961));
#6748 = CARTESIAN_POINT('',(4.598506615931,30.215987426442));
#6749 = CARTESIAN_POINT('',(4.598506615931,29.782391447395));
#6750 = CARTESIAN_POINT('',(4.599496976483,29.564961763542));
#6751 = CARTESIAN_POINT('',(4.601474988094,29.348911438167));
#6752 = CARTESIAN_POINT('',(4.604454235992,29.135539117512));
#6753 = CARTESIAN_POINT('',(4.608461544997,28.92637920222));
#6754 = CARTESIAN_POINT('',(4.613533740088,28.723361400228));
#6755 = CARTESIAN_POINT('',(4.619713742841,28.529012463405));
#6756 = CARTESIAN_POINT('',(4.634048585552,28.17260125304));
#6757 = CARTESIAN_POINT('',(4.642269763057,28.005322017306));
#6758 = CARTESIAN_POINT('',(4.651699726301,27.852137277063));
#6759 = CARTESIAN_POINT('',(4.662259859741,27.719607373938));
#6760 = CARTESIAN_POINT('',(4.673813225795,27.613541570258));
#6761 = CARTESIAN_POINT('',(4.686175163648,27.53894901705));
#6762 = CARTESIAN_POINT('',(4.699121079017,27.5));
#6763 = CARTESIAN_POINT('',(4.712388980385,27.5));
#6764 = ( GEOMETRIC_REPRESENTATION_CONTEXT(2) 
PARAMETRIC_REPRESENTATION_CONTEXT() REPRESENTATION_CONTEXT('2D SPACE',''
  ) );
#6765 = PCURVE('',#6766,#6771);
#6766 = CYLINDRICAL_SURFACE('',#6767,2.5);
#6767 = AXIS2_PLACEMENT_3D('',#6768,#6769,#6770);
#6768 = CARTESIAN_POINT('',(587.15,0.,2.9925E+03));
#6769 = DIRECTION('',(0.,-1.,0.));
#6770 = DIRECTION('',(0.,-0.,-1.));
#6771 = DEFINITIONAL_REPRESENTATION('',(#6772),#6831);
#6772 = B_SPLINE_CURVE_WITH_KNOTS('',8,(#6773,#6774,#6775,#6776,#6777,
    #6778,#6779,#6780,#6781,#6782,#6783,#6784,#6785,#6786,#6787,#6788,
    #6789,#6790,#6791,#6792,#6793,#6794,#6795,#6796,#6797,#6798,#6799,
    #6800,#6801,#6802,#6803,#6804,#6805,#6806,#6807,#6808,#6809,#6810,
    #6811,#6812,#6813,#6814,#6815,#6816,#6817,#6818,#6819,#6820,#6821,
    #6822,#6823,#6824,#6825,#6826,#6827,#6828,#6829,#6830),
  .UNSPECIFIED.,.F.,.F.,(9,7,7,7,7,7,7,7,9),(0.,0.137165892149,
    0.280708713053,0.45263808251,0.598492444293,0.69259283182,
    0.7961025079,0.900389091447,1.),.UNSPECIFIED.);
#6773 = CARTESIAN_POINT('',(0.,22.));
#6774 = CARTESIAN_POINT('',(0.116814430031,22.));
#6775 = CARTESIAN_POINT('',(0.230753872194,21.995569552926));
#6776 = CARTESIAN_POINT('',(0.341920956478,21.987090632143));
#6777 = CARTESIAN_POINT('',(0.450255498978,21.975419855851));
#6778 = CARTESIAN_POINT('',(0.555558056823,21.961728865242));
#6779 = CARTESIAN_POINT('',(0.657458694448,21.947256105209));
#6780 = CARTESIAN_POINT('',(0.755340828225,21.933068317425));
#6781 = CARTESIAN_POINT('',(0.945437681605,21.906180987831));
#6782 = CARTESIAN_POINT('',(1.039553592752,21.893245228744));
#6783 = CARTESIAN_POINT('',(1.131230128868,21.881781801234));
#6784 = CARTESIAN_POINT('',(1.221000011572,21.872241758879));
#6785 = CARTESIAN_POINT('',(1.309358997038,21.864913560688));
#6786 = CARTESIAN_POINT('',(1.396786937207,21.859968555322));
#6787 = CARTESIAN_POINT('',(1.483758686065,21.857492994394));
#6788 = CARTESIAN_POINT('',(1.675046240482,21.857492994394));
#6789 = CARTESIAN_POINT('',(1.779133000191,21.861044389841));
#6790 = CARTESIAN_POINT('',(1.884011776504,21.868128886769));
#6791 = CARTESIAN_POINT('',(1.990525819041,21.878573751639));
#6792 = CARTESIAN_POINT('',(2.099502806777,21.892037156923));
#6793 = CARTESIAN_POINT('',(2.211795618734,21.907899200522));
#6794 = CARTESIAN_POINT('',(2.328357583975,21.925130429935));
#6795 = CARTESIAN_POINT('',(2.55401145051,21.95669871191));
#6796 = CARTESIAN_POINT('',(2.665604469482,21.971645018764));
#6797 = CARTESIAN_POINT('',(2.782370535786,21.985523712041));
#6798 = CARTESIAN_POINT('',(2.902517669359,21.996489982666));
#6799 = CARTESIAN_POINT('',(3.024764864588,22.002830136075));
#6800 = CARTESIAN_POINT('',(3.148004995435,22.003757719096));
#6801 = CARTESIAN_POINT('',(3.271181498519,21.999547219069));
#6802 = CARTESIAN_POINT('',(3.471461744201,21.985836381572));
#6803 = CARTESIAN_POINT('',(3.550002499566,21.978702426573));
#6804 = CARTESIAN_POINT('',(3.628540077303,21.970011439625));
#6805 = CARTESIAN_POINT('',(3.707076547496,21.960056982021));
#6806 = CARTESIAN_POINT('',(3.785615381441,21.949207029949));
#6807 = CARTESIAN_POINT('',(3.864158463607,21.937878729667));
#6808 = CARTESIAN_POINT('',(3.942703039096,21.926506957978));
#6809 = CARTESIAN_POINT('',(4.107627083733,21.903406478729));
#6810 = CARTESIAN_POINT('',(4.194027773549,21.891752953947));
#6811 = CARTESIAN_POINT('',(4.280425371815,21.88109873886));
#6812 = CARTESIAN_POINT('',(4.36681676768,21.871971009616));
#6813 = CARTESIAN_POINT('',(4.453205678493,21.86481112509));
#6814 = CARTESIAN_POINT('',(4.539597449703,21.859931967862));
#6815 = CARTESIAN_POINT('',(4.625994009808,21.857492994394));
#6816 = CARTESIAN_POINT('',(4.799432401427,21.857492994394));
#6817 = CARTESIAN_POINT('',(4.886404130541,21.859968876411));
#6818 = CARTESIAN_POINT('',(4.973829702693,21.864913982394));
#6819 = CARTESIAN_POINT('',(5.062185973173,21.872241930274));
#6820 = CARTESIAN_POINT('',(5.151954075683,21.881781670339));
#6821 = CARTESIAN_POINT('',(5.24363037513,21.893245044356));
#6822 = CARTESIAN_POINT('',(5.337747218949,21.906180930317));
#6823 = CARTESIAN_POINT('',(5.527805051606,21.933062740815));
#6824 = CARTESIAN_POINT('',(5.625693511096,21.947251127549));
#6825 = CARTESIAN_POINT('',(5.727622896318,21.961728834158));
#6826 = CARTESIAN_POINT('',(5.832960585602,21.975425277693));
#6827 = CARTESIAN_POINT('',(5.941324330276,21.987097904924));
#6828 = CARTESIAN_POINT('',(6.052503835805,21.995573866056));
#6829 = CARTESIAN_POINT('',(6.166427775142,22.));
#6830 = CARTESIAN_POINT('',(6.28318530718,22.));
#6831 = ( GEOMETRIC_REPRESENTATION_CONTEXT(2) 
PARAMETRIC_REPRESENTATION_CONTEXT() REPRESENTATION_CONTEXT('2D SPACE',''
  ) );
#6832 = ADVANCED_FACE('',(#6833),#6276,.T.);
#6833 = FACE_BOUND('',#6834,.T.);
#6834 = EDGE_LOOP('',(#6835));
#6835 = ORIENTED_EDGE('',*,*,#6261,.T.);
#6836 = ADVANCED_FACE('',(#6837),#6404,.T.);
#6837 = FACE_BOUND('',#6838,.T.);
#6838 = EDGE_LOOP('',(#6839,#6840,#6863,#6924));
#6839 = ORIENTED_EDGE('',*,*,#6292,.T.);
#6840 = ORIENTED_EDGE('',*,*,#6841,.T.);
#6841 = EDGE_CURVE('',#6293,#6842,#6844,.T.);
#6842 = VERTEX_POINT('',#6843);
#6843 = CARTESIAN_POINT('',(627.59263406879,26.236317012306,2.9925E+03)
  );
#6844 = SEAM_CURVE('',#6845,(#6849,#6856),.PCURVE_S1.);
#6845 = LINE('',#6846,#6847);
#6846 = CARTESIAN_POINT('',(585.9,2.165063509461,2.9925E+03));
#6847 = VECTOR('',#6848,1.);
#6848 = DIRECTION('',(0.866025403784,0.5,-1.232595164408E-32));
#6849 = PCURVE('',#6404,#6850);
#6850 = DEFINITIONAL_REPRESENTATION('',(#6851),#6855);
#6851 = LINE('',#6852,#6853);
#6852 = CARTESIAN_POINT('',(0.,-0.));
#6853 = VECTOR('',#6854,1.);
#6854 = DIRECTION('',(0.,1.));
#6855 = ( GEOMETRIC_REPRESENTATION_CONTEXT(2) 
PARAMETRIC_REPRESENTATION_CONTEXT() REPRESENTATION_CONTEXT('2D SPACE',''
  ) );
#6856 = PCURVE('',#6404,#6857);
#6857 = DEFINITIONAL_REPRESENTATION('',(#6858),#6862);
#6858 = LINE('',#6859,#6860);
#6859 = CARTESIAN_POINT('',(6.28318530718,-0.));
#6860 = VECTOR('',#6861,1.);
#6861 = DIRECTION('',(0.,1.));
#6862 = ( GEOMETRIC_REPRESENTATION_CONTEXT(2) 
PARAMETRIC_REPRESENTATION_CONTEXT() REPRESENTATION_CONTEXT('2D SPACE',''
  ) );
#6863 = ORIENTED_EDGE('',*,*,#6864,.F.);
#6864 = EDGE_CURVE('',#6842,#6842,#6865,.T.);
#6865 = SURFACE_CURVE('',#6866,(#6871,#6878),.PCURVE_S1.);
#6866 = CIRCLE('',#6867,2.5);
#6867 = AXIS2_PLACEMENT_3D('',#6868,#6869,#6870);
#6868 = CARTESIAN_POINT('',(628.84263406872,24.071253502803,2.9925E+03)
  );
#6869 = DIRECTION('',(0.866025403784,0.5,0.));
#6870 = DIRECTION('',(-0.5,0.866025403784,0.));
#6871 = PCURVE('',#6404,#6872);
#6872 = DEFINITIONAL_REPRESENTATION('',(#6873),#6877);
#6873 = LINE('',#6874,#6875);
#6874 = CARTESIAN_POINT('',(0.,48.142507005606));
#6875 = VECTOR('',#6876,1.);
#6876 = DIRECTION('',(1.,0.));
#6877 = ( GEOMETRIC_REPRESENTATION_CONTEXT(2) 
PARAMETRIC_REPRESENTATION_CONTEXT() REPRESENTATION_CONTEXT('2D SPACE',''
  ) );
#6878 = PCURVE('',#6879,#6884);
#6879 = SPHERICAL_SURFACE('',#6880,22.);
#6880 = AXIS2_PLACEMENT_3D('',#6881,#6882,#6883);
#6881 = CARTESIAN_POINT('',(647.77177826491,35.,2.9925E+03));
#6882 = DIRECTION('',(0.,0.,1.));
#6883 = DIRECTION('',(1.,0.,-0.));
#6884 = DEFINITIONAL_REPRESENTATION('',(#6885),#6923);
#6885 = B_SPLINE_CURVE_WITH_KNOTS('',8,(#6886,#6887,#6888,#6889,#6890,
    #6891,#6892,#6893,#6894,#6895,#6896,#6897,#6898,#6899,#6900,#6901,
    #6902,#6903,#6904,#6905,#6906,#6907,#6908,#6909,#6910,#6911,#6912,
    #6913,#6914,#6915,#6916,#6917,#6918,#6919,#6920,#6921,#6922),
  .UNSPECIFIED.,.T.,.F.,(9,7,7,7,7,9),(0.,0.785398163397,2.159844949343,
    3.190680038802,4.736932672991,6.28318530718),.UNSPECIFIED.);
#6886 = CARTESIAN_POINT('',(3.551309064735,0.));
#6887 = CARTESIAN_POINT('',(3.551309064735,1.11562239119E-02));
#6888 = CARTESIAN_POINT('',(3.552552701126,2.231244285389E-02));
#6889 = CARTESIAN_POINT('',(3.555039883079,3.330694440544E-02));
#6890 = CARTESIAN_POINT('',(3.558747169977,4.397796252029E-02));
#6891 = CARTESIAN_POINT('',(3.563627336877,5.416816887925E-02));
#6892 = CARTESIAN_POINT('',(3.56960976755,6.372910156576E-02));
#6893 = CARTESIAN_POINT('',(3.576601675086,7.252553106439E-02));
#6894 = CARTESIAN_POINT('',(3.598294981348,9.428967048817E-02));
#6895 = CARTESIAN_POINT('',(3.614845658706,0.105437837328));
#6896 = CARTESIAN_POINT('',(3.633537220838,0.113253193969));
#6897 = CARTESIAN_POINT('',(3.6535806473,0.117268651056));
#6898 = CARTESIAN_POINT('',(3.674038191049,0.117244716682));
#6899 = CARTESIAN_POINT('',(3.693930730547,0.113228238437));
#6900 = CARTESIAN_POINT('',(3.712377469409,0.105521694576));
#6901 = CARTESIAN_POINT('',(3.740855629083,8.645481760244E-02));
#6902 = CARTESIAN_POINT('',(3.751837985687,7.648960388046E-02));
#6903 = CARTESIAN_POINT('',(3.761290966906,6.494209794419E-02));
#6904 = CARTESIAN_POINT('',(3.768956886003,5.208690861196E-02));
#6905 = CARTESIAN_POINT('',(3.774642805774,3.824750011577E-02));
#6906 = CARTESIAN_POINT('',(3.778225547049,2.377881952714E-02));
#6907 = CARTESIAN_POINT('',(3.77965164198,9.049232675303E-03));
#6908 = CARTESIAN_POINT('',(3.777867032537,-2.751360145223E-02));
#6909 = CARTESIAN_POINT('',(3.771981482674,-4.921634369968E-02));
#6910 = CARTESIAN_POINT('',(3.76133656296,-6.945094712245E-02));
#6911 = CARTESIAN_POINT('',(3.746346485419,-8.700237189493E-02));
#6912 = CARTESIAN_POINT('',(3.727763404406,-0.100798451899));
#6913 = CARTESIAN_POINT('',(3.706707752989,-0.11005116564));
#6914 = CARTESIAN_POINT('',(3.684484661954,-0.114390447426));
#6915 = CARTESIAN_POINT('',(3.640284294573,-0.113305385036));
#6916 = CARTESIAN_POINT('',(3.618307165003,-0.107881046638));
#6917 = CARTESIAN_POINT('',(3.59774332029,-9.760742315814E-02));
#6918 = CARTESIAN_POINT('',(3.579874256047,-8.291896294139E-02));
#6919 = CARTESIAN_POINT('',(3.565770357976,-6.465711143326E-02));
#6920 = CARTESIAN_POINT('',(3.556129198807,-4.392766271724E-02));
#6921 = CARTESIAN_POINT('',(3.551309064735,-2.196381582654E-02));
#6922 = CARTESIAN_POINT('',(3.551309064735,0.));
#6923 = ( GEOMETRIC_REPRESENTATION_CONTEXT(2) 
PARAMETRIC_REPRESENTATION_CONTEXT() REPRESENTATION_CONTEXT('2D SPACE',''
  ) );
#6924 = ORIENTED_EDGE('',*,*,#6841,.F.);
#6925 = ADVANCED_FACE('',(#6926),#6578,.T.);
#6926 = FACE_BOUND('',#6927,.T.);
#6927 = EDGE_LOOP('',(#6928,#6929,#6952,#7013));
#6928 = ORIENTED_EDGE('',*,*,#6466,.T.);
#6929 = ORIENTED_EDGE('',*,*,#6930,.T.);
#6930 = EDGE_CURVE('',#6467,#6931,#6933,.T.);
#6931 = VERTEX_POINT('',#6932);
#6932 = CARTESIAN_POINT('',(544.20736593127,21.906189993342,2.9925E+03)
  );
#6933 = SEAM_CURVE('',#6934,(#6938,#6945),.PCURVE_S1.);
#6934 = LINE('',#6935,#6936);
#6935 = CARTESIAN_POINT('',(585.9,-2.165063509461,2.9925E+03));
#6936 = VECTOR('',#6937,1.);
#6937 = DIRECTION('',(-0.866025403784,0.5,1.232595164408E-32));
#6938 = PCURVE('',#6578,#6939);
#6939 = DEFINITIONAL_REPRESENTATION('',(#6940),#6944);
#6940 = LINE('',#6941,#6942);
#6941 = CARTESIAN_POINT('',(0.,-0.));
#6942 = VECTOR('',#6943,1.);
#6943 = DIRECTION('',(0.,1.));
#6944 = ( GEOMETRIC_REPRESENTATION_CONTEXT(2) 
PARAMETRIC_REPRESENTATION_CONTEXT() REPRESENTATION_CONTEXT('2D SPACE',''
  ) );
#6945 = PCURVE('',#6578,#6946);
#6946 = DEFINITIONAL_REPRESENTATION('',(#6947),#6951);
#6947 = LINE('',#6948,#6949);
#6948 = CARTESIAN_POINT('',(6.28318530718,-0.));
#6949 = VECTOR('',#6950,1.);
#6950 = DIRECTION('',(0.,1.));
#6951 = ( GEOMETRIC_REPRESENTATION_CONTEXT(2) 
PARAMETRIC_REPRESENTATION_CONTEXT() REPRESENTATION_CONTEXT('2D SPACE',''
  ) );
#6952 = ORIENTED_EDGE('',*,*,#6953,.F.);
#6953 = EDGE_CURVE('',#6931,#6931,#6954,.T.);
#6954 = SURFACE_CURVE('',#6955,(#6960,#6967),.PCURVE_S1.);
#6955 = CIRCLE('',#6956,2.5);
#6956 = AXIS2_PLACEMENT_3D('',#6957,#6958,#6959);
#6957 = CARTESIAN_POINT('',(545.45736593127,24.071253502803,2.9925E+03)
  );
#6958 = DIRECTION('',(-0.866025403784,0.5,0.));
#6959 = DIRECTION('',(-0.5,-0.866025403784,0.));
#6960 = PCURVE('',#6578,#6961);
#6961 = DEFINITIONAL_REPRESENTATION('',(#6962),#6966);
#6962 = LINE('',#6963,#6964);
#6963 = CARTESIAN_POINT('',(0.,48.142507005606));
#6964 = VECTOR('',#6965,1.);
#6965 = DIRECTION('',(1.,0.));
#6966 = ( GEOMETRIC_REPRESENTATION_CONTEXT(2) 
PARAMETRIC_REPRESENTATION_CONTEXT() REPRESENTATION_CONTEXT('2D SPACE',''
  ) );
#6967 = PCURVE('',#6968,#6973);
#6968 = SPHERICAL_SURFACE('',#6969,22.);
#6969 = AXIS2_PLACEMENT_3D('',#6970,#6971,#6972);
#6970 = CARTESIAN_POINT('',(526.52822173508,35.,2.9925E+03));
#6971 = DIRECTION('',(0.,0.,1.));
#6972 = DIRECTION('',(1.,0.,-0.));
#6973 = DEFINITIONAL_REPRESENTATION('',(#6974),#7012);
#6974 = B_SPLINE_CURVE_WITH_KNOTS('',8,(#6975,#6976,#6977,#6978,#6979,
    #6980,#6981,#6982,#6983,#6984,#6985,#6986,#6987,#6988,#6989,#6990,
    #6991,#6992,#6993,#6994,#6995,#6996,#6997,#6998,#6999,#7000,#7001,
    #7002,#7003,#7004,#7005,#7006,#7007,#7008,#7009,#7010,#7011),
  .UNSPECIFIED.,.T.,.F.,(9,7,7,7,7,9),(0.,0.785398163398,2.159844949343,
    3.190680038802,4.736932672991,6.28318530718),.UNSPECIFIED.);
#6975 = CARTESIAN_POINT('',(5.645704167128,0.));
#6976 = CARTESIAN_POINT('',(5.645704167128,1.11562239119E-02));
#6977 = CARTESIAN_POINT('',(5.646947803519,2.231244285389E-02));
#6978 = CARTESIAN_POINT('',(5.649434985472,3.330694440544E-02));
#6979 = CARTESIAN_POINT('',(5.65314227237,4.397796252029E-02));
#6980 = CARTESIAN_POINT('',(5.658022439271,5.416816887925E-02));
#6981 = CARTESIAN_POINT('',(5.664004869943,6.372910156576E-02));
#6982 = CARTESIAN_POINT('',(5.670996777479,7.252553106439E-02));
#6983 = CARTESIAN_POINT('',(5.692690083741,9.428967048817E-02));
#6984 = CARTESIAN_POINT('',(5.709240761096,0.105437837328));
#6985 = CARTESIAN_POINT('',(5.727932323236,0.11325319397));
#6986 = CARTESIAN_POINT('',(5.747975749699,0.117268651055));
#6987 = CARTESIAN_POINT('',(5.768433293448,0.117244716682));
#6988 = CARTESIAN_POINT('',(5.788325832937,0.113228238437));
#6989 = CARTESIAN_POINT('',(5.806772571803,0.105521694576));
#6990 = CARTESIAN_POINT('',(5.835250731477,8.645481760244E-02));
#6991 = CARTESIAN_POINT('',(5.846233088081,7.648960388046E-02));
#6992 = CARTESIAN_POINT('',(5.855686069297,6.494209794419E-02));
#6993 = CARTESIAN_POINT('',(5.863351988396,5.208690861198E-02));
#6994 = CARTESIAN_POINT('',(5.869037908168,3.824750011579E-02));
#6995 = CARTESIAN_POINT('',(5.872620649442,2.377881952714E-02));
#6996 = CARTESIAN_POINT('',(5.874046744373,9.049232675303E-03));
#6997 = CARTESIAN_POINT('',(5.87226213493,-2.751360145223E-02));
#6998 = CARTESIAN_POINT('',(5.866376585067,-4.921634369985E-02));
#6999 = CARTESIAN_POINT('',(5.855731665342,-6.945094712171E-02));
#7000 = CARTESIAN_POINT('',(5.84074158781,-8.700237189623E-02));
#7001 = CARTESIAN_POINT('',(5.822158506806,-0.100798451898));
#7002 = CARTESIAN_POINT('',(5.801102855385,-0.110051165641));
#7003 = CARTESIAN_POINT('',(5.778879764347,-0.114390447426));
#7004 = CARTESIAN_POINT('',(5.734679396966,-0.113305385036));
#7005 = CARTESIAN_POINT('',(5.712702267392,-0.107881046638));
#7006 = CARTESIAN_POINT('',(5.692138422684,-9.760742315774E-02));
#7007 = CARTESIAN_POINT('',(5.674269358424,-8.291896294202E-02));
#7008 = CARTESIAN_POINT('',(5.660165460366,-6.465711143298E-02));
#7009 = CARTESIAN_POINT('',(5.650524301201,-4.392766271732E-02));
#7010 = CARTESIAN_POINT('',(5.645704167128,-2.196381582654E-02));
#7011 = CARTESIAN_POINT('',(5.645704167128,0.));
#7012 = ( GEOMETRIC_REPRESENTATION_CONTEXT(2) 
PARAMETRIC_REPRESENTATION_CONTEXT() REPRESENTATION_CONTEXT('2D SPACE',''
  ) );
#7013 = ORIENTED_EDGE('',*,*,#6930,.F.);
#7014 = ADVANCED_FACE('',(#7015),#6766,.T.);
#7015 = FACE_BOUND('',#7016,.T.);
#7016 = EDGE_LOOP('',(#7017,#7018,#7041,#7090,#7116,#7165,#7188,#7215,
    #7216,#7237));
#7017 = ORIENTED_EDGE('',*,*,#6640,.T.);
#7018 = ORIENTED_EDGE('',*,*,#7019,.T.);
#7019 = EDGE_CURVE('',#6641,#7020,#7022,.T.);
#7020 = VERTEX_POINT('',#7021);
#7021 = CARTESIAN_POINT('',(587.15,-48.1425070056,2.99E+03));
#7022 = SEAM_CURVE('',#7023,(#7027,#7034),.PCURVE_S1.);
#7023 = LINE('',#7024,#7025);
#7024 = CARTESIAN_POINT('',(587.15,0.,2.99E+03));
#7025 = VECTOR('',#7026,1.);
#7026 = DIRECTION('',(0.,-1.,0.));
#7027 = PCURVE('',#6766,#7028);
#7028 = DEFINITIONAL_REPRESENTATION('',(#7029),#7033);
#7029 = LINE('',#7030,#7031);
#7030 = CARTESIAN_POINT('',(0.,-0.));
#7031 = VECTOR('',#7032,1.);
#7032 = DIRECTION('',(0.,1.));
#7033 = ( GEOMETRIC_REPRESENTATION_CONTEXT(2) 
PARAMETRIC_REPRESENTATION_CONTEXT() REPRESENTATION_CONTEXT('2D SPACE',''
  ) );
#7034 = PCURVE('',#6766,#7035);
#7035 = DEFINITIONAL_REPRESENTATION('',(#7036),#7040);
#7036 = LINE('',#7037,#7038);
#7037 = CARTESIAN_POINT('',(6.28318530718,-0.));
#7038 = VECTOR('',#7039,1.);
#7039 = DIRECTION('',(0.,1.));
#7040 = ( GEOMETRIC_REPRESENTATION_CONTEXT(2) 
PARAMETRIC_REPRESENTATION_CONTEXT() REPRESENTATION_CONTEXT('2D SPACE',''
  ) );
#7041 = ORIENTED_EDGE('',*,*,#7042,.F.);
#7042 = EDGE_CURVE('',#7043,#7020,#7045,.T.);
#7043 = VERTEX_POINT('',#7044);
#7044 = CARTESIAN_POINT('',(587.15,-48.1425070056,2.995E+03));
#7045 = SURFACE_CURVE('',#7046,(#7051,#7058),.PCURVE_S1.);
#7046 = CIRCLE('',#7047,2.5);
#7047 = AXIS2_PLACEMENT_3D('',#7048,#7049,#7050);
#7048 = CARTESIAN_POINT('',(587.15,-48.1425070056,2.9925E+03));
#7049 = DIRECTION('',(0.,-1.,0.));
#7050 = DIRECTION('',(0.,-0.,-1.));
#7051 = PCURVE('',#6766,#7052);
#7052 = DEFINITIONAL_REPRESENTATION('',(#7053),#7057);
#7053 = LINE('',#7054,#7055);
#7054 = CARTESIAN_POINT('',(0.,48.142507005606));
#7055 = VECTOR('',#7056,1.);
#7056 = DIRECTION('',(1.,0.));
#7057 = ( GEOMETRIC_REPRESENTATION_CONTEXT(2) 
PARAMETRIC_REPRESENTATION_CONTEXT() REPRESENTATION_CONTEXT('2D SPACE',''
  ) );
#7058 = PCURVE('',#7059,#7064);
#7059 = SPHERICAL_SURFACE('',#7060,22.);
#7060 = AXIS2_PLACEMENT_3D('',#7061,#7062,#7063);
#7061 = CARTESIAN_POINT('',(587.15,-70.,2.9925E+03));
#7062 = DIRECTION('',(0.,0.,1.));
#7063 = DIRECTION('',(1.,0.,-0.));
#7064 = DEFINITIONAL_REPRESENTATION('',(#7065),#7089);
#7065 = B_SPLINE_CURVE_WITH_KNOTS('',8,(#7066,#7067,#7068,#7069,#7070,
    #7071,#7072,#7073,#7074,#7075,#7076,#7077,#7078,#7079,#7080,#7081,
    #7082,#7083,#7084,#7085,#7086,#7087,#7088),.UNSPECIFIED.,.F.,.F.,(9,
    7,7,9),(3.14159265359,3.926990816987,5.105088062083,6.28318530718),
  .UNSPECIFIED.);
#7066 = CARTESIAN_POINT('',(1.570796326795,0.113882364453));
#7067 = CARTESIAN_POINT('',(1.582025287322,0.113882364453));
#7068 = CARTESIAN_POINT('',(1.59325422231,0.112622495865));
#7069 = CARTESIAN_POINT('',(1.604314028606,0.110102674267));
#7070 = CARTESIAN_POINT('',(1.615035217574,0.106349959819));
#7071 = CARTESIAN_POINT('',(1.625255193866,0.101418155089));
#7072 = CARTESIAN_POINT('',(1.634824086305,9.538600459831E-02));
#7073 = CARTESIAN_POINT('',(1.643609130888,8.835399609986E-02));
#7074 = CARTESIAN_POINT('',(1.6633303184,6.856841480552E-02));
#7075 = CARTESIAN_POINT('',(1.673145750121,5.471212642973E-02));
#7076 = CARTESIAN_POINT('',(1.680562899953,3.92681005132E-02));
#7077 = CARTESIAN_POINT('',(1.685302203435,2.272232563448E-02));
#7078 = CARTESIAN_POINT('',(1.687202778095,5.616995139929E-03));
#7079 = CARTESIAN_POINT('',(1.686225673418,-1.1483268779E-02));
#7080 = CARTESIAN_POINT('',(1.682450951678,-2.802532180522E-02));
#7081 = CARTESIAN_POINT('',(1.669701900179,-5.897562147197E-02));
#7082 = CARTESIAN_POINT('',(1.660727523229,-7.338388653935E-02));
#7083 = CARTESIAN_POINT('',(1.649350706291,-8.62166072792E-02));
#7084 = CARTESIAN_POINT('',(1.635885430649,-9.701008611836E-02));
#7085 = CARTESIAN_POINT('',(1.620755493715,-0.105378166369));
#7086 = CARTESIAN_POINT('',(1.604483206356,-0.111047614212));
#7087 = CARTESIAN_POINT('',(1.587639767586,-0.113882364453));
#7088 = CARTESIAN_POINT('',(1.570796326795,-0.113882364453));
#7089 = ( GEOMETRIC_REPRESENTATION_CONTEXT(2) 
PARAMETRIC_REPRESENTATION_CONTEXT() REPRESENTATION_CONTEXT('2D SPACE',''
  ) );
#7090 = ORIENTED_EDGE('',*,*,#7091,.T.);
#7091 = EDGE_CURVE('',#7043,#7092,#7094,.T.);
#7092 = VERTEX_POINT('',#7093);
#7093 = CARTESIAN_POINT('',(587.15,-50.15686516701,2.995E+03));
#7094 = SURFACE_CURVE('',#7095,(#7099,#7105),.PCURVE_S1.);
#7095 = LINE('',#7096,#7097);
#7096 = CARTESIAN_POINT('',(587.15,0.,2.995E+03));
#7097 = VECTOR('',#7098,1.);
#7098 = DIRECTION('',(0.,-1.,0.));
#7099 = PCURVE('',#6766,#7100);
#7100 = DEFINITIONAL_REPRESENTATION('',(#7101),#7104);
#7101 = B_SPLINE_CURVE_WITH_KNOTS('',1,(#7102,#7103),.UNSPECIFIED.,.F.,
  .F.,(2,2),(43.6,70.0000006),.PIECEWISE_BEZIER_KNOTS.);
#7102 = CARTESIAN_POINT('',(3.14159265359,43.6));
#7103 = CARTESIAN_POINT('',(3.14159265359,70.0000006));
#7104 = ( GEOMETRIC_REPRESENTATION_CONTEXT(2) 
PARAMETRIC_REPRESENTATION_CONTEXT() REPRESENTATION_CONTEXT('2D SPACE',''
  ) );
#7105 = PCURVE('',#7106,#7111);
#7106 = PLANE('',#7107);
#7107 = AXIS2_PLACEMENT_3D('',#7108,#7109,#7110);
#7108 = CARTESIAN_POINT('',(587.15,-92.,2.965E+03));
#7109 = DIRECTION('',(1.,0.,-0.));
#7110 = DIRECTION('',(0.,0.,1.));
#7111 = DEFINITIONAL_REPRESENTATION('',(#7112),#7115);
#7112 = B_SPLINE_CURVE_WITH_KNOTS('',1,(#7113,#7114),.UNSPECIFIED.,.F.,
  .F.,(2,2),(43.6,70.0000006),.PIECEWISE_BEZIER_KNOTS.);
#7113 = CARTESIAN_POINT('',(30.,-48.4));
#7114 = CARTESIAN_POINT('',(30.,-21.9999994));
#7115 = ( GEOMETRIC_REPRESENTATION_CONTEXT(2) 
PARAMETRIC_REPRESENTATION_CONTEXT() REPRESENTATION_CONTEXT('2D SPACE',''
  ) );
#7116 = ORIENTED_EDGE('',*,*,#7117,.T.);
#7117 = EDGE_CURVE('',#7092,#7118,#7120,.T.);
#7118 = VERTEX_POINT('',#7119);
#7119 = CARTESIAN_POINT('',(587.15,-50.15686516701,2.99E+03));
#7120 = SURFACE_CURVE('',#7121,(#7126,#7133),.PCURVE_S1.);
#7121 = CIRCLE('',#7122,2.5);
#7122 = AXIS2_PLACEMENT_3D('',#7123,#7124,#7125);
#7123 = CARTESIAN_POINT('',(587.15,-50.15686516701,2.9925E+03));
#7124 = DIRECTION('',(0.,-1.,0.));
#7125 = DIRECTION('',(0.,-0.,-1.));
#7126 = PCURVE('',#6766,#7127);
#7127 = DEFINITIONAL_REPRESENTATION('',(#7128),#7132);
#7128 = LINE('',#7129,#7130);
#7129 = CARTESIAN_POINT('',(0.,50.156865167016));
#7130 = VECTOR('',#7131,1.);
#7131 = DIRECTION('',(1.,0.));
#7132 = ( GEOMETRIC_REPRESENTATION_CONTEXT(2) 
PARAMETRIC_REPRESENTATION_CONTEXT() REPRESENTATION_CONTEXT('2D SPACE',''
  ) );
#7133 = PCURVE('',#7134,#7139);
#7134 = SPHERICAL_SURFACE('',#7135,20.);
#7135 = AXIS2_PLACEMENT_3D('',#7136,#7137,#7138);
#7136 = CARTESIAN_POINT('',(587.15,-70.,2.9925E+03));
#7137 = DIRECTION('',(0.,0.,1.));
#7138 = DIRECTION('',(1.,0.,-0.));
#7139 = DEFINITIONAL_REPRESENTATION('',(#7140),#7164);
#7140 = B_SPLINE_CURVE_WITH_KNOTS('',8,(#7141,#7142,#7143,#7144,#7145,
    #7146,#7147,#7148,#7149,#7150,#7151,#7152,#7153,#7154,#7155,#7156,
    #7157,#7158,#7159,#7160,#7161,#7162,#7163),.UNSPECIFIED.,.F.,.F.,(9,
    7,7,9),(3.14159265359,3.926990816987,5.105088062083,6.28318530718),
  .UNSPECIFIED.);
#7141 = CARTESIAN_POINT('',(1.570796326795,0.125327831168));
#7142 = CARTESIAN_POINT('',(1.58316518525,0.125327831168));
#7143 = CARTESIAN_POINT('',(1.595534012578,0.12394007142));
#7144 = CARTESIAN_POINT('',(1.607715541429,0.121164443334));
#7145 = CARTESIAN_POINT('',(1.619522029081,0.117031018778));
#7146 = CARTESIAN_POINT('',(1.630773718511,0.111599531505));
#7147 = CARTESIAN_POINT('',(1.641305476185,0.10495727908));
#7148 = CARTESIAN_POINT('',(1.650971606557,9.721544530369E-02));
#7149 = CARTESIAN_POINT('',(1.672664698385,7.543643990449E-02));
#7150 = CARTESIAN_POINT('',(1.683455552581,6.018714125816E-02));
#7151 = CARTESIAN_POINT('',(1.691604663831,4.319429710952E-02));
#7152 = CARTESIAN_POINT('',(1.696809070535,2.499313126865E-02));
#7153 = CARTESIAN_POINT('',(1.698895996684,6.178639766046E-03));
#7154 = CARTESIAN_POINT('',(1.697823775652,-1.263051502194E-02));
#7155 = CARTESIAN_POINT('',(1.693677895458,-3.082763857794E-02));
#7156 = CARTESIAN_POINT('',(1.679667641293,-6.487974326149E-02));
#7157 = CARTESIAN_POINT('',(1.669803203687,-8.073474879079E-02));
#7158 = CARTESIAN_POINT('',(1.657293318241,-9.485971157625E-02));
#7159 = CARTESIAN_POINT('',(1.642479194102,-0.106743963083));
#7160 = CARTESIAN_POINT('',(1.62582363727,-0.115960345233));
#7161 = CARTESIAN_POINT('',(1.60790289888,-0.122205312445));
#7162 = CARTESIAN_POINT('',(1.589349614478,-0.125327831168));
#7163 = CARTESIAN_POINT('',(1.570796326795,-0.125327831168));
#7164 = ( GEOMETRIC_REPRESENTATION_CONTEXT(2) 
PARAMETRIC_REPRESENTATION_CONTEXT() REPRESENTATION_CONTEXT('2D SPACE',''
  ) );
#7165 = ORIENTED_EDGE('',*,*,#7166,.T.);
#7166 = EDGE_CURVE('',#7118,#7167,#7169,.T.);
#7167 = VERTEX_POINT('',#7168);
#7168 = CARTESIAN_POINT('',(587.15,-70.,2.99E+03));
#7169 = SEAM_CURVE('',#7170,(#7174,#7181),.PCURVE_S1.);
#7170 = LINE('',#7171,#7172);
#7171 = CARTESIAN_POINT('',(587.15,0.,2.99E+03));
#7172 = VECTOR('',#7173,1.);
#7173 = DIRECTION('',(0.,-1.,0.));
#7174 = PCURVE('',#6766,#7175);
#7175 = DEFINITIONAL_REPRESENTATION('',(#7176),#7180);
#7176 = LINE('',#7177,#7178);
#7177 = CARTESIAN_POINT('',(0.,-0.));
#7178 = VECTOR('',#7179,1.);
#7179 = DIRECTION('',(0.,1.));
#7180 = ( GEOMETRIC_REPRESENTATION_CONTEXT(2) 
PARAMETRIC_REPRESENTATION_CONTEXT() REPRESENTATION_CONTEXT('2D SPACE',''
  ) );
#7181 = PCURVE('',#6766,#7182);
#7182 = DEFINITIONAL_REPRESENTATION('',(#7183),#7187);
#7183 = LINE('',#7184,#7185);
#7184 = CARTESIAN_POINT('',(6.28318530718,-0.));
#7185 = VECTOR('',#7186,1.);
#7186 = DIRECTION('',(0.,1.));
#7187 = ( GEOMETRIC_REPRESENTATION_CONTEXT(2) 
PARAMETRIC_REPRESENTATION_CONTEXT() REPRESENTATION_CONTEXT('2D SPACE',''
  ) );
#7188 = ORIENTED_EDGE('',*,*,#7189,.F.);
#7189 = EDGE_CURVE('',#7167,#7167,#7190,.T.);
#7190 = SURFACE_CURVE('',#7191,(#7196,#7203),.PCURVE_S1.);
#7191 = CIRCLE('',#7192,2.5);
#7192 = AXIS2_PLACEMENT_3D('',#7193,#7194,#7195);
#7193 = CARTESIAN_POINT('',(587.15,-70.,2.9925E+03));
#7194 = DIRECTION('',(0.,-1.,0.));
#7195 = DIRECTION('',(0.,-0.,-1.));
#7196 = PCURVE('',#6766,#7197);
#7197 = DEFINITIONAL_REPRESENTATION('',(#7198),#7202);
#7198 = LINE('',#7199,#7200);
#7199 = CARTESIAN_POINT('',(0.,70.));
#7200 = VECTOR('',#7201,1.);
#7201 = DIRECTION('',(1.,0.));
#7202 = ( GEOMETRIC_REPRESENTATION_CONTEXT(2) 
PARAMETRIC_REPRESENTATION_CONTEXT() REPRESENTATION_CONTEXT('2D SPACE',''
  ) );
#7203 = PCURVE('',#7204,#7209);
#7204 = PLANE('',#7205);
#7205 = AXIS2_PLACEMENT_3D('',#7206,#7207,#7208);
#7206 = CARTESIAN_POINT('',(587.15,-70.,2.9925E+03));
#7207 = DIRECTION('',(0.,-1.,0.));
#7208 = DIRECTION('',(0.,-0.,-1.));
#7209 = DEFINITIONAL_REPRESENTATION('',(#7210),#7214);
#7210 = CIRCLE('',#7211,2.5);
#7211 = AXIS2_PLACEMENT_2D('',#7212,#7213);
#7212 = CARTESIAN_POINT('',(0.,0.));
#7213 = DIRECTION('',(1.,0.));
#7214 = ( GEOMETRIC_REPRESENTATION_CONTEXT(2) 
PARAMETRIC_REPRESENTATION_CONTEXT() REPRESENTATION_CONTEXT('2D SPACE',''
  ) );
#7215 = ORIENTED_EDGE('',*,*,#7166,.F.);
#7216 = ORIENTED_EDGE('',*,*,#7217,.F.);
#7217 = EDGE_CURVE('',#7020,#7118,#7218,.T.);
#7218 = SURFACE_CURVE('',#7219,(#7223,#7230),.PCURVE_S1.);
#7219 = LINE('',#7220,#7221);
#7220 = CARTESIAN_POINT('',(587.15,0.,2.99E+03));
#7221 = VECTOR('',#7222,1.);
#7222 = DIRECTION('',(0.,-1.,0.));
#7223 = PCURVE('',#6766,#7224);
#7224 = DEFINITIONAL_REPRESENTATION('',(#7225),#7229);
#7225 = LINE('',#7226,#7227);
#7226 = CARTESIAN_POINT('',(0.,-0.));
#7227 = VECTOR('',#7228,1.);
#7228 = DIRECTION('',(0.,1.));
#7229 = ( GEOMETRIC_REPRESENTATION_CONTEXT(2) 
PARAMETRIC_REPRESENTATION_CONTEXT() REPRESENTATION_CONTEXT('2D SPACE',''
  ) );
#7230 = PCURVE('',#7106,#7231);
#7231 = DEFINITIONAL_REPRESENTATION('',(#7232),#7236);
#7232 = LINE('',#7233,#7234);
#7233 = CARTESIAN_POINT('',(25.,-92.));
#7234 = VECTOR('',#7235,1.);
#7235 = DIRECTION('',(0.,1.));
#7236 = ( GEOMETRIC_REPRESENTATION_CONTEXT(2) 
PARAMETRIC_REPRESENTATION_CONTEXT() REPRESENTATION_CONTEXT('2D SPACE',''
  ) );
#7237 = ORIENTED_EDGE('',*,*,#7019,.F.);
#7238 = ADVANCED_FACE('',(#7239,#7554),#6879,.T.);
#7239 = FACE_BOUND('',#7240,.T.);
#7240 = EDGE_LOOP('',(#7241,#7353));
#7241 = ORIENTED_EDGE('',*,*,#7242,.T.);
#7242 = EDGE_CURVE('',#7243,#7245,#7247,.T.);
#7243 = VERTEX_POINT('',#7244);
#7244 = CARTESIAN_POINT('',(658.77177826491,32.052558883258,
    2.973676807102E+03));
#7245 = VERTEX_POINT('',#7246);
#7246 = CARTESIAN_POINT('',(658.77177826491,32.052558883258,
    3.011323192898E+03));
#7247 = SURFACE_CURVE('',#7248,(#7253,#7341),.PCURVE_S1.);
#7248 = CIRCLE('',#7249,19.052558883258);
#7249 = AXIS2_PLACEMENT_3D('',#7250,#7251,#7252);
#7250 = CARTESIAN_POINT('',(658.77177826491,35.,2.9925E+03));
#7251 = DIRECTION('',(1.,0.,0.));
#7252 = DIRECTION('',(0.,-0.154700538379,-0.987961407862));
#7253 = PCURVE('',#6879,#7254);
#7254 = DEFINITIONAL_REPRESENTATION('',(#7255),#7340);
#7255 = B_SPLINE_CURVE_WITH_KNOTS('',8,(#7256,#7257,#7258,#7259,#7260,
    #7261,#7262,#7263,#7264,#7265,#7266,#7267,#7268,#7269,#7270,#7271,
    #7272,#7273,#7274,#7275,#7276,#7277,#7278,#7279,#7280,#7281,#7282,
    #7283,#7284,#7285,#7286,#7287,#7288,#7289,#7290,#7291,#7292,#7293,
    #7294,#7295,#7296,#7297,#7298,#7299,#7300,#7301,#7302,#7303,#7304,
    #7305,#7306,#7307,#7308,#7309,#7310,#7311,#7312,#7313,#7314,#7315,
    #7316,#7317,#7318,#7319,#7320,#7321,#7322,#7323,#7324,#7325,#7326,
    #7327,#7328,#7329,#7330,#7331,#7332,#7333,#7334,#7335,#7336,#7337,
    #7338,#7339),.UNSPECIFIED.,.F.,.F.,(9,6,7,7,7,7,7,7,7,7,7,6,9),(0.,
    0.1553243355,0.351673876349,0.535751570895,0.88089724817,
    1.182899715785,1.711404034111,2.107782272856,2.405065951914,
    2.850991470502,3.073954229796,3.29691698909,3.452241324589),
  .UNSPECIFIED.);
#7256 = CARTESIAN_POINT('',(6.021385919381,-1.026708220113));
#7257 = CARTESIAN_POINT('',(6.052384205404,-1.031733332137));
#7258 = CARTESIAN_POINT('',(6.084078671936,-1.036094045974));
#7259 = CARTESIAN_POINT('',(6.116387571352,-1.039765636581));
#7260 = CARTESIAN_POINT('',(6.149211385133,-1.042726385973));
#7261 = CARTESIAN_POINT('',(6.182434333765,-1.044958956824));
#7262 = CARTESIAN_POINT('',(6.2159279338,-1.046451365022));
#7263 = CARTESIAN_POINT('',(6.292067513497,-1.048140830144));
#7264 = CARTESIAN_POINT('',(6.368207121855,-1.046005120669));
#7265 = CARTESIAN_POINT('',(6.410445034078,-1.043620273963));
#7266 = CARTESIAN_POINT('',(6.452136219522,-1.040058286474));
#7267 = CARTESIAN_POINT('',(6.493029271672,-1.035349909385));
#7268 = CARTESIAN_POINT('',(6.532912924979,-1.02953850027));
#7269 = CARTESIAN_POINT('',(6.571624617429,-1.022675897585));
#7270 = CARTESIAN_POINT('',(6.64412838073,-1.007452900953));
#7271 = CARTESIAN_POINT('',(6.678076742169,-0.999212928233));
#7272 = CARTESIAN_POINT('',(6.710793549777,-0.990145716707));
#7273 = CARTESIAN_POINT('',(6.742216182813,-0.980301891204));
#7274 = CARTESIAN_POINT('',(6.772314894879,-0.969733246865));
#7275 = CARTESIAN_POINT('',(6.801086338147,-0.958490732999));
#7276 = CARTESIAN_POINT('',(6.828546011653,-0.946623149335));
#7277 = CARTESIAN_POINT('',(6.903805081535,-0.910839310021));
#7278 = CARTESIAN_POINT('',(6.9483779486,-0.885466543903));
#7279 = CARTESIAN_POINT('',(6.988633296399,-0.858362381937));
#7280 = CARTESIAN_POINT('',(7.024931696609,-0.829796175425));
#7281 = CARTESIAN_POINT('',(7.057664207631,-0.799990710154));
#7282 = CARTESIAN_POINT('',(7.087197120799,-0.769127872278));
#7283 = CARTESIAN_POINT('',(7.113861376342,-0.737359571051));
#7284 = CARTESIAN_POINT('',(7.15902398967,-0.676332268378));
#7285 = CARTESIAN_POINT('',(7.178126447096,-0.647256009663));
#7286 = CARTESIAN_POINT('',(7.195450588878,-0.617667382366));
#7287 = CARTESIAN_POINT('',(7.211168129127,-0.58763609547));
#7288 = CARTESIAN_POINT('',(7.225426627141,-0.557220472951));
#7289 = CARTESIAN_POINT('',(7.238352058451,-0.526470046773));
#7290 = CARTESIAN_POINT('',(7.250052299116,-0.495427489627));
#7291 = CARTESIAN_POINT('',(7.279111028179,-0.409359454511));
#7292 = CARTESIAN_POINT('',(7.29413182877,-0.353808236211));
#7293 = CARTESIAN_POINT('',(7.306173615454,-0.297675796332));
#7294 = CARTESIAN_POINT('',(7.315578595456,-0.241110839229));
#7295 = CARTESIAN_POINT('',(7.322581247415,-0.184234124921));
#7296 = CARTESIAN_POINT('',(7.327333285326,-0.127150415334));
#7297 = CARTESIAN_POINT('',(7.329914925606,-6.995558052192E-02));
#7298 = CARTESIAN_POINT('',(7.33065174394,3.016318241143E-02));
#7299 = CARTESIAN_POINT('',(7.329752175603,7.308014994789E-02));
#7300 = CARTESIAN_POINT('',(7.327641443317,0.115965961825));
#7301 = CARTESIAN_POINT('',(7.324301318903,0.158780608883));
#7302 = CARTESIAN_POINT('',(7.319691604536,0.20148272059));
#7303 = CARTESIAN_POINT('',(7.313748369872,0.244027623586));
#7304 = CARTESIAN_POINT('',(7.306379984067,0.28636489294));
#7305 = CARTESIAN_POINT('',(7.290771661696,0.359988273447));
#7306 = CARTESIAN_POINT('',(7.283210137548,0.391391080986));
#7307 = CARTESIAN_POINT('',(7.274723365134,0.422618860925));
#7308 = CARTESIAN_POINT('',(7.265247650393,0.453643765829));
#7309 = CARTESIAN_POINT('',(7.254706932383,0.484434363962));
#7310 = CARTESIAN_POINT('',(7.243010750391,0.514954544133));
#7311 = CARTESIAN_POINT('',(7.230051856151,0.545162020054));
#7312 = CARTESIAN_POINT('',(7.19418089359,0.619773055401));
#7313 = CARTESIAN_POINT('',(7.169531986852,0.663722794552));
#7314 = CARTESIAN_POINT('',(7.14132903171,0.706685455106));
#7315 = CARTESIAN_POINT('',(7.109046614247,0.748450466244));
#7316 = CARTESIAN_POINT('',(7.072042080409,0.78874821347));
#7317 = CARTESIAN_POINT('',(7.029551255732,0.827235755052));
#7318 = CARTESIAN_POINT('',(6.98068400117,0.863448237));
#7319 = CARTESIAN_POINT('',(6.896824197464,0.913487079044));
#7320 = CARTESIAN_POINT('',(6.867111129076,0.929453387362));
#7321 = CARTESIAN_POINT('',(6.835555194865,0.944634120128));
#7322 = CARTESIAN_POINT('',(6.802088094217,0.958950049968));
#7323 = CARTESIAN_POINT('',(6.766665054009,0.972315210412));
#7324 = CARTESIAN_POINT('',(6.72928292447,0.984638567324));
#7325 = CARTESIAN_POINT('',(6.689999179806,0.995827797827));
#7326 = CARTESIAN_POINT('',(6.607887610679,1.015763864674));
#7327 = CARTESIAN_POINT('',(6.565059762366,1.024510698695));
#7328 = CARTESIAN_POINT('',(6.52058921529,1.031949222106));
#7329 = CARTESIAN_POINT('',(6.474676894813,1.037997531368));
#7330 = CARTESIAN_POINT('',(6.427603909034,1.042584825751));
#7331 = CARTESIAN_POINT('',(6.379731013228,1.045659971234));
#7332 = CARTESIAN_POINT('',(6.297829429353,1.048268681865));
#7333 = CARTESIAN_POINT('',(6.2159279338,1.046451365022));
#7334 = CARTESIAN_POINT('',(6.182434333765,1.044958956824));
#7335 = CARTESIAN_POINT('',(6.149211385133,1.042726385973));
#7336 = CARTESIAN_POINT('',(6.116387571352,1.039765636581));
#7337 = CARTESIAN_POINT('',(6.084078671936,1.036094045974));
#7338 = CARTESIAN_POINT('',(6.052384205404,1.031733332137));
#7339 = CARTESIAN_POINT('',(6.021385919381,1.026708220113));
#7340 = ( GEOMETRIC_REPRESENTATION_CONTEXT(2) 
PARAMETRIC_REPRESENTATION_CONTEXT() REPRESENTATION_CONTEXT('2D SPACE',''
  ) );
#7341 = PCURVE('',#7342,#7347);
#7342 = PLANE('',#7343);
#7343 = AXIS2_PLACEMENT_3D('',#7344,#7345,#7346);
#7344 = CARTESIAN_POINT('',(658.77177826491,32.052558883258,2.965E+03));
#7345 = DIRECTION('',(1.,0.,-0.));
#7346 = DIRECTION('',(0.,0.,1.));
#7347 = DEFINITIONAL_REPRESENTATION('',(#7348),#7352);
#7348 = CIRCLE('',#7349,19.052558883258);
#7349 = AXIS2_PLACEMENT_2D('',#7350,#7351);
#7350 = CARTESIAN_POINT('',(27.5,-2.947441116742));
#7351 = DIRECTION('',(-0.987961407862,0.154700538379));
#7352 = ( GEOMETRIC_REPRESENTATION_CONTEXT(2) 
PARAMETRIC_REPRESENTATION_CONTEXT() REPRESENTATION_CONTEXT('2D SPACE',''
  ) );
#7353 = ORIENTED_EDGE('',*,*,#7354,.F.);
#7354 = EDGE_CURVE('',#7243,#7245,#7355,.T.);
#7355 = SURFACE_CURVE('',#7356,(#7361,#7542),.PCURVE_S1.);
#7356 = CIRCLE('',#7357,21.801664864485);
#7357 = AXIS2_PLACEMENT_3D('',#7358,#7359,#7360);
#7358 = CARTESIAN_POINT('',(647.77177826491,32.052558883258,2.9925E+03)
  );
#7359 = DIRECTION('',(-0.,1.,0.));
#7360 = DIRECTION('',(0.,0.,1.));
#7361 = PCURVE('',#6879,#7362);
#7362 = DEFINITIONAL_REPRESENTATION('',(#7363),#7541);
#7363 = B_SPLINE_CURVE_WITH_KNOTS('',8,(#7364,#7365,#7366,#7367,#7368,
    #7369,#7370,#7371,#7372,#7373,#7374,#7375,#7376,#7377,#7378,#7379,
    #7380,#7381,#7382,#7383,#7384,#7385,#7386,#7387,#7388,#7389,#7390,
    #7391,#7392,#7393,#7394,#7395,#7396,#7397,#7398,#7399,#7400,#7401,
    #7402,#7403,#7404,#7405,#7406,#7407,#7408,#7409,#7410,#7411,#7412,
    #7413,#7414,#7415,#7416,#7417,#7418,#7419,#7420,#7421,#7422,#7423,
    #7424,#7425,#7426,#7427,#7428,#7429,#7430,#7431,#7432,#7433,#7434,
    #7435,#7436,#7437,#7438,#7439,#7440,#7441,#7442,#7443,#7444,#7445,
    #7446,#7447,#7448,#7449,#7450,#7451,#7452,#7453,#7454,#7455,#7456,
    #7457,#7458,#7459,#7460,#7461,#7462,#7463,#7464,#7465,#7466,#7467,
    #7468,#7469,#7470,#7471,#7472,#7473,#7474,#7475,#7476,#7477,#7478,
    #7479,#7480,#7481,#7482,#7483,#7484,#7485,#7486,#7487,#7488,#7489,
    #7490,#7491,#7492,#7493,#7494,#7495,#7496,#7497,#7498,#7499,#7500,
    #7501,#7502,#7503,#7504,#7505,#7506,#7507,#7508,#7509,#7510,#7511,
    #7512,#7513,#7514,#7515,#7516,#7517,#7518,#7519,#7520,#7521,#7522,
    #7523,#7524,#7525,#7526,#7527,#7528,#7529,#7530,#7531,#7532,#7533,
    #7534,#7535,#7536,#7537,#7538,#7539,#7540),.UNSPECIFIED.,.F.,.F.,(9,
    7,7,7,7,7,7,7,7,7,7,7,7,7,7,7,7,7,7,7,7,7,7,7,7,9),(2.612733567717,
    2.875190494301,2.998217178637,3.057808228862,3.116468168927,
    3.174211547429,3.231052685642,3.28700568107,3.39716314082,
    3.610593219084,3.810683917457,4.185853976907,4.842401580943,
    5.33481228397,5.704120311241,5.842610821467,5.963790017915,
    6.069821814807,6.162599637088,6.243780231584,6.279296741675,
    6.345890198097,6.404159472467,6.506130702613,6.659087547833,
    6.812044393052),.UNSPECIFIED.);
#7364 = CARTESIAN_POINT('',(6.02138591938,-1.026708220113));
#7365 = CARTESIAN_POINT('',(6.007351040527,-1.058397460572));
#7366 = CARTESIAN_POINT('',(5.991328287038,-1.089950467236));
#7367 = CARTESIAN_POINT('',(5.972868780424,-1.121335552827));
#7368 = CARTESIAN_POINT('',(5.951359613839,-1.152507648191));
#7369 = CARTESIAN_POINT('',(5.925952256155,-1.183408210623));
#7370 = CARTESIAN_POINT('',(5.895356345415,-1.213937601807));
#7371 = CARTESIAN_POINT('',(5.857625403786,-1.243958235647));
#7372 = CARTESIAN_POINT('',(5.785870992661,-1.286822113841));
#7373 = CARTESIAN_POINT('',(5.760526680914,-1.300318219695));
#7374 = CARTESIAN_POINT('',(5.732327091995,-1.313596609929));
#7375 = CARTESIAN_POINT('',(5.700765802874,-1.326614292665));
#7376 = CARTESIAN_POINT('',(5.665198257673,-1.33931476253));
#7377 = CARTESIAN_POINT('',(5.624832379513,-1.351623770475));
#7378 = CARTESIAN_POINT('',(5.578619277794,-1.363436771667));
#7379 = CARTESIAN_POINT('',(5.499679955964,-1.380018161943));
#7380 = CARTESIAN_POINT('',(5.472286260656,-1.38527822865));
#7381 = CARTESIAN_POINT('',(5.443130603977,-1.390370912967));
#7382 = CARTESIAN_POINT('',(5.412082588955,-1.395277385541));
#7383 = CARTESIAN_POINT('',(5.379012556031,-1.399976137635));
#7384 = CARTESIAN_POINT('',(5.343802743363,-1.404442870226));
#7385 = CARTESIAN_POINT('',(5.306365886222,-1.408650801836));
#7386 = CARTESIAN_POINT('',(5.227596853368,-1.416430729155));
#7387 = CARTESIAN_POINT('',(5.186334688857,-1.420011649163));
#7388 = CARTESIAN_POINT('',(5.142855450008,-1.423286963774));
#7389 = CARTESIAN_POINT('',(5.09718286437,-1.426228084719));
#7390 = CARTESIAN_POINT('',(5.049415926424,-1.4288057107));
#7391 = CARTESIAN_POINT('',(4.999757694931,-1.430992015831));
#7392 = CARTESIAN_POINT('',(4.948525194693,-1.432763420661));
#7393 = CARTESIAN_POINT('',(4.844523629726,-1.435421695616));
#7394 = CARTESIAN_POINT('',(4.791791118199,-1.436321944235));
#7395 = CARTESIAN_POINT('',(4.738295799197,-1.436787665104));
#7396 = CARTESIAN_POINT('',(4.684491512465,-1.436808765758));
#7397 = CARTESIAN_POINT('',(4.630880150949,-1.436383624618));
#7398 = CARTESIAN_POINT('',(4.577947609133,-1.435519499697));
#7399 = CARTESIAN_POINT('',(4.526105177453,-1.434231231501));
#7400 = CARTESIAN_POINT('',(4.426039681044,-1.43087238492));
#7401 = CARTESIAN_POINT('',(4.377772667867,-1.428814353216));
#7402 = CARTESIAN_POINT('',(4.331187690326,-1.426383358512));
#7403 = CARTESIAN_POINT('',(4.286513042696,-1.423603111605));
#7404 = CARTESIAN_POINT('',(4.243879058029,-1.420499854952));
#7405 = CARTESIAN_POINT('',(4.203333455241,-1.417100233806));
#7406 = CARTESIAN_POINT('',(4.164867618401,-1.413429790529));
#7407 = CARTESIAN_POINT('',(4.092568460326,-1.405656465241));
#7408 = CARTESIAN_POINT('',(4.058672188099,-1.401561226489));
#7409 = CARTESIAN_POINT('',(4.026698681795,-1.397249717535));
#7410 = CARTESIAN_POINT('',(3.996565629351,-1.392743234883));
#7411 = CARTESIAN_POINT('',(3.968171596829,-1.388061077645));
#7412 = CARTESIAN_POINT('',(3.941408334311,-1.383220410593));
#7413 = CARTESIAN_POINT('',(3.916168096023,-1.378236374603));
#7414 = CARTESIAN_POINT('',(3.845446173362,-1.363054394597));
#7415 = CARTESIAN_POINT('',(3.804043139893,-1.352482851013));
#7416 = CARTESIAN_POINT('',(3.76733758352,-1.341510425816));
#7417 = CARTESIAN_POINT('',(3.734583071226,-1.330213354433));
#7418 = CARTESIAN_POINT('',(3.705186204415,-1.318648078808));
#7419 = CARTESIAN_POINT('',(3.678657006388,-1.306858443444));
#7420 = CARTESIAN_POINT('',(3.654598555315,-1.294878712745));
#7421 = CARTESIAN_POINT('',(3.590221552064,-1.259210499817));
#7422 = CARTESIAN_POINT('',(3.555804460456,-1.235074127408));
#7423 = CARTESIAN_POINT('',(3.527048028061,-1.210526703845));
#7424 = CARTESIAN_POINT('',(3.502564890874,-1.18567119914));
#7425 = CARTESIAN_POINT('',(3.481422250879,-1.160579225121));
#7426 = CARTESIAN_POINT('',(3.462956890603,-1.135298530043));
#7427 = CARTESIAN_POINT('',(3.446681930187,-1.109864921576));
#7428 = CARTESIAN_POINT('',(3.4186754913,-1.06034258871));
#7429 = CARTESIAN_POINT('',(3.406723617341,-1.036269169976));
#7430 = CARTESIAN_POINT('',(3.396066610592,-1.012106725163));
#7431 = CARTESIAN_POINT('',(3.386489697262,-0.987870528273));
#7432 = CARTESIAN_POINT('',(3.37783009987,-0.963572097784));
#7433 = CARTESIAN_POINT('',(3.369959305209,-0.93922051412));
#7434 = CARTESIAN_POINT('',(3.362775257843,-0.914822962321));
#7435 = CARTESIAN_POINT('',(3.343854559395,-0.844564831651));
#7436 = CARTESIAN_POINT('',(3.333634723396,-0.79860347437));
#7437 = CARTESIAN_POINT('',(3.324983527524,-0.752540115872));
#7438 = CARTESIAN_POINT('',(3.317581380985,-0.706397281936));
#7439 = CARTESIAN_POINT('',(3.311197323552,-0.660191487723));
#7440 = CARTESIAN_POINT('',(3.305668678501,-0.613934564096));
#7441 = CARTESIAN_POINT('',(3.300871015217,-0.567635827166));
#7442 = CARTESIAN_POINT('',(3.289428490399,-0.440219547792));
#7443 = CARTESIAN_POINT('',(3.284096787914,-0.359030950722));
#7444 = CARTESIAN_POINT('',(3.28020939317,-0.277776317012));
#7445 = CARTESIAN_POINT('',(3.277531069431,-0.196477740191));
#7446 = CARTESIAN_POINT('',(3.275913209998,-0.115152999931));
#7447 = CARTESIAN_POINT('',(3.275293492252,-3.381646638613E-02));
#7448 = CARTESIAN_POINT('',(3.275664858685,4.751783891653E-02));
#7449 = CARTESIAN_POINT('',(3.278178443267,0.189821030035));
#7450 = CARTESIAN_POINT('',(3.279854727854,0.250797873818));
#7451 = CARTESIAN_POINT('',(3.28216096576,0.311757738033));
#7452 = CARTESIAN_POINT('',(3.285153685139,0.372693177263));
#7453 = CARTESIAN_POINT('',(3.288917505024,0.433595507254));
#7454 = CARTESIAN_POINT('',(3.293581056871,0.494453528138));
#7455 = CARTESIAN_POINT('',(3.299328908638,0.555252605077));
#7456 = CARTESIAN_POINT('',(3.311843878277,0.661506488451));
#7457 = CARTESIAN_POINT('',(3.317997004199,0.706997415032));
#7458 = CARTESIAN_POINT('',(3.325073955222,0.752431956323));
#7459 = CARTESIAN_POINT('',(3.333254370771,0.797797114517));
#7460 = CARTESIAN_POINT('',(3.342773183507,0.843076213835));
#7461 = CARTESIAN_POINT('',(3.353977391565,0.888244702501));
#7462 = CARTESIAN_POINT('',(3.367349195682,0.933268867696));
#7463 = CARTESIAN_POINT('',(3.389953068161,0.994891090134));
#7464 = CARTESIAN_POINT('',(3.39654915635,1.011667896395));
#7465 = CARTESIAN_POINT('',(3.403623958844,1.028412101595));
#7466 = CARTESIAN_POINT('',(3.411233577376,1.045119721609));
#7467 = CARTESIAN_POINT('',(3.419444297298,1.061786040272));
#7468 = CARTESIAN_POINT('',(3.428335997439,1.07840535189));
#7469 = CARTESIAN_POINT('',(3.438007569303,1.094970540839));
#7470 = CARTESIAN_POINT('',(3.457839024918,1.125911710961));
#7471 = CARTESIAN_POINT('',(3.467786779323,1.140302509892));
#7472 = CARTESIAN_POINT('',(3.478511735666,1.154638776239));
#7473 = CARTESIAN_POINT('',(3.490113778321,1.168913207636));
#7474 = CARTESIAN_POINT('',(3.502713307149,1.183116912691));
#7475 = CARTESIAN_POINT('',(3.51645724931,1.197238944907));
#7476 = CARTESIAN_POINT('',(3.531529047983,1.211265443854));
#7477 = CARTESIAN_POINT('',(3.562722116255,1.237351583114));
#7478 = CARTESIAN_POINT('',(3.578476728067,1.249437916805));
#7479 = CARTESIAN_POINT('',(3.595587609056,1.261424746074));
#7480 = CARTESIAN_POINT('',(3.614244903406,1.273297133813));
#7481 = CARTESIAN_POINT('',(3.634677903672,1.285036611746));
#7482 = CARTESIAN_POINT('',(3.657168459703,1.296620010563));
#7483 = CARTESIAN_POINT('',(3.682067835126,1.308017416619));
#7484 = CARTESIAN_POINT('',(3.734092788181,1.328963481311));
#7485 = CARTESIAN_POINT('',(3.760551013929,1.338565149484));
#7486 = CARTESIAN_POINT('',(3.78948277306,1.347966727611));
#7487 = CARTESIAN_POINT('',(3.821232124832,1.357135309279));
#7488 = CARTESIAN_POINT('',(3.856201994127,1.366030003259));
#7489 = CARTESIAN_POINT('',(3.894855869737,1.374599881451));
#7490 = CARTESIAN_POINT('',(3.937714466522,1.382779640926));
#7491 = CARTESIAN_POINT('',(4.02683205061,1.397234270854));
#7492 = CARTESIAN_POINT('',(4.071996332248,1.403619440338));
#7493 = CARTESIAN_POINT('',(4.1210488251,1.409590397955));
#7494 = CARTESIAN_POINT('',(4.174270422398,1.415084183189));
#7495 = CARTESIAN_POINT('',(4.231850095497,1.42002923252));
#7496 = CARTESIAN_POINT('',(4.29379597986,1.424345162417));
#7497 = CARTESIAN_POINT('',(4.359712553606,1.427953771292));
#7498 = CARTESIAN_POINT('',(4.459088865837,1.432034682495));
#7499 = CARTESIAN_POINT('',(4.489949141323,1.433129368606));
#7500 = CARTESIAN_POINT('',(4.521361464016,1.434071503043));
#7501 = CARTESIAN_POINT('',(4.55324916917,1.434856416721));
#7502 = CARTESIAN_POINT('',(4.585522938299,1.435480236033));
#7503 = CARTESIAN_POINT('',(4.618082998797,1.43594006628));
#7504 = CARTESIAN_POINT('',(4.650822775868,1.4362341153));
#7505 = CARTESIAN_POINT('',(4.745155035917,1.436601086025));
#7506 = CARTESIAN_POINT('',(4.806927171604,1.436255383223));
#7507 = CARTESIAN_POINT('',(4.868236132053,1.435320503228));
#7508 = CARTESIAN_POINT('',(4.928343020711,1.433806401338));
#7509 = CARTESIAN_POINT('',(4.986587961866,1.431738343574));
#7510 = CARTESIAN_POINT('',(5.042514163266,1.429152208613));
#7511 = CARTESIAN_POINT('',(5.095838993651,1.426088206046));
#7512 = CARTESIAN_POINT('',(5.19068359155,1.419524578312));
#7513 = CARTESIAN_POINT('',(5.232845813348,1.416127280181));
#7514 = CARTESIAN_POINT('',(5.27281546096,1.41242333965));
#7515 = CARTESIAN_POINT('',(5.31058270658,1.408440976826));
#7516 = CARTESIAN_POINT('',(5.346199764337,1.404207057778));
#7517 = CARTESIAN_POINT('',(5.379756219645,1.399746221214));
#7518 = CARTESIAN_POINT('',(5.411358978089,1.395080679627));
#7519 = CARTESIAN_POINT('',(5.493212816116,1.381742130272));
#7520 = CARTESIAN_POINT('',(5.539673475715,1.372687886396));
#7521 = CARTESIAN_POINT('',(5.581126305544,1.363174040423));
#7522 = CARTESIAN_POINT('',(5.618268499962,1.353284858439));
#7523 = CARTESIAN_POINT('',(5.651697420213,1.343083949013));
#7524 = CARTESIAN_POINT('',(5.681922117228,1.332621480534));
#7525 = CARTESIAN_POINT('',(5.709367355149,1.321936989776));
#7526 = CARTESIAN_POINT('',(5.771922624153,1.294750398662));
#7527 = CARTESIAN_POINT('',(5.804003676676,1.278010611752));
#7528 = CARTESIAN_POINT('',(5.831835313998,1.26095051144));
#7529 = CARTESIAN_POINT('',(5.856268637599,1.243638358805));
#7530 = CARTESIAN_POINT('',(5.877916352383,1.226122864364));
#7531 = CARTESIAN_POINT('',(5.897248011633,1.208439874492));
#7532 = CARTESIAN_POINT('',(5.914625094205,1.190616826376));
#7533 = CARTESIAN_POINT('',(5.946044723304,1.154733475417));
#7534 = CARTESIAN_POINT('',(5.960087254212,1.136673174709));
#7535 = CARTESIAN_POINT('',(5.972749458648,1.118515673099));
#7536 = CARTESIAN_POINT('',(5.984243249215,1.100276462029));
#7537 = CARTESIAN_POINT('',(5.994733376191,1.081967466563));
#7538 = CARTESIAN_POINT('',(6.0043520567,1.063598205268));
#7539 = CARTESIAN_POINT('',(6.013206555168,1.045176341001));
#7540 = CARTESIAN_POINT('',(6.02138591938,1.026708220113));
#7541 = ( GEOMETRIC_REPRESENTATION_CONTEXT(2) 
PARAMETRIC_REPRESENTATION_CONTEXT() REPRESENTATION_CONTEXT('2D SPACE',''
  ) );
#7542 = PCURVE('',#7543,#7548);
#7543 = PLANE('',#7544);
#7544 = AXIS2_PLACEMENT_3D('',#7545,#7546,#7547);
#7545 = CARTESIAN_POINT('',(614.77177826491,32.052558883258,2.965E+03));
#7546 = DIRECTION('',(-0.,1.,0.));
#7547 = DIRECTION('',(0.,0.,1.));
#7548 = DEFINITIONAL_REPRESENTATION('',(#7549),#7553);
#7549 = CIRCLE('',#7550,21.801664864485);
#7550 = AXIS2_PLACEMENT_2D('',#7551,#7552);
#7551 = CARTESIAN_POINT('',(27.5,33.));
#7552 = DIRECTION('',(1.,0.));
#7553 = ( GEOMETRIC_REPRESENTATION_CONTEXT(2) 
PARAMETRIC_REPRESENTATION_CONTEXT() REPRESENTATION_CONTEXT('2D SPACE',''
  ) );
#7554 = FACE_BOUND('',#7555,.T.);
#7555 = EDGE_LOOP('',(#7556));
#7556 = ORIENTED_EDGE('',*,*,#6864,.T.);
#7557 = ADVANCED_FACE('',(#7558,#7873),#6968,.T.);
#7558 = FACE_BOUND('',#7559,.T.);
#7559 = EDGE_LOOP('',(#7560,#7765));
#7560 = ORIENTED_EDGE('',*,*,#7561,.T.);
#7561 = EDGE_CURVE('',#7562,#7564,#7566,.T.);
#7562 = VERTEX_POINT('',#7563);
#7563 = CARTESIAN_POINT('',(537.52822173508,37.947441116742,
    2.973676807102E+03));
#7564 = VERTEX_POINT('',#7565);
#7565 = CARTESIAN_POINT('',(537.52822173508,37.947441116742,
    3.011323192898E+03));
#7566 = SURFACE_CURVE('',#7567,(#7572,#7753),.PCURVE_S1.);
#7567 = CIRCLE('',#7568,21.801664864485);
#7568 = AXIS2_PLACEMENT_3D('',#7569,#7570,#7571);
#7569 = CARTESIAN_POINT('',(526.52822173508,37.947441116742,2.9925E+03)
  );
#7570 = DIRECTION('',(-0.,1.,0.));
#7571 = DIRECTION('',(0.,0.,1.));
#7572 = PCURVE('',#6968,#7573);
#7573 = DEFINITIONAL_REPRESENTATION('',(#7574),#7752);
#7574 = B_SPLINE_CURVE_WITH_KNOTS('',8,(#7575,#7576,#7577,#7578,#7579,
    #7580,#7581,#7582,#7583,#7584,#7585,#7586,#7587,#7588,#7589,#7590,
    #7591,#7592,#7593,#7594,#7595,#7596,#7597,#7598,#7599,#7600,#7601,
    #7602,#7603,#7604,#7605,#7606,#7607,#7608,#7609,#7610,#7611,#7612,
    #7613,#7614,#7615,#7616,#7617,#7618,#7619,#7620,#7621,#7622,#7623,
    #7624,#7625,#7626,#7627,#7628,#7629,#7630,#7631,#7632,#7633,#7634,
    #7635,#7636,#7637,#7638,#7639,#7640,#7641,#7642,#7643,#7644,#7645,
    #7646,#7647,#7648,#7649,#7650,#7651,#7652,#7653,#7654,#7655,#7656,
    #7657,#7658,#7659,#7660,#7661,#7662,#7663,#7664,#7665,#7666,#7667,
    #7668,#7669,#7670,#7671,#7672,#7673,#7674,#7675,#7676,#7677,#7678,
    #7679,#7680,#7681,#7682,#7683,#7684,#7685,#7686,#7687,#7688,#7689,
    #7690,#7691,#7692,#7693,#7694,#7695,#7696,#7697,#7698,#7699,#7700,
    #7701,#7702,#7703,#7704,#7705,#7706,#7707,#7708,#7709,#7710,#7711,
    #7712,#7713,#7714,#7715,#7716,#7717,#7718,#7719,#7720,#7721,#7722,
    #7723,#7724,#7725,#7726,#7727,#7728,#7729,#7730,#7731,#7732,#7733,
    #7734,#7735,#7736,#7737,#7738,#7739,#7740,#7741,#7742,#7743,#7744,
    #7745,#7746,#7747,#7748,#7749,#7750,#7751),.UNSPECIFIED.,.F.,.F.,(9,
    7,7,7,7,7,7,7,7,7,7,7,7,7,7,7,7,7,7,7,7,7,7,7,7,9),(2.61273356772,
    2.875190494303,2.998217178639,3.057808228864,3.116468168929,
    3.174211547431,3.231052685644,3.287005681072,3.397163140821,
    3.610593219086,3.810683917458,4.185853976907,4.842401580943,
    5.33481228397,5.70412031124,5.842610821466,5.963790017914,
    6.069821814806,6.162599637087,6.243780231582,6.279296741674,
    6.345890198096,6.404159472465,6.506130702611,6.659087547831,
    6.81204439305),.UNSPECIFIED.);
#7575 = CARTESIAN_POINT('',(6.54498469498,-1.026708220115));
#7576 = CARTESIAN_POINT('',(6.559019573833,-1.058397460575));
#7577 = CARTESIAN_POINT('',(6.575042327319,-1.089950467239));
#7578 = CARTESIAN_POINT('',(6.593501833921,-1.121335552822));
#7579 = CARTESIAN_POINT('',(6.615011000536,-1.152507648204));
#7580 = CARTESIAN_POINT('',(6.640418358191,-1.18340821062));
#7581 = CARTESIAN_POINT('',(6.671014268948,-1.213937601809));
#7582 = CARTESIAN_POINT('',(6.708745210576,-1.243958235649));
#7583 = CARTESIAN_POINT('',(6.780499621701,-1.286822113843));
#7584 = CARTESIAN_POINT('',(6.805843933445,-1.300318219698));
#7585 = CARTESIAN_POINT('',(6.834043522388,-1.31359660993));
#7586 = CARTESIAN_POINT('',(6.865604811456,-1.326614292671));
#7587 = CARTESIAN_POINT('',(6.901172356719,-1.339314762527));
#7588 = CARTESIAN_POINT('',(6.941538234844,-1.351623770478));
#7589 = CARTESIAN_POINT('',(6.987751336571,-1.363436771668));
#7590 = CARTESIAN_POINT('',(7.066690658402,-1.380018161944));
#7591 = CARTESIAN_POINT('',(7.09408435371,-1.385278228651));
#7592 = CARTESIAN_POINT('',(7.12324001039,-1.390370912969));
#7593 = CARTESIAN_POINT('',(7.154288025412,-1.395277385542));
#7594 = CARTESIAN_POINT('',(7.187358058336,-1.399976137637));
#7595 = CARTESIAN_POINT('',(7.222567871005,-1.404442870227));
#7596 = CARTESIAN_POINT('',(7.260004728146,-1.408650801837));
#7597 = CARTESIAN_POINT('',(7.338773761001,-1.416430729156));
#7598 = CARTESIAN_POINT('',(7.380035925513,-1.420011649164));
#7599 = CARTESIAN_POINT('',(7.423515164363,-1.423286963775));
#7600 = CARTESIAN_POINT('',(7.469187750002,-1.426228084719));
#7601 = CARTESIAN_POINT('',(7.516954687948,-1.4288057107));
#7602 = CARTESIAN_POINT('',(7.56661291944,-1.430992015832));
#7603 = CARTESIAN_POINT('',(7.617845419679,-1.432763420661));
#7604 = CARTESIAN_POINT('',(7.721846984646,-1.435421695617));
#7605 = CARTESIAN_POINT('',(7.774579496173,-1.436321944235));
#7606 = CARTESIAN_POINT('',(7.828074815177,-1.436787665103));
#7607 = CARTESIAN_POINT('',(7.881879101908,-1.436808765758));
#7608 = CARTESIAN_POINT('',(7.935490463421,-1.436383624618));
#7609 = CARTESIAN_POINT('',(7.988423005239,-1.435519499696));
#7610 = CARTESIAN_POINT('',(8.040265436918,-1.4342312315));
#7611 = CARTESIAN_POINT('',(8.140330933326,-1.430872384919));
#7612 = CARTESIAN_POINT('',(8.188597946502,-1.428814353216));
#7613 = CARTESIAN_POINT('',(8.235182924045,-1.426383358512));
#7614 = CARTESIAN_POINT('',(8.279857571673,-1.423603111604));
#7615 = CARTESIAN_POINT('',(8.322491556339,-1.420499854951));
#7616 = CARTESIAN_POINT('',(8.363037159127,-1.417100233805));
#7617 = CARTESIAN_POINT('',(8.401502995967,-1.413429790528));
#7618 = CARTESIAN_POINT('',(8.473802154041,-1.40565646524));
#7619 = CARTESIAN_POINT('',(8.507698426267,-1.401561226488));
#7620 = CARTESIAN_POINT('',(8.539671932571,-1.397249717534));
#7621 = CARTESIAN_POINT('',(8.569804985015,-1.392743234882));
#7622 = CARTESIAN_POINT('',(8.598199017536,-1.388061077644));
#7623 = CARTESIAN_POINT('',(8.624962280054,-1.383220410592));
#7624 = CARTESIAN_POINT('',(8.650202518341,-1.378236374602));
#7625 = CARTESIAN_POINT('',(8.720924441002,-1.363054394596));
#7626 = CARTESIAN_POINT('',(8.762327474469,-1.352482851012));
#7627 = CARTESIAN_POINT('',(8.799033030841,-1.341510425812));
#7628 = CARTESIAN_POINT('',(8.831787543138,-1.330213354428));
#7629 = CARTESIAN_POINT('',(8.861184409935,-1.318648078808));
#7630 = CARTESIAN_POINT('',(8.887713607975,-1.306858443442));
#7631 = CARTESIAN_POINT('',(8.911772059047,-1.294878712744));
#7632 = CARTESIAN_POINT('',(8.976149062297,-1.259210499816));
#7633 = CARTESIAN_POINT('',(9.010566153909,-1.235074127407));
#7634 = CARTESIAN_POINT('',(9.039322586277,-1.210526703843));
#7635 = CARTESIAN_POINT('',(9.063805723497,-1.185671199141));
#7636 = CARTESIAN_POINT('',(9.084948363457,-1.160579225121));
#7637 = CARTESIAN_POINT('',(9.10341372376,-1.135298530043));
#7638 = CARTESIAN_POINT('',(9.119688684173,-1.109864921575));
#7639 = CARTESIAN_POINT('',(9.14769512306,-1.060342588709));
#7640 = CARTESIAN_POINT('',(9.159646997019,-1.036269169975));
#7641 = CARTESIAN_POINT('',(9.170304003767,-1.012106725161));
#7642 = CARTESIAN_POINT('',(9.179880917099,-0.987870528271));
#7643 = CARTESIAN_POINT('',(9.188540514491,-0.963572097783));
#7644 = CARTESIAN_POINT('',(9.19641130915,-0.939220514118));
#7645 = CARTESIAN_POINT('',(9.203595356516,-0.91482296232));
#7646 = CARTESIAN_POINT('',(9.222516054965,-0.84456483165));
#7647 = CARTESIAN_POINT('',(9.232735890961,-0.798603474371));
#7648 = CARTESIAN_POINT('',(9.241387086822,-0.752540115868));
#7649 = CARTESIAN_POINT('',(9.248789233366,-0.706397281942));
#7650 = CARTESIAN_POINT('',(9.255173290793,-0.66019148772));
#7651 = CARTESIAN_POINT('',(9.260701935855,-0.613934564096));
#7652 = CARTESIAN_POINT('',(9.265499599143,-0.567635827165));
#7653 = CARTESIAN_POINT('',(9.27694212396,-0.440219547792));
#7654 = CARTESIAN_POINT('',(9.28227382644,-0.359030950722));
#7655 = CARTESIAN_POINT('',(9.286161221194,-0.277776317012));
#7656 = CARTESIAN_POINT('',(9.288839544902,-0.196477740192));
#7657 = CARTESIAN_POINT('',(9.290457404365,-0.11515299993));
#7658 = CARTESIAN_POINT('',(9.291077122104,-3.381646638627E-02));
#7659 = CARTESIAN_POINT('',(9.290705755674,4.751783891649E-02));
#7660 = CARTESIAN_POINT('',(9.288192171092,0.189821030035));
#7661 = CARTESIAN_POINT('',(9.286515886502,0.250797873818));
#7662 = CARTESIAN_POINT('',(9.284209648594,0.311757738034));
#7663 = CARTESIAN_POINT('',(9.281216929199,0.37269317726));
#7664 = CARTESIAN_POINT('',(9.277453109327,0.433595507254));
#7665 = CARTESIAN_POINT('',(9.272789557484,0.494453528137));
#7666 = CARTESIAN_POINT('',(9.267041705722,0.555252605077));
#7667 = CARTESIAN_POINT('',(9.254526736083,0.66150648845));
#7668 = CARTESIAN_POINT('',(9.248373610161,0.706997415032));
#7669 = CARTESIAN_POINT('',(9.241296659132,0.752431956315));
#7670 = CARTESIAN_POINT('',(9.233116243567,0.797797114523));
#7671 = CARTESIAN_POINT('',(9.223597430849,0.84307621383));
#7672 = CARTESIAN_POINT('',(9.212393222793,0.8882447025));
#7673 = CARTESIAN_POINT('',(9.199021418678,0.933268867695));
#7674 = CARTESIAN_POINT('',(9.176417546198,0.994891090133));
#7675 = CARTESIAN_POINT('',(9.16982145801,1.011667896394));
#7676 = CARTESIAN_POINT('',(9.162746655516,1.028412101594));
#7677 = CARTESIAN_POINT('',(9.155137036984,1.045119721608));
#7678 = CARTESIAN_POINT('',(9.146926317061,1.061786040271));
#7679 = CARTESIAN_POINT('',(9.138034616921,1.078405351889));
#7680 = CARTESIAN_POINT('',(9.128363045057,1.094970540838));
#7681 = CARTESIAN_POINT('',(9.108531589442,1.12591171096));
#7682 = CARTESIAN_POINT('',(9.098583835037,1.14030250989));
#7683 = CARTESIAN_POINT('',(9.087858878694,1.154638776238));
#7684 = CARTESIAN_POINT('',(9.076256836039,1.168913207635));
#7685 = CARTESIAN_POINT('',(9.063657307211,1.18311691269));
#7686 = CARTESIAN_POINT('',(9.04991336505,1.197238944906));
#7687 = CARTESIAN_POINT('',(9.034841566378,1.211265443853));
#7688 = CARTESIAN_POINT('',(9.003648498106,1.237351583113));
#7689 = CARTESIAN_POINT('',(8.987893886293,1.249437916804));
#7690 = CARTESIAN_POINT('',(8.970783005308,1.261424746074));
#7691 = CARTESIAN_POINT('',(8.952125710957,1.273297133812));
#7692 = CARTESIAN_POINT('',(8.931692710689,1.285036611744));
#7693 = CARTESIAN_POINT('',(8.909202154659,1.296620010562));
#7694 = CARTESIAN_POINT('',(8.884302779236,1.308017416618));
#7695 = CARTESIAN_POINT('',(8.832277826181,1.32896348131));
#7696 = CARTESIAN_POINT('',(8.805819600436,1.338565149483));
#7697 = CARTESIAN_POINT('',(8.776887841281,1.347966727611));
#7698 = CARTESIAN_POINT('',(8.745138489533,1.357135309279));
#7699 = CARTESIAN_POINT('',(8.710168620222,1.366030003254));
#7700 = CARTESIAN_POINT('',(8.671514744629,1.37459988145));
#7701 = CARTESIAN_POINT('',(8.628656147843,1.382779640925));
#7702 = CARTESIAN_POINT('',(8.539538563756,1.397234270853));
#7703 = CARTESIAN_POINT('',(8.494374282117,1.403619440337));
#7704 = CARTESIAN_POINT('',(8.445321789251,1.409590397947));
#7705 = CARTESIAN_POINT('',(8.392100191967,1.41508418319));
#7706 = CARTESIAN_POINT('',(8.334520518861,1.420029232514));
#7707 = CARTESIAN_POINT('',(8.272574634507,1.424345162418));
#7708 = CARTESIAN_POINT('',(8.206658060764,1.427953771291));
#7709 = CARTESIAN_POINT('',(8.107281748534,1.432034682495));
#7710 = CARTESIAN_POINT('',(8.076421473049,1.433129368605));
#7711 = CARTESIAN_POINT('',(8.045009150356,1.434071503042));
#7712 = CARTESIAN_POINT('',(8.013121445201,1.434856416721));
#7713 = CARTESIAN_POINT('',(7.980847676073,1.435480236033));
#7714 = CARTESIAN_POINT('',(7.948287615575,1.43594006628));
#7715 = CARTESIAN_POINT('',(7.915547838504,1.4362341153));
#7716 = CARTESIAN_POINT('',(7.821215578455,1.436601086025));
#7717 = CARTESIAN_POINT('',(7.759443442762,1.436255383228));
#7718 = CARTESIAN_POINT('',(7.698134482322,1.435320503218));
#7719 = CARTESIAN_POINT('',(7.638027593647,1.433806401353));
#7720 = CARTESIAN_POINT('',(7.579782652493,1.43173834356));
#7721 = CARTESIAN_POINT('',(7.523856451101,1.429152208617));
#7722 = CARTESIAN_POINT('',(7.47053162072,1.426088206046));
#7723 = CARTESIAN_POINT('',(7.375687022819,1.419524578313));
#7724 = CARTESIAN_POINT('',(7.333524801022,1.416127280182));
#7725 = CARTESIAN_POINT('',(7.293555153408,1.412423339651));
#7726 = CARTESIAN_POINT('',(7.255787907789,1.408440976827));
#7727 = CARTESIAN_POINT('',(7.220170850033,1.404207057779));
#7728 = CARTESIAN_POINT('',(7.186614394722,1.399746221215));
#7729 = CARTESIAN_POINT('',(7.155011636278,1.395080679628));
#7730 = CARTESIAN_POINT('',(7.07315779825,1.381742130273));
#7731 = CARTESIAN_POINT('',(7.026697138645,1.372687886397));
#7732 = CARTESIAN_POINT('',(6.985244308824,1.363174040433));
#7733 = CARTESIAN_POINT('',(6.948102114353,1.353284858427));
#7734 = CARTESIAN_POINT('',(6.914673194153,1.343083949027));
#7735 = CARTESIAN_POINT('',(6.884448497132,1.332621480533));
#7736 = CARTESIAN_POINT('',(6.857003259214,1.321936989777));
#7737 = CARTESIAN_POINT('',(6.79444799021,1.294750398664));
#7738 = CARTESIAN_POINT('',(6.762366937684,1.278010611755));
#7739 = CARTESIAN_POINT('',(6.734535300356,1.260950511443));
#7740 = CARTESIAN_POINT('',(6.710101976754,1.243638358811));
#7741 = CARTESIAN_POINT('',(6.688454261959,1.226122864365));
#7742 = CARTESIAN_POINT('',(6.669122602729,1.208439874494));
#7743 = CARTESIAN_POINT('',(6.651745520156,1.190616826378));
#7744 = CARTESIAN_POINT('',(6.620325891057,1.154733475419));
#7745 = CARTESIAN_POINT('',(6.606283360148,1.136673174711));
#7746 = CARTESIAN_POINT('',(6.593621155714,1.118515673101));
#7747 = CARTESIAN_POINT('',(6.582127365147,1.100276462031));
#7748 = CARTESIAN_POINT('',(6.571637238169,1.081967466565));
#7749 = CARTESIAN_POINT('',(6.56201855766,1.06359820527));
#7750 = CARTESIAN_POINT('',(6.553164059192,1.045176341003));
#7751 = CARTESIAN_POINT('',(6.54498469498,1.026708220115));
#7752 = ( GEOMETRIC_REPRESENTATION_CONTEXT(2) 
PARAMETRIC_REPRESENTATION_CONTEXT() REPRESENTATION_CONTEXT('2D SPACE',''
  ) );
#7753 = PCURVE('',#7754,#7759);
#7754 = PLANE('',#7755);
#7755 = AXIS2_PLACEMENT_3D('',#7756,#7757,#7758);
#7756 = CARTESIAN_POINT('',(493.52822173508,37.947441116742,2.965E+03));
#7757 = DIRECTION('',(-0.,1.,0.));
#7758 = DIRECTION('',(0.,0.,1.));
#7759 = DEFINITIONAL_REPRESENTATION('',(#7760),#7764);
#7760 = CIRCLE('',#7761,21.801664864485);
#7761 = AXIS2_PLACEMENT_2D('',#7762,#7763);
#7762 = CARTESIAN_POINT('',(27.5,33.));
#7763 = DIRECTION('',(1.,0.));
#7764 = ( GEOMETRIC_REPRESENTATION_CONTEXT(2) 
PARAMETRIC_REPRESENTATION_CONTEXT() REPRESENTATION_CONTEXT('2D SPACE',''
  ) );
#7765 = ORIENTED_EDGE('',*,*,#7766,.T.);
#7766 = EDGE_CURVE('',#7564,#7562,#7767,.T.);
#7767 = SURFACE_CURVE('',#7768,(#7773,#7861),.PCURVE_S1.);
#7768 = CIRCLE('',#7769,19.052558883258);
#7769 = AXIS2_PLACEMENT_3D('',#7770,#7771,#7772);
#7770 = CARTESIAN_POINT('',(537.52822173508,35.,2.9925E+03));
#7771 = DIRECTION('',(1.,0.,0.));
#7772 = DIRECTION('',(-0.,0.154700538378,0.987961407862));
#7773 = PCURVE('',#6968,#7774);
#7774 = DEFINITIONAL_REPRESENTATION('',(#7775),#7860);
#7775 = B_SPLINE_CURVE_WITH_KNOTS('',8,(#7776,#7777,#7778,#7779,#7780,
    #7781,#7782,#7783,#7784,#7785,#7786,#7787,#7788,#7789,#7790,#7791,
    #7792,#7793,#7794,#7795,#7796,#7797,#7798,#7799,#7800,#7801,#7802,
    #7803,#7804,#7805,#7806,#7807,#7808,#7809,#7810,#7811,#7812,#7813,
    #7814,#7815,#7816,#7817,#7818,#7819,#7820,#7821,#7822,#7823,#7824,
    #7825,#7826,#7827,#7828,#7829,#7830,#7831,#7832,#7833,#7834,#7835,
    #7836,#7837,#7838,#7839,#7840,#7841,#7842,#7843,#7844,#7845,#7846,
    #7847,#7848,#7849,#7850,#7851,#7852,#7853,#7854,#7855,#7856,#7857,
    #7858,#7859),.UNSPECIFIED.,.F.,.F.,(9,6,7,7,7,7,7,7,7,7,7,6,9),(0.,
    0.155324335499,0.351673876348,0.535751570895,0.880897248169,
    1.182899715784,1.71140403411,2.107782272855,2.405065951913,
    2.850991470501,3.073954229795,3.296916989089,3.452241324588),
  .UNSPECIFIED.);
#7776 = CARTESIAN_POINT('',(6.544984694977,1.026708220113));
#7777 = CARTESIAN_POINT('',(6.513986408954,1.031733332137));
#7778 = CARTESIAN_POINT('',(6.482291942422,1.036094045974));
#7779 = CARTESIAN_POINT('',(6.449983043007,1.039765636581));
#7780 = CARTESIAN_POINT('',(6.417159229225,1.042726385973));
#7781 = CARTESIAN_POINT('',(6.383936280593,1.044958956824));
#7782 = CARTESIAN_POINT('',(6.350442680559,1.046451365022));
#7783 = CARTESIAN_POINT('',(6.274303100862,1.048140830144));
#7784 = CARTESIAN_POINT('',(6.198163492504,1.04600512067));
#7785 = CARTESIAN_POINT('',(6.155925580281,1.043620273962));
#7786 = CARTESIAN_POINT('',(6.114234394837,1.040058286474));
#7787 = CARTESIAN_POINT('',(6.073341342687,1.035349909385));
#7788 = CARTESIAN_POINT('',(6.033457689381,1.029538500269));
#7789 = CARTESIAN_POINT('',(5.994745996931,1.022675897585));
#7790 = CARTESIAN_POINT('',(5.922242233629,1.007452900953));
#7791 = CARTESIAN_POINT('',(5.88829387219,0.999212928233));
#7792 = CARTESIAN_POINT('',(5.855577064583,0.990145716707));
#7793 = CARTESIAN_POINT('',(5.824154431546,0.980301891204));
#7794 = CARTESIAN_POINT('',(5.79405571948,0.969733246865));
#7795 = CARTESIAN_POINT('',(5.765284276212,0.958490732999));
#7796 = CARTESIAN_POINT('',(5.737824602706,0.946623149335));
#7797 = CARTESIAN_POINT('',(5.662565532824,0.910839310021));
#7798 = CARTESIAN_POINT('',(5.617992665759,0.885466543903));
#7799 = CARTESIAN_POINT('',(5.57773731796,0.858362381937));
#7800 = CARTESIAN_POINT('',(5.54143891775,0.829796175425));
#7801 = CARTESIAN_POINT('',(5.508706406728,0.799990710154));
#7802 = CARTESIAN_POINT('',(5.479173493561,0.769127872278));
#7803 = CARTESIAN_POINT('',(5.452509238018,0.737359571051));
#7804 = CARTESIAN_POINT('',(5.40734662469,0.676332268378));
#7805 = CARTESIAN_POINT('',(5.388244167263,0.647256009663));
#7806 = CARTESIAN_POINT('',(5.370920025482,0.617667382366));
#7807 = CARTESIAN_POINT('',(5.355202485232,0.58763609547));
#7808 = CARTESIAN_POINT('',(5.340943987218,0.557220472951));
#7809 = CARTESIAN_POINT('',(5.328018555908,0.526470046773));
#7810 = CARTESIAN_POINT('',(5.316318315243,0.495427489627));
#7811 = CARTESIAN_POINT('',(5.287259586181,0.409359454511));
#7812 = CARTESIAN_POINT('',(5.272238785589,0.353808236211));
#7813 = CARTESIAN_POINT('',(5.260196998905,0.297675796331));
#7814 = CARTESIAN_POINT('',(5.250792018904,0.241110839228));
#7815 = CARTESIAN_POINT('',(5.243789366944,0.184234124921));
#7816 = CARTESIAN_POINT('',(5.239037329033,0.127150415334));
#7817 = CARTESIAN_POINT('',(5.236455688754,6.995558052192E-02));
#7818 = CARTESIAN_POINT('',(5.235718870419,-3.016318241143E-02));
#7819 = CARTESIAN_POINT('',(5.236618438757,-7.308014994789E-02));
#7820 = CARTESIAN_POINT('',(5.238729171042,-0.115965961825));
#7821 = CARTESIAN_POINT('',(5.242069295456,-0.158780608883));
#7822 = CARTESIAN_POINT('',(5.246679009823,-0.20148272059));
#7823 = CARTESIAN_POINT('',(5.252622244487,-0.244027623586));
#7824 = CARTESIAN_POINT('',(5.259990630293,-0.28636489294));
#7825 = CARTESIAN_POINT('',(5.275598952663,-0.359988273447));
#7826 = CARTESIAN_POINT('',(5.283160476811,-0.391391080986));
#7827 = CARTESIAN_POINT('',(5.291647249226,-0.422618860925));
#7828 = CARTESIAN_POINT('',(5.301122963966,-0.453643765829));
#7829 = CARTESIAN_POINT('',(5.311663681977,-0.484434363962));
#7830 = CARTESIAN_POINT('',(5.323359863968,-0.514954544133));
#7831 = CARTESIAN_POINT('',(5.336318758208,-0.545162020054));
#7832 = CARTESIAN_POINT('',(5.372189720769,-0.619773055401));
#7833 = CARTESIAN_POINT('',(5.396838627507,-0.663722794552));
#7834 = CARTESIAN_POINT('',(5.425041582655,-0.706685455104));
#7835 = CARTESIAN_POINT('',(5.457324000107,-0.748450466244));
#7836 = CARTESIAN_POINT('',(5.494328533954,-0.788748213468));
#7837 = CARTESIAN_POINT('',(5.536819358626,-0.827235755052));
#7838 = CARTESIAN_POINT('',(5.585686613189,-0.863448237));
#7839 = CARTESIAN_POINT('',(5.669546416896,-0.913487079044));
#7840 = CARTESIAN_POINT('',(5.699259485283,-0.929453387362));
#7841 = CARTESIAN_POINT('',(5.730815419494,-0.944634120128));
#7842 = CARTESIAN_POINT('',(5.764282520142,-0.958950049967));
#7843 = CARTESIAN_POINT('',(5.79970556035,-0.972315210412));
#7844 = CARTESIAN_POINT('',(5.837087689889,-0.984638567324));
#7845 = CARTESIAN_POINT('',(5.876371434553,-0.995827797827));
#7846 = CARTESIAN_POINT('',(5.95848300368,-1.015763864674));
#7847 = CARTESIAN_POINT('',(6.001310851993,-1.024510698695));
#7848 = CARTESIAN_POINT('',(6.04578139907,-1.03194922211));
#7849 = CARTESIAN_POINT('',(6.091693719545,-1.037997531364));
#7850 = CARTESIAN_POINT('',(6.138766705326,-1.042584825755));
#7851 = CARTESIAN_POINT('',(6.186639601131,-1.045659971233));
#7852 = CARTESIAN_POINT('',(6.268541185006,-1.048268681866));
#7853 = CARTESIAN_POINT('',(6.350442680559,-1.046451365022));
#7854 = CARTESIAN_POINT('',(6.383936280593,-1.044958956824));
#7855 = CARTESIAN_POINT('',(6.417159229225,-1.042726385973));
#7856 = CARTESIAN_POINT('',(6.449983043007,-1.039765636581));
#7857 = CARTESIAN_POINT('',(6.482291942422,-1.036094045974));
#7858 = CARTESIAN_POINT('',(6.513986408954,-1.031733332137));
#7859 = CARTESIAN_POINT('',(6.544984694977,-1.026708220113));
#7860 = ( GEOMETRIC_REPRESENTATION_CONTEXT(2) 
PARAMETRIC_REPRESENTATION_CONTEXT() REPRESENTATION_CONTEXT('2D SPACE',''
  ) );
#7861 = PCURVE('',#7862,#7867);
#7862 = PLANE('',#7863);
#7863 = AXIS2_PLACEMENT_3D('',#7864,#7865,#7866);
#7864 = CARTESIAN_POINT('',(537.52822173508,-6.052558883258,2.965E+03));
#7865 = DIRECTION('',(1.,0.,-0.));
#7866 = DIRECTION('',(0.,0.,1.));
#7867 = DEFINITIONAL_REPRESENTATION('',(#7868),#7872);
#7868 = CIRCLE('',#7869,19.052558883258);
#7869 = AXIS2_PLACEMENT_2D('',#7870,#7871);
#7870 = CARTESIAN_POINT('',(27.5,-41.05255888325));
#7871 = DIRECTION('',(0.987961407862,-0.154700538378));
#7872 = ( GEOMETRIC_REPRESENTATION_CONTEXT(2) 
PARAMETRIC_REPRESENTATION_CONTEXT() REPRESENTATION_CONTEXT('2D SPACE',''
  ) );
#7873 = FACE_BOUND('',#7874,.T.);
#7874 = EDGE_LOOP('',(#7875));
#7875 = ORIENTED_EDGE('',*,*,#6953,.T.);
#7876 = ADVANCED_FACE('',(#7877),#7106,.T.);
#7877 = FACE_BOUND('',#7878,.T.);
#7878 = EDGE_LOOP('',(#7879,#7907,#7908,#7932,#7956,#7978,#7979,#8007));
#7879 = ORIENTED_EDGE('',*,*,#7880,.F.);
#7880 = EDGE_CURVE('',#7020,#7881,#7883,.T.);
#7881 = VERTEX_POINT('',#7882);
#7882 = CARTESIAN_POINT('',(587.15,-70.,2.9705E+03));
#7883 = SURFACE_CURVE('',#7884,(#7889,#7900),.PCURVE_S1.);
#7884 = CIRCLE('',#7885,22.);
#7885 = AXIS2_PLACEMENT_3D('',#7886,#7887,#7888);
#7886 = CARTESIAN_POINT('',(587.15,-70.,2.9925E+03));
#7887 = DIRECTION('',(-1.,0.,0.));
#7888 = DIRECTION('',(0.,0.,1.));
#7889 = PCURVE('',#7106,#7890);
#7890 = DEFINITIONAL_REPRESENTATION('',(#7891),#7899);
#7891 = ( BOUNDED_CURVE() B_SPLINE_CURVE(2,(#7892,#7893,#7894,#7895,
#7896,#7897,#7898),.UNSPECIFIED.,.T.,.F.) B_SPLINE_CURVE_WITH_KNOTS((1,2
    ,2,2,2,1),(-2.094395102393,0.,2.094395102393,4.188790204786,
6.28318530718,8.377580409573),.UNSPECIFIED.) CURVE() 
GEOMETRIC_REPRESENTATION_ITEM() RATIONAL_B_SPLINE_CURVE((1.,0.5,1.,0.5,
1.,0.5,1.)) REPRESENTATION_ITEM('') );
#7892 = CARTESIAN_POINT('',(49.5,-22.));
#7893 = CARTESIAN_POINT('',(49.5,-60.10511776651));
#7894 = CARTESIAN_POINT('',(16.5,-41.05255888325));
#7895 = CARTESIAN_POINT('',(-16.5,-22.));
#7896 = CARTESIAN_POINT('',(16.5,-2.947441116742));
#7897 = CARTESIAN_POINT('',(49.5,16.105117766515));
#7898 = CARTESIAN_POINT('',(49.5,-22.));
#7899 = ( GEOMETRIC_REPRESENTATION_CONTEXT(2) 
PARAMETRIC_REPRESENTATION_CONTEXT() REPRESENTATION_CONTEXT('2D SPACE',''
  ) );
#7900 = PCURVE('',#7059,#7901);
#7901 = DEFINITIONAL_REPRESENTATION('',(#7902),#7906);
#7902 = LINE('',#7903,#7904);
#7903 = CARTESIAN_POINT('',(1.570796326795,1.570796326795));
#7904 = VECTOR('',#7905,1.);
#7905 = DIRECTION('',(0.,-1.));
#7906 = ( GEOMETRIC_REPRESENTATION_CONTEXT(2) 
PARAMETRIC_REPRESENTATION_CONTEXT() REPRESENTATION_CONTEXT('2D SPACE',''
  ) );
#7907 = ORIENTED_EDGE('',*,*,#7217,.T.);
#7908 = ORIENTED_EDGE('',*,*,#7909,.F.);
#7909 = EDGE_CURVE('',#7910,#7118,#7912,.T.);
#7910 = VERTEX_POINT('',#7911);
#7911 = CARTESIAN_POINT('',(587.15,-70.,2.9725E+03));
#7912 = SURFACE_CURVE('',#7913,(#7918,#7925),.PCURVE_S1.);
#7913 = CIRCLE('',#7914,20.);
#7914 = AXIS2_PLACEMENT_3D('',#7915,#7916,#7917);
#7915 = CARTESIAN_POINT('',(587.15,-70.,2.9925E+03));
#7916 = DIRECTION('',(1.,0.,-0.));
#7917 = DIRECTION('',(0.,0.,1.));
#7918 = PCURVE('',#7106,#7919);
#7919 = DEFINITIONAL_REPRESENTATION('',(#7920),#7924);
#7920 = CIRCLE('',#7921,20.);
#7921 = AXIS2_PLACEMENT_2D('',#7922,#7923);
#7922 = CARTESIAN_POINT('',(27.5,-22.));
#7923 = DIRECTION('',(1.,0.));
#7924 = ( GEOMETRIC_REPRESENTATION_CONTEXT(2) 
PARAMETRIC_REPRESENTATION_CONTEXT() REPRESENTATION_CONTEXT('2D SPACE',''
  ) );
#7925 = PCURVE('',#7134,#7926);
#7926 = DEFINITIONAL_REPRESENTATION('',(#7927),#7931);
#7927 = LINE('',#7928,#7929);
#7928 = CARTESIAN_POINT('',(1.570796326795,-4.712388980385));
#7929 = VECTOR('',#7930,1.);
#7930 = DIRECTION('',(-0.,1.));
#7931 = ( GEOMETRIC_REPRESENTATION_CONTEXT(2) 
PARAMETRIC_REPRESENTATION_CONTEXT() REPRESENTATION_CONTEXT('2D SPACE',''
  ) );
#7932 = ORIENTED_EDGE('',*,*,#7933,.F.);
#7933 = EDGE_CURVE('',#7934,#7910,#7936,.T.);
#7934 = VERTEX_POINT('',#7935);
#7935 = CARTESIAN_POINT('',(587.15,-70.,3.0125E+03));
#7936 = SURFACE_CURVE('',#7937,(#7942,#7949),.PCURVE_S1.);
#7937 = CIRCLE('',#7938,20.);
#7938 = AXIS2_PLACEMENT_3D('',#7939,#7940,#7941);
#7939 = CARTESIAN_POINT('',(587.15,-70.,2.9925E+03));
#7940 = DIRECTION('',(1.,0.,-0.));
#7941 = DIRECTION('',(0.,0.,1.));
#7942 = PCURVE('',#7106,#7943);
#7943 = DEFINITIONAL_REPRESENTATION('',(#7944),#7948);
#7944 = CIRCLE('',#7945,20.);
#7945 = AXIS2_PLACEMENT_2D('',#7946,#7947);
#7946 = CARTESIAN_POINT('',(27.5,-22.));
#7947 = DIRECTION('',(1.,0.));
#7948 = ( GEOMETRIC_REPRESENTATION_CONTEXT(2) 
PARAMETRIC_REPRESENTATION_CONTEXT() REPRESENTATION_CONTEXT('2D SPACE',''
  ) );
#7949 = PCURVE('',#7134,#7950);
#7950 = DEFINITIONAL_REPRESENTATION('',(#7951),#7955);
#7951 = LINE('',#7952,#7953);
#7952 = CARTESIAN_POINT('',(4.712388980385,1.570796326795));
#7953 = VECTOR('',#7954,1.);
#7954 = DIRECTION('',(0.,-1.));
#7955 = ( GEOMETRIC_REPRESENTATION_CONTEXT(2) 
PARAMETRIC_REPRESENTATION_CONTEXT() REPRESENTATION_CONTEXT('2D SPACE',''
  ) );
#7956 = ORIENTED_EDGE('',*,*,#7957,.F.);
#7957 = EDGE_CURVE('',#7092,#7934,#7958,.T.);
#7958 = SURFACE_CURVE('',#7959,(#7964,#7971),.PCURVE_S1.);
#7959 = CIRCLE('',#7960,20.);
#7960 = AXIS2_PLACEMENT_3D('',#7961,#7962,#7963);
#7961 = CARTESIAN_POINT('',(587.15,-70.,2.9925E+03));
#7962 = DIRECTION('',(1.,0.,-0.));
#7963 = DIRECTION('',(0.,0.,1.));
#7964 = PCURVE('',#7106,#7965);
#7965 = DEFINITIONAL_REPRESENTATION('',(#7966),#7970);
#7966 = CIRCLE('',#7967,20.);
#7967 = AXIS2_PLACEMENT_2D('',#7968,#7969);
#7968 = CARTESIAN_POINT('',(27.5,-22.));
#7969 = DIRECTION('',(1.,0.));
#7970 = ( GEOMETRIC_REPRESENTATION_CONTEXT(2) 
PARAMETRIC_REPRESENTATION_CONTEXT() REPRESENTATION_CONTEXT('2D SPACE',''
  ) );
#7971 = PCURVE('',#7134,#7972);
#7972 = DEFINITIONAL_REPRESENTATION('',(#7973),#7977);
#7973 = LINE('',#7974,#7975);
#7974 = CARTESIAN_POINT('',(1.570796326795,-4.712388980385));
#7975 = VECTOR('',#7976,1.);
#7976 = DIRECTION('',(-0.,1.));
#7977 = ( GEOMETRIC_REPRESENTATION_CONTEXT(2) 
PARAMETRIC_REPRESENTATION_CONTEXT() REPRESENTATION_CONTEXT('2D SPACE',''
  ) );
#7978 = ORIENTED_EDGE('',*,*,#7091,.F.);
#7979 = ORIENTED_EDGE('',*,*,#7980,.F.);
#7980 = EDGE_CURVE('',#7981,#7043,#7983,.T.);
#7981 = VERTEX_POINT('',#7982);
#7982 = CARTESIAN_POINT('',(587.15,-70.,3.0145E+03));
#7983 = SURFACE_CURVE('',#7984,(#7989,#8000),.PCURVE_S1.);
#7984 = CIRCLE('',#7985,22.);
#7985 = AXIS2_PLACEMENT_3D('',#7986,#7987,#7988);
#7986 = CARTESIAN_POINT('',(587.15,-70.,2.9925E+03));
#7987 = DIRECTION('',(-1.,0.,0.));
#7988 = DIRECTION('',(0.,0.,1.));
#7989 = PCURVE('',#7106,#7990);
#7990 = DEFINITIONAL_REPRESENTATION('',(#7991),#7999);
#7991 = ( BOUNDED_CURVE() B_SPLINE_CURVE(2,(#7992,#7993,#7994,#7995,
#7996,#7997,#7998),.UNSPECIFIED.,.T.,.F.) B_SPLINE_CURVE_WITH_KNOTS((1,2
    ,2,2,2,1),(-2.094395102393,0.,2.094395102393,4.188790204786,
6.28318530718,8.377580409573),.UNSPECIFIED.) CURVE() 
GEOMETRIC_REPRESENTATION_ITEM() RATIONAL_B_SPLINE_CURVE((1.,0.5,1.,0.5,
1.,0.5,1.)) REPRESENTATION_ITEM('') );
#7992 = CARTESIAN_POINT('',(49.5,-22.));
#7993 = CARTESIAN_POINT('',(49.5,-60.10511776651));
#7994 = CARTESIAN_POINT('',(16.5,-41.05255888325));
#7995 = CARTESIAN_POINT('',(-16.5,-22.));
#7996 = CARTESIAN_POINT('',(16.5,-2.947441116742));
#7997 = CARTESIAN_POINT('',(49.5,16.105117766515));
#7998 = CARTESIAN_POINT('',(49.5,-22.));
#7999 = ( GEOMETRIC_REPRESENTATION_CONTEXT(2) 
PARAMETRIC_REPRESENTATION_CONTEXT() REPRESENTATION_CONTEXT('2D SPACE',''
  ) );
#8000 = PCURVE('',#7059,#8001);
#8001 = DEFINITIONAL_REPRESENTATION('',(#8002),#8006);
#8002 = LINE('',#8003,#8004);
#8003 = CARTESIAN_POINT('',(1.570796326795,1.570796326795));
#8004 = VECTOR('',#8005,1.);
#8005 = DIRECTION('',(0.,-1.));
#8006 = ( GEOMETRIC_REPRESENTATION_CONTEXT(2) 
PARAMETRIC_REPRESENTATION_CONTEXT() REPRESENTATION_CONTEXT('2D SPACE',''
  ) );
#8007 = ORIENTED_EDGE('',*,*,#8008,.F.);
#8008 = EDGE_CURVE('',#7881,#7981,#8009,.T.);
#8009 = SURFACE_CURVE('',#8010,(#8015,#8026),.PCURVE_S1.);
#8010 = CIRCLE('',#8011,22.);
#8011 = AXIS2_PLACEMENT_3D('',#8012,#8013,#8014);
#8012 = CARTESIAN_POINT('',(587.15,-70.,2.9925E+03));
#8013 = DIRECTION('',(-1.,-0.,-0.));
#8014 = DIRECTION('',(0.,0.,-1.));
#8015 = PCURVE('',#7106,#8016);
#8016 = DEFINITIONAL_REPRESENTATION('',(#8017),#8025);
#8017 = ( BOUNDED_CURVE() B_SPLINE_CURVE(2,(#8018,#8019,#8020,#8021,
#8022,#8023,#8024),.UNSPECIFIED.,.T.,.F.) B_SPLINE_CURVE_WITH_KNOTS((1,2
    ,2,2,2,1),(-2.094395102393,0.,2.094395102393,4.188790204786,
6.28318530718,8.377580409573),.UNSPECIFIED.) CURVE() 
GEOMETRIC_REPRESENTATION_ITEM() RATIONAL_B_SPLINE_CURVE((1.,0.5,1.,0.5,
1.,0.5,1.)) REPRESENTATION_ITEM('') );
#8018 = CARTESIAN_POINT('',(5.5,-22.));
#8019 = CARTESIAN_POINT('',(5.5,16.105117766515));
#8020 = CARTESIAN_POINT('',(38.5,-2.947441116742));
#8021 = CARTESIAN_POINT('',(71.5,-22.));
#8022 = CARTESIAN_POINT('',(38.5,-41.05255888325));
#8023 = CARTESIAN_POINT('',(5.5,-60.10511776651));
#8024 = CARTESIAN_POINT('',(5.5,-22.));
#8025 = ( GEOMETRIC_REPRESENTATION_CONTEXT(2) 
PARAMETRIC_REPRESENTATION_CONTEXT() REPRESENTATION_CONTEXT('2D SPACE',''
  ) );
#8026 = PCURVE('',#7059,#8027);
#8027 = DEFINITIONAL_REPRESENTATION('',(#8028),#8032);
#8028 = LINE('',#8029,#8030);
#8029 = CARTESIAN_POINT('',(4.712388980385,-1.570796326795));
#8030 = VECTOR('',#8031,1.);
#8031 = DIRECTION('',(-0.,1.));
#8032 = ( GEOMETRIC_REPRESENTATION_CONTEXT(2) 
PARAMETRIC_REPRESENTATION_CONTEXT() REPRESENTATION_CONTEXT('2D SPACE',''
  ) );
#8033 = ADVANCED_FACE('',(#8034),#7204,.T.);
#8034 = FACE_BOUND('',#8035,.T.);
#8035 = EDGE_LOOP('',(#8036));
#8036 = ORIENTED_EDGE('',*,*,#7189,.T.);
#8037 = ADVANCED_FACE('',(#8038),#7134,.F.);
#8038 = FACE_BOUND('',#8039,.F.);
#8039 = EDGE_LOOP('',(#8040,#8041,#8042,#8043));
#8040 = ORIENTED_EDGE('',*,*,#7957,.F.);
#8041 = ORIENTED_EDGE('',*,*,#7117,.T.);
#8042 = ORIENTED_EDGE('',*,*,#7909,.F.);
#8043 = ORIENTED_EDGE('',*,*,#7933,.F.);
#8044 = ADVANCED_FACE('',(#8045),#7059,.T.);
#8045 = FACE_BOUND('',#8046,.T.);
#8046 = EDGE_LOOP('',(#8047,#8048,#8049,#8050));
#8047 = ORIENTED_EDGE('',*,*,#8008,.T.);
#8048 = ORIENTED_EDGE('',*,*,#7980,.T.);
#8049 = ORIENTED_EDGE('',*,*,#7042,.T.);
#8050 = ORIENTED_EDGE('',*,*,#7880,.T.);
#8051 = ADVANCED_FACE('',(#8052),#7342,.F.);
#8052 = FACE_BOUND('',#8053,.F.);
#8053 = EDGE_LOOP('',(#8054,#8077,#8078,#8101));
#8054 = ORIENTED_EDGE('',*,*,#8055,.F.);
#8055 = EDGE_CURVE('',#7243,#8056,#8058,.T.);
#8056 = VERTEX_POINT('',#8057);
#8057 = CARTESIAN_POINT('',(658.77177826491,32.052558883258,
    2.976058814189E+03));
#8058 = SURFACE_CURVE('',#8059,(#8063,#8070),.PCURVE_S1.);
#8059 = LINE('',#8060,#8061);
#8060 = CARTESIAN_POINT('',(658.77177826491,32.052558883258,2.965E+03));
#8061 = VECTOR('',#8062,1.);
#8062 = DIRECTION('',(0.,0.,1.));
#8063 = PCURVE('',#7342,#8064);
#8064 = DEFINITIONAL_REPRESENTATION('',(#8065),#8069);
#8065 = LINE('',#8066,#8067);
#8066 = CARTESIAN_POINT('',(0.,0.));
#8067 = VECTOR('',#8068,1.);
#8068 = DIRECTION('',(1.,0.));
#8069 = ( GEOMETRIC_REPRESENTATION_CONTEXT(2) 
PARAMETRIC_REPRESENTATION_CONTEXT() REPRESENTATION_CONTEXT('2D SPACE',''
  ) );
#8070 = PCURVE('',#7543,#8071);
#8071 = DEFINITIONAL_REPRESENTATION('',(#8072),#8076);
#8072 = LINE('',#8073,#8074);
#8073 = CARTESIAN_POINT('',(0.,44.));
#8074 = VECTOR('',#8075,1.);
#8075 = DIRECTION('',(1.,0.));
#8076 = ( GEOMETRIC_REPRESENTATION_CONTEXT(2) 
PARAMETRIC_REPRESENTATION_CONTEXT() REPRESENTATION_CONTEXT('2D SPACE',''
  ) );
#8077 = ORIENTED_EDGE('',*,*,#7242,.T.);
#8078 = ORIENTED_EDGE('',*,*,#8079,.F.);
#8079 = EDGE_CURVE('',#8080,#7245,#8082,.T.);
#8080 = VERTEX_POINT('',#8081);
#8081 = CARTESIAN_POINT('',(658.77177826491,32.052558883258,
    3.008941185811E+03));
#8082 = SURFACE_CURVE('',#8083,(#8087,#8094),.PCURVE_S1.);
#8083 = LINE('',#8084,#8085);
#8084 = CARTESIAN_POINT('',(658.77177826491,32.052558883258,2.965E+03));
#8085 = VECTOR('',#8086,1.);
#8086 = DIRECTION('',(0.,0.,1.));
#8087 = PCURVE('',#7342,#8088);
#8088 = DEFINITIONAL_REPRESENTATION('',(#8089),#8093);
#8089 = LINE('',#8090,#8091);
#8090 = CARTESIAN_POINT('',(0.,0.));
#8091 = VECTOR('',#8092,1.);
#8092 = DIRECTION('',(1.,0.));
#8093 = ( GEOMETRIC_REPRESENTATION_CONTEXT(2) 
PARAMETRIC_REPRESENTATION_CONTEXT() REPRESENTATION_CONTEXT('2D SPACE',''
  ) );
#8094 = PCURVE('',#7543,#8095);
#8095 = DEFINITIONAL_REPRESENTATION('',(#8096),#8100);
#8096 = LINE('',#8097,#8098);
#8097 = CARTESIAN_POINT('',(0.,44.));
#8098 = VECTOR('',#8099,1.);
#8099 = DIRECTION('',(1.,0.));
#8100 = ( GEOMETRIC_REPRESENTATION_CONTEXT(2) 
PARAMETRIC_REPRESENTATION_CONTEXT() REPRESENTATION_CONTEXT('2D SPACE',''
  ) );
#8101 = ORIENTED_EDGE('',*,*,#8102,.F.);
#8102 = EDGE_CURVE('',#8056,#8080,#8103,.T.);
#8103 = SURFACE_CURVE('',#8104,(#8109,#8116),.PCURVE_S1.);
#8104 = CIRCLE('',#8105,16.70329308849);
#8105 = AXIS2_PLACEMENT_3D('',#8106,#8107,#8108);
#8106 = CARTESIAN_POINT('',(658.77177826491,35.,2.9925E+03));
#8107 = DIRECTION('',(1.,0.,0.));
#8108 = DIRECTION('',(0.,-0.176458683993,-0.984308047739));
#8109 = PCURVE('',#7342,#8110);
#8110 = DEFINITIONAL_REPRESENTATION('',(#8111),#8115);
#8111 = CIRCLE('',#8112,16.70329308849);
#8112 = AXIS2_PLACEMENT_2D('',#8113,#8114);
#8113 = CARTESIAN_POINT('',(27.5,-2.947441116742));
#8114 = DIRECTION('',(-0.984308047739,0.176458683993));
#8115 = ( GEOMETRIC_REPRESENTATION_CONTEXT(2) 
PARAMETRIC_REPRESENTATION_CONTEXT() REPRESENTATION_CONTEXT('2D SPACE',''
  ) );
#8116 = PCURVE('',#8117,#8122);
#8117 = SPHERICAL_SURFACE('',#8118,20.);
#8118 = AXIS2_PLACEMENT_3D('',#8119,#8120,#8121);
#8119 = CARTESIAN_POINT('',(647.77177826491,35.,2.9925E+03));
#8120 = DIRECTION('',(0.,0.,1.));
#8121 = DIRECTION('',(1.,0.,-0.));
#8122 = DEFINITIONAL_REPRESENTATION('',(#8123),#8200);
#8123 = B_SPLINE_CURVE_WITH_KNOTS('',8,(#8124,#8125,#8126,#8127,#8128,
    #8129,#8130,#8131,#8132,#8133,#8134,#8135,#8136,#8137,#8138,#8139,
    #8140,#8141,#8142,#8143,#8144,#8145,#8146,#8147,#8148,#8149,#8150,
    #8151,#8152,#8153,#8154,#8155,#8156,#8157,#8158,#8159,#8160,#8161,
    #8162,#8163,#8164,#8165,#8166,#8167,#8168,#8169,#8170,#8171,#8172,
    #8173,#8174,#8175,#8176,#8177,#8178,#8179,#8180,#8181,#8182,#8183,
    #8184,#8185,#8186,#8187,#8188,#8189,#8190,#8191,#8192,#8193,#8194,
    #8195,#8196,#8197,#8198,#8199),.UNSPECIFIED.,.F.,.F.,(9,6,7,7,7,7,7,
    7,7,7,5,9),(0.,0.177387510406,0.373737051255,0.741892440348,
    1.064028405804,1.627766345352,2.050569800013,2.367672391009,
    2.843326277502,3.081153220749,3.318980163996,3.496367674402),
  .UNSPECIFIED.);
#8124 = CARTESIAN_POINT('',(6.021385919381,-0.965018219101));
#8125 = CARTESIAN_POINT('',(6.052307455464,-0.970757127358));
#8126 = CARTESIAN_POINT('',(6.083955030324,-0.975739140275));
#8127 = CARTESIAN_POINT('',(6.116244226921,-0.979935213537));
#8128 = CARTESIAN_POINT('',(6.149071751193,-0.983319774228));
#8129 = CARTESIAN_POINT('',(6.182316928277,-0.985872374686));
#8130 = CARTESIAN_POINT('',(6.215845447686,-0.98757886568));
#8131 = CARTESIAN_POINT('',(6.286784476145,-0.989376524117));
#8132 = CARTESIAN_POINT('',(6.357723566616,-0.987386690981));
#8133 = CARTESIAN_POINT('',(6.394800782287,-0.985295903268));
#8134 = CARTESIAN_POINT('',(6.431493891355,-0.982170335884));
#8135 = CARTESIAN_POINT('',(6.467622780033,-0.978031314058));
#8136 = CARTESIAN_POINT('',(6.503029820823,-0.972909334478));
#8137 = CARTESIAN_POINT('',(6.537585928007,-0.966841721704));
#8138 = CARTESIAN_POINT('',(6.634197363279,-0.94679900411));
#8139 = CARTESIAN_POINT('',(6.693857529371,-0.930550379551));
#8140 = CARTESIAN_POINT('',(6.749503949394,-0.911400313618));
#8141 = CARTESIAN_POINT('',(6.800818200161,-0.889681803995));
#8142 = CARTESIAN_POINT('',(6.847841331711,-0.865729423063));
#8143 = CARTESIAN_POINT('',(6.890766966939,-0.839840169046));
#8144 = CARTESIAN_POINT('',(6.929866088641,-0.812275005215));
#8145 = CARTESIAN_POINT('',(6.996551944004,-0.757868112368));
#8146 = CARTESIAN_POINT('',(7.024966803846,-0.731366665629));
#8147 = CARTESIAN_POINT('',(7.050873075152,-0.703903895646));
#8148 = CARTESIAN_POINT('',(7.074480721657,-0.675608660511));
#8149 = CARTESIAN_POINT('',(7.095988283538,-0.646589973401));
#8150 = CARTESIAN_POINT('',(7.115574918895,-0.616940315142));
#8151 = CARTESIAN_POINT('',(7.133400557992,-0.586739149383));
#8152 = CARTESIAN_POINT('',(7.177964070776,-0.502357924559));
#8153 = CARTESIAN_POINT('',(7.201359214942,-0.447181864491));
#8154 = CARTESIAN_POINT('',(7.220543389604,-0.390894702192));
#8155 = CARTESIAN_POINT('',(7.236086770628,-0.333763348811));
#8156 = CARTESIAN_POINT('',(7.248393319023,-0.275995672263));
#8157 = CARTESIAN_POINT('',(7.257751200508,-0.217763471217));
#8158 = CARTESIAN_POINT('',(7.264346389431,-0.159216480076));
#8159 = CARTESIAN_POINT('',(7.271220128387,-5.645324099043E-02));
#8160 = CARTESIAN_POINT('',(7.272665626451,-1.231351206589E-02));
#8161 = CARTESIAN_POINT('',(7.272650898299,3.186562066136E-02));
#8162 = CARTESIAN_POINT('',(7.27118714951,7.602809093364E-02));
#8163 = CARTESIAN_POINT('',(7.268258607856,0.120118340754));
#8164 = CARTESIAN_POINT('',(7.263822193207,0.164078636836));
#8165 = CARTESIAN_POINT('',(7.257804876894,0.207846065926));
#8166 = CARTESIAN_POINT('',(7.244319120742,0.283976566311));
#8167 = CARTESIAN_POINT('',(7.237589553728,0.316455247868));
#8168 = CARTESIAN_POINT('',(7.229864443387,0.34875510309));
#8169 = CARTESIAN_POINT('',(7.221087280593,0.38084315203));
#8170 = CARTESIAN_POINT('',(7.211189229001,0.412682772299));
#8171 = CARTESIAN_POINT('',(7.200087559757,0.444232521267));
#8172 = CARTESIAN_POINT('',(7.187683925076,0.475444593551));
#8173 = CARTESIAN_POINT('',(7.15313028915,0.552490394133));
#8174 = CARTESIAN_POINT('',(7.129208026902,0.597831937304));
#8175 = CARTESIAN_POINT('',(7.101705071068,0.64209810015));
#8176 = CARTESIAN_POINT('',(7.070142686011,0.685057954729));
#8177 = CARTESIAN_POINT('',(7.033945442125,0.72642123531));
#8178 = CARTESIAN_POINT('',(6.992438760298,0.765823835069));
#8179 = CARTESIAN_POINT('',(6.94488167208,0.802785651109));
#8180 = CARTESIAN_POINT('',(6.863727220714,0.853700823568));
#8181 = CARTESIAN_POINT('',(6.835039273796,0.869917962125));
#8182 = CARTESIAN_POINT('',(6.804652756592,0.885308314762));
#8183 = CARTESIAN_POINT('',(6.772521201628,0.899793697308));
#8184 = CARTESIAN_POINT('',(6.738621757843,0.913290419512));
#8185 = CARTESIAN_POINT('',(6.70296982819,0.925711226053));
#8186 = CARTESIAN_POINT('',(6.665633335175,0.936969007182));
#8187 = CARTESIAN_POINT('',(6.587845827627,0.956996163597));
#8188 = CARTESIAN_POINT('',(6.547394742575,0.965765534556));
#8189 = CARTESIAN_POINT('',(6.505513871389,0.973209499056));
#8190 = CARTESIAN_POINT('',(6.462388312108,0.979252687758));
#8191 = CARTESIAN_POINT('',(6.418270270777,0.983830970011));
#8192 = CARTESIAN_POINT('',(6.340053492462,0.989186254462));
#8193 = CARTESIAN_POINT('',(6.260797780476,0.989866771163));
#8194 = CARTESIAN_POINT('',(6.182316928277,0.985872374686));
#8195 = CARTESIAN_POINT('',(6.149071751193,0.983319774228));
#8196 = CARTESIAN_POINT('',(6.116244226921,0.979935213537));
#8197 = CARTESIAN_POINT('',(6.083955030324,0.975739140275));
#8198 = CARTESIAN_POINT('',(6.052307455464,0.970757127358));
#8199 = CARTESIAN_POINT('',(6.021385919381,0.965018219101));
#8200 = ( GEOMETRIC_REPRESENTATION_CONTEXT(2) 
PARAMETRIC_REPRESENTATION_CONTEXT() REPRESENTATION_CONTEXT('2D SPACE',''
  ) );
#8201 = ADVANCED_FACE('',(#8202),#7543,.T.);
#8202 = FACE_BOUND('',#8203,.T.);
#8203 = EDGE_LOOP('',(#8204,#8205,#8206,#8207));
#8204 = ORIENTED_EDGE('',*,*,#8055,.F.);
#8205 = ORIENTED_EDGE('',*,*,#7354,.T.);
#8206 = ORIENTED_EDGE('',*,*,#8079,.F.);
#8207 = ORIENTED_EDGE('',*,*,#8208,.F.);
#8208 = EDGE_CURVE('',#8056,#8080,#8209,.T.);
#8209 = SURFACE_CURVE('',#8210,(#8215,#8222),.PCURVE_S1.);
#8210 = CIRCLE('',#8211,19.781622553859);
#8211 = AXIS2_PLACEMENT_3D('',#8212,#8213,#8214);
#8212 = CARTESIAN_POINT('',(647.77177826491,32.052558883258,2.9925E+03)
  );
#8213 = DIRECTION('',(-0.,1.,0.));
#8214 = DIRECTION('',(0.,0.,1.));
#8215 = PCURVE('',#7543,#8216);
#8216 = DEFINITIONAL_REPRESENTATION('',(#8217),#8221);
#8217 = CIRCLE('',#8218,19.781622553859);
#8218 = AXIS2_PLACEMENT_2D('',#8219,#8220);
#8219 = CARTESIAN_POINT('',(27.5,33.));
#8220 = DIRECTION('',(1.,0.));
#8221 = ( GEOMETRIC_REPRESENTATION_CONTEXT(2) 
PARAMETRIC_REPRESENTATION_CONTEXT() REPRESENTATION_CONTEXT('2D SPACE',''
  ) );
#8222 = PCURVE('',#8117,#8223);
#8223 = DEFINITIONAL_REPRESENTATION('',(#8224),#8409);
#8224 = B_SPLINE_CURVE_WITH_KNOTS('',8,(#8225,#8226,#8227,#8228,#8229,
    #8230,#8231,#8232,#8233,#8234,#8235,#8236,#8237,#8238,#8239,#8240,
    #8241,#8242,#8243,#8244,#8245,#8246,#8247,#8248,#8249,#8250,#8251,
    #8252,#8253,#8254,#8255,#8256,#8257,#8258,#8259,#8260,#8261,#8262,
    #8263,#8264,#8265,#8266,#8267,#8268,#8269,#8270,#8271,#8272,#8273,
    #8274,#8275,#8276,#8277,#8278,#8279,#8280,#8281,#8282,#8283,#8284,
    #8285,#8286,#8287,#8288,#8289,#8290,#8291,#8292,#8293,#8294,#8295,
    #8296,#8297,#8298,#8299,#8300,#8301,#8302,#8303,#8304,#8305,#8306,
    #8307,#8308,#8309,#8310,#8311,#8312,#8313,#8314,#8315,#8316,#8317,
    #8318,#8319,#8320,#8321,#8322,#8323,#8324,#8325,#8326,#8327,#8328,
    #8329,#8330,#8331,#8332,#8333,#8334,#8335,#8336,#8337,#8338,#8339,
    #8340,#8341,#8342,#8343,#8344,#8345,#8346,#8347,#8348,#8349,#8350,
    #8351,#8352,#8353,#8354,#8355,#8356,#8357,#8358,#8359,#8360,#8361,
    #8362,#8363,#8364,#8365,#8366,#8367,#8368,#8369,#8370,#8371,#8372,
    #8373,#8374,#8375,#8376,#8377,#8378,#8379,#8380,#8381,#8382,#8383,
    #8384,#8385,#8386,#8387,#8388,#8389,#8390,#8391,#8392,#8393,#8394,
    #8395,#8396,#8397,#8398,#8399,#8400,#8401,#8402,#8403,#8404,#8405,
    #8406,#8407,#8408),.UNSPECIFIED.,.F.,.F.,(9,7,7,7,7,7,7,7,7,7,7,7,7,
    7,7,7,7,7,7,7,7,7,7,7,7,7,9),(2.551940829559,2.821996848412,
    2.94858560725,3.009902037312,3.070260398154,3.129675659608,
    3.188162557601,3.245735597814,3.359082520733,3.46888735231,
    3.681634213491,3.881084395849,4.255053487769,4.909499398629,
    5.400333831775,5.584396744204,5.74545179258,5.886374959909,
    6.009682731321,6.117577031308,6.211984543795,6.294591117222,
    6.366871868971,6.430117526751,6.540797427866,6.706817279538,
    6.87283713121),.UNSPECIFIED.);
#8225 = CARTESIAN_POINT('',(6.02138591938,-0.965018219101));
#8226 = CARTESIAN_POINT('',(6.008772166013,-0.997624979496));
#8227 = CARTESIAN_POINT('',(5.994475529492,-1.030105772496));
#8228 = CARTESIAN_POINT('',(5.978146366844,-1.062433245908));
#8229 = CARTESIAN_POINT('',(5.959316237415,-1.09456996687));
#8230 = CARTESIAN_POINT('',(5.937351282086,-1.126466689912));
#8231 = CARTESIAN_POINT('',(5.911318201977,-1.158046264607));
#8232 = CARTESIAN_POINT('',(5.879847167349,-1.189199982391));
#8233 = CARTESIAN_POINT('',(5.821842995503,-1.233998158482));
#8234 = CARTESIAN_POINT('',(5.80156857384,-1.248151999965));
#8235 = CARTESIAN_POINT('',(5.77926543088,-1.262138986568));
#8236 = CARTESIAN_POINT('',(5.75460956906,-1.275929976977));
#8237 = CARTESIAN_POINT('',(5.727198134937,-1.289487892143));
#8238 = CARTESIAN_POINT('',(5.696533713456,-1.302764799183));
#8239 = CARTESIAN_POINT('',(5.661975250594,-1.315696251447));
#8240 = CARTESIAN_POINT('',(5.603751785239,-1.334245450491));
#8241 = CARTESIAN_POINT('',(5.583657925743,-1.340196255513));
#8242 = CARTESIAN_POINT('',(5.562381532468,-1.346034764231));
#8243 = CARTESIAN_POINT('',(5.539828206258,-1.351749418318));
#8244 = CARTESIAN_POINT('',(5.51589634292,-1.357327020344));
#8245 = CARTESIAN_POINT('',(5.490479141541,-1.362752495304));
#8246 = CARTESIAN_POINT('',(5.463469337339,-1.368008699246));
#8247 = CARTESIAN_POINT('',(5.40651246012,-1.378064669892));
#8248 = CARTESIAN_POINT('',(5.376617947594,-1.382870288599));
#8249 = CARTESIAN_POINT('',(5.344987581238,-1.387474681613));
#8250 = CARTESIAN_POINT('',(5.311533591286,-1.391857371782));
#8251 = CARTESIAN_POINT('',(5.276182690274,-1.395995809295));
#8252 = CARTESIAN_POINT('',(5.2388906114,-1.399865548767));
#8253 = CARTESIAN_POINT('',(5.199659956215,-1.40344093763));
#8254 = CARTESIAN_POINT('',(5.118095948905,-1.409901402612));
#8255 = CARTESIAN_POINT('',(5.075820582816,-1.412796393023));
#8256 = CARTESIAN_POINT('',(5.031793954157,-1.415357362347));
#8257 = CARTESIAN_POINT('',(4.986137132303,-1.417560391184));
#8258 = CARTESIAN_POINT('',(4.939045681756,-1.419383043787));
#8259 = CARTESIAN_POINT('',(4.890794223523,-1.420806512143));
#8260 = CARTESIAN_POINT('',(4.841722633265,-1.42181763862));
#8261 = CARTESIAN_POINT('',(4.743446386133,-1.422992591404));
#8262 = CARTESIAN_POINT('',(4.694255898013,-1.423169406445));
#8263 = CARTESIAN_POINT('',(4.644975953196,-1.422933823901));
#8264 = CARTESIAN_POINT('',(4.595984369551,-1.422285470692));
#8265 = CARTESIAN_POINT('',(4.547652946518,-1.421230917744));
#8266 = CARTESIAN_POINT('',(4.500309763073,-1.419782928653));
#8267 = CARTESIAN_POINT('',(4.454214032742,-1.417958792796));
#8268 = CARTESIAN_POINT('',(4.365603211713,-1.413632341218));
#8269 = CARTESIAN_POINT('',(4.323043355783,-1.411141070667));
#8270 = CARTESIAN_POINT('',(4.282064932034,-1.408323823568));
#8271 = CARTESIAN_POINT('',(4.24278959063,-1.405202349393));
#8272 = CARTESIAN_POINT('',(4.20527537047,-1.401799372191));
#8273 = CARTESIAN_POINT('',(4.169529841854,-1.398137300608));
#8274 = CARTESIAN_POINT('',(4.135526791891,-1.394237408756));
#8275 = CARTESIAN_POINT('',(4.039605109434,-1.382012590668));
#8276 = CARTESIAN_POINT('',(3.982554296082,-1.373060861897));
#8277 = CARTESIAN_POINT('',(3.931684902891,-1.363416042457));
#8278 = CARTESIAN_POINT('',(3.886263962584,-1.353208245097));
#8279 = CARTESIAN_POINT('',(3.845567738341,-1.342536212401));
#8280 = CARTESIAN_POINT('',(3.808963203274,-1.331478037696));
#8281 = CARTESIAN_POINT('',(3.77590293032,-1.320094965816));
#8282 = CARTESIAN_POINT('',(3.71688345137,-1.297141526864));
#8283 = CARTESIAN_POINT('',(3.690734606834,-1.285588125936));
#8284 = CARTESIAN_POINT('',(3.667057461019,-1.273820467413));
#8285 = CARTESIAN_POINT('',(3.64550551073,-1.261872286572));
#8286 = CARTESIAN_POINT('',(3.625796630981,-1.249769926368));
#8287 = CARTESIAN_POINT('',(3.607699225193,-1.237534485011));
#8288 = CARTESIAN_POINT('',(3.591019548965,-1.225183124943));
#8289 = CARTESIAN_POINT('',(3.545710889878,-1.188602139276));
#8290 = CARTESIAN_POINT('',(3.52053920621,-1.16409232989));
#8291 = CARTESIAN_POINT('',(3.498898796224,-1.139303667867));
#8292 = CARTESIAN_POINT('',(3.480042958327,-1.114297235582));
#8293 = CARTESIAN_POINT('',(3.463438920782,-1.089116721253));
#8294 = CARTESIAN_POINT('',(3.448694723211,-1.063793385441));
#8295 = CARTESIAN_POINT('',(3.435510304974,-1.038351198854));
#8296 = CARTESIAN_POINT('',(3.412533397105,-0.988862590153));
#8297 = CARTESIAN_POINT('',(3.40258039739,-0.96482831983));
#8298 = CARTESIAN_POINT('',(3.393599146109,-0.940721160438));
#8299 = CARTESIAN_POINT('',(3.385446694294,-0.916552317869));
#8300 = CARTESIAN_POINT('',(3.378011387348,-0.892330516401));
#8301 = CARTESIAN_POINT('',(3.371203215692,-0.868062786119));
#8302 = CARTESIAN_POINT('',(3.364948940849,-0.843754843375));
#8303 = CARTESIAN_POINT('',(3.348384955103,-0.773767623946));
#8304 = CARTESIAN_POINT('',(3.339315186714,-0.727999196699));
#8305 = CARTESIAN_POINT('',(3.331576647688,-0.682137602472));
#8306 = CARTESIAN_POINT('',(3.324921149533,-0.636202402613));
#8307 = CARTESIAN_POINT('',(3.319167820653,-0.590208139763));
#8308 = CARTESIAN_POINT('',(3.314185548923,-0.54416565035));
#8309 = CARTESIAN_POINT('',(3.30987382663,-0.498083594477));
#8310 = CARTESIAN_POINT('',(3.299649704609,-0.371268456436));
#8311 = CARTESIAN_POINT('',(3.294962074446,-0.290468267246));
#8312 = CARTESIAN_POINT('',(3.291681857037,-0.209606101996));
#8313 = CARTESIAN_POINT('',(3.289614785592,-0.128704884735));
#8314 = CARTESIAN_POINT('',(3.288648845448,-4.778357752923E-02));
#8315 = CARTESIAN_POINT('',(3.288752369705,3.314129619322E-02));
#8316 = CARTESIAN_POINT('',(3.289954172087,0.114052861072));
#8317 = CARTESIAN_POINT('',(3.294200078331,0.25558847439));
#8318 = CARTESIAN_POINT('',(3.296708503456,0.316227425852));
#8319 = CARTESIAN_POINT('',(3.299958638447,0.37683845431));
#8320 = CARTESIAN_POINT('',(3.30403490537,0.437411458485));
#8321 = CARTESIAN_POINT('',(3.309057539665,0.49793432853));
#8322 = CARTESIAN_POINT('',(3.3152075838,0.558390841325));
#8323 = CARTESIAN_POINT('',(3.322742355073,0.618759429761));
#8324 = CARTESIAN_POINT('',(3.335635344525,0.701595037507));
#8325 = CARTESIAN_POINT('',(3.339410655668,0.724169056231));
#8326 = CARTESIAN_POINT('',(3.343469069803,0.746723639095));
#8327 = CARTESIAN_POINT('',(3.347838799827,0.769256547524));
#8328 = CARTESIAN_POINT('',(3.352552863383,0.791765179608));
#8329 = CARTESIAN_POINT('',(3.357650523509,0.814246456624));
#8330 = CARTESIAN_POINT('',(3.363179516384,0.836696646024));
#8331 = CARTESIAN_POINT('',(3.374466172224,0.878723786445));
#8332 = CARTESIAN_POINT('',(3.380108901119,0.8983091045));
#8333 = CARTESIAN_POINT('',(3.386166847106,0.917863983112));
#8334 = CARTESIAN_POINT('',(3.392686827401,0.937384762892));
#8335 = CARTESIAN_POINT('',(3.399724022879,0.956867131426));
#8336 = CARTESIAN_POINT('',(3.40734471777,0.976305900117));
#8337 = CARTESIAN_POINT('',(3.415630638357,0.995694643489));
#8338 = CARTESIAN_POINT('',(3.432607361431,1.031939438701));
#8339 = CARTESIAN_POINT('',(3.441118107408,1.048809126108));
#8340 = CARTESIAN_POINT('',(3.450286339676,1.065628782322));
#8341 = CARTESIAN_POINT('',(3.460193982053,1.082391897217));
#8342 = CARTESIAN_POINT('',(3.470939549346,1.099090586517));
#8343 = CARTESIAN_POINT('',(3.482642876087,1.115715197863));
#8344 = CARTESIAN_POINT('',(3.495453158157,1.132253589223));
#8345 = CARTESIAN_POINT('',(3.521908679899,1.163071486404));
#8346 = CARTESIAN_POINT('',(3.535249436827,1.177374925403));
#8347 = CARTESIAN_POINT('',(3.549713714734,1.191589492952));
#8348 = CARTESIAN_POINT('',(3.565456204804,1.205702130557));
#8349 = CARTESIAN_POINT('',(3.582663586792,1.219696979584));
#8350 = CARTESIAN_POINT('',(3.601565544934,1.233554223364));
#8351 = CARTESIAN_POINT('',(3.622450828169,1.24724813814));
#8352 = CARTESIAN_POINT('',(3.666021190411,1.272553540764));
#8353 = CARTESIAN_POINT('',(3.688154976917,1.284211352397));
#8354 = CARTESIAN_POINT('',(3.712337041119,1.295694699344));
#8355 = CARTESIAN_POINT('',(3.738861401864,1.306975313423));
#8356 = CARTESIAN_POINT('',(3.768081537495,1.318017955645));
#8357 = CARTESIAN_POINT('',(3.800418279445,1.328778289576));
#8358 = CARTESIAN_POINT('',(3.836380738992,1.339198712768));
#8359 = CARTESIAN_POINT('',(3.911644446771,1.357959134544));
#8360 = CARTESIAN_POINT('',(3.949966494226,1.366396365649));
#8361 = CARTESIAN_POINT('',(3.991856952865,1.374465774375));
#8362 = CARTESIAN_POINT('',(4.037713548511,1.382106938733));
#8363 = CARTESIAN_POINT('',(4.087925535434,1.389247531172));
#8364 = CARTESIAN_POINT('',(4.142847053005,1.395801080994));
#8365 = CARTESIAN_POINT('',(4.20260300101,1.401668689598));
#8366 = CARTESIAN_POINT('',(4.323230613687,1.411202339503));
#8367 = CARTESIAN_POINT('',(4.383029140316,1.415051899576));
#8368 = CARTESIAN_POINT('',(4.44616295072,1.418236885085));
#8369 = CARTESIAN_POINT('',(4.512238012871,1.420693481806));
#8370 = CARTESIAN_POINT('',(4.58057935947,1.422364890046));
#8371 = CARTESIAN_POINT('',(4.650161996607,1.423215216101));
#8372 = CARTESIAN_POINT('',(4.719894818719,1.423237740396));
#8373 = CARTESIAN_POINT('',(4.849069398335,1.421760025319));
#8374 = CARTESIAN_POINT('',(4.908707930936,1.42044978374));
#8375 = CARTESIAN_POINT('',(4.967040734633,1.418530453107));
#8376 = CARTESIAN_POINT('',(5.023463348465,1.416027719983));
#8377 = CARTESIAN_POINT('',(5.07752505624,1.412979676683));
#8378 = CARTESIAN_POINT('',(5.128969706373,1.409430001383));
#8379 = CARTESIAN_POINT('',(5.177679519448,1.405423309469));
#8380 = CARTESIAN_POINT('',(5.263856906401,1.397134694238));
#8381 = CARTESIAN_POINT('',(5.301968695613,1.392949768193));
#8382 = CARTESIAN_POINT('',(5.337966455422,1.388476866819));
#8383 = CARTESIAN_POINT('',(5.371901570078,1.383743880158));
#8384 = CARTESIAN_POINT('',(5.403862512735,1.378776629541));
#8385 = CARTESIAN_POINT('',(5.433956769693,1.373598332832));
#8386 = CARTESIAN_POINT('',(5.462298688935,1.368229563389));
#8387 = CARTESIAN_POINT('',(5.535736239992,1.352992196639));
#8388 = CARTESIAN_POINT('',(5.577454856396,1.342768627903));
#8389 = CARTESIAN_POINT('',(5.614775629718,1.332116260762));
#8390 = CARTESIAN_POINT('',(5.648320379645,1.321111448447));
#8391 = CARTESIAN_POINT('',(5.678609847695,1.309812226932));
#8392 = CARTESIAN_POINT('',(5.70608434143,1.298264461435));
#8393 = CARTESIAN_POINT('',(5.731109811221,1.286504547527));
#8394 = CARTESIAN_POINT('',(5.788318652028,1.2566481157));
#8395 = CARTESIAN_POINT('',(5.81782449324,1.23832328252));
#8396 = CARTESIAN_POINT('',(5.843547531075,1.219686878925));
#8397 = CARTESIAN_POINT('',(5.866220218873,1.200803327052));
#8398 = CARTESIAN_POINT('',(5.886379652729,1.181718596052));
#8399 = CARTESIAN_POINT('',(5.904435226957,1.162467450059));
#8400 = CARTESIAN_POINT('',(5.92070759293,1.143076209423));
#8401 = CARTESIAN_POINT('',(5.950195244229,1.104055428737));
#8402 = CARTESIAN_POINT('',(5.963410581431,1.084425879599));
#8403 = CARTESIAN_POINT('',(5.975352262256,1.064698036828));
#8404 = CARTESIAN_POINT('',(5.986210258204,1.044887163306));
#8405 = CARTESIAN_POINT('',(5.996133228156,1.025005096256));
#8406 = CARTESIAN_POINT('',(6.005241055417,1.005061335695));
#8407 = CARTESIAN_POINT('',(6.013631478387,0.985063576902));
#8408 = CARTESIAN_POINT('',(6.02138591938,0.965018219101));
#8409 = ( GEOMETRIC_REPRESENTATION_CONTEXT(2) 
PARAMETRIC_REPRESENTATION_CONTEXT() REPRESENTATION_CONTEXT('2D SPACE',''
  ) );
#8410 = ADVANCED_FACE('',(#8411),#7754,.F.);
#8411 = FACE_BOUND('',#8412,.F.);
#8412 = EDGE_LOOP('',(#8413,#8436,#8437,#8460));
#8413 = ORIENTED_EDGE('',*,*,#8414,.F.);
#8414 = EDGE_CURVE('',#7562,#8415,#8417,.T.);
#8415 = VERTEX_POINT('',#8416);
#8416 = CARTESIAN_POINT('',(537.52822173508,37.947441116742,
    2.976058814189E+03));
#8417 = SURFACE_CURVE('',#8418,(#8422,#8429),.PCURVE_S1.);
#8418 = LINE('',#8419,#8420);
#8419 = CARTESIAN_POINT('',(537.52822173508,37.947441116742,2.965E+03));
#8420 = VECTOR('',#8421,1.);
#8421 = DIRECTION('',(0.,0.,1.));
#8422 = PCURVE('',#7754,#8423);
#8423 = DEFINITIONAL_REPRESENTATION('',(#8424),#8428);
#8424 = LINE('',#8425,#8426);
#8425 = CARTESIAN_POINT('',(0.,44.));
#8426 = VECTOR('',#8427,1.);
#8427 = DIRECTION('',(1.,0.));
#8428 = ( GEOMETRIC_REPRESENTATION_CONTEXT(2) 
PARAMETRIC_REPRESENTATION_CONTEXT() REPRESENTATION_CONTEXT('2D SPACE',''
  ) );
#8429 = PCURVE('',#7862,#8430);
#8430 = DEFINITIONAL_REPRESENTATION('',(#8431),#8435);
#8431 = LINE('',#8432,#8433);
#8432 = CARTESIAN_POINT('',(0.,-44.));
#8433 = VECTOR('',#8434,1.);
#8434 = DIRECTION('',(1.,0.));
#8435 = ( GEOMETRIC_REPRESENTATION_CONTEXT(2) 
PARAMETRIC_REPRESENTATION_CONTEXT() REPRESENTATION_CONTEXT('2D SPACE',''
  ) );
#8436 = ORIENTED_EDGE('',*,*,#7561,.T.);
#8437 = ORIENTED_EDGE('',*,*,#8438,.F.);
#8438 = EDGE_CURVE('',#8439,#7564,#8441,.T.);
#8439 = VERTEX_POINT('',#8440);
#8440 = CARTESIAN_POINT('',(537.52822173508,37.947441116742,
    3.008941185811E+03));
#8441 = SURFACE_CURVE('',#8442,(#8446,#8453),.PCURVE_S1.);
#8442 = LINE('',#8443,#8444);
#8443 = CARTESIAN_POINT('',(537.52822173508,37.947441116742,2.965E+03));
#8444 = VECTOR('',#8445,1.);
#8445 = DIRECTION('',(0.,0.,1.));
#8446 = PCURVE('',#7754,#8447);
#8447 = DEFINITIONAL_REPRESENTATION('',(#8448),#8452);
#8448 = LINE('',#8449,#8450);
#8449 = CARTESIAN_POINT('',(0.,44.));
#8450 = VECTOR('',#8451,1.);
#8451 = DIRECTION('',(1.,0.));
#8452 = ( GEOMETRIC_REPRESENTATION_CONTEXT(2) 
PARAMETRIC_REPRESENTATION_CONTEXT() REPRESENTATION_CONTEXT('2D SPACE',''
  ) );
#8453 = PCURVE('',#7862,#8454);
#8454 = DEFINITIONAL_REPRESENTATION('',(#8455),#8459);
#8455 = LINE('',#8456,#8457);
#8456 = CARTESIAN_POINT('',(0.,-44.));
#8457 = VECTOR('',#8458,1.);
#8458 = DIRECTION('',(1.,0.));
#8459 = ( GEOMETRIC_REPRESENTATION_CONTEXT(2) 
PARAMETRIC_REPRESENTATION_CONTEXT() REPRESENTATION_CONTEXT('2D SPACE',''
  ) );
#8460 = ORIENTED_EDGE('',*,*,#8461,.F.);
#8461 = EDGE_CURVE('',#8415,#8439,#8462,.T.);
#8462 = SURFACE_CURVE('',#8463,(#8468,#8475),.PCURVE_S1.);
#8463 = CIRCLE('',#8464,19.781622553859);
#8464 = AXIS2_PLACEMENT_3D('',#8465,#8466,#8467);
#8465 = CARTESIAN_POINT('',(526.52822173508,37.947441116742,2.9925E+03)
  );
#8466 = DIRECTION('',(-0.,1.,0.));
#8467 = DIRECTION('',(0.,0.,1.));
#8468 = PCURVE('',#7754,#8469);
#8469 = DEFINITIONAL_REPRESENTATION('',(#8470),#8474);
#8470 = CIRCLE('',#8471,19.781622553859);
#8471 = AXIS2_PLACEMENT_2D('',#8472,#8473);
#8472 = CARTESIAN_POINT('',(27.5,33.));
#8473 = DIRECTION('',(1.,0.));
#8474 = ( GEOMETRIC_REPRESENTATION_CONTEXT(2) 
PARAMETRIC_REPRESENTATION_CONTEXT() REPRESENTATION_CONTEXT('2D SPACE',''
  ) );
#8475 = PCURVE('',#8476,#8481);
#8476 = SPHERICAL_SURFACE('',#8477,20.);
#8477 = AXIS2_PLACEMENT_3D('',#8478,#8479,#8480);
#8478 = CARTESIAN_POINT('',(526.52822173508,35.,2.9925E+03));
#8479 = DIRECTION('',(0.,0.,1.));
#8480 = DIRECTION('',(1.,0.,-0.));
#8481 = DEFINITIONAL_REPRESENTATION('',(#8482),#8667);
#8482 = B_SPLINE_CURVE_WITH_KNOTS('',8,(#8483,#8484,#8485,#8486,#8487,
    #8488,#8489,#8490,#8491,#8492,#8493,#8494,#8495,#8496,#8497,#8498,
    #8499,#8500,#8501,#8502,#8503,#8504,#8505,#8506,#8507,#8508,#8509,
    #8510,#8511,#8512,#8513,#8514,#8515,#8516,#8517,#8518,#8519,#8520,
    #8521,#8522,#8523,#8524,#8525,#8526,#8527,#8528,#8529,#8530,#8531,
    #8532,#8533,#8534,#8535,#8536,#8537,#8538,#8539,#8540,#8541,#8542,
    #8543,#8544,#8545,#8546,#8547,#8548,#8549,#8550,#8551,#8552,#8553,
    #8554,#8555,#8556,#8557,#8558,#8559,#8560,#8561,#8562,#8563,#8564,
    #8565,#8566,#8567,#8568,#8569,#8570,#8571,#8572,#8573,#8574,#8575,
    #8576,#8577,#8578,#8579,#8580,#8581,#8582,#8583,#8584,#8585,#8586,
    #8587,#8588,#8589,#8590,#8591,#8592,#8593,#8594,#8595,#8596,#8597,
    #8598,#8599,#8600,#8601,#8602,#8603,#8604,#8605,#8606,#8607,#8608,
    #8609,#8610,#8611,#8612,#8613,#8614,#8615,#8616,#8617,#8618,#8619,
    #8620,#8621,#8622,#8623,#8624,#8625,#8626,#8627,#8628,#8629,#8630,
    #8631,#8632,#8633,#8634,#8635,#8636,#8637,#8638,#8639,#8640,#8641,
    #8642,#8643,#8644,#8645,#8646,#8647,#8648,#8649,#8650,#8651,#8652,
    #8653,#8654,#8655,#8656,#8657,#8658,#8659,#8660,#8661,#8662,#8663,
    #8664,#8665,#8666),.UNSPECIFIED.,.F.,.F.,(9,7,7,7,7,7,7,7,7,7,7,7,7,
    7,7,7,7,7,7,7,7,7,7,7,7,7,9),(2.551940829562,2.821996848415,
    2.948585607252,3.009902037314,3.070260398156,3.12967565961,
    3.188162557604,3.245735597816,3.359082520735,3.468887352312,
    3.681634213493,3.88108439585,4.25505348777,4.909499398629,
    5.400333831774,5.584396744203,5.745451792578,5.886374959907,
    6.009682731319,6.117577031305,6.211984543793,6.29459111722,
    6.366871868968,6.430117526748,6.540797427863,6.706817279535,
    6.872837131207),.UNSPECIFIED.);
#8483 = CARTESIAN_POINT('',(6.54498469498,-0.965018219105));
#8484 = CARTESIAN_POINT('',(6.557598448347,-0.997624979499));
#8485 = CARTESIAN_POINT('',(6.571895084874,-1.030105772499));
#8486 = CARTESIAN_POINT('',(6.588224247491,-1.062433245912));
#8487 = CARTESIAN_POINT('',(6.607054376976,-1.094569966867));
#8488 = CARTESIAN_POINT('',(6.629019332235,-1.126466689918));
#8489 = CARTESIAN_POINT('',(6.655052412388,-1.15804626461));
#8490 = CARTESIAN_POINT('',(6.686523447013,-1.189199982394));
#8491 = CARTESIAN_POINT('',(6.744527618859,-1.233998158485));
#8492 = CARTESIAN_POINT('',(6.764802040516,-1.248151999967));
#8493 = CARTESIAN_POINT('',(6.787105183499,-1.262138986569));
#8494 = CARTESIAN_POINT('',(6.811761045278,-1.275929976978));
#8495 = CARTESIAN_POINT('',(6.839172479445,-1.289487892147));
#8496 = CARTESIAN_POINT('',(6.869836900902,-1.302764799185));
#8497 = CARTESIAN_POINT('',(6.904395363771,-1.315696251449));
#8498 = CARTESIAN_POINT('',(6.962618829127,-1.334245450493));
#8499 = CARTESIAN_POINT('',(6.982712688624,-1.340196255515));
#8500 = CARTESIAN_POINT('',(7.003989081899,-1.346034764233));
#8501 = CARTESIAN_POINT('',(7.026542408109,-1.351749418319));
#8502 = CARTESIAN_POINT('',(7.050474271447,-1.357327020346));
#8503 = CARTESIAN_POINT('',(7.075891472827,-1.362752495305));
#8504 = CARTESIAN_POINT('',(7.10290127703,-1.368008699247));
#8505 = CARTESIAN_POINT('',(7.159858154249,-1.378064669893));
#8506 = CARTESIAN_POINT('',(7.189752666775,-1.382870288601));
#8507 = CARTESIAN_POINT('',(7.221383033131,-1.387474681614));
#8508 = CARTESIAN_POINT('',(7.254837023085,-1.391857371784));
#8509 = CARTESIAN_POINT('',(7.290187924098,-1.395995809297));
#8510 = CARTESIAN_POINT('',(7.327480002971,-1.399865548768));
#8511 = CARTESIAN_POINT('',(7.366710658157,-1.403440937632));
#8512 = CARTESIAN_POINT('',(7.448274665468,-1.409901402613));
#8513 = CARTESIAN_POINT('',(7.490550031557,-1.412796393024));
#8514 = CARTESIAN_POINT('',(7.534576660216,-1.415357362348));
#8515 = CARTESIAN_POINT('',(7.58023348207,-1.417560391185));
#8516 = CARTESIAN_POINT('',(7.627324932618,-1.419383043788));
#8517 = CARTESIAN_POINT('',(7.675576390851,-1.420806512144));
#8518 = CARTESIAN_POINT('',(7.72464798111,-1.42181763862));
#8519 = CARTESIAN_POINT('',(7.822924228242,-1.422992591405));
#8520 = CARTESIAN_POINT('',(7.872114716362,-1.423169406445));
#8521 = CARTESIAN_POINT('',(7.92139466118,-1.422933823901));
#8522 = CARTESIAN_POINT('',(7.970386244825,-1.422285470692));
#8523 = CARTESIAN_POINT('',(8.018717667856,-1.421230917744));
#8524 = CARTESIAN_POINT('',(8.066060851301,-1.419782928653));
#8525 = CARTESIAN_POINT('',(8.112156581631,-1.417958792796));
#8526 = CARTESIAN_POINT('',(8.20076740266,-1.413632341217));
#8527 = CARTESIAN_POINT('',(8.243327258589,-1.411141070667));
#8528 = CARTESIAN_POINT('',(8.284305682336,-1.408323823567));
#8529 = CARTESIAN_POINT('',(8.323581023741,-1.405202349392));
#8530 = CARTESIAN_POINT('',(8.361095243901,-1.401799372189));
#8531 = CARTESIAN_POINT('',(8.396840772515,-1.398137300607));
#8532 = CARTESIAN_POINT('',(8.430843822478,-1.394237408755));
#8533 = CARTESIAN_POINT('',(8.526765504934,-1.382012590666));
#8534 = CARTESIAN_POINT('',(8.583816318283,-1.373060861897));
#8535 = CARTESIAN_POINT('',(8.634685711462,-1.363416042458));
#8536 = CARTESIAN_POINT('',(8.680106651769,-1.353208245097));
#8537 = CARTESIAN_POINT('',(8.720802876014,-1.342536212396));
#8538 = CARTESIAN_POINT('',(8.757407411086,-1.331478037695));
#8539 = CARTESIAN_POINT('',(8.790467684044,-1.320094965815));
#8540 = CARTESIAN_POINT('',(8.849487162993,-1.297141526862));
#8541 = CARTESIAN_POINT('',(8.875636007528,-1.285588125934));
#8542 = CARTESIAN_POINT('',(8.899313153343,-1.273820467412));
#8543 = CARTESIAN_POINT('',(8.920865103632,-1.26187228657));
#8544 = CARTESIAN_POINT('',(8.94057398338,-1.249769926366));
#8545 = CARTESIAN_POINT('',(8.958671389169,-1.23753448501));
#8546 = CARTESIAN_POINT('',(8.975351065397,-1.225183124942));
#8547 = CARTESIAN_POINT('',(9.020659724483,-1.188602139275));
#8548 = CARTESIAN_POINT('',(9.04583140815,-1.164092329891));
#8549 = CARTESIAN_POINT('',(9.067471818134,-1.139303667863));
#8550 = CARTESIAN_POINT('',(9.086327656017,-1.11429723559));
#8551 = CARTESIAN_POINT('',(9.102931693579,-1.089116721248));
#8552 = CARTESIAN_POINT('',(9.117675891149,-1.063793385441));
#8553 = CARTESIAN_POINT('',(9.130860309386,-1.038351198852));
#8554 = CARTESIAN_POINT('',(9.153837217255,-0.988862590151));
#8555 = CARTESIAN_POINT('',(9.163790216969,-0.964828319829));
#8556 = CARTESIAN_POINT('',(9.172771468252,-0.940721160437));
#8557 = CARTESIAN_POINT('',(9.180923920066,-0.916552317868));
#8558 = CARTESIAN_POINT('',(9.188359227012,-0.8923305164));
#8559 = CARTESIAN_POINT('',(9.195167398668,-0.868062786117));
#8560 = CARTESIAN_POINT('',(9.201421673511,-0.843754843374));
#8561 = CARTESIAN_POINT('',(9.217985659256,-0.773767623945));
#8562 = CARTESIAN_POINT('',(9.227055427646,-0.727999196699));
#8563 = CARTESIAN_POINT('',(9.234793966655,-0.682137602467));
#8564 = CARTESIAN_POINT('',(9.241449464829,-0.636202402618));
#8565 = CARTESIAN_POINT('',(9.247202793681,-0.590208139755));
#8566 = CARTESIAN_POINT('',(9.252185065435,-0.54416565035));
#8567 = CARTESIAN_POINT('',(9.25649678773,-0.498083594476));
#8568 = CARTESIAN_POINT('',(9.26672090975,-0.371268456435));
#8569 = CARTESIAN_POINT('',(9.27140853991,-0.290468267246));
#8570 = CARTESIAN_POINT('',(9.274688757315,-0.209606101996));
#8571 = CARTESIAN_POINT('',(9.276755828754,-0.128704884735));
#8572 = CARTESIAN_POINT('',(9.277721768907,-4.778357752866E-02));
#8573 = CARTESIAN_POINT('',(9.277618244654,3.314129619304E-02));
#8574 = CARTESIAN_POINT('',(9.276416442272,0.114052861072));
#8575 = CARTESIAN_POINT('',(9.272170536028,0.25558847439));
#8576 = CARTESIAN_POINT('',(9.269662110904,0.316227425851));
#8577 = CARTESIAN_POINT('',(9.266411975891,0.376838454311));
#8578 = CARTESIAN_POINT('',(9.262335708999,0.437411458482));
#8579 = CARTESIAN_POINT('',(9.257313074671,0.49793432853));
#8580 = CARTESIAN_POINT('',(9.25116303056,0.558390841324));
#8581 = CARTESIAN_POINT('',(9.243628259287,0.61875942976));
#8582 = CARTESIAN_POINT('',(9.230735269834,0.701595037506));
#8583 = CARTESIAN_POINT('',(9.226959958692,0.72416905623));
#8584 = CARTESIAN_POINT('',(9.222901544557,0.746723639094));
#8585 = CARTESIAN_POINT('',(9.218531814533,0.769256547523));
#8586 = CARTESIAN_POINT('',(9.213817750977,0.791765179607));
#8587 = CARTESIAN_POINT('',(9.20872009085,0.814246456623));
#8588 = CARTESIAN_POINT('',(9.203191097975,0.836696646023));
#8589 = CARTESIAN_POINT('',(9.191904442135,0.878723786444));
#8590 = CARTESIAN_POINT('',(9.18626171324,0.898309104499));
#8591 = CARTESIAN_POINT('',(9.180203767253,0.917863983111));
#8592 = CARTESIAN_POINT('',(9.173683786958,0.937384762891));
#8593 = CARTESIAN_POINT('',(9.166646591481,0.956867131425));
#8594 = CARTESIAN_POINT('',(9.15902589659,0.976305900116));
#8595 = CARTESIAN_POINT('',(9.150739976003,0.995694643488));
#8596 = CARTESIAN_POINT('',(9.133763252929,1.031939438699));
#8597 = CARTESIAN_POINT('',(9.125252506953,1.048809126106));
#8598 = CARTESIAN_POINT('',(9.116084274684,1.06562878232));
#8599 = CARTESIAN_POINT('',(9.106176632307,1.082391897215));
#8600 = CARTESIAN_POINT('',(9.095431065014,1.099090586515));
#8601 = CARTESIAN_POINT('',(9.083727738273,1.115715197862));
#8602 = CARTESIAN_POINT('',(9.070917456204,1.132253589222));
#8603 = CARTESIAN_POINT('',(9.044461934462,1.163071486402));
#8604 = CARTESIAN_POINT('',(9.031121177534,1.177374925401));
#8605 = CARTESIAN_POINT('',(9.016656899627,1.19158949295));
#8606 = CARTESIAN_POINT('',(9.000914409557,1.205702130555));
#8607 = CARTESIAN_POINT('',(8.983707027569,1.219696979583));
#8608 = CARTESIAN_POINT('',(8.964805069428,1.233554223362));
#8609 = CARTESIAN_POINT('',(8.943919786193,1.247248138139));
#8610 = CARTESIAN_POINT('',(8.900349423952,1.272553540763));
#8611 = CARTESIAN_POINT('',(8.878215637438,1.284211352396));
#8612 = CARTESIAN_POINT('',(8.854033573255,1.295694699339));
#8613 = CARTESIAN_POINT('',(8.827509212474,1.306975313425));
#8614 = CARTESIAN_POINT('',(8.79828907687,1.31801795564));
#8615 = CARTESIAN_POINT('',(8.765952334912,1.328778289575));
#8616 = CARTESIAN_POINT('',(8.729989875372,1.339198712767));
#8617 = CARTESIAN_POINT('',(8.654726167595,1.357959134542));
#8618 = CARTESIAN_POINT('',(8.616404120136,1.366396365649));
#8619 = CARTESIAN_POINT('',(8.574513661502,1.374465774369));
#8620 = CARTESIAN_POINT('',(8.528657065833,1.382106938744));
#8621 = CARTESIAN_POINT('',(8.478445078941,1.389247531171));
#8622 = CARTESIAN_POINT('',(8.423523561363,1.395801080996));
#8623 = CARTESIAN_POINT('',(8.36376761336,1.401668689597));
#8624 = CARTESIAN_POINT('',(8.243140000685,1.411202339502));
#8625 = CARTESIAN_POINT('',(8.183341474055,1.415051899577));
#8626 = CARTESIAN_POINT('',(8.12020766364,1.418236885082));
#8627 = CARTESIAN_POINT('',(8.054132601493,1.420693481809));
#8628 = CARTESIAN_POINT('',(7.985791254885,1.422364890042));
#8629 = CARTESIAN_POINT('',(7.916208617765,1.423215216103));
#8630 = CARTESIAN_POINT('',(7.846475795656,1.423237740396));
#8631 = CARTESIAN_POINT('',(7.71730121604,1.421760025319));
#8632 = CARTESIAN_POINT('',(7.657662683435,1.420449783739));
#8633 = CARTESIAN_POINT('',(7.599329879776,1.418530453116));
#8634 = CARTESIAN_POINT('',(7.542907265879,1.416027719973));
#8635 = CARTESIAN_POINT('',(7.488845558167,1.412979676687));
#8636 = CARTESIAN_POINT('',(7.437400907992,1.409430001384));
#8637 = CARTESIAN_POINT('',(7.388691094924,1.40542330947));
#8638 = CARTESIAN_POINT('',(7.30251370797,1.397134694239));
#8639 = CARTESIAN_POINT('',(7.264401918758,1.392949768194));
#8640 = CARTESIAN_POINT('',(7.228404158948,1.38847686682));
#8641 = CARTESIAN_POINT('',(7.194469044291,1.383743880159));
#8642 = CARTESIAN_POINT('',(7.162508101634,1.378776629543));
#8643 = CARTESIAN_POINT('',(7.132413844675,1.373598332833));
#8644 = CARTESIAN_POINT('',(7.104071925433,1.368229563391));
#8645 = CARTESIAN_POINT('',(7.030634374375,1.352992196641));
#8646 = CARTESIAN_POINT('',(6.98891575797,1.342768627906));
#8647 = CARTESIAN_POINT('',(6.95159498464,1.332116260759));
#8648 = CARTESIAN_POINT('',(6.918050234702,1.321111448451));
#8649 = CARTESIAN_POINT('',(6.88776076665,1.30981222693));
#8650 = CARTESIAN_POINT('',(6.860286272932,1.298264461437));
#8651 = CARTESIAN_POINT('',(6.835260803143,1.28650454753));
#8652 = CARTESIAN_POINT('',(6.778051962335,1.256648115703));
#8653 = CARTESIAN_POINT('',(6.748546121123,1.238323282522));
#8654 = CARTESIAN_POINT('',(6.722823083287,1.219686878928));
#8655 = CARTESIAN_POINT('',(6.700150395489,1.200803327054));
#8656 = CARTESIAN_POINT('',(6.679990961633,1.181718596055));
#8657 = CARTESIAN_POINT('',(6.661935387405,1.162467450062));
#8658 = CARTESIAN_POINT('',(6.645663021431,1.143076209425));
#8659 = CARTESIAN_POINT('',(6.616175370132,1.10405542874));
#8660 = CARTESIAN_POINT('',(6.60296003293,1.084425879602));
#8661 = CARTESIAN_POINT('',(6.591018352104,1.064698036831));
#8662 = CARTESIAN_POINT('',(6.580160356157,1.044887163309));
#8663 = CARTESIAN_POINT('',(6.570237386205,1.025005096259));
#8664 = CARTESIAN_POINT('',(6.561129558944,1.005061335698));
#8665 = CARTESIAN_POINT('',(6.552739135973,0.985063576905));
#8666 = CARTESIAN_POINT('',(6.54498469498,0.965018219105));
#8667 = ( GEOMETRIC_REPRESENTATION_CONTEXT(2) 
PARAMETRIC_REPRESENTATION_CONTEXT() REPRESENTATION_CONTEXT('2D SPACE',''
  ) );
#8668 = ADVANCED_FACE('',(#8669),#7862,.F.);
#8669 = FACE_BOUND('',#8670,.F.);
#8670 = EDGE_LOOP('',(#8671,#8672,#8673,#8674));
#8671 = ORIENTED_EDGE('',*,*,#8438,.T.);
#8672 = ORIENTED_EDGE('',*,*,#7766,.T.);
#8673 = ORIENTED_EDGE('',*,*,#8414,.T.);
#8674 = ORIENTED_EDGE('',*,*,#8675,.F.);
#8675 = EDGE_CURVE('',#8439,#8415,#8676,.T.);
#8676 = SURFACE_CURVE('',#8677,(#8682,#8689),.PCURVE_S1.);
#8677 = CIRCLE('',#8678,16.70329308849);
#8678 = AXIS2_PLACEMENT_3D('',#8679,#8680,#8681);
#8679 = CARTESIAN_POINT('',(537.52822173508,35.,2.9925E+03));
#8680 = DIRECTION('',(1.,0.,0.));
#8681 = DIRECTION('',(-0.,0.176458683992,0.984308047739));
#8682 = PCURVE('',#7862,#8683);
#8683 = DEFINITIONAL_REPRESENTATION('',(#8684),#8688);
#8684 = CIRCLE('',#8685,16.70329308849);
#8685 = AXIS2_PLACEMENT_2D('',#8686,#8687);
#8686 = CARTESIAN_POINT('',(27.5,-41.05255888325));
#8687 = DIRECTION('',(0.984308047739,-0.176458683992));
#8688 = ( GEOMETRIC_REPRESENTATION_CONTEXT(2) 
PARAMETRIC_REPRESENTATION_CONTEXT() REPRESENTATION_CONTEXT('2D SPACE',''
  ) );
#8689 = PCURVE('',#8476,#8690);
#8690 = DEFINITIONAL_REPRESENTATION('',(#8691),#8768);
#8691 = B_SPLINE_CURVE_WITH_KNOTS('',8,(#8692,#8693,#8694,#8695,#8696,
    #8697,#8698,#8699,#8700,#8701,#8702,#8703,#8704,#8705,#8706,#8707,
    #8708,#8709,#8710,#8711,#8712,#8713,#8714,#8715,#8716,#8717,#8718,
    #8719,#8720,#8721,#8722,#8723,#8724,#8725,#8726,#8727,#8728,#8729,
    #8730,#8731,#8732,#8733,#8734,#8735,#8736,#8737,#8738,#8739,#8740,
    #8741,#8742,#8743,#8744,#8745,#8746,#8747,#8748,#8749,#8750,#8751,
    #8752,#8753,#8754,#8755,#8756,#8757,#8758,#8759,#8760,#8761,#8762,
    #8763,#8764,#8765,#8766,#8767),.UNSPECIFIED.,.F.,.F.,(9,6,7,7,7,7,7,
    7,7,7,5,9),(0.,0.177387510405,0.373737051254,0.741892440347,
    1.064028405803,1.627766345351,2.050569800012,2.367672391007,
    2.843326277501,3.081153220748,3.318980163995,3.496367674399),
  .UNSPECIFIED.);
#8692 = CARTESIAN_POINT('',(6.544984694977,0.965018219102));
#8693 = CARTESIAN_POINT('',(6.514063158893,0.970757127359));
#8694 = CARTESIAN_POINT('',(6.482415584034,0.975739140275));
#8695 = CARTESIAN_POINT('',(6.450126387437,0.979935213537));
#8696 = CARTESIAN_POINT('',(6.417298863165,0.983319774229));
#8697 = CARTESIAN_POINT('',(6.384053686081,0.985872374686));
#8698 = CARTESIAN_POINT('',(6.350525166672,0.98757886568));
#8699 = CARTESIAN_POINT('',(6.279586138214,0.989376524116));
#8700 = CARTESIAN_POINT('',(6.208647047743,0.987386690981));
#8701 = CARTESIAN_POINT('',(6.171569832072,0.985295903268));
#8702 = CARTESIAN_POINT('',(6.134876723004,0.982170335884));
#8703 = CARTESIAN_POINT('',(6.098747834326,0.978031314059));
#8704 = CARTESIAN_POINT('',(6.063340793537,0.972909334478));
#8705 = CARTESIAN_POINT('',(6.028784686352,0.966841721704));
#8706 = CARTESIAN_POINT('',(5.932173251081,0.94679900411));
#8707 = CARTESIAN_POINT('',(5.872513084988,0.930550379552));
#8708 = CARTESIAN_POINT('',(5.816866664964,0.911400313616));
#8709 = CARTESIAN_POINT('',(5.765552414199,0.889681803995));
#8710 = CARTESIAN_POINT('',(5.718529282648,0.865729423058));
#8711 = CARTESIAN_POINT('',(5.67560364742,0.839840169047));
#8712 = CARTESIAN_POINT('',(5.636504525718,0.812275005215));
#8713 = CARTESIAN_POINT('',(5.569818670355,0.757868112368));
#8714 = CARTESIAN_POINT('',(5.541403810513,0.731366665629));
#8715 = CARTESIAN_POINT('',(5.515497539207,0.703903895646));
#8716 = CARTESIAN_POINT('',(5.491889892702,0.675608660511));
#8717 = CARTESIAN_POINT('',(5.470382330821,0.646589973402));
#8718 = CARTESIAN_POINT('',(5.450795695464,0.616940315142));
#8719 = CARTESIAN_POINT('',(5.432970056367,0.586739149383));
#8720 = CARTESIAN_POINT('',(5.388406543583,0.502357924559));
#8721 = CARTESIAN_POINT('',(5.365011399416,0.447181864491));
#8722 = CARTESIAN_POINT('',(5.345827224761,0.390894702192));
#8723 = CARTESIAN_POINT('',(5.330283843721,0.33376334881));
#8724 = CARTESIAN_POINT('',(5.317977295342,0.275995672263));
#8725 = CARTESIAN_POINT('',(5.30861941385,0.217763471217));
#8726 = CARTESIAN_POINT('',(5.302024224928,0.159216480076));
#8727 = CARTESIAN_POINT('',(5.295150485973,5.645324099043E-02));
#8728 = CARTESIAN_POINT('',(5.293704987908,1.231351206589E-02));
#8729 = CARTESIAN_POINT('',(5.29371971606,-3.186562066136E-02));
#8730 = CARTESIAN_POINT('',(5.295183464849,-7.602809093364E-02));
#8731 = CARTESIAN_POINT('',(5.298112006503,-0.120118340754));
#8732 = CARTESIAN_POINT('',(5.302548421152,-0.164078636836));
#8733 = CARTESIAN_POINT('',(5.308565737465,-0.207846065926));
#8734 = CARTESIAN_POINT('',(5.322051493617,-0.283976566311));
#8735 = CARTESIAN_POINT('',(5.328781060631,-0.316455247868));
#8736 = CARTESIAN_POINT('',(5.336506170972,-0.34875510309));
#8737 = CARTESIAN_POINT('',(5.345283333766,-0.38084315203));
#8738 = CARTESIAN_POINT('',(5.355181385358,-0.412682772299));
#8739 = CARTESIAN_POINT('',(5.366283054602,-0.444232521267));
#8740 = CARTESIAN_POINT('',(5.378686689283,-0.475444593551));
#8741 = CARTESIAN_POINT('',(5.413240325209,-0.552490394133));
#8742 = CARTESIAN_POINT('',(5.437162587457,-0.597831937305));
#8743 = CARTESIAN_POINT('',(5.464665543291,-0.642098100148));
#8744 = CARTESIAN_POINT('',(5.496227928344,-0.685057954732));
#8745 = CARTESIAN_POINT('',(5.532425172233,-0.72642123531));
#8746 = CARTESIAN_POINT('',(5.573931854061,-0.76582383507));
#8747 = CARTESIAN_POINT('',(5.621488942279,-0.802785651109));
#8748 = CARTESIAN_POINT('',(5.702643393645,-0.853700823568));
#8749 = CARTESIAN_POINT('',(5.731331340563,-0.869917962125));
#8750 = CARTESIAN_POINT('',(5.761717857768,-0.885308314762));
#8751 = CARTESIAN_POINT('',(5.793849412731,-0.899793697308));
#8752 = CARTESIAN_POINT('',(5.827748856516,-0.913290419512));
#8753 = CARTESIAN_POINT('',(5.863400786169,-0.925711226053));
#8754 = CARTESIAN_POINT('',(5.900737279184,-0.936969007182));
#8755 = CARTESIAN_POINT('',(5.978524786732,-0.956996163597));
#8756 = CARTESIAN_POINT('',(6.018975871785,-0.965765534556));
#8757 = CARTESIAN_POINT('',(6.06085674297,-0.973209499056));
#8758 = CARTESIAN_POINT('',(6.103982302251,-0.979252687758));
#8759 = CARTESIAN_POINT('',(6.148100343582,-0.983830970011));
#8760 = CARTESIAN_POINT('',(6.226317121897,-0.989186254462));
#8761 = CARTESIAN_POINT('',(6.305572833883,-0.989866771163));
#8762 = CARTESIAN_POINT('',(6.384053686081,-0.985872374686));
#8763 = CARTESIAN_POINT('',(6.417298863165,-0.983319774229));
#8764 = CARTESIAN_POINT('',(6.450126387437,-0.979935213537));
#8765 = CARTESIAN_POINT('',(6.482415584034,-0.975739140275));
#8766 = CARTESIAN_POINT('',(6.514063158893,-0.970757127359));
#8767 = CARTESIAN_POINT('',(6.544984694977,-0.965018219102));
#8768 = ( GEOMETRIC_REPRESENTATION_CONTEXT(2) 
PARAMETRIC_REPRESENTATION_CONTEXT() REPRESENTATION_CONTEXT('2D SPACE',''
  ) );
#8769 = ADVANCED_FACE('',(#8770,#8774),#8117,.F.);
#8770 = FACE_BOUND('',#8771,.F.);
#8771 = EDGE_LOOP('',(#8772,#8773));
#8772 = ORIENTED_EDGE('',*,*,#8102,.T.);
#8773 = ORIENTED_EDGE('',*,*,#8208,.F.);
#8774 = FACE_BOUND('',#8775,.F.);
#8775 = EDGE_LOOP('',(#8776));
#8776 = ORIENTED_EDGE('',*,*,#8777,.T.);
#8777 = EDGE_CURVE('',#8778,#8778,#8780,.T.);
#8778 = VERTEX_POINT('',#8779);
#8779 = CARTESIAN_POINT('',(629.3371194089,27.243496093016,2.9925E+03));
#8780 = SURFACE_CURVE('',#8781,(#8786,#8834),.PCURVE_S1.);
#8781 = CIRCLE('',#8782,2.5);
#8782 = AXIS2_PLACEMENT_3D('',#8783,#8784,#8785);
#8783 = CARTESIAN_POINT('',(630.58711940882,25.078432583508,2.9925E+03)
  );
#8784 = DIRECTION('',(0.866025403784,0.5,0.));
#8785 = DIRECTION('',(-0.5,0.866025403784,0.));
#8786 = PCURVE('',#8117,#8787);
#8787 = DEFINITIONAL_REPRESENTATION('',(#8788),#8833);
#8788 = B_SPLINE_CURVE_WITH_KNOTS('',8,(#8789,#8790,#8791,#8792,#8793,
    #8794,#8795,#8796,#8797,#8798,#8799,#8800,#8801,#8802,#8803,#8804,
    #8805,#8806,#8807,#8808,#8809,#8810,#8811,#8812,#8813,#8814,#8815,
    #8816,#8817,#8818,#8819,#8820,#8821,#8822,#8823,#8824,#8825,#8826,
    #8827,#8828,#8829,#8830,#8831,#8832),.UNSPECIFIED.,.T.,.F.,(9,7,7,7,
    7,7,9),(0.,0.785398163397,2.159844949343,3.190680038802,
    3.963806355897,5.123495831538,6.28318530718),.UNSPECIFIED.);
#8789 = CARTESIAN_POINT('',(3.53986359802,0.));
#8790 = CARTESIAN_POINT('',(3.53986359802,1.227184630309E-02));
#8791 = CARTESIAN_POINT('',(3.541229722704,2.454368881581E-02));
#8792 = CARTESIAN_POINT('',(3.543961848405,3.663812398775E-02));
#8793 = CARTESIAN_POINT('',(3.548034721676,4.837771505715E-02));
#8794 = CARTESIAN_POINT('',(3.553397369557,5.958972883739E-02));
#8795 = CARTESIAN_POINT('',(3.559973326212,7.011090258998E-02));
#8796 = CARTESIAN_POINT('',(3.567661675964,7.979224098433E-02));
#8797 = CARTESIAN_POINT('',(3.591524076975,0.103749146923));
#8798 = CARTESIAN_POINT('',(3.60973785538,0.116024626759));
#8799 = CARTESIAN_POINT('',(3.630318564808,0.124633758161));
#8800 = CARTESIAN_POINT('',(3.652399028117,0.129058829807));
#8801 = CARTESIAN_POINT('',(3.67493980015,0.129031946072));
#8802 = CARTESIAN_POINT('',(3.696851968538,0.124606218106));
#8803 = CARTESIAN_POINT('',(3.717162892909,0.116117981865));
#8804 = CARTESIAN_POINT('',(3.748505097316,9.512455166144E-02));
#8805 = CARTESIAN_POINT('',(3.760586894436,8.415412971983E-02));
#8806 = CARTESIAN_POINT('',(3.770980932695,7.144431421978E-02));
#8807 = CARTESIAN_POINT('',(3.779405667814,5.729840498491E-02));
#8808 = CARTESIAN_POINT('',(3.785652061448,4.207254030264E-02));
#8809 = CARTESIAN_POINT('',(3.78958743787,2.615648790955E-02));
#8810 = CARTESIAN_POINT('',(3.791154024438,9.954201788228E-03));
#8811 = CARTESIAN_POINT('',(3.789781755073,-1.819927239962E-02));
#8812 = CARTESIAN_POINT('',(3.787871318415,-3.020059491902E-02));
#8813 = CARTESIAN_POINT('',(3.78464626732,-4.196843035223E-02));
#8814 = CARTESIAN_POINT('',(3.7801378893,-5.333479740238E-02));
#8815 = CARTESIAN_POINT('',(3.774401617138,-6.413718567544E-02));
#8816 = CARTESIAN_POINT('',(3.76751673847,-7.422297612049E-02));
#8817 = CARTESIAN_POINT('',(3.759585250444,-8.345386466413E-02));
#8818 = CARTESIAN_POINT('',(3.737446772897,-0.104094925602));
#8819 = CARTESIAN_POINT('',(3.722084779053,-0.114286950862));
#8820 = CARTESIAN_POINT('',(3.705058042817,-0.121883024576));
#8821 = CARTESIAN_POINT('',(3.686881777318,-0.126572842898));
#8822 = CARTESIAN_POINT('',(3.668157952263,-0.128173774799));
#8823 = CARTESIAN_POINT('',(3.649522802169,-0.126652506336));
#8824 = CARTESIAN_POINT('',(3.631585328587,-0.122126380426));
#8825 = CARTESIAN_POINT('',(3.598186652265,-0.107547859092));
#8826 = CARTESIAN_POINT('',(3.58272551593,-9.749555622086E-02));
#8827 = CARTESIAN_POINT('',(3.569043080654,-8.492208222407E-02));
#8828 = CARTESIAN_POINT('',(3.557613002573,-7.019615459975E-02));
#8829 = CARTESIAN_POINT('',(3.548798861933,-5.378914621187E-02));
#8830 = CARTESIAN_POINT('',(3.542842020448,-3.624033334551E-02));
#8831 = CARTESIAN_POINT('',(3.53986359802,-1.81201480569E-02));
#8832 = CARTESIAN_POINT('',(3.53986359802,0.));
#8833 = ( GEOMETRIC_REPRESENTATION_CONTEXT(2) 
PARAMETRIC_REPRESENTATION_CONTEXT() REPRESENTATION_CONTEXT('2D SPACE',''
  ) );
#8834 = PCURVE('',#8835,#8840);
#8835 = CYLINDRICAL_SURFACE('',#8836,2.5);
#8836 = AXIS2_PLACEMENT_3D('',#8837,#8838,#8839);
#8837 = CARTESIAN_POINT('',(587.15,0.,2.9925E+03));
#8838 = DIRECTION('',(0.866025403784,0.5,0.));
#8839 = DIRECTION('',(-0.5,0.866025403784,0.));
#8840 = DEFINITIONAL_REPRESENTATION('',(#8841),#8845);
#8841 = LINE('',#8842,#8843);
#8842 = CARTESIAN_POINT('',(0.,50.156865167016));
#8843 = VECTOR('',#8844,1.);
#8844 = DIRECTION('',(1.,0.));
#8845 = ( GEOMETRIC_REPRESENTATION_CONTEXT(2) 
PARAMETRIC_REPRESENTATION_CONTEXT() REPRESENTATION_CONTEXT('2D SPACE',''
  ) );
#8846 = ADVANCED_FACE('',(#8847,#8851),#8476,.F.);
#8847 = FACE_BOUND('',#8848,.F.);
#8848 = EDGE_LOOP('',(#8849,#8850));
#8849 = ORIENTED_EDGE('',*,*,#8675,.T.);
#8850 = ORIENTED_EDGE('',*,*,#8461,.T.);
#8851 = FACE_BOUND('',#8852,.F.);
#8852 = EDGE_LOOP('',(#8853));
#8853 = ORIENTED_EDGE('',*,*,#8854,.T.);
#8854 = EDGE_CURVE('',#8855,#8855,#8857,.T.);
#8855 = VERTEX_POINT('',#8856);
#8856 = CARTESIAN_POINT('',(542.46288059117,22.913369074047,2.9925E+03)
  );
#8857 = SURFACE_CURVE('',#8858,(#8863,#8911),.PCURVE_S1.);
#8858 = CIRCLE('',#8859,2.5);
#8859 = AXIS2_PLACEMENT_3D('',#8860,#8861,#8862);
#8860 = CARTESIAN_POINT('',(543.71288059117,25.078432583508,2.9925E+03)
  );
#8861 = DIRECTION('',(-0.866025403784,0.5,0.));
#8862 = DIRECTION('',(-0.5,-0.866025403784,0.));
#8863 = PCURVE('',#8476,#8864);
#8864 = DEFINITIONAL_REPRESENTATION('',(#8865),#8910);
#8865 = B_SPLINE_CURVE_WITH_KNOTS('',8,(#8866,#8867,#8868,#8869,#8870,
    #8871,#8872,#8873,#8874,#8875,#8876,#8877,#8878,#8879,#8880,#8881,
    #8882,#8883,#8884,#8885,#8886,#8887,#8888,#8889,#8890,#8891,#8892,
    #8893,#8894,#8895,#8896,#8897,#8898,#8899,#8900,#8901,#8902,#8903,
    #8904,#8905,#8906,#8907,#8908,#8909),.UNSPECIFIED.,.T.,.F.,(9,7,7,7,
    7,7,9),(0.,0.785398163397,2.159844949343,3.190680038802,
    3.963806355897,5.123495831538,6.28318530718),.UNSPECIFIED.);
#8866 = CARTESIAN_POINT('',(5.634258700413,0.));
#8867 = CARTESIAN_POINT('',(5.634258700413,1.227184630309E-02));
#8868 = CARTESIAN_POINT('',(5.635624825098,2.454368881581E-02));
#8869 = CARTESIAN_POINT('',(5.638356950798,3.663812398775E-02));
#8870 = CARTESIAN_POINT('',(5.642429824069,4.837771505715E-02));
#8871 = CARTESIAN_POINT('',(5.64779247195,5.958972883739E-02));
#8872 = CARTESIAN_POINT('',(5.654368428606,7.011090258998E-02));
#8873 = CARTESIAN_POINT('',(5.662056778357,7.979224098433E-02));
#8874 = CARTESIAN_POINT('',(5.685919179368,0.103749146923));
#8875 = CARTESIAN_POINT('',(5.704132957764,0.116024626759));
#8876 = CARTESIAN_POINT('',(5.724713667234,0.124633758161));
#8877 = CARTESIAN_POINT('',(5.746794130479,0.129058829807));
#8878 = CARTESIAN_POINT('',(5.769334902572,0.129031946072));
#8879 = CARTESIAN_POINT('',(5.791247070922,0.124606218106));
#8880 = CARTESIAN_POINT('',(5.811557995302,0.116117981865));
#8881 = CARTESIAN_POINT('',(5.84290019971,9.512455166144E-02));
#8882 = CARTESIAN_POINT('',(5.854981996829,8.415412971983E-02));
#8883 = CARTESIAN_POINT('',(5.865376035089,7.14443142198E-02));
#8884 = CARTESIAN_POINT('',(5.873800770207,5.729840498491E-02));
#8885 = CARTESIAN_POINT('',(5.88004716384,4.207254030263E-02));
#8886 = CARTESIAN_POINT('',(5.883982540263,2.615648790956E-02));
#8887 = CARTESIAN_POINT('',(5.885549126831,9.954201788228E-03));
#8888 = CARTESIAN_POINT('',(5.884176857466,-1.819927239962E-02));
#8889 = CARTESIAN_POINT('',(5.882266420808,-3.020059491902E-02));
#8890 = CARTESIAN_POINT('',(5.879041369713,-4.196843035223E-02));
#8891 = CARTESIAN_POINT('',(5.874532991693,-5.333479740238E-02));
#8892 = CARTESIAN_POINT('',(5.868796719531,-6.413718567544E-02));
#8893 = CARTESIAN_POINT('',(5.861911840863,-7.422297612049E-02));
#8894 = CARTESIAN_POINT('',(5.853980352838,-8.345386466413E-02));
#8895 = CARTESIAN_POINT('',(5.83184187529,-0.104094925602));
#8896 = CARTESIAN_POINT('',(5.816479881445,-0.114286950862));
#8897 = CARTESIAN_POINT('',(5.799453145212,-0.121883024576));
#8898 = CARTESIAN_POINT('',(5.781276879713,-0.126572842898));
#8899 = CARTESIAN_POINT('',(5.762553054656,-0.128173774799));
#8900 = CARTESIAN_POINT('',(5.743917904562,-0.126652506336));
#8901 = CARTESIAN_POINT('',(5.72598043098,-0.122126380426));
#8902 = CARTESIAN_POINT('',(5.692581754658,-0.107547859092));
#8903 = CARTESIAN_POINT('',(5.677120618323,-9.749555622085E-02));
#8904 = CARTESIAN_POINT('',(5.663438183047,-8.492208222409E-02));
#8905 = CARTESIAN_POINT('',(5.652008104965,-7.019615459975E-02));
#8906 = CARTESIAN_POINT('',(5.643193964324,-5.378914621184E-02));
#8907 = CARTESIAN_POINT('',(5.637237122841,-3.624033334551E-02));
#8908 = CARTESIAN_POINT('',(5.634258700413,-1.81201480569E-02));
#8909 = CARTESIAN_POINT('',(5.634258700413,0.));
#8910 = ( GEOMETRIC_REPRESENTATION_CONTEXT(2) 
PARAMETRIC_REPRESENTATION_CONTEXT() REPRESENTATION_CONTEXT('2D SPACE',''
  ) );
#8911 = PCURVE('',#8912,#8917);
#8912 = CYLINDRICAL_SURFACE('',#8913,2.5);
#8913 = AXIS2_PLACEMENT_3D('',#8914,#8915,#8916);
#8914 = CARTESIAN_POINT('',(587.15,0.,2.9925E+03));
#8915 = DIRECTION('',(-0.866025403784,0.5,0.));
#8916 = DIRECTION('',(-0.5,-0.866025403784,0.));
#8917 = DEFINITIONAL_REPRESENTATION('',(#8918),#8922);
#8918 = LINE('',#8919,#8920);
#8919 = CARTESIAN_POINT('',(0.,50.156865167016));
#8920 = VECTOR('',#8921,1.);
#8921 = DIRECTION('',(1.,0.));
#8922 = ( GEOMETRIC_REPRESENTATION_CONTEXT(2) 
PARAMETRIC_REPRESENTATION_CONTEXT() REPRESENTATION_CONTEXT('2D SPACE',''
  ) );
#8923 = ADVANCED_FACE('',(#8924),#8835,.T.);
#8924 = FACE_BOUND('',#8925,.T.);
#8925 = EDGE_LOOP('',(#8926,#8927,#8950,#8977));
#8926 = ORIENTED_EDGE('',*,*,#8777,.T.);
#8927 = ORIENTED_EDGE('',*,*,#8928,.T.);
#8928 = EDGE_CURVE('',#8778,#8929,#8931,.T.);
#8929 = VERTEX_POINT('',#8930);
#8930 = CARTESIAN_POINT('',(646.52177826491,37.165063509461,2.9925E+03)
  );
#8931 = SEAM_CURVE('',#8932,(#8936,#8943),.PCURVE_S1.);
#8932 = LINE('',#8933,#8934);
#8933 = CARTESIAN_POINT('',(585.9,2.165063509461,2.9925E+03));
#8934 = VECTOR('',#8935,1.);
#8935 = DIRECTION('',(0.866025403784,0.5,-1.232595164408E-32));
#8936 = PCURVE('',#8835,#8937);
#8937 = DEFINITIONAL_REPRESENTATION('',(#8938),#8942);
#8938 = LINE('',#8939,#8940);
#8939 = CARTESIAN_POINT('',(0.,-0.));
#8940 = VECTOR('',#8941,1.);
#8941 = DIRECTION('',(0.,1.));
#8942 = ( GEOMETRIC_REPRESENTATION_CONTEXT(2) 
PARAMETRIC_REPRESENTATION_CONTEXT() REPRESENTATION_CONTEXT('2D SPACE',''
  ) );
#8943 = PCURVE('',#8835,#8944);
#8944 = DEFINITIONAL_REPRESENTATION('',(#8945),#8949);
#8945 = LINE('',#8946,#8947);
#8946 = CARTESIAN_POINT('',(6.28318530718,-0.));
#8947 = VECTOR('',#8948,1.);
#8948 = DIRECTION('',(0.,1.));
#8949 = ( GEOMETRIC_REPRESENTATION_CONTEXT(2) 
PARAMETRIC_REPRESENTATION_CONTEXT() REPRESENTATION_CONTEXT('2D SPACE',''
  ) );
#8950 = ORIENTED_EDGE('',*,*,#8951,.F.);
#8951 = EDGE_CURVE('',#8929,#8929,#8952,.T.);
#8952 = SURFACE_CURVE('',#8953,(#8958,#8965),.PCURVE_S1.);
#8953 = CIRCLE('',#8954,2.5);
#8954 = AXIS2_PLACEMENT_3D('',#8955,#8956,#8957);
#8955 = CARTESIAN_POINT('',(647.77177826491,35.,2.9925E+03));
#8956 = DIRECTION('',(0.866025403784,0.5,0.));
#8957 = DIRECTION('',(-0.5,0.866025403784,0.));
#8958 = PCURVE('',#8835,#8959);
#8959 = DEFINITIONAL_REPRESENTATION('',(#8960),#8964);
#8960 = LINE('',#8961,#8962);
#8961 = CARTESIAN_POINT('',(0.,70.));
#8962 = VECTOR('',#8963,1.);
#8963 = DIRECTION('',(1.,0.));
#8964 = ( GEOMETRIC_REPRESENTATION_CONTEXT(2) 
PARAMETRIC_REPRESENTATION_CONTEXT() REPRESENTATION_CONTEXT('2D SPACE',''
  ) );
#8965 = PCURVE('',#8966,#8971);
#8966 = PLANE('',#8967);
#8967 = AXIS2_PLACEMENT_3D('',#8968,#8969,#8970);
#8968 = CARTESIAN_POINT('',(647.77177826491,35.,2.9925E+03));
#8969 = DIRECTION('',(0.866025403784,0.5,0.));
#8970 = DIRECTION('',(-0.5,0.866025403784,0.));
#8971 = DEFINITIONAL_REPRESENTATION('',(#8972),#8976);
#8972 = CIRCLE('',#8973,2.5);
#8973 = AXIS2_PLACEMENT_2D('',#8974,#8975);
#8974 = CARTESIAN_POINT('',(0.,0.));
#8975 = DIRECTION('',(1.,0.));
#8976 = ( GEOMETRIC_REPRESENTATION_CONTEXT(2) 
PARAMETRIC_REPRESENTATION_CONTEXT() REPRESENTATION_CONTEXT('2D SPACE',''
  ) );
#8977 = ORIENTED_EDGE('',*,*,#8928,.F.);
#8978 = ADVANCED_FACE('',(#8979),#8912,.T.);
#8979 = FACE_BOUND('',#8980,.T.);
#8980 = EDGE_LOOP('',(#8981,#8982,#9005,#9032));
#8981 = ORIENTED_EDGE('',*,*,#8854,.T.);
#8982 = ORIENTED_EDGE('',*,*,#8983,.T.);
#8983 = EDGE_CURVE('',#8855,#8984,#8986,.T.);
#8984 = VERTEX_POINT('',#8985);
#8985 = CARTESIAN_POINT('',(525.27822173508,32.834936490539,2.9925E+03)
  );
#8986 = SEAM_CURVE('',#8987,(#8991,#8998),.PCURVE_S1.);
#8987 = LINE('',#8988,#8989);
#8988 = CARTESIAN_POINT('',(585.9,-2.165063509461,2.9925E+03));
#8989 = VECTOR('',#8990,1.);
#8990 = DIRECTION('',(-0.866025403784,0.5,1.232595164408E-32));
#8991 = PCURVE('',#8912,#8992);
#8992 = DEFINITIONAL_REPRESENTATION('',(#8993),#8997);
#8993 = LINE('',#8994,#8995);
#8994 = CARTESIAN_POINT('',(0.,-0.));
#8995 = VECTOR('',#8996,1.);
#8996 = DIRECTION('',(0.,1.));
#8997 = ( GEOMETRIC_REPRESENTATION_CONTEXT(2) 
PARAMETRIC_REPRESENTATION_CONTEXT() REPRESENTATION_CONTEXT('2D SPACE',''
  ) );
#8998 = PCURVE('',#8912,#8999);
#8999 = DEFINITIONAL_REPRESENTATION('',(#9000),#9004);
#9000 = LINE('',#9001,#9002);
#9001 = CARTESIAN_POINT('',(6.28318530718,-0.));
#9002 = VECTOR('',#9003,1.);
#9003 = DIRECTION('',(0.,1.));
#9004 = ( GEOMETRIC_REPRESENTATION_CONTEXT(2) 
PARAMETRIC_REPRESENTATION_CONTEXT() REPRESENTATION_CONTEXT('2D SPACE',''
  ) );
#9005 = ORIENTED_EDGE('',*,*,#9006,.F.);
#9006 = EDGE_CURVE('',#8984,#8984,#9007,.T.);
#9007 = SURFACE_CURVE('',#9008,(#9013,#9020),.PCURVE_S1.);
#9008 = CIRCLE('',#9009,2.5);
#9009 = AXIS2_PLACEMENT_3D('',#9010,#9011,#9012);
#9010 = CARTESIAN_POINT('',(526.52822173508,35.,2.9925E+03));
#9011 = DIRECTION('',(-0.866025403784,0.5,0.));
#9012 = DIRECTION('',(-0.5,-0.866025403784,0.));
#9013 = PCURVE('',#8912,#9014);
#9014 = DEFINITIONAL_REPRESENTATION('',(#9015),#9019);
#9015 = LINE('',#9016,#9017);
#9016 = CARTESIAN_POINT('',(0.,70.));
#9017 = VECTOR('',#9018,1.);
#9018 = DIRECTION('',(1.,0.));
#9019 = ( GEOMETRIC_REPRESENTATION_CONTEXT(2) 
PARAMETRIC_REPRESENTATION_CONTEXT() REPRESENTATION_CONTEXT('2D SPACE',''
  ) );
#9020 = PCURVE('',#9021,#9026);
#9021 = PLANE('',#9022);
#9022 = AXIS2_PLACEMENT_3D('',#9023,#9024,#9025);
#9023 = CARTESIAN_POINT('',(526.52822173508,35.,2.9925E+03));
#9024 = DIRECTION('',(-0.866025403784,0.5,0.));
#9025 = DIRECTION('',(-0.5,-0.866025403784,0.));
#9026 = DEFINITIONAL_REPRESENTATION('',(#9027),#9031);
#9027 = CIRCLE('',#9028,2.5);
#9028 = AXIS2_PLACEMENT_2D('',#9029,#9030);
#9029 = CARTESIAN_POINT('',(0.,0.));
#9030 = DIRECTION('',(1.,0.));
#9031 = ( GEOMETRIC_REPRESENTATION_CONTEXT(2) 
PARAMETRIC_REPRESENTATION_CONTEXT() REPRESENTATION_CONTEXT('2D SPACE',''
  ) );
#9032 = ORIENTED_EDGE('',*,*,#8983,.F.);
#9033 = ADVANCED_FACE('',(#9034),#8966,.T.);
#9034 = FACE_BOUND('',#9035,.T.);
#9035 = EDGE_LOOP('',(#9036));
#9036 = ORIENTED_EDGE('',*,*,#8951,.T.);
#9037 = ADVANCED_FACE('',(#9038),#9021,.T.);
#9038 = FACE_BOUND('',#9039,.T.);
#9039 = EDGE_LOOP('',(#9040));
#9040 = ORIENTED_EDGE('',*,*,#9006,.T.);
#9041 = ( GEOMETRIC_REPRESENTATION_CONTEXT(3) 
GLOBAL_UNCERTAINTY_ASSIGNED_CONTEXT((#9045)) 
GLOBAL_UNIT_ASSIGNED_CONTEXT((#9042,#9043,#9044)) REPRESENTATION_CONTEXT
('Context #1','3D Context with UNIT and UNCERTAINTY') );
#9042 = ( LENGTH_UNIT() NAMED_UNIT(*) SI_UNIT(.MILLI.,.METRE.) );
#9043 = ( NAMED_UNIT(*) PLANE_ANGLE_UNIT() SI_UNIT($,.RADIAN.) );
#9044 = ( NAMED_UNIT(*) SI_UNIT($,.STERADIAN.) SOLID_ANGLE_UNIT() );
#9045 = UNCERTAINTY_MEASURE_WITH_UNIT(LENGTH_MEASURE(1.E-07),#9042,
  'distance_accuracy_value','confusion accuracy');
#9046 = CONTEXT_DEPENDENT_SHAPE_REPRESENTATION(#9047,#9049);
#9047 = ( REPRESENTATION_RELATIONSHIP('','',#6104,#10) 
REPRESENTATION_RELATIONSHIP_WITH_TRANSFORMATION(#9048) 
SHAPE_REPRESENTATION_RELATIONSHIP() );
#9048 = ITEM_DEFINED_TRANSFORMATION('','',#11,#39);
#9049 = PRODUCT_DEFINITION_SHAPE('Placement','Placement of an item',
  #9050);
#9050 = NEXT_ASSEMBLY_USAGE_OCCURRENCE('7','=>[0:1:1:8]','',#5,#6099,$);
#9051 = PRODUCT_RELATED_PRODUCT_CATEGORY('part',$,(#6101));
#9052 = SHAPE_DEFINITION_REPRESENTATION(#9053,#9059);
#9053 = PRODUCT_DEFINITION_SHAPE('','',#9054);
#9054 = PRODUCT_DEFINITION('design','',#9055,#9058);
#9055 = PRODUCT_DEFINITION_FORMATION('','',#9056);
#9056 = PRODUCT('COMPOUND','COMPOUND','',(#9057));
#9057 = PRODUCT_CONTEXT('',#2,'mechanical');
#9058 = PRODUCT_DEFINITION_CONTEXT('part definition',#2,'design');
#9059 = SHAPE_REPRESENTATION('',(#11,#9060,#9367),#9465);
#9060 = MANIFOLD_SOLID_BREP('',#9061);
#9061 = CLOSED_SHELL('',(#9062,#9223,#9251,#9353,#9357,#9363));
#9062 = ADVANCED_FACE('',(#9063),#9078,.T.);
#9063 = FACE_BOUND('',#9064,.T.);
#9064 = EDGE_LOOP('',(#9065,#9101,#9140,#9163,#9190,#9191));
#9065 = ORIENTED_EDGE('',*,*,#9066,.F.);
#9066 = EDGE_CURVE('',#9067,#9069,#9071,.T.);
#9067 = VERTEX_POINT('',#9068);
#9068 = CARTESIAN_POINT('',(530.10379985922,14.960148697799,
    2.783240500352E+03));
#9069 = VERTEX_POINT('',#9070);
#9070 = CARTESIAN_POINT('',(529.89620014077,13.039851302201,
    2.783759499648E+03));
#9071 = SURFACE_CURVE('',#9072,(#9077,#9089),.PCURVE_S1.);
#9072 = CIRCLE('',#9073,1.);
#9073 = AXIS2_PLACEMENT_3D('',#9074,#9075,#9076);
#9074 = CARTESIAN_POINT('',(530.,14.,2.7835E+03));
#9075 = DIRECTION('',(0.571669670368,0.1559099101,0.805534535519));
#9076 = DIRECTION('',(0.815507144735,2.775557561563E-17,-0.578747005941)
  );
#9077 = PCURVE('',#9078,#9083);
#9078 = CYLINDRICAL_SURFACE('',#9079,1.);
#9079 = AXIS2_PLACEMENT_3D('',#9080,#9081,#9082);
#9080 = CARTESIAN_POINT('',(508.,8.,2.7525E+03));
#9081 = DIRECTION('',(0.571669670368,0.1559099101,0.805534535519));
#9082 = DIRECTION('',(0.815507144735,1.387778780781E-17,-0.578747005941)
  );
#9083 = DEFINITIONAL_REPRESENTATION('',(#9084),#9088);
#9084 = LINE('',#9085,#9086);
#9085 = CARTESIAN_POINT('',(0.,38.483762809788));
#9086 = VECTOR('',#9087,1.);
#9087 = DIRECTION('',(1.,0.));
#9088 = ( GEOMETRIC_REPRESENTATION_CONTEXT(2) 
PARAMETRIC_REPRESENTATION_CONTEXT() REPRESENTATION_CONTEXT('2D SPACE',''
  ) );
#9089 = PCURVE('',#9090,#9095);
#9090 = PLANE('',#9091);
#9091 = AXIS2_PLACEMENT_3D('',#9092,#9093,#9094);
#9092 = CARTESIAN_POINT('',(530.,14.,2.7835E+03));
#9093 = DIRECTION('',(0.571669670368,0.1559099101,0.805534535519));
#9094 = DIRECTION('',(0.815507144735,1.387778780781E-17,-0.578747005941)
  );
#9095 = DEFINITIONAL_REPRESENTATION('',(#9096),#9100);
#9096 = CIRCLE('',#9097,1.);
#9097 = AXIS2_PLACEMENT_2D('',#9098,#9099);
#9098 = CARTESIAN_POINT('',(0.,0.));
#9099 = DIRECTION('',(1.,0.));
#9100 = ( GEOMETRIC_REPRESENTATION_CONTEXT(2) 
PARAMETRIC_REPRESENTATION_CONTEXT() REPRESENTATION_CONTEXT('2D SPACE',''
  ) );
#9101 = ORIENTED_EDGE('',*,*,#9102,.F.);
#9102 = EDGE_CURVE('',#9103,#9067,#9105,.T.);
#9103 = VERTEX_POINT('',#9104);
#9104 = CARTESIAN_POINT('',(530.64611393856,13.953801852863,
    2.782682562567E+03));
#9105 = SURFACE_CURVE('',#9106,(#9111,#9123),.PCURVE_S1.);
#9106 = ELLIPSE('',#9107,1.045431034692,1.);
#9107 = AXIS2_PLACEMENT_3D('',#9108,#9109,#9110);
#9108 = CARTESIAN_POINT('',(530.,14.,2.7835E+03));
#9109 = DIRECTION('',(0.784149781317,8.149652931751E-02,0.615197071002)
  );
#9110 = DIRECTION('',(-0.611828987288,0.267343961637,0.744441063141));
#9111 = PCURVE('',#9078,#9112);
#9112 = DEFINITIONAL_REPRESENTATION('',(#9113),#9122);
#9113 = B_SPLINE_CURVE_WITH_KNOTS('',7,(#9114,#9115,#9116,#9117,#9118,
    #9119,#9120,#9121),.UNSPECIFIED.,.F.,.F.,(8,8),(3.378640618639,
    4.712389964517),.PIECEWISE_BEZIER_KNOTS.);
#9114 = CARTESIAN_POINT('',(4.018829713459E-11,38.187449719734));
#9115 = CARTESIAN_POINT('',(0.19053562088,38.201089463324));
#9116 = CARTESIAN_POINT('',(0.381071241719,38.227279462639));
#9117 = CARTESIAN_POINT('',(0.571606862561,38.265210310157));
#9118 = CARTESIAN_POINT('',(0.762142483397,38.312959472682));
#9119 = CARTESIAN_POINT('',(0.952678104239,38.367598266395));
#9120 = CARTESIAN_POINT('',(1.143213725078,38.425680661564));
#9121 = CARTESIAN_POINT('',(1.333749345918,38.483763109788));
#9122 = ( GEOMETRIC_REPRESENTATION_CONTEXT(2) 
PARAMETRIC_REPRESENTATION_CONTEXT() REPRESENTATION_CONTEXT('2D SPACE',''
  ) );
#9123 = PCURVE('',#9124,#9129);
#9124 = CYLINDRICAL_SURFACE('',#9125,1.);
#9125 = AXIS2_PLACEMENT_3D('',#9126,#9127,#9128);
#9126 = CARTESIAN_POINT('',(530.,14.,2.7835E+03));
#9127 = DIRECTION('',(0.928476690885,0.,0.371390676354));
#9128 = DIRECTION('',(-0.371390676354,0.,0.928476690885));
#9129 = DEFINITIONAL_REPRESENTATION('',(#9130),#9139);
#9130 = B_SPLINE_CURVE_WITH_KNOTS('',7,(#9131,#9132,#9133,#9134,#9135,
    #9136,#9137,#9138),.UNSPECIFIED.,.F.,.F.,(8,8),(3.378640618639,
    4.712389964517),.PIECEWISE_BEZIER_KNOTS.);
#9131 = CARTESIAN_POINT('',(3.095378057384,0.296313090054));
#9132 = CARTESIAN_POINT('',(3.285913678224,0.282673346463));
#9133 = CARTESIAN_POINT('',(3.476449299063,0.25648334714));
#9134 = CARTESIAN_POINT('',(3.666984919904,0.218552499645));
#9135 = CARTESIAN_POINT('',(3.857520540741,0.170803337089));
#9136 = CARTESIAN_POINT('',(4.048056161584,0.116164543402));
#9137 = CARTESIAN_POINT('',(4.238591782422,5.808214822358E-02));
#9138 = CARTESIAN_POINT('',(4.429127403262,-3.000004653586E-07));
#9139 = ( GEOMETRIC_REPRESENTATION_CONTEXT(2) 
PARAMETRIC_REPRESENTATION_CONTEXT() REPRESENTATION_CONTEXT('2D SPACE',''
  ) );
#9140 = ORIENTED_EDGE('',*,*,#9141,.F.);
#9141 = EDGE_CURVE('',#9142,#9103,#9144,.T.);
#9142 = VERTEX_POINT('',#9143);
#9143 = CARTESIAN_POINT('',(508.81550714473,8.,2.751921252994E+03));
#9144 = SEAM_CURVE('',#9145,(#9149,#9156),.PCURVE_S1.);
#9145 = LINE('',#9146,#9147);
#9146 = CARTESIAN_POINT('',(508.81550714473,8.,2.751921252994E+03));
#9147 = VECTOR('',#9148,1.);
#9148 = DIRECTION('',(0.571669670368,0.1559099101,0.805534535519));
#9149 = PCURVE('',#9078,#9150);
#9150 = DEFINITIONAL_REPRESENTATION('',(#9151),#9155);
#9151 = LINE('',#9152,#9153);
#9152 = CARTESIAN_POINT('',(6.28318530718,-0.));
#9153 = VECTOR('',#9154,1.);
#9154 = DIRECTION('',(0.,1.));
#9155 = ( GEOMETRIC_REPRESENTATION_CONTEXT(2) 
PARAMETRIC_REPRESENTATION_CONTEXT() REPRESENTATION_CONTEXT('2D SPACE',''
  ) );
#9156 = PCURVE('',#9078,#9157);
#9157 = DEFINITIONAL_REPRESENTATION('',(#9158),#9162);
#9158 = LINE('',#9159,#9160);
#9159 = CARTESIAN_POINT('',(0.,-0.));
#9160 = VECTOR('',#9161,1.);
#9161 = DIRECTION('',(0.,1.));
#9162 = ( GEOMETRIC_REPRESENTATION_CONTEXT(2) 
PARAMETRIC_REPRESENTATION_CONTEXT() REPRESENTATION_CONTEXT('2D SPACE',''
  ) );
#9163 = ORIENTED_EDGE('',*,*,#9164,.T.);
#9164 = EDGE_CURVE('',#9142,#9142,#9165,.T.);
#9165 = SURFACE_CURVE('',#9166,(#9171,#9178),.PCURVE_S1.);
#9166 = CIRCLE('',#9167,1.);
#9167 = AXIS2_PLACEMENT_3D('',#9168,#9169,#9170);
#9168 = CARTESIAN_POINT('',(508.,8.,2.7525E+03));
#9169 = DIRECTION('',(0.571669670368,0.1559099101,0.805534535519));
#9170 = DIRECTION('',(0.815507144735,2.775557561563E-17,-0.578747005941)
  );
#9171 = PCURVE('',#9078,#9172);
#9172 = DEFINITIONAL_REPRESENTATION('',(#9173),#9177);
#9173 = LINE('',#9174,#9175);
#9174 = CARTESIAN_POINT('',(0.,0.));
#9175 = VECTOR('',#9176,1.);
#9176 = DIRECTION('',(1.,0.));
#9177 = ( GEOMETRIC_REPRESENTATION_CONTEXT(2) 
PARAMETRIC_REPRESENTATION_CONTEXT() REPRESENTATION_CONTEXT('2D SPACE',''
  ) );
#9178 = PCURVE('',#9179,#9184);
#9179 = PLANE('',#9180);
#9180 = AXIS2_PLACEMENT_3D('',#9181,#9182,#9183);
#9181 = CARTESIAN_POINT('',(508.,8.,2.7525E+03));
#9182 = DIRECTION('',(0.571669670368,0.1559099101,0.805534535519));
#9183 = DIRECTION('',(0.815507144735,1.387778780781E-17,-0.578747005941)
  );
#9184 = DEFINITIONAL_REPRESENTATION('',(#9185),#9189);
#9185 = CIRCLE('',#9186,1.);
#9186 = AXIS2_PLACEMENT_2D('',#9187,#9188);
#9187 = CARTESIAN_POINT('',(0.,0.));
#9188 = DIRECTION('',(1.,0.));
#9189 = ( GEOMETRIC_REPRESENTATION_CONTEXT(2) 
PARAMETRIC_REPRESENTATION_CONTEXT() REPRESENTATION_CONTEXT('2D SPACE',''
  ) );
#9190 = ORIENTED_EDGE('',*,*,#9141,.T.);
#9191 = ORIENTED_EDGE('',*,*,#9192,.F.);
#9192 = EDGE_CURVE('',#9069,#9103,#9193,.T.);
#9193 = SURFACE_CURVE('',#9194,(#9199,#9211),.PCURVE_S1.);
#9194 = ELLIPSE('',#9195,1.045431034692,1.);
#9195 = AXIS2_PLACEMENT_3D('',#9196,#9197,#9198);
#9196 = CARTESIAN_POINT('',(530.,14.,2.7835E+03));
#9197 = DIRECTION('',(0.784149781317,8.149652931751E-02,0.615197071002)
  );
#9198 = DIRECTION('',(-0.611828987288,0.267343961637,0.744441063141));
#9199 = PCURVE('',#9078,#9200);
#9200 = DEFINITIONAL_REPRESENTATION('',(#9201),#9210);
#9201 = B_SPLINE_CURVE_WITH_KNOTS('',7,(#9202,#9203,#9204,#9205,#9206,
    #9207,#9208,#9209),.UNSPECIFIED.,.F.,.F.,(8,8),(1.570796464426,
    3.378640618639),.PIECEWISE_BEZIER_KNOTS.);
#9202 = CARTESIAN_POINT('',(4.475341153007,38.483762767833));
#9203 = CARTESIAN_POINT('',(4.733604603609,38.405034320985));
#9204 = CARTESIAN_POINT('',(4.991868054213,38.326306825918));
#9205 = CARTESIAN_POINT('',(5.250131504808,38.256149664772));
#9206 = CARTESIAN_POINT('',(5.508394955418,38.20316821196));
#9207 = CARTESIAN_POINT('',(5.766658406015,38.173532618554));
#9208 = CARTESIAN_POINT('',(6.024921856618,38.168961590168));
#9209 = CARTESIAN_POINT('',(6.28318530722,38.187449719734));
#9210 = ( GEOMETRIC_REPRESENTATION_CONTEXT(2) 
PARAMETRIC_REPRESENTATION_CONTEXT() REPRESENTATION_CONTEXT('2D SPACE',''
  ) );
#9211 = PCURVE('',#9124,#9212);
#9212 = DEFINITIONAL_REPRESENTATION('',(#9213),#9222);
#9213 = B_SPLINE_CURVE_WITH_KNOTS('',7,(#9214,#9215,#9216,#9217,#9218,
    #9219,#9220,#9221),.UNSPECIFIED.,.F.,.F.,(8,8),(1.570796464426,
    3.378640618639),.PIECEWISE_BEZIER_KNOTS.);
#9214 = CARTESIAN_POINT('',(1.287533903171,4.195521796646E-08));
#9215 = CARTESIAN_POINT('',(1.545797353773,7.87284888023E-02));
#9216 = CARTESIAN_POINT('',(1.804060804379,0.157455983853));
#9217 = CARTESIAN_POINT('',(2.06232425497,0.227613145065));
#9218 = CARTESIAN_POINT('',(2.320587705583,0.280594597796));
#9219 = CARTESIAN_POINT('',(2.578851156178,0.310230191246));
#9220 = CARTESIAN_POINT('',(2.837114606782,0.31480121962));
#9221 = CARTESIAN_POINT('',(3.095378057384,0.296313090054));
#9222 = ( GEOMETRIC_REPRESENTATION_CONTEXT(2) 
PARAMETRIC_REPRESENTATION_CONTEXT() REPRESENTATION_CONTEXT('2D SPACE',''
  ) );
#9223 = ADVANCED_FACE('',(#9224),#9090,.T.);
#9224 = FACE_BOUND('',#9225,.T.);
#9225 = EDGE_LOOP('',(#9226,#9250));
#9226 = ORIENTED_EDGE('',*,*,#9227,.T.);
#9227 = EDGE_CURVE('',#9069,#9067,#9228,.T.);
#9228 = SURFACE_CURVE('',#9229,(#9233,#9239),.PCURVE_S1.);
#9229 = LINE('',#9230,#9231);
#9230 = CARTESIAN_POINT('',(530.,14.,2.7835E+03));
#9231 = VECTOR('',#9232,1.);
#9232 = DIRECTION('',(0.103799859222,0.960148697799,-0.259499648054));
#9233 = PCURVE('',#9090,#9234);
#9234 = DEFINITIONAL_REPRESENTATION('',(#9235),#9238);
#9235 = B_SPLINE_CURVE_WITH_KNOTS('',1,(#9236,#9237),.UNSPECIFIED.,.F.,
  .F.,(2,2),(-1.028769066108,1.028769066108),.PIECEWISE_BEZIER_KNOTS.);
#9236 = CARTESIAN_POINT('',(-0.241590130966,-1.));
#9237 = CARTESIAN_POINT('',(0.241590130966,1.));
#9238 = ( GEOMETRIC_REPRESENTATION_CONTEXT(2) 
PARAMETRIC_REPRESENTATION_CONTEXT() REPRESENTATION_CONTEXT('2D SPACE',''
  ) );
#9239 = PCURVE('',#9240,#9245);
#9240 = PLANE('',#9241);
#9241 = AXIS2_PLACEMENT_3D('',#9242,#9243,#9244);
#9242 = CARTESIAN_POINT('',(530.,14.,2.7835E+03));
#9243 = DIRECTION('',(0.928476690885,0.,0.371390676354));
#9244 = DIRECTION('',(-0.371390676354,0.,0.928476690885));
#9245 = DEFINITIONAL_REPRESENTATION('',(#9246),#9249);
#9246 = B_SPLINE_CURVE_WITH_KNOTS('',1,(#9247,#9248),.UNSPECIFIED.,.F.,
  .F.,(2,2),(-1.028769066108,1.028769066108),.PIECEWISE_BEZIER_KNOTS.);
#9247 = CARTESIAN_POINT('',(0.287530331353,0.98777127916));
#9248 = CARTESIAN_POINT('',(-0.287530331353,-0.98777127916));
#9249 = ( GEOMETRIC_REPRESENTATION_CONTEXT(2) 
PARAMETRIC_REPRESENTATION_CONTEXT() REPRESENTATION_CONTEXT('2D SPACE',''
  ) );
#9250 = ORIENTED_EDGE('',*,*,#9066,.T.);
#9251 = ADVANCED_FACE('',(#9252),#9124,.T.);
#9252 = FACE_BOUND('',#9253,.T.);
#9253 = EDGE_LOOP('',(#9254,#9279,#9306,#9307,#9329,#9330,#9331));
#9254 = ORIENTED_EDGE('',*,*,#9255,.T.);
#9255 = EDGE_CURVE('',#9256,#9258,#9260,.T.);
#9256 = VERTEX_POINT('',#9257);
#9257 = CARTESIAN_POINT('',(529.62860932364,14.,2.784428476691E+03));
#9258 = VERTEX_POINT('',#9259);
#9259 = CARTESIAN_POINT('',(539.62860932364,14.,2.788428476691E+03));
#9260 = SEAM_CURVE('',#9261,(#9265,#9272),.PCURVE_S1.);
#9261 = LINE('',#9262,#9263);
#9262 = CARTESIAN_POINT('',(529.62860932364,14.,2.784428476691E+03));
#9263 = VECTOR('',#9264,1.);
#9264 = DIRECTION('',(0.928476690885,1.232595164408E-32,0.371390676354)
  );
#9265 = PCURVE('',#9124,#9266);
#9266 = DEFINITIONAL_REPRESENTATION('',(#9267),#9271);
#9267 = LINE('',#9268,#9269);
#9268 = CARTESIAN_POINT('',(6.28318530718,-0.));
#9269 = VECTOR('',#9270,1.);
#9270 = DIRECTION('',(0.,1.));
#9271 = ( GEOMETRIC_REPRESENTATION_CONTEXT(2) 
PARAMETRIC_REPRESENTATION_CONTEXT() REPRESENTATION_CONTEXT('2D SPACE',''
  ) );
#9272 = PCURVE('',#9124,#9273);
#9273 = DEFINITIONAL_REPRESENTATION('',(#9274),#9278);
#9274 = LINE('',#9275,#9276);
#9275 = CARTESIAN_POINT('',(0.,-0.));
#9276 = VECTOR('',#9277,1.);
#9277 = DIRECTION('',(0.,1.));
#9278 = ( GEOMETRIC_REPRESENTATION_CONTEXT(2) 
PARAMETRIC_REPRESENTATION_CONTEXT() REPRESENTATION_CONTEXT('2D SPACE',''
  ) );
#9279 = ORIENTED_EDGE('',*,*,#9280,.F.);
#9280 = EDGE_CURVE('',#9258,#9258,#9281,.T.);
#9281 = SURFACE_CURVE('',#9282,(#9287,#9294),.PCURVE_S1.);
#9282 = CIRCLE('',#9283,1.);
#9283 = AXIS2_PLACEMENT_3D('',#9284,#9285,#9286);
#9284 = CARTESIAN_POINT('',(540.,14.,2.7875E+03));
#9285 = DIRECTION('',(0.928476690885,0.,0.371390676354));
#9286 = DIRECTION('',(-0.371390676354,0.,0.928476690885));
#9287 = PCURVE('',#9124,#9288);
#9288 = DEFINITIONAL_REPRESENTATION('',(#9289),#9293);
#9289 = LINE('',#9290,#9291);
#9290 = CARTESIAN_POINT('',(0.,10.770329614269));
#9291 = VECTOR('',#9292,1.);
#9292 = DIRECTION('',(1.,0.));
#9293 = ( GEOMETRIC_REPRESENTATION_CONTEXT(2) 
PARAMETRIC_REPRESENTATION_CONTEXT() REPRESENTATION_CONTEXT('2D SPACE',''
  ) );
#9294 = PCURVE('',#9295,#9300);
#9295 = PLANE('',#9296);
#9296 = AXIS2_PLACEMENT_3D('',#9297,#9298,#9299);
#9297 = CARTESIAN_POINT('',(540.,14.,2.7875E+03));
#9298 = DIRECTION('',(0.928476690885,0.,0.371390676354));
#9299 = DIRECTION('',(-0.371390676354,0.,0.928476690885));
#9300 = DEFINITIONAL_REPRESENTATION('',(#9301),#9305);
#9301 = CIRCLE('',#9302,1.);
#9302 = AXIS2_PLACEMENT_2D('',#9303,#9304);
#9303 = CARTESIAN_POINT('',(0.,0.));
#9304 = DIRECTION('',(1.,0.));
#9305 = ( GEOMETRIC_REPRESENTATION_CONTEXT(2) 
PARAMETRIC_REPRESENTATION_CONTEXT() REPRESENTATION_CONTEXT('2D SPACE',''
  ) );
#9306 = ORIENTED_EDGE('',*,*,#9255,.F.);
#9307 = ORIENTED_EDGE('',*,*,#9308,.T.);
#9308 = EDGE_CURVE('',#9256,#9069,#9309,.T.);
#9309 = SURFACE_CURVE('',#9310,(#9315,#9322),.PCURVE_S1.);
#9310 = CIRCLE('',#9311,1.);
#9311 = AXIS2_PLACEMENT_3D('',#9312,#9313,#9314);
#9312 = CARTESIAN_POINT('',(530.,14.,2.7835E+03));
#9313 = DIRECTION('',(0.928476690885,0.,0.371390676354));
#9314 = DIRECTION('',(-0.371390676354,0.,0.928476690885));
#9315 = PCURVE('',#9124,#9316);
#9316 = DEFINITIONAL_REPRESENTATION('',(#9317),#9321);
#9317 = LINE('',#9318,#9319);
#9318 = CARTESIAN_POINT('',(0.,0.));
#9319 = VECTOR('',#9320,1.);
#9320 = DIRECTION('',(1.,0.));
#9321 = ( GEOMETRIC_REPRESENTATION_CONTEXT(2) 
PARAMETRIC_REPRESENTATION_CONTEXT() REPRESENTATION_CONTEXT('2D SPACE',''
  ) );
#9322 = PCURVE('',#9240,#9323);
#9323 = DEFINITIONAL_REPRESENTATION('',(#9324),#9328);
#9324 = CIRCLE('',#9325,1.);
#9325 = AXIS2_PLACEMENT_2D('',#9326,#9327);
#9326 = CARTESIAN_POINT('',(0.,0.));
#9327 = DIRECTION('',(1.,0.));
#9328 = ( GEOMETRIC_REPRESENTATION_CONTEXT(2) 
PARAMETRIC_REPRESENTATION_CONTEXT() REPRESENTATION_CONTEXT('2D SPACE',''
  ) );
#9329 = ORIENTED_EDGE('',*,*,#9192,.T.);
#9330 = ORIENTED_EDGE('',*,*,#9102,.T.);
#9331 = ORIENTED_EDGE('',*,*,#9332,.T.);
#9332 = EDGE_CURVE('',#9067,#9256,#9333,.T.);
#9333 = SURFACE_CURVE('',#9334,(#9339,#9346),.PCURVE_S1.);
#9334 = CIRCLE('',#9335,1.);
#9335 = AXIS2_PLACEMENT_3D('',#9336,#9337,#9338);
#9336 = CARTESIAN_POINT('',(530.,14.,2.7835E+03));
#9337 = DIRECTION('',(0.928476690885,0.,0.371390676354));
#9338 = DIRECTION('',(-0.371390676354,0.,0.928476690885));
#9339 = PCURVE('',#9124,#9340);
#9340 = DEFINITIONAL_REPRESENTATION('',(#9341),#9345);
#9341 = LINE('',#9342,#9343);
#9342 = CARTESIAN_POINT('',(0.,0.));
#9343 = VECTOR('',#9344,1.);
#9344 = DIRECTION('',(1.,0.));
#9345 = ( GEOMETRIC_REPRESENTATION_CONTEXT(2) 
PARAMETRIC_REPRESENTATION_CONTEXT() REPRESENTATION_CONTEXT('2D SPACE',''
  ) );
#9346 = PCURVE('',#9240,#9347);
#9347 = DEFINITIONAL_REPRESENTATION('',(#9348),#9352);
#9348 = CIRCLE('',#9349,1.);
#9349 = AXIS2_PLACEMENT_2D('',#9350,#9351);
#9350 = CARTESIAN_POINT('',(0.,0.));
#9351 = DIRECTION('',(1.,0.));
#9352 = ( GEOMETRIC_REPRESENTATION_CONTEXT(2) 
PARAMETRIC_REPRESENTATION_CONTEXT() REPRESENTATION_CONTEXT('2D SPACE',''
  ) );
#9353 = ADVANCED_FACE('',(#9354),#9179,.F.);
#9354 = FACE_BOUND('',#9355,.T.);
#9355 = EDGE_LOOP('',(#9356));
#9356 = ORIENTED_EDGE('',*,*,#9164,.F.);
#9357 = ADVANCED_FACE('',(#9358),#9240,.F.);
#9358 = FACE_BOUND('',#9359,.F.);
#9359 = EDGE_LOOP('',(#9360,#9361,#9362));
#9360 = ORIENTED_EDGE('',*,*,#9332,.T.);
#9361 = ORIENTED_EDGE('',*,*,#9308,.T.);
#9362 = ORIENTED_EDGE('',*,*,#9227,.T.);
#9363 = ADVANCED_FACE('',(#9364),#9295,.T.);
#9364 = FACE_BOUND('',#9365,.T.);
#9365 = EDGE_LOOP('',(#9366));
#9366 = ORIENTED_EDGE('',*,*,#9280,.T.);
#9367 = MANIFOLD_SOLID_BREP('',#9368);
#9368 = CLOSED_SHELL('',(#9369,#9457,#9461));
#9369 = ADVANCED_FACE('',(#9370),#9383,.T.);
#9370 = FACE_BOUND('',#9371,.T.);
#9371 = EDGE_LOOP('',(#9372,#9406,#9429,#9456));
#9372 = ORIENTED_EDGE('',*,*,#9373,.F.);
#9373 = EDGE_CURVE('',#9374,#9374,#9376,.T.);
#9374 = VERTEX_POINT('',#9375);
#9375 = CARTESIAN_POINT('',(340.70710678118,14.,2.786792893219E+03));
#9376 = SURFACE_CURVE('',#9377,(#9382,#9394),.PCURVE_S1.);
#9377 = CIRCLE('',#9378,1.);
#9378 = AXIS2_PLACEMENT_3D('',#9379,#9380,#9381);
#9379 = CARTESIAN_POINT('',(340.,14.,2.7875E+03));
#9380 = DIRECTION('',(0.707106781187,0.,0.707106781187));
#9381 = DIRECTION('',(0.707106781187,0.,-0.707106781187));
#9382 = PCURVE('',#9383,#9388);
#9383 = CYLINDRICAL_SURFACE('',#9384,1.);
#9384 = AXIS2_PLACEMENT_3D('',#9385,#9386,#9387);
#9385 = CARTESIAN_POINT('',(320.,14.,2.7675E+03));
#9386 = DIRECTION('',(0.707106781187,0.,0.707106781187));
#9387 = DIRECTION('',(0.707106781187,0.,-0.707106781187));
#9388 = DEFINITIONAL_REPRESENTATION('',(#9389),#9393);
#9389 = LINE('',#9390,#9391);
#9390 = CARTESIAN_POINT('',(0.,28.284271247462));
#9391 = VECTOR('',#9392,1.);
#9392 = DIRECTION('',(1.,0.));
#9393 = ( GEOMETRIC_REPRESENTATION_CONTEXT(2) 
PARAMETRIC_REPRESENTATION_CONTEXT() REPRESENTATION_CONTEXT('2D SPACE',''
  ) );
#9394 = PCURVE('',#9395,#9400);
#9395 = PLANE('',#9396);
#9396 = AXIS2_PLACEMENT_3D('',#9397,#9398,#9399);
#9397 = CARTESIAN_POINT('',(340.,14.,2.7875E+03));
#9398 = DIRECTION('',(0.707106781187,0.,0.707106781187));
#9399 = DIRECTION('',(0.707106781187,0.,-0.707106781187));
#9400 = DEFINITIONAL_REPRESENTATION('',(#9401),#9405);
#9401 = CIRCLE('',#9402,1.);
#9402 = AXIS2_PLACEMENT_2D('',#9403,#9404);
#9403 = CARTESIAN_POINT('',(0.,0.));
#9404 = DIRECTION('',(1.,0.));
#9405 = ( GEOMETRIC_REPRESENTATION_CONTEXT(2) 
PARAMETRIC_REPRESENTATION_CONTEXT() REPRESENTATION_CONTEXT('2D SPACE',''
  ) );
#9406 = ORIENTED_EDGE('',*,*,#9407,.F.);
#9407 = EDGE_CURVE('',#9408,#9374,#9410,.T.);
#9408 = VERTEX_POINT('',#9409);
#9409 = CARTESIAN_POINT('',(320.70710678118,14.,2.766792893219E+03));
#9410 = SEAM_CURVE('',#9411,(#9415,#9422),.PCURVE_S1.);
#9411 = LINE('',#9412,#9413);
#9412 = CARTESIAN_POINT('',(320.70710678118,14.,2.766792893219E+03));
#9413 = VECTOR('',#9414,1.);
#9414 = DIRECTION('',(0.707106781187,0.,0.707106781187));
#9415 = PCURVE('',#9383,#9416);
#9416 = DEFINITIONAL_REPRESENTATION('',(#9417),#9421);
#9417 = LINE('',#9418,#9419);
#9418 = CARTESIAN_POINT('',(6.28318530718,-0.));
#9419 = VECTOR('',#9420,1.);
#9420 = DIRECTION('',(0.,1.));
#9421 = ( GEOMETRIC_REPRESENTATION_CONTEXT(2) 
PARAMETRIC_REPRESENTATION_CONTEXT() REPRESENTATION_CONTEXT('2D SPACE',''
  ) );
#9422 = PCURVE('',#9383,#9423);
#9423 = DEFINITIONAL_REPRESENTATION('',(#9424),#9428);
#9424 = LINE('',#9425,#9426);
#9425 = CARTESIAN_POINT('',(0.,-0.));
#9426 = VECTOR('',#9427,1.);
#9427 = DIRECTION('',(0.,1.));
#9428 = ( GEOMETRIC_REPRESENTATION_CONTEXT(2) 
PARAMETRIC_REPRESENTATION_CONTEXT() REPRESENTATION_CONTEXT('2D SPACE',''
  ) );
#9429 = ORIENTED_EDGE('',*,*,#9430,.T.);
#9430 = EDGE_CURVE('',#9408,#9408,#9431,.T.);
#9431 = SURFACE_CURVE('',#9432,(#9437,#9444),.PCURVE_S1.);
#9432 = CIRCLE('',#9433,1.);
#9433 = AXIS2_PLACEMENT_3D('',#9434,#9435,#9436);
#9434 = CARTESIAN_POINT('',(320.,14.,2.7675E+03));
#9435 = DIRECTION('',(0.707106781187,0.,0.707106781187));
#9436 = DIRECTION('',(0.707106781187,0.,-0.707106781187));
#9437 = PCURVE('',#9383,#9438);
#9438 = DEFINITIONAL_REPRESENTATION('',(#9439),#9443);
#9439 = LINE('',#9440,#9441);
#9440 = CARTESIAN_POINT('',(0.,0.));
#9441 = VECTOR('',#9442,1.);
#9442 = DIRECTION('',(1.,0.));
#9443 = ( GEOMETRIC_REPRESENTATION_CONTEXT(2) 
PARAMETRIC_REPRESENTATION_CONTEXT() REPRESENTATION_CONTEXT('2D SPACE',''
  ) );
#9444 = PCURVE('',#9445,#9450);
#9445 = PLANE('',#9446);
#9446 = AXIS2_PLACEMENT_3D('',#9447,#9448,#9449);
#9447 = CARTESIAN_POINT('',(320.,14.,2.7675E+03));
#9448 = DIRECTION('',(0.707106781187,0.,0.707106781187));
#9449 = DIRECTION('',(0.707106781187,0.,-0.707106781187));
#9450 = DEFINITIONAL_REPRESENTATION('',(#9451),#9455);
#9451 = CIRCLE('',#9452,1.);
#9452 = AXIS2_PLACEMENT_2D('',#9453,#9454);
#9453 = CARTESIAN_POINT('',(0.,0.));
#9454 = DIRECTION('',(1.,0.));
#9455 = ( GEOMETRIC_REPRESENTATION_CONTEXT(2) 
PARAMETRIC_REPRESENTATION_CONTEXT() REPRESENTATION_CONTEXT('2D SPACE',''
  ) );
#9456 = ORIENTED_EDGE('',*,*,#9407,.T.);
#9457 = ADVANCED_FACE('',(#9458),#9395,.T.);
#9458 = FACE_BOUND('',#9459,.T.);
#9459 = EDGE_LOOP('',(#9460));
#9460 = ORIENTED_EDGE('',*,*,#9373,.T.);
#9461 = ADVANCED_FACE('',(#9462),#9445,.F.);
#9462 = FACE_BOUND('',#9463,.T.);
#9463 = EDGE_LOOP('',(#9464));
#9464 = ORIENTED_EDGE('',*,*,#9430,.F.);
#9465 = ( GEOMETRIC_REPRESENTATION_CONTEXT(3) 
GLOBAL_UNCERTAINTY_ASSIGNED_CONTEXT((#9469)) 
GLOBAL_UNIT_ASSIGNED_CONTEXT((#9466,#9467,#9468)) REPRESENTATION_CONTEXT
('Context #1','3D Context with UNIT and UNCERTAINTY') );
#9466 = ( LENGTH_UNIT() NAMED_UNIT(*) SI_UNIT(.MILLI.,.METRE.) );
#9467 = ( NAMED_UNIT(*) PLANE_ANGLE_UNIT() SI_UNIT($,.RADIAN.) );
#9468 = ( NAMED_UNIT(*) SI_UNIT($,.STERADIAN.) SOLID_ANGLE_UNIT() );
#9469 = UNCERTAINTY_MEASURE_WITH_UNIT(LENGTH_MEASURE(2.E-07),#9466,
  'distance_accuracy_value','confusion accuracy');
#9470 = CONTEXT_DEPENDENT_SHAPE_REPRESENTATION(#9471,#9473);
#9471 = ( REPRESENTATION_RELATIONSHIP('','',#9059,#10) 
REPRESENTATION_RELATIONSHIP_WITH_TRANSFORMATION(#9472) 
SHAPE_REPRESENTATION_RELATIONSHIP() );
#9472 = ITEM_DEFINED_TRANSFORMATION('','',#11,#43);
#9473 = PRODUCT_DEFINITION_SHAPE('Placement','Placement of an item',
  #9474);
#9474 = NEXT_ASSEMBLY_USAGE_OCCURRENCE('8','=>[0:1:1:9]','',#5,#9054,$);
#9475 = PRODUCT_RELATED_PRODUCT_CATEGORY('part',$,(#9056));
#9476 = SHAPE_DEFINITION_REPRESENTATION(#9477,#9483);
#9477 = PRODUCT_DEFINITION_SHAPE('','',#9478);
#9478 = PRODUCT_DEFINITION('design','',#9479,#9482);
#9479 = PRODUCT_DEFINITION_FORMATION('','',#9480);
#9480 = PRODUCT('COMPOUND','COMPOUND','',(#9481));
#9481 = PRODUCT_CONTEXT('',#2,'mechanical');
#9482 = PRODUCT_DEFINITION_CONTEXT('part definition',#2,'design');
#9483 = SHAPE_REPRESENTATION('',(#11,#9484,#11669),#11845);
#9484 = MANIFOLD_SOLID_BREP('',#9485);
#9485 = CLOSED_SHELL('',(#9486,#9658,#9686,#9862,#9885,#9890,#9896,
    #10082,#10105,#10110,#10269,#10292,#10297,#10326,#11363,#11369,
    #11464,#11519,#11574,#11652,#11657,#11661,#11665));
#9486 = ADVANCED_FACE('',(#9487),#9502,.T.);
#9487 = FACE_BOUND('',#9488,.T.);
#9488 = EDGE_LOOP('',(#9489,#9525,#9548,#9577,#9604,#9605));
#9489 = ORIENTED_EDGE('',*,*,#9490,.F.);
#9490 = EDGE_CURVE('',#9491,#9493,#9495,.T.);
#9491 = VERTEX_POINT('',#9492);
#9492 = CARTESIAN_POINT('',(-28.67960845682,-64.25679718105,2.1E+03));
#9493 = VERTEX_POINT('',#9494);
#9494 = CARTESIAN_POINT('',(-35.32039154317,-62.04320281894,2.1E+03));
#9495 = SURFACE_CURVE('',#9496,(#9501,#9513),.PCURVE_S1.);
#9496 = CIRCLE('',#9497,3.5);
#9497 = AXIS2_PLACEMENT_3D('',#9498,#9499,#9500);
#9498 = CARTESIAN_POINT('',(-32.,-63.15,2.1E+03));
#9499 = DIRECTION('',(0.316227766017,0.948683298051,0.));
#9500 = DIRECTION('',(0.948683298051,-0.316227766017,0.));
#9501 = PCURVE('',#9502,#9507);
#9502 = CYLINDRICAL_SURFACE('',#9503,3.5);
#9503 = AXIS2_PLACEMENT_3D('',#9504,#9505,#9506);
#9504 = CARTESIAN_POINT('',(-52.,-123.15,2.1E+03));
#9505 = DIRECTION('',(0.316227766017,0.948683298051,0.));
#9506 = DIRECTION('',(0.948683298051,-0.316227766017,0.));
#9507 = DEFINITIONAL_REPRESENTATION('',(#9508),#9512);
#9508 = LINE('',#9509,#9510);
#9509 = CARTESIAN_POINT('',(0.,63.245553203368));
#9510 = VECTOR('',#9511,1.);
#9511 = DIRECTION('',(1.,0.));
#9512 = ( GEOMETRIC_REPRESENTATION_CONTEXT(2) 
PARAMETRIC_REPRESENTATION_CONTEXT() REPRESENTATION_CONTEXT('2D SPACE',''
  ) );
#9513 = PCURVE('',#9514,#9519);
#9514 = PLANE('',#9515);
#9515 = AXIS2_PLACEMENT_3D('',#9516,#9517,#9518);
#9516 = CARTESIAN_POINT('',(-32.,-63.15,2.1E+03));
#9517 = DIRECTION('',(0.316227766017,0.948683298051,0.));
#9518 = DIRECTION('',(0.948683298051,-0.316227766017,0.));
#9519 = DEFINITIONAL_REPRESENTATION('',(#9520),#9524);
#9520 = CIRCLE('',#9521,3.5);
#9521 = AXIS2_PLACEMENT_2D('',#9522,#9523);
#9522 = CARTESIAN_POINT('',(0.,0.));
#9523 = DIRECTION('',(1.,0.));
#9524 = ( GEOMETRIC_REPRESENTATION_CONTEXT(2) 
PARAMETRIC_REPRESENTATION_CONTEXT() REPRESENTATION_CONTEXT('2D SPACE',''
  ) );
#9525 = ORIENTED_EDGE('',*,*,#9526,.F.);
#9526 = EDGE_CURVE('',#9527,#9491,#9529,.T.);
#9527 = VERTEX_POINT('',#9528);
#9528 = CARTESIAN_POINT('',(-48.67960845682,-124.256797181,2.1E+03));
#9529 = SEAM_CURVE('',#9530,(#9534,#9541),.PCURVE_S1.);
#9530 = LINE('',#9531,#9532);
#9531 = CARTESIAN_POINT('',(-48.67960845682,-124.256797181,2.1E+03));
#9532 = VECTOR('',#9533,1.);
#9533 = DIRECTION('',(0.316227766017,0.948683298051,0.));
#9534 = PCURVE('',#9502,#9535);
#9535 = DEFINITIONAL_REPRESENTATION('',(#9536),#9540);
#9536 = LINE('',#9537,#9538);
#9537 = CARTESIAN_POINT('',(6.28318530718,-0.));
#9538 = VECTOR('',#9539,1.);
#9539 = DIRECTION('',(0.,1.));
#9540 = ( GEOMETRIC_REPRESENTATION_CONTEXT(2) 
PARAMETRIC_REPRESENTATION_CONTEXT() REPRESENTATION_CONTEXT('2D SPACE',''
  ) );
#9541 = PCURVE('',#9502,#9542);
#9542 = DEFINITIONAL_REPRESENTATION('',(#9543),#9547);
#9543 = LINE('',#9544,#9545);
#9544 = CARTESIAN_POINT('',(0.,-0.));
#9545 = VECTOR('',#9546,1.);
#9546 = DIRECTION('',(0.,1.));
#9547 = ( GEOMETRIC_REPRESENTATION_CONTEXT(2) 
PARAMETRIC_REPRESENTATION_CONTEXT() REPRESENTATION_CONTEXT('2D SPACE',''
  ) );
#9548 = ORIENTED_EDGE('',*,*,#9549,.T.);
#9549 = EDGE_CURVE('',#9527,#9550,#9552,.T.);
#9550 = VERTEX_POINT('',#9551);
#9551 = CARTESIAN_POINT('',(-55.32039154317,-122.0432028189,2.1E+03));
#9552 = SURFACE_CURVE('',#9553,(#9558,#9565),.PCURVE_S1.);
#9553 = CIRCLE('',#9554,3.5);
#9554 = AXIS2_PLACEMENT_3D('',#9555,#9556,#9557);
#9555 = CARTESIAN_POINT('',(-52.,-123.15,2.1E+03));
#9556 = DIRECTION('',(0.316227766017,0.948683298051,0.));
#9557 = DIRECTION('',(0.948683298051,-0.316227766017,0.));
#9558 = PCURVE('',#9502,#9559);
#9559 = DEFINITIONAL_REPRESENTATION('',(#9560),#9564);
#9560 = LINE('',#9561,#9562);
#9561 = CARTESIAN_POINT('',(0.,0.));
#9562 = VECTOR('',#9563,1.);
#9563 = DIRECTION('',(1.,0.));
#9564 = ( GEOMETRIC_REPRESENTATION_CONTEXT(2) 
PARAMETRIC_REPRESENTATION_CONTEXT() REPRESENTATION_CONTEXT('2D SPACE',''
  ) );
#9565 = PCURVE('',#9566,#9571);
#9566 = PLANE('',#9567);
#9567 = AXIS2_PLACEMENT_3D('',#9568,#9569,#9570);
#9568 = CARTESIAN_POINT('',(-52.,-123.15,2.1E+03));
#9569 = DIRECTION('',(0.316227766017,0.948683298051,0.));
#9570 = DIRECTION('',(0.948683298051,-0.316227766017,0.));
#9571 = DEFINITIONAL_REPRESENTATION('',(#9572),#9576);
#9572 = CIRCLE('',#9573,3.5);
#9573 = AXIS2_PLACEMENT_2D('',#9574,#9575);
#9574 = CARTESIAN_POINT('',(0.,0.));
#9575 = DIRECTION('',(1.,0.));
#9576 = ( GEOMETRIC_REPRESENTATION_CONTEXT(2) 
PARAMETRIC_REPRESENTATION_CONTEXT() REPRESENTATION_CONTEXT('2D SPACE',''
  ) );
#9577 = ORIENTED_EDGE('',*,*,#9578,.T.);
#9578 = EDGE_CURVE('',#9550,#9527,#9579,.T.);
#9579 = SURFACE_CURVE('',#9580,(#9585,#9592),.PCURVE_S1.);
#9580 = CIRCLE('',#9581,3.5);
#9581 = AXIS2_PLACEMENT_3D('',#9582,#9583,#9584);
#9582 = CARTESIAN_POINT('',(-52.,-123.15,2.1E+03));
#9583 = DIRECTION('',(0.316227766017,0.948683298051,0.));
#9584 = DIRECTION('',(0.948683298051,-0.316227766017,0.));
#9585 = PCURVE('',#9502,#9586);
#9586 = DEFINITIONAL_REPRESENTATION('',(#9587),#9591);
#9587 = LINE('',#9588,#9589);
#9588 = CARTESIAN_POINT('',(0.,0.));
#9589 = VECTOR('',#9590,1.);
#9590 = DIRECTION('',(1.,0.));
#9591 = ( GEOMETRIC_REPRESENTATION_CONTEXT(2) 
PARAMETRIC_REPRESENTATION_CONTEXT() REPRESENTATION_CONTEXT('2D SPACE',''
  ) );
#9592 = PCURVE('',#9593,#9598);
#9593 = PLANE('',#9594);
#9594 = AXIS2_PLACEMENT_3D('',#9595,#9596,#9597);
#9595 = CARTESIAN_POINT('',(-52.,-123.15,2.1E+03));
#9596 = DIRECTION('',(0.316227766017,0.948683298051,0.));
#9597 = DIRECTION('',(0.948683298051,-0.316227766017,0.));
#9598 = DEFINITIONAL_REPRESENTATION('',(#9599),#9603);
#9599 = CIRCLE('',#9600,3.5);
#9600 = AXIS2_PLACEMENT_2D('',#9601,#9602);
#9601 = CARTESIAN_POINT('',(0.,0.));
#9602 = DIRECTION('',(1.,0.));
#9603 = ( GEOMETRIC_REPRESENTATION_CONTEXT(2) 
PARAMETRIC_REPRESENTATION_CONTEXT() REPRESENTATION_CONTEXT('2D SPACE',''
  ) );
#9604 = ORIENTED_EDGE('',*,*,#9526,.T.);
#9605 = ORIENTED_EDGE('',*,*,#9606,.F.);
#9606 = EDGE_CURVE('',#9493,#9491,#9607,.T.);
#9607 = SURFACE_CURVE('',#9608,(#9613,#9633),.PCURVE_S1.);
#9608 = ELLIPSE('',#9609,4.949747468306,3.5);
#9609 = AXIS2_PLACEMENT_3D('',#9610,#9611,#9612);
#9610 = CARTESIAN_POINT('',(-32.,-63.15,2.1E+03));
#9611 = DIRECTION('',(0.22360679775,0.67082039325,0.707106781187));
#9612 = DIRECTION('',(0.22360679775,0.67082039325,-0.707106781187));
#9613 = PCURVE('',#9502,#9614);
#9614 = DEFINITIONAL_REPRESENTATION('',(#9615),#9632);
#9615 = B_SPLINE_CURVE_WITH_KNOTS('',8,(#9616,#9617,#9618,#9619,#9620,
    #9621,#9622,#9623,#9624,#9625,#9626,#9627,#9628,#9629,#9630,#9631),
  .UNSPECIFIED.,.F.,.F.,(9,7,9),(1.570796257014,3.141592618699,
    4.712388980385),.UNSPECIFIED.);
#9616 = CARTESIAN_POINT('',(3.141592583809,63.2455534476));
#9617 = CARTESIAN_POINT('',(3.33794212902,62.558330039363));
#9618 = CARTESIAN_POINT('',(3.534291674232,61.871106457205));
#9619 = CARTESIAN_POINT('',(3.73064121944,61.224256957823));
#9620 = CARTESIAN_POINT('',(3.926990764668,60.658147706708));
#9621 = CARTESIAN_POINT('',(4.123340309858,60.208190132078));
#9622 = CARTESIAN_POINT('',(4.319689855074,59.899765974107));
#9623 = CARTESIAN_POINT('',(4.516039400284,59.745553227345));
#9624 = CARTESIAN_POINT('',(4.908738490705,59.74555317939));
#9625 = CARTESIAN_POINT('',(5.105088035917,59.899765878115));
#9626 = CARTESIAN_POINT('',(5.301437581123,60.208189991448));
#9627 = CARTESIAN_POINT('',(5.497787126347,60.658147525799));
#9628 = CARTESIAN_POINT('',(5.694136671543,61.224256746267));
#9629 = CARTESIAN_POINT('',(5.89048621676,61.871106223625));
#9630 = CARTESIAN_POINT('',(6.086835761969,62.55832979513));
#9631 = CARTESIAN_POINT('',(6.28318530718,63.245553203368));
#9632 = ( GEOMETRIC_REPRESENTATION_CONTEXT(2) 
PARAMETRIC_REPRESENTATION_CONTEXT() REPRESENTATION_CONTEXT('2D SPACE',''
  ) );
#9633 = PCURVE('',#9634,#9639);
#9634 = CYLINDRICAL_SURFACE('',#9635,3.5);
#9635 = AXIS2_PLACEMENT_3D('',#9636,#9637,#9638);
#9636 = CARTESIAN_POINT('',(-32.,-63.15,2.1E+03));
#9637 = DIRECTION('',(0.,0.,1.));
#9638 = DIRECTION('',(1.,0.,-0.));
#9639 = DEFINITIONAL_REPRESENTATION('',(#9640),#9657);
#9640 = B_SPLINE_CURVE_WITH_KNOTS('',8,(#9641,#9642,#9643,#9644,#9645,
    #9646,#9647,#9648,#9649,#9650,#9651,#9652,#9653,#9654,#9655,#9656),
  .UNSPECIFIED.,.F.,.F.,(9,7,9),(1.570796257014,3.141592618699,
    4.712388980385),.UNSPECIFIED.);
#9641 = CARTESIAN_POINT('',(2.819842029412,-2.442325239826E-07));
#9642 = CARTESIAN_POINT('',(3.016191574623,0.687223164005));
#9643 = CARTESIAN_POINT('',(3.212541119833,1.374446746172));
#9644 = CARTESIAN_POINT('',(3.408890665036,2.021296245381));
#9645 = CARTESIAN_POINT('',(3.605240210254,2.587405496781));
#9646 = CARTESIAN_POINT('',(3.801589755463,3.037363071106));
#9647 = CARTESIAN_POINT('',(3.997939300675,3.345787229242));
#9648 = CARTESIAN_POINT('',(4.194288845887,3.499999976023));
#9649 = CARTESIAN_POINT('',(4.586987936308,3.500000023977));
#9650 = CARTESIAN_POINT('',(4.78333748151,3.345787325152));
#9651 = CARTESIAN_POINT('',(4.979687026735,3.03736321216));
#9652 = CARTESIAN_POINT('',(5.176036571898,2.587405677319));
#9653 = CARTESIAN_POINT('',(5.372386117157,2.021296457342));
#9654 = CARTESIAN_POINT('',(5.568735662355,1.374446979643));
#9655 = CARTESIAN_POINT('',(5.765085207572,0.687223408237));
#9656 = CARTESIAN_POINT('',(5.961434752783,0.));
#9657 = ( GEOMETRIC_REPRESENTATION_CONTEXT(2) 
PARAMETRIC_REPRESENTATION_CONTEXT() REPRESENTATION_CONTEXT('2D SPACE',''
  ) );
#9658 = ADVANCED_FACE('',(#9659),#9514,.T.);
#9659 = FACE_BOUND('',#9660,.T.);
#9660 = EDGE_LOOP('',(#9661,#9685));
#9661 = ORIENTED_EDGE('',*,*,#9662,.T.);
#9662 = EDGE_CURVE('',#9493,#9491,#9663,.T.);
#9663 = SURFACE_CURVE('',#9664,(#9668,#9674),.PCURVE_S1.);
#9664 = LINE('',#9665,#9666);
#9665 = CARTESIAN_POINT('',(-32.,-63.15,2.1E+03));
#9666 = VECTOR('',#9667,1.);
#9667 = DIRECTION('',(0.948683298051,-0.316227766017,0.));
#9668 = PCURVE('',#9514,#9669);
#9669 = DEFINITIONAL_REPRESENTATION('',(#9670),#9673);
#9670 = B_SPLINE_CURVE_WITH_KNOTS('',1,(#9671,#9672),.UNSPECIFIED.,.F.,
  .F.,(2,2),(-3.5,3.5),.PIECEWISE_BEZIER_KNOTS.);
#9671 = CARTESIAN_POINT('',(-3.5,0.));
#9672 = CARTESIAN_POINT('',(3.5,0.));
#9673 = ( GEOMETRIC_REPRESENTATION_CONTEXT(2) 
PARAMETRIC_REPRESENTATION_CONTEXT() REPRESENTATION_CONTEXT('2D SPACE',''
  ) );
#9674 = PCURVE('',#9675,#9680);
#9675 = PLANE('',#9676);
#9676 = AXIS2_PLACEMENT_3D('',#9677,#9678,#9679);
#9677 = CARTESIAN_POINT('',(-32.,-63.15,2.1E+03));
#9678 = DIRECTION('',(0.,0.,1.));
#9679 = DIRECTION('',(1.,0.,-0.));
#9680 = DEFINITIONAL_REPRESENTATION('',(#9681),#9684);
#9681 = B_SPLINE_CURVE_WITH_KNOTS('',1,(#9682,#9683),.UNSPECIFIED.,.F.,
  .F.,(2,2),(-3.5,3.5),.PIECEWISE_BEZIER_KNOTS.);
#9682 = CARTESIAN_POINT('',(-3.320391543177,1.106797181059));
#9683 = CARTESIAN_POINT('',(3.320391543177,-1.106797181059));
#9684 = ( GEOMETRIC_REPRESENTATION_CONTEXT(2) 
PARAMETRIC_REPRESENTATION_CONTEXT() REPRESENTATION_CONTEXT('2D SPACE',''
  ) );
#9685 = ORIENTED_EDGE('',*,*,#9490,.T.);
#9686 = ADVANCED_FACE('',(#9687),#9634,.T.);
#9687 = FACE_BOUND('',#9688,.T.);
#9688 = EDGE_LOOP('',(#9689,#9713,#9736,#9775,#9804,#9838,#9839,#9861));
#9689 = ORIENTED_EDGE('',*,*,#9690,.T.);
#9690 = EDGE_CURVE('',#9491,#9691,#9693,.T.);
#9691 = VERTEX_POINT('',#9692);
#9692 = CARTESIAN_POINT('',(-28.5,-63.15,2.1E+03));
#9693 = SURFACE_CURVE('',#9694,(#9699,#9706),.PCURVE_S1.);
#9694 = CIRCLE('',#9695,3.5);
#9695 = AXIS2_PLACEMENT_3D('',#9696,#9697,#9698);
#9696 = CARTESIAN_POINT('',(-32.,-63.15,2.1E+03));
#9697 = DIRECTION('',(0.,0.,1.));
#9698 = DIRECTION('',(1.,0.,-0.));
#9699 = PCURVE('',#9634,#9700);
#9700 = DEFINITIONAL_REPRESENTATION('',(#9701),#9705);
#9701 = LINE('',#9702,#9703);
#9702 = CARTESIAN_POINT('',(0.,0.));
#9703 = VECTOR('',#9704,1.);
#9704 = DIRECTION('',(1.,0.));
#9705 = ( GEOMETRIC_REPRESENTATION_CONTEXT(2) 
PARAMETRIC_REPRESENTATION_CONTEXT() REPRESENTATION_CONTEXT('2D SPACE',''
  ) );
#9706 = PCURVE('',#9675,#9707);
#9707 = DEFINITIONAL_REPRESENTATION('',(#9708),#9712);
#9708 = CIRCLE('',#9709,3.5);
#9709 = AXIS2_PLACEMENT_2D('',#9710,#9711);
#9710 = CARTESIAN_POINT('',(0.,0.));
#9711 = DIRECTION('',(1.,0.));
#9712 = ( GEOMETRIC_REPRESENTATION_CONTEXT(2) 
PARAMETRIC_REPRESENTATION_CONTEXT() REPRESENTATION_CONTEXT('2D SPACE',''
  ) );
#9713 = ORIENTED_EDGE('',*,*,#9714,.T.);
#9714 = EDGE_CURVE('',#9691,#9715,#9717,.T.);
#9715 = VERTEX_POINT('',#9716);
#9716 = CARTESIAN_POINT('',(-28.5,-63.15,2.736631162201E+03));
#9717 = SEAM_CURVE('',#9718,(#9722,#9729),.PCURVE_S1.);
#9718 = LINE('',#9719,#9720);
#9719 = CARTESIAN_POINT('',(-28.5,-63.15,2.1E+03));
#9720 = VECTOR('',#9721,1.);
#9721 = DIRECTION('',(0.,0.,1.));
#9722 = PCURVE('',#9634,#9723);
#9723 = DEFINITIONAL_REPRESENTATION('',(#9724),#9728);
#9724 = LINE('',#9725,#9726);
#9725 = CARTESIAN_POINT('',(0.,-0.));
#9726 = VECTOR('',#9727,1.);
#9727 = DIRECTION('',(0.,1.));
#9728 = ( GEOMETRIC_REPRESENTATION_CONTEXT(2) 
PARAMETRIC_REPRESENTATION_CONTEXT() REPRESENTATION_CONTEXT('2D SPACE',''
  ) );
#9729 = PCURVE('',#9634,#9730);
#9730 = DEFINITIONAL_REPRESENTATION('',(#9731),#9735);
#9731 = LINE('',#9732,#9733);
#9732 = CARTESIAN_POINT('',(6.28318530718,-0.));
#9733 = VECTOR('',#9734,1.);
#9734 = DIRECTION('',(0.,1.));
#9735 = ( GEOMETRIC_REPRESENTATION_CONTEXT(2) 
PARAMETRIC_REPRESENTATION_CONTEXT() REPRESENTATION_CONTEXT('2D SPACE',''
  ) );
#9736 = ORIENTED_EDGE('',*,*,#9737,.F.);
#9737 = EDGE_CURVE('',#9738,#9715,#9740,.T.);
#9738 = VERTEX_POINT('',#9739);
#9739 = CARTESIAN_POINT('',(-31.05082568105,-66.51883779844,2.74E+03));
#9740 = SURFACE_CURVE('',#9741,(#9746,#9758),.PCURVE_S1.);
#9741 = ELLIPSE('',#9742,4.949747468306,3.5);
#9742 = AXIS2_PLACEMENT_3D('',#9743,#9744,#9745);
#9743 = CARTESIAN_POINT('',(-32.,-63.15,2.74E+03));
#9744 = DIRECTION('',(0.680608014857,0.191762170702,0.707106781187));
#9745 = DIRECTION('',(-0.680608014857,-0.191762170702,0.707106781187));
#9746 = PCURVE('',#9634,#9747);
#9747 = DEFINITIONAL_REPRESENTATION('',(#9748),#9757);
#9748 = B_SPLINE_CURVE_WITH_KNOTS('',7,(#9749,#9750,#9751,#9752,#9753,
    #9754,#9755,#9756),.UNSPECIFIED.,.F.,.F.,(8,8),(1.570795647624,
    2.866960740392),.PIECEWISE_BEZIER_KNOTS.);
#9749 = CARTESIAN_POINT('',(4.987020214414,640.00000237709));
#9750 = CARTESIAN_POINT('',(5.172186656238,639.35191983071));
#9751 = CARTESIAN_POINT('',(5.357353098062,638.7038377755));
#9752 = CARTESIAN_POINT('',(5.542519539886,638.09204512456));
#9753 = CARTESIAN_POINT('',(5.72768598171,637.55285290518));
#9754 = CARTESIAN_POINT('',(5.912852423534,637.11743036925));
#9755 = CARTESIAN_POINT('',(6.098018865358,636.80691743286));
#9756 = CARTESIAN_POINT('',(6.283185307182,636.63116220155));
#9757 = ( GEOMETRIC_REPRESENTATION_CONTEXT(2) 
PARAMETRIC_REPRESENTATION_CONTEXT() REPRESENTATION_CONTEXT('2D SPACE',''
  ) );
#9758 = PCURVE('',#9759,#9764);
#9759 = CYLINDRICAL_SURFACE('',#9760,3.5);
#9760 = AXIS2_PLACEMENT_3D('',#9761,#9762,#9763);
#9761 = CARTESIAN_POINT('',(-32.,-63.15,2.74E+03));
#9762 = DIRECTION('',(0.962525085271,0.271192662557,0.));
#9763 = DIRECTION('',(-0.271192662557,0.962525085271,0.));
#9764 = DEFINITIONAL_REPRESENTATION('',(#9765),#9774);
#9765 = B_SPLINE_CURVE_WITH_KNOTS('',7,(#9766,#9767,#9768,#9769,#9770,
    #9771,#9772,#9773),.UNSPECIFIED.,.F.,.F.,(8,8),(1.570795647624,
    2.866960740392),.PIECEWISE_BEZIER_KNOTS.);
#9766 = CARTESIAN_POINT('',(3.141591974419,-2.377097374051E-06));
#9767 = CARTESIAN_POINT('',(3.326758416243,0.648080169287));
#9768 = CARTESIAN_POINT('',(3.511924858065,1.296162224459));
#9769 = CARTESIAN_POINT('',(3.697091299895,1.907954875363));
#9770 = CARTESIAN_POINT('',(3.882257741712,2.447147094849));
#9771 = CARTESIAN_POINT('',(4.06742418354,2.882569630688));
#9772 = CARTESIAN_POINT('',(4.252590625363,3.19308256714));
#9773 = CARTESIAN_POINT('',(4.437757067187,3.368837798449));
#9774 = ( GEOMETRIC_REPRESENTATION_CONTEXT(2) 
PARAMETRIC_REPRESENTATION_CONTEXT() REPRESENTATION_CONTEXT('2D SPACE',''
  ) );
#9775 = ORIENTED_EDGE('',*,*,#9776,.F.);
#9776 = EDGE_CURVE('',#9777,#9738,#9779,.T.);
#9777 = VERTEX_POINT('',#9778);
#9778 = CARTESIAN_POINT('',(-32.94917431895,-59.78116220155,2.74E+03));
#9779 = SURFACE_CURVE('',#9780,(#9785,#9792),.PCURVE_S1.);
#9780 = CIRCLE('',#9781,3.5);
#9781 = AXIS2_PLACEMENT_3D('',#9782,#9783,#9784);
#9782 = CARTESIAN_POINT('',(-32.,-63.15,2.74E+03));
#9783 = DIRECTION('',(0.,0.,1.));
#9784 = DIRECTION('',(1.,0.,-0.));
#9785 = PCURVE('',#9634,#9786);
#9786 = DEFINITIONAL_REPRESENTATION('',(#9787),#9791);
#9787 = LINE('',#9788,#9789);
#9788 = CARTESIAN_POINT('',(0.,640.));
#9789 = VECTOR('',#9790,1.);
#9790 = DIRECTION('',(1.,0.));
#9791 = ( GEOMETRIC_REPRESENTATION_CONTEXT(2) 
PARAMETRIC_REPRESENTATION_CONTEXT() REPRESENTATION_CONTEXT('2D SPACE',''
  ) );
#9792 = PCURVE('',#9793,#9798);
#9793 = PLANE('',#9794);
#9794 = AXIS2_PLACEMENT_3D('',#9795,#9796,#9797);
#9795 = CARTESIAN_POINT('',(-32.,-63.15,2.74E+03));
#9796 = DIRECTION('',(0.,0.,1.));
#9797 = DIRECTION('',(1.,0.,-0.));
#9798 = DEFINITIONAL_REPRESENTATION('',(#9799),#9803);
#9799 = CIRCLE('',#9800,3.5);
#9800 = AXIS2_PLACEMENT_2D('',#9801,#9802);
#9801 = CARTESIAN_POINT('',(0.,0.));
#9802 = DIRECTION('',(1.,0.));
#9803 = ( GEOMETRIC_REPRESENTATION_CONTEXT(2) 
PARAMETRIC_REPRESENTATION_CONTEXT() REPRESENTATION_CONTEXT('2D SPACE',''
  ) );
#9804 = ORIENTED_EDGE('',*,*,#9805,.F.);
#9805 = EDGE_CURVE('',#9715,#9777,#9806,.T.);
#9806 = SURFACE_CURVE('',#9807,(#9812,#9825),.PCURVE_S1.);
#9807 = ELLIPSE('',#9808,4.949747468306,3.5);
#9808 = AXIS2_PLACEMENT_3D('',#9809,#9810,#9811);
#9809 = CARTESIAN_POINT('',(-32.,-63.15,2.74E+03));
#9810 = DIRECTION('',(0.680608014857,0.191762170702,0.707106781187));
#9811 = DIRECTION('',(-0.680608014857,-0.191762170702,0.707106781187));
#9812 = PCURVE('',#9634,#9813);
#9813 = DEFINITIONAL_REPRESENTATION('',(#9814),#9824);
#9814 = B_SPLINE_CURVE_WITH_KNOTS('',8,(#9815,#9816,#9817,#9818,#9819,
    #9820,#9821,#9822,#9823),.UNSPECIFIED.,.F.,.F.,(9,9),(2.866960740392
    ,4.712388980385),.PIECEWISE_BEZIER_KNOTS.);
#9815 = CARTESIAN_POINT('',(2.452387499423E-12,636.63116220155));
#9816 = CARTESIAN_POINT('',(0.230678530001,636.41220806494));
#9817 = CARTESIAN_POINT('',(0.46135706,636.39812823338));
#9818 = CARTESIAN_POINT('',(0.692035590001,636.60667224112));
#9819 = CARTESIAN_POINT('',(0.922714119997,637.03235553018));
#9820 = CARTESIAN_POINT('',(1.153392650001,637.64334588171));
#9821 = CARTESIAN_POINT('',(1.384071179996,638.38524968538));
#9822 = CARTESIAN_POINT('',(1.614749709996,639.192625145));
#9823 = CARTESIAN_POINT('',(1.845428239995,640.));
#9824 = ( GEOMETRIC_REPRESENTATION_CONTEXT(2) 
PARAMETRIC_REPRESENTATION_CONTEXT() REPRESENTATION_CONTEXT('2D SPACE',''
  ) );
#9825 = PCURVE('',#9759,#9826);
#9826 = DEFINITIONAL_REPRESENTATION('',(#9827),#9837);
#9827 = B_SPLINE_CURVE_WITH_KNOTS('',8,(#9828,#9829,#9830,#9831,#9832,
    #9833,#9834,#9835,#9836),.UNSPECIFIED.,.F.,.F.,(9,9),(2.866960740392
    ,4.712388980385),.PIECEWISE_BEZIER_KNOTS.);
#9828 = CARTESIAN_POINT('',(4.437757067187,3.368837798449));
#9829 = CARTESIAN_POINT('',(4.668435597186,3.587791935056));
#9830 = CARTESIAN_POINT('',(4.899114127186,3.601871767426));
#9831 = CARTESIAN_POINT('',(5.129792657184,3.393327756076));
#9832 = CARTESIAN_POINT('',(5.360471187185,2.967644471681));
#9833 = CARTESIAN_POINT('',(5.591149717182,2.356654115014));
#9834 = CARTESIAN_POINT('',(5.821828247182,1.614750315274));
#9835 = CARTESIAN_POINT('',(6.052506777181,0.807374854997));
#9836 = CARTESIAN_POINT('',(6.28318530718,0.));
#9837 = ( GEOMETRIC_REPRESENTATION_CONTEXT(2) 
PARAMETRIC_REPRESENTATION_CONTEXT() REPRESENTATION_CONTEXT('2D SPACE',''
  ) );
#9838 = ORIENTED_EDGE('',*,*,#9714,.F.);
#9839 = ORIENTED_EDGE('',*,*,#9840,.T.);
#9840 = EDGE_CURVE('',#9691,#9493,#9841,.T.);
#9841 = SURFACE_CURVE('',#9842,(#9847,#9854),.PCURVE_S1.);
#9842 = CIRCLE('',#9843,3.5);
#9843 = AXIS2_PLACEMENT_3D('',#9844,#9845,#9846);
#9844 = CARTESIAN_POINT('',(-32.,-63.15,2.1E+03));
#9845 = DIRECTION('',(0.,0.,1.));
#9846 = DIRECTION('',(1.,0.,-0.));
#9847 = PCURVE('',#9634,#9848);
#9848 = DEFINITIONAL_REPRESENTATION('',(#9849),#9853);
#9849 = LINE('',#9850,#9851);
#9850 = CARTESIAN_POINT('',(0.,0.));
#9851 = VECTOR('',#9852,1.);
#9852 = DIRECTION('',(1.,0.));
#9853 = ( GEOMETRIC_REPRESENTATION_CONTEXT(2) 
PARAMETRIC_REPRESENTATION_CONTEXT() REPRESENTATION_CONTEXT('2D SPACE',''
  ) );
#9854 = PCURVE('',#9675,#9855);
#9855 = DEFINITIONAL_REPRESENTATION('',(#9856),#9860);
#9856 = CIRCLE('',#9857,3.5);
#9857 = AXIS2_PLACEMENT_2D('',#9858,#9859);
#9858 = CARTESIAN_POINT('',(0.,0.));
#9859 = DIRECTION('',(1.,0.));
#9860 = ( GEOMETRIC_REPRESENTATION_CONTEXT(2) 
PARAMETRIC_REPRESENTATION_CONTEXT() REPRESENTATION_CONTEXT('2D SPACE',''
  ) );
#9861 = ORIENTED_EDGE('',*,*,#9606,.T.);
#9862 = ADVANCED_FACE('',(#9863),#9593,.F.);
#9863 = FACE_BOUND('',#9864,.F.);
#9864 = EDGE_LOOP('',(#9865,#9866));
#9865 = ORIENTED_EDGE('',*,*,#9578,.T.);
#9866 = ORIENTED_EDGE('',*,*,#9867,.F.);
#9867 = EDGE_CURVE('',#9550,#9527,#9868,.T.);
#9868 = SURFACE_CURVE('',#9869,(#9873,#9879),.PCURVE_S1.);
#9869 = LINE('',#9870,#9871);
#9870 = CARTESIAN_POINT('',(-52.,-123.15,2.1E+03));
#9871 = VECTOR('',#9872,1.);
#9872 = DIRECTION('',(0.948683298051,-0.316227766017,0.));
#9873 = PCURVE('',#9593,#9874);
#9874 = DEFINITIONAL_REPRESENTATION('',(#9875),#9878);
#9875 = B_SPLINE_CURVE_WITH_KNOTS('',1,(#9876,#9877),.UNSPECIFIED.,.F.,
  .F.,(2,2),(-3.5,3.5),.PIECEWISE_BEZIER_KNOTS.);
#9876 = CARTESIAN_POINT('',(-3.5,0.));
#9877 = CARTESIAN_POINT('',(3.5,0.));
#9878 = ( GEOMETRIC_REPRESENTATION_CONTEXT(2) 
PARAMETRIC_REPRESENTATION_CONTEXT() REPRESENTATION_CONTEXT('2D SPACE',''
  ) );
#9879 = PCURVE('',#9566,#9880);
#9880 = DEFINITIONAL_REPRESENTATION('',(#9881),#9884);
#9881 = B_SPLINE_CURVE_WITH_KNOTS('',1,(#9882,#9883),.UNSPECIFIED.,.F.,
  .F.,(2,2),(-3.5,3.5),.PIECEWISE_BEZIER_KNOTS.);
#9882 = CARTESIAN_POINT('',(-3.5,0.));
#9883 = CARTESIAN_POINT('',(3.5,0.));
#9884 = ( GEOMETRIC_REPRESENTATION_CONTEXT(2) 
PARAMETRIC_REPRESENTATION_CONTEXT() REPRESENTATION_CONTEXT('2D SPACE',''
  ) );
#9885 = ADVANCED_FACE('',(#9886),#9566,.F.);
#9886 = FACE_BOUND('',#9887,.F.);
#9887 = EDGE_LOOP('',(#9888,#9889));
#9888 = ORIENTED_EDGE('',*,*,#9867,.T.);
#9889 = ORIENTED_EDGE('',*,*,#9549,.T.);
#9890 = ADVANCED_FACE('',(#9891),#9675,.F.);
#9891 = FACE_BOUND('',#9892,.F.);
#9892 = EDGE_LOOP('',(#9893,#9894,#9895));
#9893 = ORIENTED_EDGE('',*,*,#9662,.T.);
#9894 = ORIENTED_EDGE('',*,*,#9690,.T.);
#9895 = ORIENTED_EDGE('',*,*,#9840,.T.);
#9896 = ADVANCED_FACE('',(#9897),#9759,.T.);
#9897 = FACE_BOUND('',#9898,.T.);
#9898 = EDGE_LOOP('',(#9899,#9900,#9923,#9958,#9987,#10021,#10053,#10054
    ,#10081));
#9899 = ORIENTED_EDGE('',*,*,#9805,.T.);
#9900 = ORIENTED_EDGE('',*,*,#9901,.T.);
#9901 = EDGE_CURVE('',#9777,#9902,#9904,.T.);
#9902 = VERTEX_POINT('',#9903);
#9903 = CARTESIAN_POINT('',(38.846610445832,-39.5526088592,2.74E+03));
#9904 = SEAM_CURVE('',#9905,(#9909,#9916),.PCURVE_S1.);
#9905 = LINE('',#9906,#9907);
#9906 = CARTESIAN_POINT('',(-32.94917431895,-59.78116220155,2.74E+03));
#9907 = VECTOR('',#9908,1.);
#9908 = DIRECTION('',(0.962525085271,0.271192662557,0.));
#9909 = PCURVE('',#9759,#9910);
#9910 = DEFINITIONAL_REPRESENTATION('',(#9911),#9915);
#9911 = LINE('',#9912,#9913);
#9912 = CARTESIAN_POINT('',(0.,-0.));
#9913 = VECTOR('',#9914,1.);
#9914 = DIRECTION('',(0.,1.));
#9915 = ( GEOMETRIC_REPRESENTATION_CONTEXT(2) 
PARAMETRIC_REPRESENTATION_CONTEXT() REPRESENTATION_CONTEXT('2D SPACE',''
  ) );
#9916 = PCURVE('',#9759,#9917);
#9917 = DEFINITIONAL_REPRESENTATION('',(#9918),#9922);
#9918 = LINE('',#9919,#9920);
#9919 = CARTESIAN_POINT('',(6.28318530718,-0.));
#9920 = VECTOR('',#9921,1.);
#9921 = DIRECTION('',(0.,1.));
#9922 = ( GEOMETRIC_REPRESENTATION_CONTEXT(2) 
PARAMETRIC_REPRESENTATION_CONTEXT() REPRESENTATION_CONTEXT('2D SPACE',''
  ) );
#9923 = ORIENTED_EDGE('',*,*,#9924,.F.);
#9924 = EDGE_CURVE('',#9925,#9902,#9927,.T.);
#9925 = VERTEX_POINT('',#9926);
#9926 = CARTESIAN_POINT('',(39.076243862223,-39.56613101906,
    2.739277944893E+03));
#9927 = SURFACE_CURVE('',#9928,(#9933,#9943),.PCURVE_S1.);
#9928 = ELLIPSE('',#9929,3.655145586694,3.5);
#9929 = AXIS2_PLACEMENT_3D('',#9930,#9931,#9932);
#9930 = CARTESIAN_POINT('',(40.005,-42.8625,2.74E+03));
#9931 = DIRECTION('',(0.905542901713,0.316920222959,0.282052522479));
#9932 = DIRECTION('',(0.33102372906,-0.111969675916,-0.936955752677));
#9933 = PCURVE('',#9759,#9934);
#9934 = DEFINITIONAL_REPRESENTATION('',(#9935),#9942);
#9935 = B_SPLINE_CURVE_WITH_KNOTS('',5,(#9936,#9937,#9938,#9939,#9940,
    #9941),.UNSPECIFIED.,.F.,.F.,(6,6),(1.570796219381,1.778589919097),
  .PIECEWISE_BEZIER_KNOTS.);
#9936 = CARTESIAN_POINT('',(6.075391607455,74.808440019709));
#9937 = CARTESIAN_POINT('',(6.116950347398,74.764653409835));
#9938 = CARTESIAN_POINT('',(6.158509087341,74.720866799479));
#9939 = CARTESIAN_POINT('',(6.200067827284,74.677237742432));
#9940 = CARTESIAN_POINT('',(6.241626567227,74.633923786666));
#9941 = CARTESIAN_POINT('',(6.28318530717,74.591079093272));
#9942 = ( GEOMETRIC_REPRESENTATION_CONTEXT(2) 
PARAMETRIC_REPRESENTATION_CONTEXT() REPRESENTATION_CONTEXT('2D SPACE',''
  ) );
#9943 = PCURVE('',#9944,#9949);
#9944 = CYLINDRICAL_SURFACE('',#9945,3.5);
#9945 = AXIS2_PLACEMENT_3D('',#9946,#9947,#9948);
#9946 = CARTESIAN_POINT('',(40.005,-42.8625,2.74E+03));
#9947 = DIRECTION('',(0.771687728322,0.335743917148,0.540161153782));
#9948 = DIRECTION('',(-0.57344791186,0.,0.819242023082));
#9949 = DEFINITIONAL_REPRESENTATION('',(#9950),#9957);
#9950 = B_SPLINE_CURVE_WITH_KNOTS('',5,(#9951,#9952,#9953,#9954,#9955,
    #9956),.UNSPECIFIED.,.F.,.F.,(6,6),(1.570796219381,1.778589919097),
  .PIECEWISE_BEZIER_KNOTS.);
#9951 = CARTESIAN_POINT('',(4.695546757006,-1.131720637204E-07));
#9952 = CARTESIAN_POINT('',(4.737105496949,4.37864967023E-02));
#9953 = CARTESIAN_POINT('',(4.778664236892,8.757310705831E-02));
#9954 = CARTESIAN_POINT('',(4.820222976836,0.131202164106));
#9955 = CARTESIAN_POINT('',(4.861781716779,0.174516119871));
#9956 = CARTESIAN_POINT('',(4.903340456722,0.217360813266));
#9957 = ( GEOMETRIC_REPRESENTATION_CONTEXT(2) 
PARAMETRIC_REPRESENTATION_CONTEXT() REPRESENTATION_CONTEXT('2D SPACE',''
  ) );
#9958 = ORIENTED_EDGE('',*,*,#9959,.F.);
#9959 = EDGE_CURVE('',#9960,#9925,#9962,.T.);
#9960 = VERTEX_POINT('',#9961);
#9961 = CARTESIAN_POINT('',(40.933756137777,-46.15886898093,
    2.740722055107E+03));
#9962 = SURFACE_CURVE('',#9963,(#9968,#9975),.PCURVE_S1.);
#9963 = CIRCLE('',#9964,3.5);
#9964 = AXIS2_PLACEMENT_3D('',#9965,#9966,#9967);
#9965 = CARTESIAN_POINT('',(40.005,-42.8625,2.74E+03));
#9966 = DIRECTION('',(0.962525085271,0.271192662557,0.));
#9967 = DIRECTION('',(-0.271192662557,0.962525085271,0.));
#9968 = PCURVE('',#9759,#9969);
#9969 = DEFINITIONAL_REPRESENTATION('',(#9970),#9974);
#9970 = LINE('',#9971,#9972);
#9971 = CARTESIAN_POINT('',(0.,74.808439906537));
#9972 = VECTOR('',#9973,1.);
#9973 = DIRECTION('',(1.,0.));
#9974 = ( GEOMETRIC_REPRESENTATION_CONTEXT(2) 
PARAMETRIC_REPRESENTATION_CONTEXT() REPRESENTATION_CONTEXT('2D SPACE',''
  ) );
#9975 = PCURVE('',#9976,#9981);
#9976 = PLANE('',#9977);
#9977 = AXIS2_PLACEMENT_3D('',#9978,#9979,#9980);
#9978 = CARTESIAN_POINT('',(40.005,-42.8625,2.74E+03));
#9979 = DIRECTION('',(0.962525085271,0.271192662557,0.));
#9980 = DIRECTION('',(-0.271192662557,0.962525085271,0.));
#9981 = DEFINITIONAL_REPRESENTATION('',(#9982),#9986);
#9982 = CIRCLE('',#9983,3.5);
#9983 = AXIS2_PLACEMENT_2D('',#9984,#9985);
#9984 = CARTESIAN_POINT('',(0.,0.));
#9985 = DIRECTION('',(1.,0.));
#9986 = ( GEOMETRIC_REPRESENTATION_CONTEXT(2) 
PARAMETRIC_REPRESENTATION_CONTEXT() REPRESENTATION_CONTEXT('2D SPACE',''
  ) );
#9987 = ORIENTED_EDGE('',*,*,#9988,.F.);
#9988 = EDGE_CURVE('',#9989,#9960,#9991,.T.);
#9989 = VERTEX_POINT('',#9990);
#9990 = CARTESIAN_POINT('',(38.810873156336,-42.50880778144,
    2.743436384335E+03));
#9991 = SURFACE_CURVE('',#9992,(#9997,#10009),.PCURVE_S1.);
#9992 = ELLIPSE('',#9993,3.655145586694,3.5);
#9993 = AXIS2_PLACEMENT_3D('',#9994,#9995,#9996);
#9994 = CARTESIAN_POINT('',(40.005,-42.8625,2.74E+03));
#9995 = DIRECTION('',(0.905542901713,0.316920222959,0.282052522479));
#9996 = DIRECTION('',(0.33102372906,-0.111969675916,-0.936955752677));
#9997 = PCURVE('',#9759,#9998);
#9998 = DEFINITIONAL_REPRESENTATION('',(#9999),#10008);
#9999 = B_SPLINE_CURVE_WITH_KNOTS('',7,(#10000,#10001,#10002,#10003,
    #10004,#10005,#10006,#10007),.UNSPECIFIED.,.F.,.F.,(8,8),(
    3.158434769555,4.71238917145),.PIECEWISE_BEZIER_KNOTS.);
#10000 = CARTESIAN_POINT('',(1.379844850449,73.754981599219));
#10001 = CARTESIAN_POINT('',(1.601838336434,73.758920683769));
#10002 = CARTESIAN_POINT('',(1.823831822418,73.82342894491));
#10003 = CARTESIAN_POINT('',(2.045825308405,73.948181140113));
#10004 = CARTESIAN_POINT('',(2.267818794388,74.125580293636));
#10005 = CARTESIAN_POINT('',(2.489812280375,74.340652861603));
#10006 = CARTESIAN_POINT('',(2.711805766359,74.57454605382));
#10007 = CARTESIAN_POINT('',(2.933799252344,74.808440107846));
#10008 = ( GEOMETRIC_REPRESENTATION_CONTEXT(2) 
PARAMETRIC_REPRESENTATION_CONTEXT() REPRESENTATION_CONTEXT('2D SPACE',''
  ) );
#10009 = PCURVE('',#9944,#10010);
#10010 = DEFINITIONAL_REPRESENTATION('',(#10011),#10020);
#10011 = B_SPLINE_CURVE_WITH_KNOTS('',7,(#10012,#10013,#10014,#10015,
    #10016,#10017,#10018,#10019),.UNSPECIFIED.,.F.,.F.,(8,8),(
    3.158434769555,4.71238917145),.PIECEWISE_BEZIER_KNOTS.);
#10012 = CARTESIAN_POINT('',(3.573014899822E-13,1.053458307319));
#10013 = CARTESIAN_POINT('',(0.221993485985,1.049519222768));
#10014 = CARTESIAN_POINT('',(0.44398697197,0.985010961613));
#10015 = CARTESIAN_POINT('',(0.665980457956,0.860258766462));
#10016 = CARTESIAN_POINT('',(0.88797394394,0.68285961288));
#10017 = CARTESIAN_POINT('',(1.109967429926,0.467787044942));
#10018 = CARTESIAN_POINT('',(1.331960915911,0.233893852717));
#10019 = CARTESIAN_POINT('',(1.553954401896,-2.013082394114E-07));
#10020 = ( GEOMETRIC_REPRESENTATION_CONTEXT(2) 
PARAMETRIC_REPRESENTATION_CONTEXT() REPRESENTATION_CONTEXT('2D SPACE',''
  ) );
#10021 = ORIENTED_EDGE('',*,*,#10022,.F.);
#10022 = EDGE_CURVE('',#9902,#9989,#10023,.T.);
#10023 = SURFACE_CURVE('',#10024,(#10029,#10041),.PCURVE_S1.);
#10024 = ELLIPSE('',#10025,3.655145586694,3.5);
#10025 = AXIS2_PLACEMENT_3D('',#10026,#10027,#10028);
#10026 = CARTESIAN_POINT('',(40.005,-42.8625,2.74E+03));
#10027 = DIRECTION('',(0.905542901713,0.316920222959,0.282052522479));
#10028 = DIRECTION('',(0.33102372906,-0.111969675916,-0.936955752677));
#10029 = PCURVE('',#9759,#10030);
#10030 = DEFINITIONAL_REPRESENTATION('',(#10031),#10040);
#10031 = B_SPLINE_CURVE_WITH_KNOTS('',7,(#10032,#10033,#10034,#10035,
    #10036,#10037,#10038,#10039),.UNSPECIFIED.,.F.,.F.,(8,8),(
    1.778589919097,3.158434769555),.PIECEWISE_BEZIER_KNOTS.);
#10032 = CARTESIAN_POINT('',(-9.224621067006E-12,74.591079093272));
#10033 = CARTESIAN_POINT('',(0.197120692913,74.387858888291));
#10034 = CARTESIAN_POINT('',(0.394241385837,74.194492613296));
#10035 = CARTESIAN_POINT('',(0.591362078757,74.023874694147));
#10036 = CARTESIAN_POINT('',(0.788482771682,73.887976376362));
#10037 = CARTESIAN_POINT('',(0.985603464604,73.795742612005));
#10038 = CARTESIAN_POINT('',(1.182724157526,73.751483861109));
#10039 = CARTESIAN_POINT('',(1.379844850449,73.754981599219));
#10040 = ( GEOMETRIC_REPRESENTATION_CONTEXT(2) 
PARAMETRIC_REPRESENTATION_CONTEXT() REPRESENTATION_CONTEXT('2D SPACE',''
  ) );
#10041 = PCURVE('',#9944,#10042);
#10042 = DEFINITIONAL_REPRESENTATION('',(#10043),#10052);
#10043 = B_SPLINE_CURVE_WITH_KNOTS('',7,(#10044,#10045,#10046,#10047,
    #10048,#10049,#10050,#10051),.UNSPECIFIED.,.F.,.F.,(8,8),(
    1.778589919097,3.158434769555),.PIECEWISE_BEZIER_KNOTS.);
#10044 = CARTESIAN_POINT('',(4.903340456722,0.217360813266));
#10045 = CARTESIAN_POINT('',(5.100461149645,0.420581018246));
#10046 = CARTESIAN_POINT('',(5.297581842567,0.613947293242));
#10047 = CARTESIAN_POINT('',(5.49470253549,0.784565212388));
#10048 = CARTESIAN_POINT('',(5.691823228412,0.920463530162));
#10049 = CARTESIAN_POINT('',(5.888943921335,1.012697294541));
#10050 = CARTESIAN_POINT('',(6.086064614257,1.056956045429));
#10051 = CARTESIAN_POINT('',(6.28318530718,1.053458307319));
#10052 = ( GEOMETRIC_REPRESENTATION_CONTEXT(2) 
PARAMETRIC_REPRESENTATION_CONTEXT() REPRESENTATION_CONTEXT('2D SPACE',''
  ) );
#10053 = ORIENTED_EDGE('',*,*,#9901,.F.);
#10054 = ORIENTED_EDGE('',*,*,#10055,.T.);
#10055 = EDGE_CURVE('',#9777,#9738,#10056,.T.);
#10056 = SURFACE_CURVE('',#10057,(#10062,#10069),.PCURVE_S1.);
#10057 = CIRCLE('',#10058,3.5);
#10058 = AXIS2_PLACEMENT_3D('',#10059,#10060,#10061);
#10059 = CARTESIAN_POINT('',(-32.,-63.15,2.74E+03));
#10060 = DIRECTION('',(0.962525085271,0.271192662557,0.));
#10061 = DIRECTION('',(-0.271192662557,0.962525085271,0.));
#10062 = PCURVE('',#9759,#10063);
#10063 = DEFINITIONAL_REPRESENTATION('',(#10064),#10068);
#10064 = LINE('',#10065,#10066);
#10065 = CARTESIAN_POINT('',(0.,0.));
#10066 = VECTOR('',#10067,1.);
#10067 = DIRECTION('',(1.,0.));
#10068 = ( GEOMETRIC_REPRESENTATION_CONTEXT(2) 
PARAMETRIC_REPRESENTATION_CONTEXT() REPRESENTATION_CONTEXT('2D SPACE',''
  ) );
#10069 = PCURVE('',#10070,#10075);
#10070 = PLANE('',#10071);
#10071 = AXIS2_PLACEMENT_3D('',#10072,#10073,#10074);
#10072 = CARTESIAN_POINT('',(-32.,-63.15,2.74E+03));
#10073 = DIRECTION('',(0.962525085271,0.271192662557,0.));
#10074 = DIRECTION('',(-0.271192662557,0.962525085271,0.));
#10075 = DEFINITIONAL_REPRESENTATION('',(#10076),#10080);
#10076 = CIRCLE('',#10077,3.5);
#10077 = AXIS2_PLACEMENT_2D('',#10078,#10079);
#10078 = CARTESIAN_POINT('',(0.,0.));
#10079 = DIRECTION('',(1.,0.));
#10080 = ( GEOMETRIC_REPRESENTATION_CONTEXT(2) 
PARAMETRIC_REPRESENTATION_CONTEXT() REPRESENTATION_CONTEXT('2D SPACE',''
  ) );
#10081 = ORIENTED_EDGE('',*,*,#9737,.T.);
#10082 = ADVANCED_FACE('',(#10083),#9793,.T.);
#10083 = FACE_BOUND('',#10084,.T.);
#10084 = EDGE_LOOP('',(#10085,#10104));
#10085 = ORIENTED_EDGE('',*,*,#10086,.T.);
#10086 = EDGE_CURVE('',#9738,#9777,#10087,.T.);
#10087 = SURFACE_CURVE('',#10088,(#10092,#10098),.PCURVE_S1.);
#10088 = LINE('',#10089,#10090);
#10089 = CARTESIAN_POINT('',(-32.,-63.15,2.74E+03));
#10090 = VECTOR('',#10091,1.);
#10091 = DIRECTION('',(-0.271192662557,0.962525085271,0.));
#10092 = PCURVE('',#9793,#10093);
#10093 = DEFINITIONAL_REPRESENTATION('',(#10094),#10097);
#10094 = B_SPLINE_CURVE_WITH_KNOTS('',1,(#10095,#10096),.UNSPECIFIED.,
  .F.,.F.,(2,2),(-3.5,3.5),.PIECEWISE_BEZIER_KNOTS.);
#10095 = CARTESIAN_POINT('',(0.94917431895,-3.368837798447));
#10096 = CARTESIAN_POINT('',(-0.94917431895,3.368837798447));
#10097 = ( GEOMETRIC_REPRESENTATION_CONTEXT(2) 
PARAMETRIC_REPRESENTATION_CONTEXT() REPRESENTATION_CONTEXT('2D SPACE',''
  ) );
#10098 = PCURVE('',#10070,#10099);
#10099 = DEFINITIONAL_REPRESENTATION('',(#10100),#10103);
#10100 = B_SPLINE_CURVE_WITH_KNOTS('',1,(#10101,#10102),.UNSPECIFIED.,
  .F.,.F.,(2,2),(-3.5,3.5),.PIECEWISE_BEZIER_KNOTS.);
#10101 = CARTESIAN_POINT('',(-3.5,0.));
#10102 = CARTESIAN_POINT('',(3.5,0.));
#10103 = ( GEOMETRIC_REPRESENTATION_CONTEXT(2) 
PARAMETRIC_REPRESENTATION_CONTEXT() REPRESENTATION_CONTEXT('2D SPACE',''
  ) );
#10104 = ORIENTED_EDGE('',*,*,#9776,.T.);
#10105 = ADVANCED_FACE('',(#10106),#10070,.F.);
#10106 = FACE_BOUND('',#10107,.F.);
#10107 = EDGE_LOOP('',(#10108,#10109));
#10108 = ORIENTED_EDGE('',*,*,#10086,.T.);
#10109 = ORIENTED_EDGE('',*,*,#10055,.T.);
#10110 = ADVANCED_FACE('',(#10111),#9944,.T.);
#10111 = FACE_BOUND('',#10112,.T.);
#10112 = EDGE_LOOP('',(#10113,#10114,#10137,#10166,#10217,#10239,#10240,
    #10241,#10268));
#10113 = ORIENTED_EDGE('',*,*,#10022,.T.);
#10114 = ORIENTED_EDGE('',*,*,#10115,.T.);
#10115 = EDGE_CURVE('',#9989,#10116,#10118,.T.);
#10116 = VERTEX_POINT('',#10117);
#10117 = CARTESIAN_POINT('',(95.142932308488,-18.,2.782867347081E+03));
#10118 = SEAM_CURVE('',#10119,(#10123,#10130),.PCURVE_S1.);
#10119 = LINE('',#10120,#10121);
#10120 = CARTESIAN_POINT('',(37.997932308488,-42.8625,2.742867347081E+03
    ));
#10121 = VECTOR('',#10122,1.);
#10122 = DIRECTION('',(0.771687728322,0.335743917148,0.540161153782));
#10123 = PCURVE('',#9944,#10124);
#10124 = DEFINITIONAL_REPRESENTATION('',(#10125),#10129);
#10125 = LINE('',#10126,#10127);
#10126 = CARTESIAN_POINT('',(0.,-0.));
#10127 = VECTOR('',#10128,1.);
#10128 = DIRECTION('',(0.,1.));
#10129 = ( GEOMETRIC_REPRESENTATION_CONTEXT(2) 
PARAMETRIC_REPRESENTATION_CONTEXT() REPRESENTATION_CONTEXT('2D SPACE',''
  ) );
#10130 = PCURVE('',#9944,#10131);
#10131 = DEFINITIONAL_REPRESENTATION('',(#10132),#10136);
#10132 = LINE('',#10133,#10134);
#10133 = CARTESIAN_POINT('',(6.28318530718,-0.));
#10134 = VECTOR('',#10135,1.);
#10135 = DIRECTION('',(0.,1.));
#10136 = ( GEOMETRIC_REPRESENTATION_CONTEXT(2) 
PARAMETRIC_REPRESENTATION_CONTEXT() REPRESENTATION_CONTEXT('2D SPACE',''
  ) );
#10137 = ORIENTED_EDGE('',*,*,#10138,.F.);
#10138 = EDGE_CURVE('',#10139,#10116,#10141,.T.);
#10139 = VERTEX_POINT('',#10140);
#10140 = CARTESIAN_POINT('',(97.15,-15.02742256661,2.778152357339E+03));
#10141 = SURFACE_CURVE('',#10142,(#10147,#10154),.PCURVE_S1.);
#10142 = CIRCLE('',#10143,3.5);
#10143 = AXIS2_PLACEMENT_3D('',#10144,#10145,#10146);
#10144 = CARTESIAN_POINT('',(97.15,-18.,2.78E+03));
#10145 = DIRECTION('',(0.771687728322,0.335743917148,0.540161153782));
#10146 = DIRECTION('',(-0.57344791186,0.,0.819242023082));
#10147 = PCURVE('',#9944,#10148);
#10148 = DEFINITIONAL_REPRESENTATION('',(#10149),#10153);
#10149 = LINE('',#10150,#10151);
#10150 = CARTESIAN_POINT('',(0.,74.051974526342));
#10151 = VECTOR('',#10152,1.);
#10152 = DIRECTION('',(1.,0.));
#10153 = ( GEOMETRIC_REPRESENTATION_CONTEXT(2) 
PARAMETRIC_REPRESENTATION_CONTEXT() REPRESENTATION_CONTEXT('2D SPACE',''
  ) );
#10154 = PCURVE('',#10155,#10160);
#10155 = PLANE('',#10156);
#10156 = AXIS2_PLACEMENT_3D('',#10157,#10158,#10159);
#10157 = CARTESIAN_POINT('',(97.15,-18.,2.78E+03));
#10158 = DIRECTION('',(0.771687728322,0.335743917148,0.540161153782));
#10159 = DIRECTION('',(-0.57344791186,0.,0.819242023082));
#10160 = DEFINITIONAL_REPRESENTATION('',(#10161),#10165);
#10161 = CIRCLE('',#10162,3.5);
#10162 = AXIS2_PLACEMENT_2D('',#10163,#10164);
#10163 = CARTESIAN_POINT('',(0.,0.));
#10164 = DIRECTION('',(1.,0.));
#10165 = ( GEOMETRIC_REPRESENTATION_CONTEXT(2) 
PARAMETRIC_REPRESENTATION_CONTEXT() REPRESENTATION_CONTEXT('2D SPACE',''
  ) );
#10166 = ORIENTED_EDGE('',*,*,#10167,.F.);
#10167 = EDGE_CURVE('',#10168,#10139,#10170,.T.);
#10168 = VERTEX_POINT('',#10169);
#10169 = CARTESIAN_POINT('',(97.15,-20.97257743338,2.781847642661E+03));
#10170 = SURFACE_CURVE('',#10171,(#10176,#10194),.PCURVE_S1.);
#10171 = ELLIPSE('',#10172,3.718685528266,3.5);
#10172 = AXIS2_PLACEMENT_3D('',#10173,#10174,#10175);
#10173 = CARTESIAN_POINT('',(97.15,-18.,2.78E+03));
#10174 = DIRECTION('',(0.941192787988,0.1783608637,0.286955637929));
#10175 = DIRECTION('',(-0.33786999843,0.496853699216,0.799362412011));
#10176 = PCURVE('',#9944,#10177);
#10177 = DEFINITIONAL_REPRESENTATION('',(#10178),#10193);
#10178 = B_SPLINE_CURVE_WITH_KNOTS('',7,(#10179,#10180,#10181,#10182,
    #10183,#10184,#10185,#10186,#10187,#10188,#10189,#10190,#10191,
    #10192),.UNSPECIFIED.,.F.,.F.,(8,6,8),(1.570796123728,3.141592552056
    ,4.712388980385),.UNSPECIFIED.);
#10179 = CARTESIAN_POINT('',(1.123558896916,74.051974781482));
#10180 = CARTESIAN_POINT('',(1.347958386678,73.770032020368));
#10181 = CARTESIAN_POINT('',(1.572357876439,73.488090389117));
#10182 = CARTESIAN_POINT('',(1.7967573662,73.229329643393));
#10183 = CARTESIAN_POINT('',(2.021156855961,73.016972841899));
#10184 = CARTESIAN_POINT('',(2.245556345723,72.869356047839));
#10185 = CARTESIAN_POINT('',(2.469955835484,72.795542281373));
#10186 = CARTESIAN_POINT('',(2.918754815006,72.795542224119));
#10187 = CARTESIAN_POINT('',(3.143154304767,72.869355933322));
#10188 = CARTESIAN_POINT('',(3.367553794529,73.016972674894));
#10189 = CARTESIAN_POINT('',(3.59195328429,73.229329433198));
#10190 = CARTESIAN_POINT('',(3.816352774051,73.488090148981));
#10191 = CARTESIAN_POINT('',(4.040752263812,73.770031765228));
#10192 = CARTESIAN_POINT('',(4.265151753574,74.051974526342));
#10193 = ( GEOMETRIC_REPRESENTATION_CONTEXT(2) 
PARAMETRIC_REPRESENTATION_CONTEXT() REPRESENTATION_CONTEXT('2D SPACE',''
  ) );
#10194 = PCURVE('',#10195,#10200);
#10195 = CYLINDRICAL_SURFACE('',#10196,3.5);
#10196 = AXIS2_PLACEMENT_3D('',#10197,#10198,#10199);
#10197 = CARTESIAN_POINT('',(97.15,-18.,2.78E+03));
#10198 = DIRECTION('',(1.,0.,0.));
#10199 = DIRECTION('',(-0.,0.,1.));
#10200 = DEFINITIONAL_REPRESENTATION('',(#10201),#10216);
#10201 = B_SPLINE_CURVE_WITH_KNOTS('',7,(#10202,#10203,#10204,#10205,
    #10206,#10207,#10208,#10209,#10210,#10211,#10212,#10213,#10214,
    #10215),.UNSPECIFIED.,.F.,.F.,(8,6,8),(1.570796123728,3.141592552056
    ,4.712388980385),.UNSPECIFIED.);
#10202 = CARTESIAN_POINT('',(1.01467253831,-2.551404207907E-07));
#10203 = CARTESIAN_POINT('',(1.239072028071,0.281942505974));
#10204 = CARTESIAN_POINT('',(1.463471517831,0.563884137224));
#10205 = CARTESIAN_POINT('',(1.687871007594,0.822644882941));
#10206 = CARTESIAN_POINT('',(1.912270497354,1.03500168444));
#10207 = CARTESIAN_POINT('',(2.136669987116,1.182618478502));
#10208 = CARTESIAN_POINT('',(2.361069476877,1.256432244969));
#10209 = CARTESIAN_POINT('',(2.809868456399,1.256432302223));
#10210 = CARTESIAN_POINT('',(3.034267946161,1.182618593008));
#10211 = CARTESIAN_POINT('',(3.258667435922,1.035001851492));
#10212 = CARTESIAN_POINT('',(3.483066925684,0.822645093117));
#10213 = CARTESIAN_POINT('',(3.707466415444,0.563884377375));
#10214 = CARTESIAN_POINT('',(3.931865905206,0.281942761114));
#10215 = CARTESIAN_POINT('',(4.156265394967,0.));
#10216 = ( GEOMETRIC_REPRESENTATION_CONTEXT(2) 
PARAMETRIC_REPRESENTATION_CONTEXT() REPRESENTATION_CONTEXT('2D SPACE',''
  ) );
#10217 = ORIENTED_EDGE('',*,*,#10218,.F.);
#10218 = EDGE_CURVE('',#10116,#10168,#10219,.T.);
#10219 = SURFACE_CURVE('',#10220,(#10225,#10232),.PCURVE_S1.);
#10220 = CIRCLE('',#10221,3.5);
#10221 = AXIS2_PLACEMENT_3D('',#10222,#10223,#10224);
#10222 = CARTESIAN_POINT('',(97.15,-18.,2.78E+03));
#10223 = DIRECTION('',(0.771687728322,0.335743917148,0.540161153782));
#10224 = DIRECTION('',(-0.57344791186,0.,0.819242023082));
#10225 = PCURVE('',#9944,#10226);
#10226 = DEFINITIONAL_REPRESENTATION('',(#10227),#10231);
#10227 = LINE('',#10228,#10229);
#10228 = CARTESIAN_POINT('',(0.,74.051974526342));
#10229 = VECTOR('',#10230,1.);
#10230 = DIRECTION('',(1.,0.));
#10231 = ( GEOMETRIC_REPRESENTATION_CONTEXT(2) 
PARAMETRIC_REPRESENTATION_CONTEXT() REPRESENTATION_CONTEXT('2D SPACE',''
  ) );
#10232 = PCURVE('',#10155,#10233);
#10233 = DEFINITIONAL_REPRESENTATION('',(#10234),#10238);
#10234 = CIRCLE('',#10235,3.5);
#10235 = AXIS2_PLACEMENT_2D('',#10236,#10237);
#10236 = CARTESIAN_POINT('',(0.,0.));
#10237 = DIRECTION('',(1.,0.));
#10238 = ( GEOMETRIC_REPRESENTATION_CONTEXT(2) 
PARAMETRIC_REPRESENTATION_CONTEXT() REPRESENTATION_CONTEXT('2D SPACE',''
  ) );
#10239 = ORIENTED_EDGE('',*,*,#10115,.F.);
#10240 = ORIENTED_EDGE('',*,*,#9988,.T.);
#10241 = ORIENTED_EDGE('',*,*,#10242,.T.);
#10242 = EDGE_CURVE('',#9960,#9925,#10243,.T.);
#10243 = SURFACE_CURVE('',#10244,(#10249,#10256),.PCURVE_S1.);
#10244 = CIRCLE('',#10245,3.5);
#10245 = AXIS2_PLACEMENT_3D('',#10246,#10247,#10248);
#10246 = CARTESIAN_POINT('',(40.005,-42.8625,2.74E+03));
#10247 = DIRECTION('',(0.771687728322,0.335743917148,0.540161153782));
#10248 = DIRECTION('',(-0.57344791186,0.,0.819242023082));
#10249 = PCURVE('',#9944,#10250);
#10250 = DEFINITIONAL_REPRESENTATION('',(#10251),#10255);
#10251 = LINE('',#10252,#10253);
#10252 = CARTESIAN_POINT('',(0.,0.));
#10253 = VECTOR('',#10254,1.);
#10254 = DIRECTION('',(1.,0.));
#10255 = ( GEOMETRIC_REPRESENTATION_CONTEXT(2) 
PARAMETRIC_REPRESENTATION_CONTEXT() REPRESENTATION_CONTEXT('2D SPACE',''
  ) );
#10256 = PCURVE('',#10257,#10262);
#10257 = PLANE('',#10258);
#10258 = AXIS2_PLACEMENT_3D('',#10259,#10260,#10261);
#10259 = CARTESIAN_POINT('',(40.005,-42.8625,2.74E+03));
#10260 = DIRECTION('',(0.771687728322,0.335743917148,0.540161153782));
#10261 = DIRECTION('',(-0.57344791186,0.,0.819242023082));
#10262 = DEFINITIONAL_REPRESENTATION('',(#10263),#10267);
#10263 = CIRCLE('',#10264,3.5);
#10264 = AXIS2_PLACEMENT_2D('',#10265,#10266);
#10265 = CARTESIAN_POINT('',(0.,0.));
#10266 = DIRECTION('',(1.,0.));
#10267 = ( GEOMETRIC_REPRESENTATION_CONTEXT(2) 
PARAMETRIC_REPRESENTATION_CONTEXT() REPRESENTATION_CONTEXT('2D SPACE',''
  ) );
#10268 = ORIENTED_EDGE('',*,*,#9924,.T.);
#10269 = ADVANCED_FACE('',(#10270),#9976,.T.);
#10270 = FACE_BOUND('',#10271,.T.);
#10271 = EDGE_LOOP('',(#10272,#10291));
#10272 = ORIENTED_EDGE('',*,*,#10273,.T.);
#10273 = EDGE_CURVE('',#9925,#9960,#10274,.T.);
#10274 = SURFACE_CURVE('',#10275,(#10279,#10285),.PCURVE_S1.);
#10275 = LINE('',#10276,#10277);
#10276 = CARTESIAN_POINT('',(40.005,-42.8625,2.74E+03));
#10277 = VECTOR('',#10278,1.);
#10278 = DIRECTION('',(0.265358896508,-0.941819708838,0.206301459251));
#10279 = PCURVE('',#9976,#10280);
#10280 = DEFINITIONAL_REPRESENTATION('',(#10281),#10284);
#10281 = B_SPLINE_CURVE_WITH_KNOTS('',1,(#10282,#10283),.UNSPECIFIED.,
  .F.,.F.,(2,2),(-3.500496458199,3.500496458199),
  .PIECEWISE_BEZIER_KNOTS.);
#10282 = CARTESIAN_POINT('',(3.425195462954,-0.722157527429));
#10283 = CARTESIAN_POINT('',(-3.425195462954,0.722157527429));
#10284 = ( GEOMETRIC_REPRESENTATION_CONTEXT(2) 
PARAMETRIC_REPRESENTATION_CONTEXT() REPRESENTATION_CONTEXT('2D SPACE',''
  ) );
#10285 = PCURVE('',#10257,#10286);
#10286 = DEFINITIONAL_REPRESENTATION('',(#10287),#10290);
#10287 = B_SPLINE_CURVE_WITH_KNOTS('',1,(#10288,#10289),.UNSPECIFIED.,
  .F.,.F.,(2,2),(-3.500496458199,3.500496458199),
  .PIECEWISE_BEZIER_KNOTS.);
#10288 = CARTESIAN_POINT('',(-5.895298012037E-02,-3.5));
#10289 = CARTESIAN_POINT('',(5.895298012037E-02,3.5));
#10290 = ( GEOMETRIC_REPRESENTATION_CONTEXT(2) 
PARAMETRIC_REPRESENTATION_CONTEXT() REPRESENTATION_CONTEXT('2D SPACE',''
  ) );
#10291 = ORIENTED_EDGE('',*,*,#9959,.T.);
#10292 = ADVANCED_FACE('',(#10293),#10257,.F.);
#10293 = FACE_BOUND('',#10294,.F.);
#10294 = EDGE_LOOP('',(#10295,#10296));
#10295 = ORIENTED_EDGE('',*,*,#10273,.T.);
#10296 = ORIENTED_EDGE('',*,*,#10242,.T.);
#10297 = ADVANCED_FACE('',(#10298),#10155,.T.);
#10298 = FACE_BOUND('',#10299,.T.);
#10299 = EDGE_LOOP('',(#10300,#10301,#10302));
#10300 = ORIENTED_EDGE('',*,*,#10138,.T.);
#10301 = ORIENTED_EDGE('',*,*,#10218,.T.);
#10302 = ORIENTED_EDGE('',*,*,#10303,.T.);
#10303 = EDGE_CURVE('',#10168,#10139,#10304,.T.);
#10304 = SURFACE_CURVE('',#10305,(#10309,#10315),.PCURVE_S1.);
#10305 = LINE('',#10306,#10307);
#10306 = CARTESIAN_POINT('',(97.15,-18.,2.78E+03));
#10307 = VECTOR('',#10308,1.);
#10308 = DIRECTION('',(0.,0.84930783811,-0.527897903125));
#10309 = PCURVE('',#10155,#10310);
#10310 = DEFINITIONAL_REPRESENTATION('',(#10311),#10314);
#10311 = B_SPLINE_CURVE_WITH_KNOTS('',1,(#10312,#10313),.UNSPECIFIED.,
  .F.,.F.,(2,2),(-3.881792216099,3.881792216099),
  .PIECEWISE_BEZIER_KNOTS.);
#10312 = CARTESIAN_POINT('',(1.678782537723,3.5));
#10313 = CARTESIAN_POINT('',(-1.678782537723,-3.5));
#10314 = ( GEOMETRIC_REPRESENTATION_CONTEXT(2) 
PARAMETRIC_REPRESENTATION_CONTEXT() REPRESENTATION_CONTEXT('2D SPACE',''
  ) );
#10315 = PCURVE('',#10316,#10321);
#10316 = PLANE('',#10317);
#10317 = AXIS2_PLACEMENT_3D('',#10318,#10319,#10320);
#10318 = CARTESIAN_POINT('',(97.15,-18.,2.78E+03));
#10319 = DIRECTION('',(1.,0.,0.));
#10320 = DIRECTION('',(-0.,0.,1.));
#10321 = DEFINITIONAL_REPRESENTATION('',(#10322),#10325);
#10322 = B_SPLINE_CURVE_WITH_KNOTS('',1,(#10323,#10324),.UNSPECIFIED.,
  .F.,.F.,(2,2),(-3.881792216099,3.881792216099),
  .PIECEWISE_BEZIER_KNOTS.);
#10323 = CARTESIAN_POINT('',(2.049189971247,3.296836555048));
#10324 = CARTESIAN_POINT('',(-2.049189971247,-3.296836555048));
#10325 = ( GEOMETRIC_REPRESENTATION_CONTEXT(2) 
PARAMETRIC_REPRESENTATION_CONTEXT() REPRESENTATION_CONTEXT('2D SPACE',''
  ) );
#10326 = ADVANCED_FACE('',(#10327,#10427,#10874),#10195,.T.);
#10327 = FACE_BOUND('',#10328,.T.);
#10328 = EDGE_LOOP('',(#10329,#10354,#10381,#10382,#10404,#10405));
#10329 = ORIENTED_EDGE('',*,*,#10330,.T.);
#10330 = EDGE_CURVE('',#10331,#10333,#10335,.T.);
#10331 = VERTEX_POINT('',#10332);
#10332 = CARTESIAN_POINT('',(97.15,-18.,2.7835E+03));
#10333 = VERTEX_POINT('',#10334);
#10334 = CARTESIAN_POINT('',(557.15,-18.,2.7835E+03));
#10335 = SEAM_CURVE('',#10336,(#10340,#10347),.PCURVE_S1.);
#10336 = LINE('',#10337,#10338);
#10337 = CARTESIAN_POINT('',(97.15,-18.,2.7835E+03));
#10338 = VECTOR('',#10339,1.);
#10339 = DIRECTION('',(1.,0.,0.));
#10340 = PCURVE('',#10195,#10341);
#10341 = DEFINITIONAL_REPRESENTATION('',(#10342),#10346);
#10342 = LINE('',#10343,#10344);
#10343 = CARTESIAN_POINT('',(6.28318530718,-0.));
#10344 = VECTOR('',#10345,1.);
#10345 = DIRECTION('',(0.,1.));
#10346 = ( GEOMETRIC_REPRESENTATION_CONTEXT(2) 
PARAMETRIC_REPRESENTATION_CONTEXT() REPRESENTATION_CONTEXT('2D SPACE',''
  ) );
#10347 = PCURVE('',#10195,#10348);
#10348 = DEFINITIONAL_REPRESENTATION('',(#10349),#10353);
#10349 = LINE('',#10350,#10351);
#10350 = CARTESIAN_POINT('',(0.,-0.));
#10351 = VECTOR('',#10352,1.);
#10352 = DIRECTION('',(0.,1.));
#10353 = ( GEOMETRIC_REPRESENTATION_CONTEXT(2) 
PARAMETRIC_REPRESENTATION_CONTEXT() REPRESENTATION_CONTEXT('2D SPACE',''
  ) );
#10354 = ORIENTED_EDGE('',*,*,#10355,.F.);
#10355 = EDGE_CURVE('',#10333,#10333,#10356,.T.);
#10356 = SURFACE_CURVE('',#10357,(#10362,#10369),.PCURVE_S1.);
#10357 = CIRCLE('',#10358,3.5);
#10358 = AXIS2_PLACEMENT_3D('',#10359,#10360,#10361);
#10359 = CARTESIAN_POINT('',(557.15,-18.,2.78E+03));
#10360 = DIRECTION('',(1.,0.,0.));
#10361 = DIRECTION('',(-0.,0.,1.));
#10362 = PCURVE('',#10195,#10363);
#10363 = DEFINITIONAL_REPRESENTATION('',(#10364),#10368);
#10364 = LINE('',#10365,#10366);
#10365 = CARTESIAN_POINT('',(0.,460.));
#10366 = VECTOR('',#10367,1.);
#10367 = DIRECTION('',(1.,0.));
#10368 = ( GEOMETRIC_REPRESENTATION_CONTEXT(2) 
PARAMETRIC_REPRESENTATION_CONTEXT() REPRESENTATION_CONTEXT('2D SPACE',''
  ) );
#10369 = PCURVE('',#10370,#10375);
#10370 = PLANE('',#10371);
#10371 = AXIS2_PLACEMENT_3D('',#10372,#10373,#10374);
#10372 = CARTESIAN_POINT('',(557.15,-18.,2.78E+03));
#10373 = DIRECTION('',(1.,0.,0.));
#10374 = DIRECTION('',(-0.,0.,1.));
#10375 = DEFINITIONAL_REPRESENTATION('',(#10376),#10380);
#10376 = CIRCLE('',#10377,3.5);
#10377 = AXIS2_PLACEMENT_2D('',#10378,#10379);
#10378 = CARTESIAN_POINT('',(0.,0.));
#10379 = DIRECTION('',(1.,0.));
#10380 = ( GEOMETRIC_REPRESENTATION_CONTEXT(2) 
PARAMETRIC_REPRESENTATION_CONTEXT() REPRESENTATION_CONTEXT('2D SPACE',''
  ) );
#10381 = ORIENTED_EDGE('',*,*,#10330,.F.);
#10382 = ORIENTED_EDGE('',*,*,#10383,.T.);
#10383 = EDGE_CURVE('',#10331,#10168,#10384,.T.);
#10384 = SURFACE_CURVE('',#10385,(#10390,#10397),.PCURVE_S1.);
#10385 = CIRCLE('',#10386,3.5);
#10386 = AXIS2_PLACEMENT_3D('',#10387,#10388,#10389);
#10387 = CARTESIAN_POINT('',(97.15,-18.,2.78E+03));
#10388 = DIRECTION('',(1.,0.,0.));
#10389 = DIRECTION('',(-0.,0.,1.));
#10390 = PCURVE('',#10195,#10391);
#10391 = DEFINITIONAL_REPRESENTATION('',(#10392),#10396);
#10392 = LINE('',#10393,#10394);
#10393 = CARTESIAN_POINT('',(0.,0.));
#10394 = VECTOR('',#10395,1.);
#10395 = DIRECTION('',(1.,0.));
#10396 = ( GEOMETRIC_REPRESENTATION_CONTEXT(2) 
PARAMETRIC_REPRESENTATION_CONTEXT() REPRESENTATION_CONTEXT('2D SPACE',''
  ) );
#10397 = PCURVE('',#10316,#10398);
#10398 = DEFINITIONAL_REPRESENTATION('',(#10399),#10403);
#10399 = CIRCLE('',#10400,3.5);
#10400 = AXIS2_PLACEMENT_2D('',#10401,#10402);
#10401 = CARTESIAN_POINT('',(0.,0.));
#10402 = DIRECTION('',(1.,0.));
#10403 = ( GEOMETRIC_REPRESENTATION_CONTEXT(2) 
PARAMETRIC_REPRESENTATION_CONTEXT() REPRESENTATION_CONTEXT('2D SPACE',''
  ) );
#10404 = ORIENTED_EDGE('',*,*,#10167,.T.);
#10405 = ORIENTED_EDGE('',*,*,#10406,.T.);
#10406 = EDGE_CURVE('',#10139,#10331,#10407,.T.);
#10407 = SURFACE_CURVE('',#10408,(#10413,#10420),.PCURVE_S1.);
#10408 = CIRCLE('',#10409,3.5);
#10409 = AXIS2_PLACEMENT_3D('',#10410,#10411,#10412);
#10410 = CARTESIAN_POINT('',(97.15,-18.,2.78E+03));
#10411 = DIRECTION('',(1.,0.,0.));
#10412 = DIRECTION('',(-0.,0.,1.));
#10413 = PCURVE('',#10195,#10414);
#10414 = DEFINITIONAL_REPRESENTATION('',(#10415),#10419);
#10415 = LINE('',#10416,#10417);
#10416 = CARTESIAN_POINT('',(0.,0.));
#10417 = VECTOR('',#10418,1.);
#10418 = DIRECTION('',(1.,0.));
#10419 = ( GEOMETRIC_REPRESENTATION_CONTEXT(2) 
PARAMETRIC_REPRESENTATION_CONTEXT() REPRESENTATION_CONTEXT('2D SPACE',''
  ) );
#10420 = PCURVE('',#10316,#10421);
#10421 = DEFINITIONAL_REPRESENTATION('',(#10422),#10426);
#10422 = CIRCLE('',#10423,3.5);
#10423 = AXIS2_PLACEMENT_2D('',#10424,#10425);
#10424 = CARTESIAN_POINT('',(0.,0.));
#10425 = DIRECTION('',(1.,0.));
#10426 = ( GEOMETRIC_REPRESENTATION_CONTEXT(2) 
PARAMETRIC_REPRESENTATION_CONTEXT() REPRESENTATION_CONTEXT('2D SPACE',''
  ) );
#10427 = FACE_BOUND('',#10428,.T.);
#10428 = EDGE_LOOP('',(#10429));
#10429 = ORIENTED_EDGE('',*,*,#10430,.F.);
#10430 = EDGE_CURVE('',#10431,#10431,#10433,.T.);
#10431 = VERTEX_POINT('',#10432);
#10432 = CARTESIAN_POINT('',(329.92643578923,-17.30160958407,
    2.776570386199E+03));
#10433 = SURFACE_CURVE('',#10434,(#10577,#10723),.PCURVE_S1.);
#10434 = B_SPLINE_CURVE_WITH_KNOTS('',8,(#10435,#10436,#10437,#10438,
    #10439,#10440,#10441,#10442,#10443,#10444,#10445,#10446,#10447,
    #10448,#10449,#10450,#10451,#10452,#10453,#10454,#10455,#10456,
    #10457,#10458,#10459,#10460,#10461,#10462,#10463,#10464,#10465,
    #10466,#10467,#10468,#10469,#10470,#10471,#10472,#10473,#10474,
    #10475,#10476,#10477,#10478,#10479,#10480,#10481,#10482,#10483,
    #10484,#10485,#10486,#10487,#10488,#10489,#10490,#10491,#10492,
    #10493,#10494,#10495,#10496,#10497,#10498,#10499,#10500,#10501,
    #10502,#10503,#10504,#10505,#10506,#10507,#10508,#10509,#10510,
    #10511,#10512,#10513,#10514,#10515,#10516,#10517,#10518,#10519,
    #10520,#10521,#10522,#10523,#10524,#10525,#10526,#10527,#10528,
    #10529,#10530,#10531,#10532,#10533,#10534,#10535,#10536,#10537,
    #10538,#10539,#10540,#10541,#10542,#10543,#10544,#10545,#10546,
    #10547,#10548,#10549,#10550,#10551,#10552,#10553,#10554,#10555,
    #10556,#10557,#10558,#10559,#10560,#10561,#10562,#10563,#10564,
    #10565,#10566,#10567,#10568,#10569,#10570,#10571,#10572,#10573,
    #10574,#10575,#10576),.UNSPECIFIED.,.T.,.F.,(9,7,7,7,7,7,7,7,7,7,7,7
    ,7,7,7,7,7,7,7,7,9),(0.,4.94905857453E-02,7.547070422746E-02,
    9.562611466103E-02,0.125206128156,0.218595235275,0.284728173586,
    0.410612384271,0.454237497061,0.498845606587,0.526891745267,
    0.576645996789,0.670770242509,0.799928591714,0.842303107761,
    0.866044538655,0.90197004052,0.934677930793,0.946815408055,
    0.970743475122,1.),.UNSPECIFIED.);
#10435 = CARTESIAN_POINT('',(329.92643578926,-17.30160958408,
    2.776570386199E+03));
#10436 = CARTESIAN_POINT('',(329.8934692198,-17.4473108124,
    2.776540716286E+03));
#10437 = CARTESIAN_POINT('',(329.85312363693,-17.59174949823,
    2.776518671062E+03));
#10438 = CARTESIAN_POINT('',(329.80556167459,-17.73363509239,
    2.776504034374E+03));
#10439 = CARTESIAN_POINT('',(329.75100061208,-17.87172363946,
    2.77649634081E+03));
#10440 = CARTESIAN_POINT('',(329.68970555335,-18.00486010942,
    2.776494904842E+03));
#10441 = CARTESIAN_POINT('',(329.62198733037,-18.13202014909,
    2.776498868149E+03));
#10442 = CARTESIAN_POINT('',(329.54820513063,-18.25235125337,
    2.776507265123E+03));
#10443 = CARTESIAN_POINT('',(329.4270763404,-18.42446039804,
    2.776525322717E+03));
#10444 = CARTESIAN_POINT('',(329.38383938311,-18.48162456949,
    2.776532485632E+03));
#10445 = CARTESIAN_POINT('',(329.3391394328,-18.53659517834,
    2.77654044828E+03));
#10446 = CARTESIAN_POINT('',(329.29305883353,-18.58928359895,
    2.776549061268E+03));
#10447 = CARTESIAN_POINT('',(329.24568574399,-18.63962286602,
    2.77655817653E+03));
#10448 = CARTESIAN_POINT('',(329.19711406399,-18.68756726844,
    2.776567651027E+03));
#10449 = CARTESIAN_POINT('',(329.14744336105,-18.73309194305,
    2.776577350449E+03));
#10450 = CARTESIAN_POINT('',(329.05747316061,-18.80962991341,
    2.776594757674E+03));
#10451 = CARTESIAN_POINT('',(329.01757854003,-18.84160047628,
    2.776602422615E+03));
#10452 = CARTESIAN_POINT('',(328.97713583441,-18.87211029439,
    2.776610092103E+03));
#10453 = CARTESIAN_POINT('',(328.9361883123,-18.90117006255,
    2.776617714806E+03));
#10454 = CARTESIAN_POINT('',(328.8947816071,-18.92879491555,
    2.77662524395E+03));
#10455 = CARTESIAN_POINT('',(328.85296371264,-18.95500431053,
    2.776632637592E+03));
#10456 = CARTESIAN_POINT('',(328.81078497871,-18.97982190946,
    2.776639858881E+03));
#10457 = CARTESIAN_POINT('',(328.70594451427,-19.0376958167,
    2.776657175114E+03));
#10458 = CARTESIAN_POINT('',(328.6429625891,-19.06915880154,
    2.776667028943E+03));
#10459 = CARTESIAN_POINT('',(328.57943695975,-19.09780295679,
    2.776676352536E+03));
#10460 = CARTESIAN_POINT('',(328.51545752979,-19.12376353314,
    2.776685081669E+03));
#10461 = CARTESIAN_POINT('',(328.4511198556,-19.14717318577,
    2.776693171029E+03));
#10462 = CARTESIAN_POINT('',(328.38652552408,-19.16816266896,
    2.776700592076E+03));
#10463 = CARTESIAN_POINT('',(328.32178253038,-19.1868615307,
    2.776707330892E+03));
#10464 = CARTESIAN_POINT('',(328.05249410297,-19.25560978711,
    2.776732503173E+03));
#10465 = CARTESIAN_POINT('',(327.84728572887,-19.28636621361,
    2.776744838746E+03));
#10466 = CARTESIAN_POINT('',(327.64254575736,-19.30020088311,
    2.77675053747E+03));
#10467 = CARTESIAN_POINT('',(327.43923920736,-19.30042101955,
    2.776750599492E+03));
#10468 = CARTESIAN_POINT('',(327.23799450093,-19.28951065093,
    2.776746126159E+03));
#10469 = CARTESIAN_POINT('',(327.03895416718,-19.26928768738,
    2.77673805602E+03));
#10470 = CARTESIAN_POINT('',(326.84166399876,-19.24092546528,
    2.776727146144E+03));
#10471 = CARTESIAN_POINT('',(326.50582241709,-19.17947166442,
    2.776704611869E+03));
#10472 = CARTESIAN_POINT('',(326.36723688685,-19.15023141105,
    2.776694145891E+03));
#10473 = CARTESIAN_POINT('',(326.22942203433,-19.11753570159,
    2.776682798696E+03));
#10474 = CARTESIAN_POINT('',(326.09242873585,-19.08161344539,
    2.776670789665E+03));
#10475 = CARTESIAN_POINT('',(325.95624777329,-19.04261934835,
    2.776658313317E+03));
#10476 = CARTESIAN_POINT('',(325.82082490237,-19.00063717125,
    2.776645542434E+03));
#10477 = CARTESIAN_POINT('',(325.68607535217,-18.9556814192,
    2.776632635821E+03));
#10478 = CARTESIAN_POINT('',(325.29649037117,-18.81635988282,
    2.776595223846E+03));
#10479 = CARTESIAN_POINT('',(325.05032581928,-18.71661411765,
    2.776571463188E+03));
#10480 = CARTESIAN_POINT('',(324.80850711484,-18.6077270109,
    2.776549158008E+03));
#10481 = CARTESIAN_POINT('',(324.56732315098,-18.48750644939,
    2.776528820404E+03));
#10482 = CARTESIAN_POINT('',(324.32558926034,-18.35346065669,
    2.776511554142E+03));
#10483 = CARTESIAN_POINT('',(324.08522332252,-18.20326978157,
    2.776499320833E+03));
#10484 = CARTESIAN_POINT('',(323.85154160009,-18.03511757643,
    2.776495175911E+03));
#10485 = CARTESIAN_POINT('',(323.55837113415,-17.78334807241,
    2.776506109856E+03));
#10486 = CARTESIAN_POINT('',(323.48486762973,-17.7163183821,
    2.776510395458E+03));
#10487 = CARTESIAN_POINT('',(323.41274554872,-17.64620489657,
    2.776516360871E+03));
#10488 = CARTESIAN_POINT('',(323.34189960266,-17.57224979806,
    2.776524320962E+03));
#10489 = CARTESIAN_POINT('',(323.27269168401,-17.49380742634,
    2.776534703277E+03));
#10490 = CARTESIAN_POINT('',(323.20595822158,-17.41036373576,
    2.776548050864E+03));
#10491 = CARTESIAN_POINT('',(323.14301817994,-17.32155502568,
    2.776565021925E+03));
#10492 = CARTESIAN_POINT('',(323.02705327281,-17.1306904613,
    2.776608232092E+03));
#10493 = CARTESIAN_POINT('',(322.96740154526,-17.01705677867,
    2.776637234556E+03));
#10494 = CARTESIAN_POINT('',(322.91664088448,-16.89284208816,
    2.776674033992E+03));
#10495 = CARTESIAN_POINT('',(322.88160628993,-16.76277552347,
    2.776719069822E+03));
#10496 = CARTESIAN_POINT('',(322.86629688063,-16.63119444873,
    2.776771969069E+03));
#10497 = CARTESIAN_POINT('',(322.87194221433,-16.50195615523,
    2.776831480798E+03));
#10498 = CARTESIAN_POINT('',(322.89699040064,-16.37843832557,
    2.77689549414E+03));
#10499 = CARTESIAN_POINT('',(322.96233415044,-16.19178938535,
    2.777002124097E+03));
#10500 = CARTESIAN_POINT('',(322.99303320151,-16.12464268841,
    2.777043073474E+03));
#10501 = CARTESIAN_POINT('',(323.02804297208,-16.06206789179,
    2.77708352374E+03));
#10502 = CARTESIAN_POINT('',(323.06639947812,-16.00371018114,
    2.777123271089E+03));
#10503 = CARTESIAN_POINT('',(323.10733726798,-15.94919727257,
    2.777162193679E+03));
#10504 = CARTESIAN_POINT('',(323.15028819383,-15.89814375668,
    2.777200249568E+03));
#10505 = CARTESIAN_POINT('',(323.19488064406,-15.85015444283,
    2.777237473802E+03));
#10506 = CARTESIAN_POINT('',(323.32264783955,-15.72441464563,
    2.777338727682E+03));
#10507 = CARTESIAN_POINT('',(323.40973846085,-15.6516240012,
    2.777401812436E+03));
#10508 = CARTESIAN_POINT('',(323.50022213297,-15.58562317214,
    2.777462839549E+03));
#10509 = CARTESIAN_POINT('',(323.59271055076,-15.52556675752,
    2.777521656738E+03));
#10510 = CARTESIAN_POINT('',(323.68639805507,-15.47061562995,
    2.777578329169E+03));
#10511 = CARTESIAN_POINT('',(323.78104483058,-15.4199541137,
    2.777633115591E+03));
#10512 = CARTESIAN_POINT('',(323.87696131777,-15.3728042646,
    2.777686440217E+03));
#10513 = CARTESIAN_POINT('',(324.16045009395,-15.24450449296,
    2.777838027887E+03));
#10514 = CARTESIAN_POINT('',(324.35174267425,-15.17131839271,
    2.77793302921E+03));
#10515 = CARTESIAN_POINT('',(324.54610808844,-15.10736620438,
    2.778023325664E+03));
#10516 = CARTESIAN_POINT('',(324.74192897351,-15.05127833939,
    2.778108744456E+03));
#10517 = CARTESIAN_POINT('',(324.93862213536,-15.00185635926,
    2.778189386469E+03));
#10518 = CARTESIAN_POINT('',(325.13647139974,-14.95810220904,
    2.778265495117E+03));
#10519 = CARTESIAN_POINT('',(325.33640512943,-14.91924433838,
    2.778337270592E+03));
#10520 = CARTESIAN_POINT('',(325.81870683266,-14.83743155959,
    2.778497022972E+03));
#10521 = CARTESIAN_POINT('',(326.09627900844,-14.79965500361,
    2.778578509149E+03));
#10522 = CARTESIAN_POINT('',(326.37593337686,-14.76913550249,
    2.778649883724E+03));
#10523 = CARTESIAN_POINT('',(326.66065209607,-14.74513154447,
    2.77871040028E+03));
#10524 = CARTESIAN_POINT('',(326.95141443817,-14.72767800029,
    2.778757392136E+03));
#10525 = CARTESIAN_POINT('',(327.24699020944,-14.7174260603,
    2.778786220396E+03));
#10526 = CARTESIAN_POINT('',(327.5447001465,-14.71557226683,
    2.778790262369E+03));
#10527 = CARTESIAN_POINT('',(327.93867807278,-14.72990637906,
    2.778752367087E+03));
#10528 = CARTESIAN_POINT('',(328.03641221811,-14.73482778533,
    2.778739448982E+03));
#10529 = CARTESIAN_POINT('',(328.13432955353,-14.74130081673,
    2.778722643866E+03));
#10530 = CARTESIAN_POINT('',(328.2322149929,-14.7495323251,
    2.778701614702E+03));
#10531 = CARTESIAN_POINT('',(328.32986195166,-14.75977468936,
    2.778676020396E+03));
#10532 = CARTESIAN_POINT('',(328.42706996177,-14.77234107717,
    2.778645520771E+03));
#10533 = CARTESIAN_POINT('',(328.52364117386,-14.78762605543,
    2.778609783901E+03));
#10534 = CARTESIAN_POINT('',(328.67301354491,-14.81649973695,
    2.778545363035E+03));
#10535 = CARTESIAN_POINT('',(328.72634984048,-14.82787139855,
    2.778520504596E+03));
#10536 = CARTESIAN_POINT('',(328.77928756182,-14.84032026409,
    2.778493896125E+03));
#10537 = CARTESIAN_POINT('',(328.8317349781,-14.85392441688,
    2.778465525916E+03));
#10538 = CARTESIAN_POINT('',(328.88360563886,-14.86876608271,
    2.778435394939E+03));
#10539 = CARTESIAN_POINT('',(328.93481831356,-14.88493141862,
    2.778403516892E+03));
#10540 = CARTESIAN_POINT('',(328.98529693124,-14.90251030167,
    2.77836991825E+03));
#10541 = CARTESIAN_POINT('',(329.11013652904,-14.95047674917,
    2.778281252767E+03));
#10542 = CARTESIAN_POINT('',(329.18340062654,-14.98278540539,
    2.778224058863E+03));
#10543 = CARTESIAN_POINT('',(329.25442331241,-15.018798924,
    2.778163270576E+03));
#10544 = CARTESIAN_POINT('',(329.32289661451,-15.05878192537,
    2.778099200745E+03));
#10545 = CARTESIAN_POINT('',(329.38854029942,-15.10297106193,
    2.778032256248E+03));
#10546 = CARTESIAN_POINT('',(329.45109868926,-15.15155538743,
    2.777962928635E+03));
#10547 = CARTESIAN_POINT('',(329.51033808466,-15.20465284611,
    2.777891780204E+03));
#10548 = CARTESIAN_POINT('',(329.61676221847,-15.31475137301,
    2.777753551207E+03));
#10549 = CARTESIAN_POINT('',(329.66456046346,-15.3709860843,
    2.777686665532E+03));
#10550 = CARTESIAN_POINT('',(329.70931476495,-15.4310432652,
    2.777619182647E+03));
#10551 = CARTESIAN_POINT('',(329.75091278661,-15.49493688749,
    2.777551537277E+03));
#10552 = CARTESIAN_POINT('',(329.78925365332,-15.56263424615,
    2.7774841714E+03));
#10553 = CARTESIAN_POINT('',(329.82424752739,-15.63405312182,
    2.777417522387E+03));
#10554 = CARTESIAN_POINT('',(329.85581572719,-15.7090605048,
    2.777352012623E+03));
#10555 = CARTESIAN_POINT('',(329.89430990504,-15.81657070422,
    2.777264301416E+03));
#10556 = CARTESIAN_POINT('',(329.90424830231,-15.84613970196,
    2.777240772068E+03));
#10557 = CARTESIAN_POINT('',(329.91370324541,-15.87617120319,
    2.7772174726E+03));
#10558 = CARTESIAN_POINT('',(329.92267159462,-15.90665569456,
    2.777194422482E+03));
#10559 = CARTESIAN_POINT('',(329.93115040521,-15.93758281986,
    2.777171640615E+03));
#10560 = CARTESIAN_POINT('',(329.93913692751,-15.96894138001,
    2.777149145337E+03));
#10561 = CARTESIAN_POINT('',(329.94662860685,-16.00071933308,
    2.777126954417E+03));
#10562 = CARTESIAN_POINT('',(329.96741213593,-16.09635288907,
    2.777061971366E+03));
#10563 = CARTESIAN_POINT('',(329.97926967597,-16.16138628805,
    2.777020104281E+03));
#10564 = CARTESIAN_POINT('',(329.98917653792,-16.22790111519,
    2.776979618267E+03));
#10565 = CARTESIAN_POINT('',(329.99711757904,-16.29578476637,
    2.776940635133E+03));
#10566 = CARTESIAN_POINT('',(330.00308154697,-16.36491511384,
    2.776903263579E+03));
#10567 = CARTESIAN_POINT('',(330.00706094694,-16.43516071075,
    2.776867598736E+03));
#10568 = CARTESIAN_POINT('',(330.00905190906,-16.50638099568,
    2.7768337217E+03));
#10569 = CARTESIAN_POINT('',(330.00905668011,-16.66651556008,
    2.776762545454E+03));
#10570 = CARTESIAN_POINT('',(330.00608615253,-16.75582972421,
    2.77672616767E+03));
#10571 = CARTESIAN_POINT('',(330.00014361473,-16.84610063063,
    2.776692684679E+03));
#10572 = CARTESIAN_POINT('',(329.99123779315,-16.93704553463,
    2.776662180272E+03));
#10573 = CARTESIAN_POINT('',(329.9793852511,-17.02837092809,
    2.776634702945E+03));
#10574 = CARTESIAN_POINT('',(329.96461064121,-17.11977616194,
    2.776610265769E+03));
#10575 = CARTESIAN_POINT('',(329.9469469578,-17.21095706853,
    2.77658884625E+03));
#10576 = CARTESIAN_POINT('',(329.92643578926,-17.30160958408,
    2.776570386199E+03));
#10577 = PCURVE('',#10195,#10578);
#10578 = DEFINITIONAL_REPRESENTATION('',(#10579),#10722);
#10579 = B_SPLINE_CURVE_WITH_KNOTS('',8,(#10580,#10581,#10582,#10583,
    #10584,#10585,#10586,#10587,#10588,#10589,#10590,#10591,#10592,
    #10593,#10594,#10595,#10596,#10597,#10598,#10599,#10600,#10601,
    #10602,#10603,#10604,#10605,#10606,#10607,#10608,#10609,#10610,
    #10611,#10612,#10613,#10614,#10615,#10616,#10617,#10618,#10619,
    #10620,#10621,#10622,#10623,#10624,#10625,#10626,#10627,#10628,
    #10629,#10630,#10631,#10632,#10633,#10634,#10635,#10636,#10637,
    #10638,#10639,#10640,#10641,#10642,#10643,#10644,#10645,#10646,
    #10647,#10648,#10649,#10650,#10651,#10652,#10653,#10654,#10655,
    #10656,#10657,#10658,#10659,#10660,#10661,#10662,#10663,#10664,
    #10665,#10666,#10667,#10668,#10669,#10670,#10671,#10672,#10673,
    #10674,#10675,#10676,#10677,#10678,#10679,#10680,#10681,#10682,
    #10683,#10684,#10685,#10686,#10687,#10688,#10689,#10690,#10691,
    #10692,#10693,#10694,#10695,#10696,#10697,#10698,#10699,#10700,
    #10701,#10702,#10703,#10704,#10705,#10706,#10707,#10708,#10709,
    #10710,#10711,#10712,#10713,#10714,#10715,#10716,#10717,#10718,
    #10719,#10720,#10721),.UNSPECIFIED.,.T.,.F.,(9,7,7,7,7,7,7,7,7,7,7,7
    ,7,7,7,7,7,7,7,7,9),(0.,4.94905857453E-02,7.547070422746E-02,
    9.562611466103E-02,0.125206128156,0.218595235275,0.284728173586,
    0.410612384271,0.454237497061,0.498845606587,0.526891745267,
    0.576645996789,0.670770242509,0.799928591714,0.842303107761,
    0.866044538655,0.90197004052,0.934677930793,0.946815408055,
    0.970743475122,1.),.UNSPECIFIED.);
#10580 = CARTESIAN_POINT('',(3.342481232595,232.77643578926));
#10581 = CARTESIAN_POINT('',(3.299997956997,232.7434692198));
#10582 = CARTESIAN_POINT('',(3.258302788715,232.70312363693));
#10583 = CARTESIAN_POINT('',(3.217628158521,232.65556167459));
#10584 = CARTESIAN_POINT('',(3.178196680025,232.60100061208));
#10585 = CARTESIAN_POINT('',(3.140225119071,232.53970555335));
#10586 = CARTESIAN_POINT('',(3.103922021973,232.47198733037));
#10587 = CARTESIAN_POINT('',(3.069479002571,232.39820513063));
#10588 = CARTESIAN_POINT('',(3.020035045959,232.2770763404));
#10589 = CARTESIAN_POINT('',(3.003578063817,232.23383938311));
#10590 = CARTESIAN_POINT('',(2.987712969389,232.1891394328));
#10591 = CARTESIAN_POINT('',(2.972464060431,232.14305883353));
#10592 = CARTESIAN_POINT('',(2.957851444256,232.09568574399));
#10593 = CARTESIAN_POINT('',(2.943890777219,232.04711406399));
#10594 = CARTESIAN_POINT('',(2.930593004201,231.99744336105));
#10595 = CARTESIAN_POINT('',(2.908166575955,231.90747316061));
#10596 = CARTESIAN_POINT('',(2.898773912575,231.86757854003));
#10597 = CARTESIAN_POINT('',(2.889786493461,231.82713583441));
#10598 = CARTESIAN_POINT('',(2.881203653997,231.7861883123));
#10599 = CARTESIAN_POINT('',(2.873023611761,231.7447816071));
#10600 = CARTESIAN_POINT('',(2.865243398846,231.70296371264));
#10601 = CARTESIAN_POINT('',(2.857858794181,231.66078497871));
#10602 = CARTESIAN_POINT('',(2.840599094591,231.55594451427));
#10603 = CARTESIAN_POINT('',(2.831179848544,231.4929625891));
#10604 = CARTESIAN_POINT('',(2.822574034617,231.42943695975));
#10605 = CARTESIAN_POINT('',(2.814749294975,231.36545752979));
#10606 = CARTESIAN_POINT('',(2.807673105879,231.3011198556));
#10607 = CARTESIAN_POINT('',(2.801312486521,231.23652552408));
#10608 = CARTESIAN_POINT('',(2.795633707856,231.17178253038));
#10609 = CARTESIAN_POINT('',(2.774716053005,230.90249410297));
#10610 = CARTESIAN_POINT('',(2.765252214482,230.69728572887));
#10611 = CARTESIAN_POINT('',(2.760975607915,230.49254575736));
#10612 = CARTESIAN_POINT('',(2.760910410689,230.28923920736));
#10613 = CARTESIAN_POINT('',(2.76428073185,230.08799450093));
#10614 = CARTESIAN_POINT('',(2.770500591711,229.88895416718));
#10615 = CARTESIAN_POINT('',(2.779182038718,229.69166399876));
#10616 = CARTESIAN_POINT('',(2.797883480735,229.35582241709));
#10617 = CARTESIAN_POINT('',(2.80675661401,229.21723688684));
#10618 = CARTESIAN_POINT('',(2.816644029001,229.07942203433));
#10619 = CARTESIAN_POINT('',(2.827464377486,228.94242873585));
#10620 = CARTESIAN_POINT('',(2.839159770414,228.80624777329));
#10621 = CARTESIAN_POINT('',(2.851694901734,228.67082490237));
#10622 = CARTESIAN_POINT('',(2.865056297027,228.53607535217));
#10623 = CARTESIAN_POINT('',(2.906272646502,228.14649037117));
#10624 = CARTESIAN_POINT('',(2.935556964245,227.90032581928));
#10625 = CARTESIAN_POINT('',(2.967286030135,227.65850711485));
#10626 = CARTESIAN_POINT('',(3.002077640046,227.41732315098));
#10627 = CARTESIAN_POINT('',(3.040622814741,227.17558926034));
#10628 = CARTESIAN_POINT('',(3.083575481384,226.93522332252));
#10629 = CARTESIAN_POINT('',(3.131522331478,226.70154160009));
#10630 = CARTESIAN_POINT('',(3.203524278338,226.40837113415));
#10631 = CARTESIAN_POINT('',(3.222710726636,226.33486762973));
#10632 = CARTESIAN_POINT('',(3.242807885278,226.26274554872));
#10633 = CARTESIAN_POINT('',(3.264048705784,226.19189960266));
#10634 = CARTESIAN_POINT('',(3.286641358466,226.12269168401));
#10635 = CARTESIAN_POINT('',(3.31076817324,226.05595822158));
#10636 = CARTESIAN_POINT('',(3.336586488777,225.99301817994));
#10637 = CARTESIAN_POINT('',(3.392499249161,225.87705327281));
#10638 = CARTESIAN_POINT('',(3.425994351523,225.81740154526));
#10639 = CARTESIAN_POINT('',(3.462964282616,225.76664088448));
#10640 = CARTESIAN_POINT('',(3.502206898297,225.73160628993));
#10641 = CARTESIAN_POINT('',(3.542629172046,225.71629688063));
#10642 = CARTESIAN_POINT('',(3.583207309012,225.72194221433));
#10643 = CARTESIAN_POINT('',(3.622922642462,225.74699040064));
#10644 = CARTESIAN_POINT('',(3.684339767313,225.81233415044));
#10645 = CARTESIAN_POINT('',(3.706801483606,225.84303320151));
#10646 = CARTESIAN_POINT('',(3.728078542386,225.87804297208));
#10647 = CARTESIAN_POINT('',(3.748241434939,225.91639947812));
#10648 = CARTESIAN_POINT('',(3.767370758687,225.95733726798));
#10649 = CARTESIAN_POINT('',(3.785558366225,226.00028819383));
#10650 = CARTESIAN_POINT('',(3.802908060574,226.04488064406));
#10651 = CARTESIAN_POINT('',(3.849033749491,226.17264783955));
#10652 = CARTESIAN_POINT('',(3.876536729364,226.25973846085));
#10653 = CARTESIAN_POINT('',(3.902199035477,226.35022213297));
#10654 = CARTESIAN_POINT('',(3.926198598211,226.44271055076));
#10655 = CARTESIAN_POINT('',(3.948739232182,226.53639805507));
#10656 = CARTESIAN_POINT('',(3.970050123265,226.63104483058));
#10657 = CARTESIAN_POINT('',(3.990382589611,226.72696131777));
#10658 = CARTESIAN_POINT('',(4.04712378738,227.01045009395));
#10659 = CARTESIAN_POINT('',(4.081351219109,227.20174267425));
#10660 = CARTESIAN_POINT('',(4.112926073599,227.39610808844));
#10661 = CARTESIAN_POINT('',(4.142090482676,227.59192897351));
#10662 = CARTESIAN_POINT('',(4.169090996347,227.78862213536));
#10663 = CARTESIAN_POINT('',(4.194159614288,227.98647139974));
#10664 = CARTESIAN_POINT('',(4.217473192621,228.18640512943));
#10665 = CARTESIAN_POINT('',(4.268754055003,228.66870683266));
#10666 = CARTESIAN_POINT('',(4.294396198692,228.94627900844));
#10667 = CARTESIAN_POINT('',(4.316562195102,229.22593337686));
#10668 = CARTESIAN_POINT('',(4.335150743549,229.51065209607));
#10669 = CARTESIAN_POINT('',(4.349475409704,229.80141443816));
#10670 = CARTESIAN_POINT('',(4.358215814263,230.09699020944));
#10671 = CARTESIAN_POINT('',(4.35948317822,230.3947001465));
#10672 = CARTESIAN_POINT('',(4.347907273807,230.78867807278));
#10673 = CARTESIAN_POINT('',(4.343957598236,230.88641221811));
#10674 = CARTESIAN_POINT('',(4.338812388287,230.98432955353));
#10675 = CARTESIAN_POINT('',(4.332360330455,231.0822149929));
#10676 = CARTESIAN_POINT('',(4.324484345666,231.17986195166));
#10677 = CARTESIAN_POINT('',(4.315060677141,231.27706996177));
#10678 = CARTESIAN_POINT('',(4.303957023414,231.37364117386));
#10679 = CARTESIAN_POINT('',(4.283786854733,231.52301354491));
#10680 = CARTESIAN_POINT('',(4.275976808651,231.57634984048));
#10681 = CARTESIAN_POINT('',(4.267584010564,231.62928756182));
#10682 = CARTESIAN_POINT('',(4.258595345258,231.6817349781));
#10683 = CARTESIAN_POINT('',(4.248999972117,231.73360563886));
#10684 = CARTESIAN_POINT('',(4.238789147211,231.78481831356));
#10685 = CARTESIAN_POINT('',(4.227956045391,231.83529693124));
#10686 = CARTESIAN_POINT('',(4.199153624887,231.96013652904));
#10687 = CARTESIAN_POINT('',(4.180388635277,232.03340062654));
#10688 = CARTESIAN_POINT('',(4.160208647912,232.10442331241));
#10689 = CARTESIAN_POINT('',(4.138643135435,232.17289661451));
#10690 = CARTESIAN_POINT('',(4.115741258894,232.23854029942));
#10691 = CARTESIAN_POINT('',(4.091570905236,232.30109868926));
#10692 = CARTESIAN_POINT('',(4.066218512167,232.36033808466));
#10693 = CARTESIAN_POINT('',(4.015727905739,232.46676221847));
#10694 = CARTESIAN_POINT('',(3.990769695303,232.51456046346));
#10695 = CARTESIAN_POINT('',(3.964976378744,232.55931476495));
#10696 = CARTESIAN_POINT('',(3.938414723753,232.60091278661));
#10697 = CARTESIAN_POINT('',(3.911154917826,232.63925365332));
#10698 = CARTESIAN_POINT('',(3.883269295678,232.67424752739));
#10699 = CARTESIAN_POINT('',(3.854831812269,232.70581572719));
#10700 = CARTESIAN_POINT('',(3.815188814767,232.74430990504));
#10701 = CARTESIAN_POINT('',(3.804392971411,232.75424830231));
#10702 = CARTESIAN_POINT('',(3.793534361713,232.76370324541));
#10703 = CARTESIAN_POINT('',(3.782616627482,232.77267159462));
#10704 = CARTESIAN_POINT('',(3.771643422019,232.78115040521));
#10705 = CARTESIAN_POINT('',(3.760618410121,232.78913692751));
#10706 = CARTESIAN_POINT('',(3.749545268081,232.79662860685));
#10707 = CARTESIAN_POINT('',(3.71651025395,232.81741213593));
#10708 = CARTESIAN_POINT('',(3.694418595619,232.82926967597));
#10709 = CARTESIAN_POINT('',(3.672182587487,232.83917653792));
#10710 = CARTESIAN_POINT('',(3.649831271191,232.84711757904));
#10711 = CARTESIAN_POINT('',(3.627393213953,232.85308154697));
#10712 = CARTESIAN_POINT('',(3.60489687132,232.85706094694));
#10713 = CARTESIAN_POINT('',(3.582370949908,232.85905190906));
#10714 = CARTESIAN_POINT('',(3.532302313968,232.85905668011));
#10715 = CARTESIAN_POINT('',(3.504762156785,232.85608615253));
#10716 = CARTESIAN_POINT('',(3.477276248863,232.85014361473));
#10717 = CARTESIAN_POINT('',(3.449896363499,232.84123779315));
#10718 = CARTESIAN_POINT('',(3.422674363324,232.8293852511));
#10719 = CARTESIAN_POINT('',(3.395662466604,232.81461064121));
#10720 = CARTESIAN_POINT('',(3.368913513545,232.7969469578));
#10721 = CARTESIAN_POINT('',(3.342481232595,232.77643578926));
#10722 = ( GEOMETRIC_REPRESENTATION_CONTEXT(2) 
PARAMETRIC_REPRESENTATION_CONTEXT() REPRESENTATION_CONTEXT('2D SPACE',''
  ) );
#10723 = PCURVE('',#10724,#10729);
#10724 = CYLINDRICAL_SURFACE('',#10725,2.5);
#10725 = AXIS2_PLACEMENT_3D('',#10726,#10727,#10728);
#10726 = CARTESIAN_POINT('',(330.,-18.,2.78E+03));
#10727 = DIRECTION('',(-0.712470499879,0.284988199952,-0.641223449891));
#10728 = DIRECTION('',(0.668964731622,0.,-0.743294146247));
#10729 = DEFINITIONAL_REPRESENTATION('',(#10730),#10873);
#10730 = B_SPLINE_CURVE_WITH_KNOTS('',8,(#10731,#10732,#10733,#10734,
    #10735,#10736,#10737,#10738,#10739,#10740,#10741,#10742,#10743,
    #10744,#10745,#10746,#10747,#10748,#10749,#10750,#10751,#10752,
    #10753,#10754,#10755,#10756,#10757,#10758,#10759,#10760,#10761,
    #10762,#10763,#10764,#10765,#10766,#10767,#10768,#10769,#10770,
    #10771,#10772,#10773,#10774,#10775,#10776,#10777,#10778,#10779,
    #10780,#10781,#10782,#10783,#10784,#10785,#10786,#10787,#10788,
    #10789,#10790,#10791,#10792,#10793,#10794,#10795,#10796,#10797,
    #10798,#10799,#10800,#10801,#10802,#10803,#10804,#10805,#10806,
    #10807,#10808,#10809,#10810,#10811,#10812,#10813,#10814,#10815,
    #10816,#10817,#10818,#10819,#10820,#10821,#10822,#10823,#10824,
    #10825,#10826,#10827,#10828,#10829,#10830,#10831,#10832,#10833,
    #10834,#10835,#10836,#10837,#10838,#10839,#10840,#10841,#10842,
    #10843,#10844,#10845,#10846,#10847,#10848,#10849,#10850,#10851,
    #10852,#10853,#10854,#10855,#10856,#10857,#10858,#10859,#10860,
    #10861,#10862,#10863,#10864,#10865,#10866,#10867,#10868,#10869,
    #10870,#10871,#10872),.UNSPECIFIED.,.F.,.F.,(9,7,7,7,7,7,7,7,7,7,7,7
    ,7,7,7,7,7,7,7,7,9),(0.,4.94905857453E-02,7.547070422746E-02,
    9.562611466103E-02,0.125206128156,0.218595235275,0.284728173586,
    0.410612384271,0.454237497061,0.498845606587,0.526891745267,
    0.576645996789,0.670770242509,0.799928591714,0.842303107761,
    0.866044538655,0.90197004052,0.934677930793,0.946815408055,
    0.970743475122,1.),.UNSPECIFIED.);
#10731 = CARTESIAN_POINT('',(0.,2.450594151038));
#10732 = CARTESIAN_POINT('',(6.091957582927E-02,2.451583772131));
#10733 = CARTESIAN_POINT('',(0.121398936994,2.453301403566));
#10734 = CARTESIAN_POINT('',(0.181290178494,2.456137566036));
#10735 = CARTESIAN_POINT('',(0.240457459698,2.460590400469));
#10736 = CARTESIAN_POINT('',(0.298769466279,2.467239775065));
#10737 = CARTESIAN_POINT('',(0.356096929903,2.476706534904));
#10738 = CARTESIAN_POINT('',(0.412315205655,2.489596894128));
#10739 = CARTESIAN_POINT('',(0.496182465153,2.515269556217));
#10740 = CARTESIAN_POINT('',(0.524704365105,2.525190468934));
#10741 = CARTESIAN_POINT('',(0.552851894381,2.536266053659));
#10742 = CARTESIAN_POINT('',(0.580601517316,2.54855869354));
#10743 = CARTESIAN_POINT('',(0.607931821074,2.562119605462));
#10744 = CARTESIAN_POINT('',(0.634823461437,2.576986635459));
#10745 = CARTESIAN_POINT('',(0.661259108602,2.593182054113));
#10746 = CARTESIAN_POINT('',(0.707366519281,2.624308828719));
#10747 = CARTESIAN_POINT('',(0.727221250017,2.638706396124));
#10748 = CARTESIAN_POINT('',(0.74678502989,2.653907836615));
#10749 = CARTESIAN_POINT('',(0.766055144562,2.669912191439));
#10750 = CARTESIAN_POINT('',(0.785028778515,2.686712626479));
#10751 = CARTESIAN_POINT('',(0.803703072921,2.704296298077));
#10752 = CARTESIAN_POINT('',(0.822075183517,2.722644218861));
#10753 = CARTESIAN_POINT('',(0.866657635158,2.76974300161));
#10754 = CARTESIAN_POINT('',(0.892501146692,2.799330679592));
#10755 = CARTESIAN_POINT('',(0.917700335567,2.830449063858));
#10756 = CARTESIAN_POINT('',(0.942278396187,2.863036737956));
#10757 = CARTESIAN_POINT('',(0.966254700966,2.897016870267));
#10758 = CARTESIAN_POINT('',(0.989645246441,2.932298121617));
#10759 = CARTESIAN_POINT('',(1.012463099364,2.968775552894));
#10760 = CARTESIAN_POINT('',(1.104983990242,3.124902114735));
#10761 = CARTESIAN_POINT('',(1.169769307582,3.254431950225));
#10762 = CARTESIAN_POINT('',(1.230200358433,3.392706266982));
#10763 = CARTESIAN_POINT('',(1.287071424398,3.537453680573));
#10764 = CARTESIAN_POINT('',(1.341035689049,3.686812328984));
#10765 = CARTESIAN_POINT('',(1.392687422304,3.839560763495));
#10766 = CARTESIAN_POINT('',(1.442608339562,3.995202755791));
#10767 = CARTESIAN_POINT('',(1.526037459495,4.266443088951));
#10768 = CARTESIAN_POINT('',(1.560007808079,4.380225348483));
#10769 = CARTESIAN_POINT('',(1.593469501104,4.495008344465));
#10770 = CARTESIAN_POINT('',(1.62653307343,4.610549919545));
#10771 = CARTESIAN_POINT('',(1.659310945507,4.726687822413));
#10772 = CARTESIAN_POINT('',(1.691918411453,4.843326037791));
#10773 = CARTESIAN_POINT('',(1.724476119052,4.960418998541));
#10774 = CARTESIAN_POINT('',(1.819240407664,5.301681234778));
#10775 = CARTESIAN_POINT('',(1.879913359003,5.520728472684));
#10776 = CARTESIAN_POINT('',(1.94097158545,5.738351311534));
#10777 = CARTESIAN_POINT('',(2.003941727771,5.95749016071));
#10778 = CARTESIAN_POINT('',(2.07007514346,6.178991427647));
#10779 = CARTESIAN_POINT('',(2.140357583534,6.400891979352));
#10780 = CARTESIAN_POINT('',(2.215645077086,6.617962528683));
#10781 = CARTESIAN_POINT('',(2.324890408598,6.891578072932));
#10782 = CARTESIAN_POINT('',(2.353696203158,6.960301793513));
#10783 = CARTESIAN_POINT('',(2.383580348592,7.027843002169));
#10784 = CARTESIAN_POINT('',(2.414878282962,7.094290782005));
#10785 = CARTESIAN_POINT('',(2.447876866915,7.159297148431));
#10786 = CARTESIAN_POINT('',(2.482821130608,7.2220644534));
#10787 = CARTESIAN_POINT('',(2.519923723624,7.281334568688));
#10788 = CARTESIAN_POINT('',(2.599719407161,7.390642920246));
#10789 = CARTESIAN_POINT('',(2.647254226419,7.446930214684));
#10790 = CARTESIAN_POINT('',(2.699369534283,7.494898748264));
#10791 = CARTESIAN_POINT('',(2.754380625314,7.528049268855));
#10792 = CARTESIAN_POINT('',(2.81088202024,7.542535587672));
#10793 = CARTESIAN_POINT('',(2.867596285711,7.53718452649));
#10794 = CARTESIAN_POINT('',(2.923246422949,7.513492700226));
#10795 = CARTESIAN_POINT('',(3.009655866768,7.451756323091));
#10796 = CARTESIAN_POINT('',(3.041347434693,7.422762469824));
#10797 = CARTESIAN_POINT('',(3.071474965769,7.38971446098));
#10798 = CARTESIAN_POINT('',(3.100142254767,7.353530908739));
#10799 = CARTESIAN_POINT('',(3.127462247778,7.314941399231));
#10800 = CARTESIAN_POINT('',(3.153561673568,7.274487452633));
#10801 = CARTESIAN_POINT('',(3.178584607622,7.232523984065));
#10802 = CARTESIAN_POINT('',(3.245467094861,7.112401622269));
#10803 = CARTESIAN_POINT('',(3.28576908562,7.030645175305));
#10804 = CARTESIAN_POINT('',(3.323814576779,6.945855669307));
#10805 = CARTESIAN_POINT('',(3.359840455016,6.859360809037));
#10806 = CARTESIAN_POINT('',(3.394119929314,6.771931957376));
#10807 = CARTESIAN_POINT('',(3.426973199068,6.683806517649));
#10808 = CARTESIAN_POINT('',(3.45877571902,6.594713000035));
#10809 = CARTESIAN_POINT('',(3.548965635284,6.33209796206));
#10810 = CARTESIAN_POINT('',(3.60521645907,6.155747740336));
#10811 = CARTESIAN_POINT('',(3.659118324905,5.977593531926));
#10812 = CARTESIAN_POINT('',(3.711083668237,5.799288775517));
#10813 = CARTESIAN_POINT('',(3.761575478634,5.621525831647));
#10814 = CARTESIAN_POINT('',(3.811117756951,5.44423083354));
#10815 = CARTESIAN_POINT('',(3.860297484293,5.266833866664));
#10816 = CARTESIAN_POINT('',(3.977678255499,4.844086835041));
#10817 = CARTESIAN_POINT('',(4.044252845555,4.604839873242));
#10818 = CARTESIAN_POINT('',(4.111348973893,4.36852503205));
#10819 = CARTESIAN_POINT('',(4.180431682892,4.133707554033));
#10820 = CARTESIAN_POINT('',(4.252698554036,3.901389737217));
#10821 = CARTESIAN_POINT('',(4.329287165529,3.675237045131));
#10822 = CARTESIAN_POINT('',(4.411505627965,3.461063998964));
#10823 = CARTESIAN_POINT('',(4.530842827447,3.200580639283));
#10824 = CARTESIAN_POINT('',(4.561303621474,3.137828792859));
#10825 = CARTESIAN_POINT('',(4.592797761062,3.076996677175));
#10826 = CARTESIAN_POINT('',(4.62539152393,3.018394699368));
#10827 = CARTESIAN_POINT('',(4.659164299285,2.962316838187));
#10828 = CARTESIAN_POINT('',(4.694210218258,2.909034800869));
#10829 = CARTESIAN_POINT('',(4.730641637658,2.858789942069));
#10830 = CARTESIAN_POINT('',(4.789858547961,2.785446045224));
#10831 = CARTESIAN_POINT('',(4.811584773433,2.760144533253));
#10832 = CARTESIAN_POINT('',(4.833771263628,2.735942163749));
#10833 = CARTESIAN_POINT('',(4.856416473722,2.712889547134));
#10834 = CARTESIAN_POINT('',(4.87951939335,2.691024221168));
#10835 = CARTESIAN_POINT('',(4.90307973604,2.670370722681));
#10836 = CARTESIAN_POINT('',(4.927098128655,2.650940659302));
#10837 = CARTESIAN_POINT('',(4.988616638603,2.605180644082));
#10838 = CARTESIAN_POINT('',(5.026680926193,2.580448622655));
#10839 = CARTESIAN_POINT('',(5.065724810088,2.558562501427));
#10840 = CARTESIAN_POINT('',(5.105697567659,2.539465688332));
#10841 = CARTESIAN_POINT('',(5.146541985002,2.523029497667));
#10842 = CARTESIAN_POINT('',(5.18819267855,2.509067022117));
#10843 = CARTESIAN_POINT('',(5.230572860468,2.497350593873));
#10844 = CARTESIAN_POINT('',(5.31275351259,2.478785431733));
#10845 = CARTESIAN_POINT('',(5.352451925628,2.471593026251));
#10846 = CARTESIAN_POINT('',(5.392644093157,2.465862927129));
#10847 = CARTESIAN_POINT('',(5.433287479002,2.461392432969));
#10848 = CARTESIAN_POINT('',(5.474338583444,2.457979328203));
#10849 = CARTESIAN_POINT('',(5.515753238856,2.455430598416));
#10850 = CARTESIAN_POINT('',(5.557486322125,2.453569365003));
#10851 = CARTESIAN_POINT('',(5.615078236285,2.451746743451));
#10852 = CARTESIAN_POINT('',(5.6307041903,2.451326682621));
#10853 = CARTESIAN_POINT('',(5.646366688511,2.450971856226));
#10854 = CARTESIAN_POINT('',(5.662063662902,2.450674728278));
#10855 = CARTESIAN_POINT('',(5.67779303483,2.450428227251));
#10856 = CARTESIAN_POINT('',(5.693552715025,2.450225746086));
#10857 = CARTESIAN_POINT('',(5.709340603589,2.450061142182));
#10858 = CARTESIAN_POINT('',(5.756330601226,2.449667711967));
#10859 = CARTESIAN_POINT('',(5.787610161131,2.449531969527));
#10860 = CARTESIAN_POINT('',(5.818974768973,2.449478263806));
#10861 = CARTESIAN_POINT('',(5.850407145193,2.449471366451));
#10862 = CARTESIAN_POINT('',(5.881890704955,2.449484398376));
#10863 = CARTESIAN_POINT('',(5.913409031685,2.449499161094));
#10864 = CARTESIAN_POINT('',(5.944945350608,2.449506468057));
#10865 = CARTESIAN_POINT('',(6.01504144095,2.449506485692));
#10866 = CARTESIAN_POINT('',(6.053597657688,2.449495703938));
#10867 = CARTESIAN_POINT('',(6.092120629274,2.449473522666));
#10868 = CARTESIAN_POINT('',(6.130580672163,2.449460574723));
#10869 = CARTESIAN_POINT('',(6.16894800557,2.4494976079));
#10870 = CARTESIAN_POINT('',(6.207192314554,2.449644358973));
#10871 = CARTESIAN_POINT('',(6.245282313096,2.449978427735));
#10872 = CARTESIAN_POINT('',(6.28318530718,2.450594151038));
#10873 = ( GEOMETRIC_REPRESENTATION_CONTEXT(2) 
PARAMETRIC_REPRESENTATION_CONTEXT() REPRESENTATION_CONTEXT('2D SPACE',''
  ) );
#10874 = FACE_BOUND('',#10875,.T.);
#10875 = EDGE_LOOP('',(#10876));
#10876 = ORIENTED_EDGE('',*,*,#10877,.F.);
#10877 = EDGE_CURVE('',#10878,#10878,#10880,.T.);
#10878 = VERTEX_POINT('',#10879);
#10879 = CARTESIAN_POINT('',(474.51503977537,-17.07845378354,
    2.776623499952E+03));
#10880 = SURFACE_CURVE('',#10881,(#11038,#11198),.PCURVE_S1.);
#10881 = B_SPLINE_CURVE_WITH_KNOTS('',8,(#10882,#10883,#10884,#10885,
    #10886,#10887,#10888,#10889,#10890,#10891,#10892,#10893,#10894,
    #10895,#10896,#10897,#10898,#10899,#10900,#10901,#10902,#10903,
    #10904,#10905,#10906,#10907,#10908,#10909,#10910,#10911,#10912,
    #10913,#10914,#10915,#10916,#10917,#10918,#10919,#10920,#10921,
    #10922,#10923,#10924,#10925,#10926,#10927,#10928,#10929,#10930,
    #10931,#10932,#10933,#10934,#10935,#10936,#10937,#10938,#10939,
    #10940,#10941,#10942,#10943,#10944,#10945,#10946,#10947,#10948,
    #10949,#10950,#10951,#10952,#10953,#10954,#10955,#10956,#10957,
    #10958,#10959,#10960,#10961,#10962,#10963,#10964,#10965,#10966,
    #10967,#10968,#10969,#10970,#10971,#10972,#10973,#10974,#10975,
    #10976,#10977,#10978,#10979,#10980,#10981,#10982,#10983,#10984,
    #10985,#10986,#10987,#10988,#10989,#10990,#10991,#10992,#10993,
    #10994,#10995,#10996,#10997,#10998,#10999,#11000,#11001,#11002,
    #11003,#11004,#11005,#11006,#11007,#11008,#11009,#11010,#11011,
    #11012,#11013,#11014,#11015,#11016,#11017,#11018,#11019,#11020,
    #11021,#11022,#11023,#11024,#11025,#11026,#11027,#11028,#11029,
    #11030,#11031,#11032,#11033,#11034,#11035,#11036,#11037),
  .UNSPECIFIED.,.T.,.F.,(9,7,7,7,7,7,7,7,7,7,7,7,7,7,7,7,7,7,7,7,7,7,9),
  (0.,3.150716346341E-02,5.957606626992E-02,7.384998052059E-02,
    8.839312459024E-02,0.119336756362,0.145601603984,0.181155613884,
    0.195525099595,0.221085354572,0.342301928897,0.457765950939,
    0.506489625631,0.558419843735,0.656973498516,0.710658363884,
    0.836173500108,0.862545475366,0.877974680943,0.914261591961,
    0.942000275199,0.979657133622,1.),.UNSPECIFIED.);
#10882 = CARTESIAN_POINT('',(474.51503977538,-17.07845378353,
    2.776623499952E+03));
#10883 = CARTESIAN_POINT('',(474.49633249986,-16.99367748635,
    2.776646637899E+03));
#10884 = CARTESIAN_POINT('',(474.48018614086,-16.90861244503,
    2.776672468516E+03));
#10885 = CARTESIAN_POINT('',(474.4666593231,-16.82353031973,
    2.776701020353E+03));
#10886 = CARTESIAN_POINT('',(474.45579860469,-16.73869682901,
    2.776732293514E+03));
#10887 = CARTESIAN_POINT('',(474.44763884493,-16.65437066675,
    2.776766259362E+03));
#10888 = CARTESIAN_POINT('',(474.44220357207,-16.57080241909,
    2.776802860216E+03));
#10889 = CARTESIAN_POINT('',(474.43950535109,-16.48823348137,
    2.776842009048E+03));
#10890 = CARTESIAN_POINT('',(474.43958249945,-16.33443264023,
    2.776920631831E+03));
#10891 = CARTESIAN_POINT('',(474.44179261721,-16.26296304598,
    2.776959595803E+03));
#10892 = CARTESIAN_POINT('',(474.44617532502,-16.19264939796,
    2.77700039659E+03));
#10893 = CARTESIAN_POINT('',(474.45272251689,-16.12364370115,
    2.777042933275E+03));
#10894 = CARTESIAN_POINT('',(474.46141896972,-16.05608652614,
    2.777087089083E+03));
#10895 = CARTESIAN_POINT('',(474.47224215234,-15.9901067754,
    2.777132731936E+03));
#10896 = CARTESIAN_POINT('',(474.4851620347,-15.92582144959,
    2.777179715006E+03));
#10897 = CARTESIAN_POINT('',(474.50775811654,-15.8315593119,
    2.777252369282E+03));
#10898 = CARTESIAN_POINT('',(474.51590860037,-15.80024523133,
    2.777277168853E+03));
#10899 = CARTESIAN_POINT('',(474.52458784004,-15.76940542664,
    2.777302256039E+03));
#10900 = CARTESIAN_POINT('',(474.53379112964,-15.7390510081,
    2.777327610561E+03));
#10901 = CARTESIAN_POINT('',(474.54351356573,-15.70919194174,
    2.777353211799E+03));
#10902 = CARTESIAN_POINT('',(474.55375004741,-15.67983704937,
    2.777379038799E+03));
#10903 = CARTESIAN_POINT('',(474.56449527623,-15.65099400856,
    2.777405070265E+03));
#10904 = CARTESIAN_POINT('',(474.58720440141,-15.59381044646,
    2.777457993307E+03));
#10905 = CARTESIAN_POINT('',(474.59918753863,-15.56548972485,
    2.777484891982E+03));
#10906 = CARTESIAN_POINT('',(474.6116874083,-15.53771400702,
    2.777511957799E+03));
#10907 = CARTESIAN_POINT('',(474.62469818943,-15.51048904829,
    2.777539167854E+03));
#10908 = CARTESIAN_POINT('',(474.63821399967,-15.48381954011,
    2.777566499119E+03));
#10909 = CARTESIAN_POINT('',(474.65222889527,-15.45770911001,
    2.777593928448E+03));
#10910 = CARTESIAN_POINT('',(474.66673687116,-15.43216032166,
    2.777621432579E+03));
#10911 = CARTESIAN_POINT('',(474.7136368903,-15.35401239768,
    2.777707618412E+03));
#10912 = CARTESIAN_POINT('',(474.74774827347,-15.30339757015,
    2.777766484047E+03));
#10913 = CARTESIAN_POINT('',(474.78400727193,-15.25534704239,
    2.777825359709E+03));
#10914 = CARTESIAN_POINT('',(474.82235473157,-15.20985844393,
    2.777884018143E+03));
#10915 = CARTESIAN_POINT('',(474.8627306137,-15.16691189275,
    2.777942232298E+03));
#10916 = CARTESIAN_POINT('',(474.9050735261,-15.12647170436,
    2.777999777459E+03));
#10917 = CARTESIAN_POINT('',(474.94932025418,-15.08848810086,
    2.778056433384E+03));
#10918 = CARTESIAN_POINT('',(475.0345221127,-15.02269094641,
    2.778159139672E+03));
#10919 = CARTESIAN_POINT('',(475.07497127036,-14.99420191616,
    2.778205508052E+03));
#10920 = CARTESIAN_POINT('',(475.11670085464,-14.96740457964,
    2.778250945461E+03));
#10921 = CARTESIAN_POINT('',(475.15965776134,-14.94226029921,
    2.778295313992E+03));
#10922 = CARTESIAN_POINT('',(475.20378768504,-14.91872104442,
    2.778338485249E+03));
#10923 = CARTESIAN_POINT('',(475.24903511173,-14.89673138718,
    2.778380341646E+03));
#10924 = CARTESIAN_POINT('',(475.2953433115,-14.87623049692,
    2.778420777707E+03));
#10925 = CARTESIAN_POINT('',(475.40669797171,-14.83133098462,
    2.778512391271E+03));
#10926 = CARTESIAN_POINT('',(475.47254845678,-14.80813053737,
    2.77856228444E+03));
#10927 = CARTESIAN_POINT('',(475.54002844925,-14.7874009511,
    2.77860913207E+03));
#10928 = CARTESIAN_POINT('',(475.60895626913,-14.76897069171,
    2.778652740995E+03));
#10929 = CARTESIAN_POINT('',(475.67914227592,-14.75266141728,
    2.778692974755E+03));
#10930 = CARTESIAN_POINT('',(475.75038481941,-14.73829730006,
    2.778729753348E+03));
#10931 = CARTESIAN_POINT('',(475.82246575882,-14.72571078731,
    2.778763051686E+03));
#10932 = CARTESIAN_POINT('',(475.92451976803,-14.71031279481,
    2.7788049589E+03));
#10933 = CARTESIAN_POINT('',(475.95399688565,-14.70614470383,
    2.778816459063E+03));
#10934 = CARTESIAN_POINT('',(475.9835670759,-14.70222948068,
    2.778827401101E+03));
#10935 = CARTESIAN_POINT('',(476.01322009602,-14.69855658353,
    2.778837789666E+03));
#10936 = CARTESIAN_POINT('',(476.04294528782,-14.69511597594,
    2.778847630194E+03));
#10937 = CARTESIAN_POINT('',(476.07273157767,-14.69189812681,
    2.778856928907E+03));
#10938 = CARTESIAN_POINT('',(476.10256747648,-14.68889401045,
    2.778865692808E+03));
#10939 = CARTESIAN_POINT('',(476.18557985807,-14.68111645245,
    2.778888581332E+03));
#10940 = CARTESIAN_POINT('',(476.23882204024,-14.67678848744,
    2.778901561029E+03));
#10941 = CARTESIAN_POINT('',(476.29213654524,-14.67305899687,
    2.778912924142E+03));
#10942 = CARTESIAN_POINT('',(476.3454903744,-14.66988256862,
    2.778922727693E+03));
#10943 = CARTESIAN_POINT('',(476.39884849234,-14.66721972019,
    2.77893103022E+03));
#10944 = CARTESIAN_POINT('',(476.45217370806,-14.66503602586,
    2.778937891631E+03));
#10945 = CARTESIAN_POINT('',(476.50542655591,-14.66330124381,
    2.778943373069E+03));
#10946 = CARTESIAN_POINT('',(476.81056898386,-14.65576263749,
    2.778967282651E+03));
#10947 = CARTESIAN_POINT('',(477.06100041416,-14.65900308906,
    2.778957470614E+03));
#10948 = CARTESIAN_POINT('',(477.30828697317,-14.66890532894,
    2.778924553728E+03));
#10949 = CARTESIAN_POINT('',(477.55109710354,-14.68487471521,
    2.778873977992E+03));
#10950 = CARTESIAN_POINT('',(477.78875458215,-14.7067544878,
    2.778809735074E+03));
#10951 = CARTESIAN_POINT('',(478.02170985443,-14.73476503085,
    2.77873430996E+03));
#10952 = CARTESIAN_POINT('',(478.25146269187,-14.76965244999,
    2.778648719505E+03));
#10953 = CARTESIAN_POINT('',(478.69708649233,-14.85472984708,
    2.778461380165E+03));
#10954 = CARTESIAN_POINT('',(478.90668058994,-14.90288961295,
    2.778363289383E+03));
#10955 = CARTESIAN_POINT('',(479.11216473954,-14.95885452135,
    2.778258423157E+03));
#10956 = CARTESIAN_POINT('',(479.31592405725,-15.02452595824,
    2.778145638432E+03));
#10957 = CARTESIAN_POINT('',(479.51817495812,-15.10243729411,
    2.778024032954E+03));
#10958 = CARTESIAN_POINT('',(479.71658964374,-15.1956632833,
    2.777893440474E+03));
#10959 = CARTESIAN_POINT('',(479.90608918999,-15.30777016863,
    2.777754816461E+03));
#10960 = CARTESIAN_POINT('',(480.15107057594,-15.49935940255,
    2.777549748489E+03));
#10961 = CARTESIAN_POINT('',(480.22129122632,-15.56070271624,
    2.77748740677E+03));
#10962 = CARTESIAN_POINT('',(480.28890388167,-15.62738466485,
    2.777423247736E+03));
#10963 = CARTESIAN_POINT('',(480.35327576973,-15.70028713991,
    2.77735713987E+03));
#10964 = CARTESIAN_POINT('',(480.41326828407,-15.78031051246,
    2.777289178616E+03));
#10965 = CARTESIAN_POINT('',(480.46723087685,-15.86835389521,
    2.777219708245E+03));
#10966 = CARTESIAN_POINT('',(480.51299086945,-15.96528851382,
    2.777149337873E+03));
#10967 = CARTESIAN_POINT('',(480.58498088743,-16.18557763892,
    2.777003933184E+03));
#10968 = CARTESIAN_POINT('',(480.6091010498,-16.30833629633,
    2.776930160835E+03));
#10969 = CARTESIAN_POINT('',(480.61667697654,-16.43754906482,
    2.776860670678E+03));
#10970 = CARTESIAN_POINT('',(480.60625618975,-16.57031526622,
    2.776797677708E+03));
#10971 = CARTESIAN_POINT('',(480.57843185637,-16.70323560152,
    2.776742624041E+03));
#10972 = CARTESIAN_POINT('',(480.53584267801,-16.83251952374,
    2.776696132978E+03));
#10973 = CARTESIAN_POINT('',(480.48322252401,-16.95396990627,
    2.776658072535E+03));
#10974 = CARTESIAN_POINT('',(480.32182198394,-17.26808081095,
    2.776570731146E+03));
#10975 = CARTESIAN_POINT('',(480.18979799298,-17.4564255722,
    2.77653381164E+03));
#10976 = CARTESIAN_POINT('',(480.04325482304,-17.62655733722,
    2.776511793202E+03));
#10977 = CARTESIAN_POINT('',(479.89009724352,-17.77939582344,
    2.776500244522E+03));
#10978 = CARTESIAN_POINT('',(479.73473664078,-17.91707806801,
    2.776495961425E+03));
#10979 = CARTESIAN_POINT('',(479.57809104455,-18.04268861185,
    2.776496846935E+03));
#10980 = CARTESIAN_POINT('',(479.41767117586,-18.16000454638,
    2.7765018412E+03));
#10981 = CARTESIAN_POINT('',(479.15560649332,-18.33367062852,
    2.776515399989E+03));
#10982 = CARTESIAN_POINT('',(479.06221787682,-18.39229123981,
    2.776521212701E+03));
#10983 = CARTESIAN_POINT('',(478.96800432302,-18.44837554075,
    2.776527884655E+03));
#10984 = CARTESIAN_POINT('',(478.87305865064,-18.50200631481,
    2.776535265038E+03));
#10985 = CARTESIAN_POINT('',(478.77742552599,-18.55325866818,
    2.776543219756E+03));
#10986 = CARTESIAN_POINT('',(478.68111058736,-18.6021936541,
    2.776551626818E+03));
#10987 = CARTESIAN_POINT('',(478.58408956954,-18.64885189718,
    2.776560371729E+03));
#10988 = CARTESIAN_POINT('',(478.25772630567,-18.79704341178,
    2.776590317408E+03));
#10989 = CARTESIAN_POINT('',(478.02768109104,-18.88726560819,
    2.776612284533E+03));
#10990 = CARTESIAN_POINT('',(477.79447372362,-18.96518133319,
    2.776633882239E+03));
#10991 = CARTESIAN_POINT('',(477.55657631749,-19.03043093478,
    2.776653912423E+03));
#10992 = CARTESIAN_POINT('',(477.31351799684,-19.08114728576,
    2.776670739494E+03));
#10993 = CARTESIAN_POINT('',(477.06595908718,-19.11401499306,
    2.776682151076E+03));
#10994 = CARTESIAN_POINT('',(476.81521554316,-19.12427732783,
    2.776685424376E+03));
#10995 = CARTESIAN_POINT('',(476.50981843029,-19.10099724087,
    2.776677678037E+03));
#10996 = CARTESIAN_POINT('',(476.45667795114,-19.09564955417,
    2.776675904843E+03));
#10997 = CARTESIAN_POINT('',(476.40346386053,-19.08893060525,
    2.776673688711E+03));
#10998 = CARTESIAN_POINT('',(476.35021496028,-19.080773625,
    2.776671018156E+03));
#10999 = CARTESIAN_POINT('',(476.2969678349,-19.07111034947,
    2.776667885717E+03));
#11000 = CARTESIAN_POINT('',(476.24375696927,-19.05987062538,
    2.776664288742E+03));
#11001 = CARTESIAN_POINT('',(476.19061486627,-19.04698201559,
    2.776660230167E+03));
#11002 = CARTESIAN_POINT('',(476.10653896567,-19.02382014052,
    2.776653080166E+03));
#11003 = CARTESIAN_POINT('',(476.07554492193,-19.01468215391,
    2.776650286689E+03));
#11004 = CARTESIAN_POINT('',(476.04460338804,-19.00494273817,
    2.776647341382E+03));
#11005 = CARTESIAN_POINT('',(476.0137272389,-18.99458957917,
    2.776644247768E+03));
#11006 = CARTESIAN_POINT('',(475.98292886946,-18.98361075524,
    2.776641010382E+03));
#11007 = CARTESIAN_POINT('',(475.95222019479,-18.97199473712,
    2.77663763477E+03));
#11008 = CARTESIAN_POINT('',(475.92161265001,-18.95973038797,
    2.776634127485E+03));
#11009 = CARTESIAN_POINT('',(475.81939696952,-18.91641323029,
    2.776621955668E+03));
#11010 = CARTESIAN_POINT('',(475.74826947299,-18.88236247236,
    2.776612725698E+03));
#11011 = CARTESIAN_POINT('',(475.67796441359,-18.84454613076,
    2.776602914662E+03));
#11012 = CARTESIAN_POINT('',(475.60869147684,-18.80289000783,
    2.7765926681E+03));
#11013 = CARTESIAN_POINT('',(475.54064488298,-18.75735772424,
    2.776582168474E+03));
#11014 = CARTESIAN_POINT('',(475.47400754934,-18.707955131,
    2.776571631608E+03));
#11015 = CARTESIAN_POINT('',(475.40895485301,-18.65473567663,
    2.776561299739E+03));
#11016 = CARTESIAN_POINT('',(475.29727218528,-18.55428872258,
    2.776543887337E+03));
#11017 = CARTESIAN_POINT('',(475.24992995637,-18.50861888516,
    2.776536617026E+03));
#11018 = CARTESIAN_POINT('',(475.20369309113,-18.46083598587,
    2.776529733004E+03));
#11019 = CARTESIAN_POINT('',(475.15862203856,-18.4109927749,
    2.7765233537E+03));
#11020 = CARTESIAN_POINT('',(475.11477592177,-18.35915611036,
    2.776517600534E+03));
#11021 = CARTESIAN_POINT('',(475.07221254715,-18.30540708468,
    2.776512595281E+03));
#11022 = CARTESIAN_POINT('',(475.03098841361,-18.24984115118,
    2.776508457426E+03));
#11023 = CARTESIAN_POINT('',(474.93708762349,-18.11481699261,
    2.776501017195E+03));
#11024 = CARTESIAN_POINT('',(474.88557164539,-18.0338986807,
    2.776498541306E+03));
#11025 = CARTESIAN_POINT('',(474.83671541392,-17.95003404852,
    2.776498159033E+03));
#11026 = CARTESIAN_POINT('',(474.79062081203,-17.86347144676,
    2.77650014463E+03));
#11027 = CARTESIAN_POINT('',(474.74738735366,-17.77448280253,
    2.776504753876E+03));
#11028 = CARTESIAN_POINT('',(474.70711220643,-17.68335971306,
    2.776512217927E+03));
#11029 = CARTESIAN_POINT('',(474.66988986241,-17.59040967335,
    2.776522738592E+03));
#11030 = CARTESIAN_POINT('',(474.61740173105,-17.44492505561,
    2.776543911062E+03));
#11031 = CARTESIAN_POINT('',(474.59990853307,-17.39345507188,
    2.776552278893E+03));
#11032 = CARTESIAN_POINT('',(474.58334806444,-17.34159751957,
    2.776561614659E+03));
#11033 = CARTESIAN_POINT('',(474.56773556611,-17.28940795614,
    2.776571941355E+03));
#11034 = CARTESIAN_POINT('',(474.55308537745,-17.23694236873,
    2.77658327869E+03));
#11035 = CARTESIAN_POINT('',(474.53941099512,-17.18425707915,
    2.776595642977E+03));
#11036 = CARTESIAN_POINT('',(474.52672513187,-17.13140864878,
    2.776609047012E+03));
#11037 = CARTESIAN_POINT('',(474.51503977538,-17.07845378353,
    2.776623499952E+03));
#11038 = PCURVE('',#10195,#11039);
#11039 = DEFINITIONAL_REPRESENTATION('',(#11040),#11197);
#11040 = B_SPLINE_CURVE_WITH_KNOTS('',8,(#11041,#11042,#11043,#11044,
    #11045,#11046,#11047,#11048,#11049,#11050,#11051,#11052,#11053,
    #11054,#11055,#11056,#11057,#11058,#11059,#11060,#11061,#11062,
    #11063,#11064,#11065,#11066,#11067,#11068,#11069,#11070,#11071,
    #11072,#11073,#11074,#11075,#11076,#11077,#11078,#11079,#11080,
    #11081,#11082,#11083,#11084,#11085,#11086,#11087,#11088,#11089,
    #11090,#11091,#11092,#11093,#11094,#11095,#11096,#11097,#11098,
    #11099,#11100,#11101,#11102,#11103,#11104,#11105,#11106,#11107,
    #11108,#11109,#11110,#11111,#11112,#11113,#11114,#11115,#11116,
    #11117,#11118,#11119,#11120,#11121,#11122,#11123,#11124,#11125,
    #11126,#11127,#11128,#11129,#11130,#11131,#11132,#11133,#11134,
    #11135,#11136,#11137,#11138,#11139,#11140,#11141,#11142,#11143,
    #11144,#11145,#11146,#11147,#11148,#11149,#11150,#11151,#11152,
    #11153,#11154,#11155,#11156,#11157,#11158,#11159,#11160,#11161,
    #11162,#11163,#11164,#11165,#11166,#11167,#11168,#11169,#11170,
    #11171,#11172,#11173,#11174,#11175,#11176,#11177,#11178,#11179,
    #11180,#11181,#11182,#11183,#11184,#11185,#11186,#11187,#11188,
    #11189,#11190,#11191,#11192,#11193,#11194,#11195,#11196),
  .UNSPECIFIED.,.T.,.F.,(9,7,7,7,7,7,7,7,7,7,7,7,7,7,7,7,7,7,7,7,7,7,9),
  (0.,3.150716346341E-02,5.957606626992E-02,7.384998052059E-02,
    8.839312459024E-02,0.119336756362,0.145601603984,0.181155613884,
    0.195525099595,0.221085354572,0.342301928897,0.457765950939,
    0.506489625631,0.558419843735,0.656973498516,0.710658363884,
    0.836173500108,0.862545475366,0.877974680943,0.914261591961,
    0.942000275199,0.979657133622,1.),.UNSPECIFIED.);
#11041 = CARTESIAN_POINT('',(3.408032850195,377.36503977538));
#11042 = CARTESIAN_POINT('',(3.433140593711,377.34633249986));
#11043 = CARTESIAN_POINT('',(3.45853050581,377.33018614086));
#11044 = CARTESIAN_POINT('',(3.484153922388,377.3166593231));
#11045 = CARTESIAN_POINT('',(3.5099640465,377.30579860469));
#11046 = CARTESIAN_POINT('',(3.535915197823,377.29763884493));
#11047 = CARTESIAN_POINT('',(3.561962062107,377.29220357207));
#11048 = CARTESIAN_POINT('',(3.588058940634,377.28950535109));
#11049 = CARTESIAN_POINT('',(3.63741085544,377.28958249945));
#11050 = CARTESIAN_POINT('',(3.660660017775,377.29179261721));
#11051 = CARTESIAN_POINT('',(3.683873152943,377.29617532502));
#11052 = CARTESIAN_POINT('',(3.707017587836,377.30272251689));
#11053 = CARTESIAN_POINT('',(3.730060874166,377.31141896972));
#11054 = CARTESIAN_POINT('',(3.752970352651,377.32224215234));
#11055 = CARTESIAN_POINT('',(3.775712717206,377.3351620347));
#11056 = CARTESIAN_POINT('',(3.809716311843,377.35775811654));
#11057 = CARTESIAN_POINT('',(3.821128122412,377.36590860037));
#11058 = CARTESIAN_POINT('',(3.832485081383,377.37458784004));
#11059 = CARTESIAN_POINT('',(3.843783345563,377.38379112964));
#11060 = CARTESIAN_POINT('',(3.855019158026,377.39351356573));
#11061 = CARTESIAN_POINT('',(3.866188848111,377.40375004741));
#11062 = CARTESIAN_POINT('',(3.877288831425,377.41449527623));
#11063 = CARTESIAN_POINT('',(3.899550371683,377.43720440141));
#11064 = CARTESIAN_POINT('',(3.910709131192,377.44918753863));
#11065 = CARTESIAN_POINT('',(3.921788216164,377.4616874083));
#11066 = CARTESIAN_POINT('',(3.932784011103,377.47469818943));
#11067 = CARTESIAN_POINT('',(3.943692957226,377.48821399967));
#11068 = CARTESIAN_POINT('',(3.954511552455,377.50222889527));
#11069 = CARTESIAN_POINT('',(3.965236351425,377.51673687116));
#11070 = CARTESIAN_POINT('',(3.998476474469,377.5636368903));
#11071 = CARTESIAN_POINT('',(4.020649852829,377.59774827347));
#11072 = CARTESIAN_POINT('',(4.042350920636,377.63400727193));
#11073 = CARTESIAN_POINT('',(4.063546679561,377.67235473157));
#11074 = CARTESIAN_POINT('',(4.084204366994,377.7127306137));
#11075 = CARTESIAN_POINT('',(4.104291510163,377.7550735261));
#11076 = CARTESIAN_POINT('',(4.123775980254,377.79932025418));
#11077 = CARTESIAN_POINT('',(4.158625917591,377.8845221127));
#11078 = CARTESIAN_POINT('',(4.174172018414,377.92497127036));
#11079 = CARTESIAN_POINT('',(4.189239703413,377.96670085464));
#11080 = CARTESIAN_POINT('',(4.20380644959,378.00965776134));
#11081 = CARTESIAN_POINT('',(4.21785198891,378.05378768504));
#11082 = CARTESIAN_POINT('',(4.23135844068,378.09903511173));
#11083 = CARTESIAN_POINT('',(4.244310443924,378.1453433115));
#11084 = CARTESIAN_POINT('',(4.273460318747,378.25669797171));
#11085 = CARTESIAN_POINT('',(4.289178035236,378.32254845678));
#11086 = CARTESIAN_POINT('',(4.30381092895,378.39002844925));
#11087 = CARTESIAN_POINT('',(4.317334332355,378.45895626913));
#11088 = CARTESIAN_POINT('',(4.329736049959,378.52914227592));
#11089 = CARTESIAN_POINT('',(4.341016078086,378.60038481941));
#11090 = CARTESIAN_POINT('',(4.351186415133,378.67246575882));
#11091 = CARTESIAN_POINT('',(4.363942567013,378.77451976803));
#11092 = CARTESIAN_POINT('',(4.367437453417,378.80399688565));
#11093 = CARTESIAN_POINT('',(4.370757811251,378.8335670759));
#11094 = CARTESIAN_POINT('',(4.373905972797,378.86322009602));
#11095 = CARTESIAN_POINT('',(4.376884412872,378.89294528782));
#11096 = CARTESIAN_POINT('',(4.379695748822,378.92273157767));
#11097 = CARTESIAN_POINT('',(4.382342740531,378.95256747648));
#11098 = CARTESIAN_POINT('',(4.389249554333,379.03557985807));
#11099 = CARTESIAN_POINT('',(4.393158708767,379.08882204024));
#11100 = CARTESIAN_POINT('',(4.396575645018,379.14213654524));
#11101 = CARTESIAN_POINT('',(4.399519982812,379.1954903744));
#11102 = CARTESIAN_POINT('',(4.402011146024,379.24884849234));
#11103 = CARTESIAN_POINT('',(4.404068438398,379.30217370806));
#11104 = CARTESIAN_POINT('',(4.405711119265,379.35542655591));
#11105 = CARTESIAN_POINT('',(4.412873940838,379.66056898386));
#11106 = CARTESIAN_POINT('',(4.409921928969,379.91100041416));
#11107 = CARTESIAN_POINT('',(4.400101333112,380.15828697317));
#11108 = CARTESIAN_POINT('',(4.384947192374,380.40109710354));
#11109 = CARTESIAN_POINT('',(4.365569299391,380.63875458215));
#11110 = CARTESIAN_POINT('',(4.342596638897,380.87170985443));
#11111 = CARTESIAN_POINT('',(4.316209164241,381.10146269187));
#11112 = CARTESIAN_POINT('',(4.257422665795,381.54708649233));
#11113 = CARTESIAN_POINT('',(4.226215217516,381.75668058994));
#11114 = CARTESIAN_POINT('',(4.192287057809,381.96216473953));
#11115 = CARTESIAN_POINT('',(4.155053923643,382.16592405725));
#11116 = CARTESIAN_POINT('',(4.113876606103,382.36817495811));
#11117 = CARTESIAN_POINT('',(4.068154861884,382.56658964374));
#11118 = CARTESIAN_POINT('',(4.017346866094,382.75608918999));
#11119 = CARTESIAN_POINT('',(3.937163755347,383.00107057594));
#11120 = CARTESIAN_POINT('',(3.912183159509,383.07129122632));
#11121 = CARTESIAN_POINT('',(3.88576134903,383.13890388167));
#11122 = CARTESIAN_POINT('',(3.857669621832,383.20327576973));
#11123 = CARTESIAN_POINT('',(3.827708218135,383.26326828407));
#11124 = CARTESIAN_POINT('',(3.795705695473,383.31723087685));
#11125 = CARTESIAN_POINT('',(3.761515467751,383.36299086945));
#11126 = CARTESIAN_POINT('',(3.686101063011,383.43498088743));
#11127 = CARTESIAN_POINT('',(3.645217577692,383.4591010498));
#11128 = CARTESIAN_POINT('',(3.603379346719,383.46667697654));
#11129 = CARTESIAN_POINT('',(3.561498563036,383.45625618975));
#11130 = CARTESIAN_POINT('',(3.520487982695,383.42843185637));
#11131 = CARTESIAN_POINT('',(3.481290869497,383.38584267801));
#11132 = CARTESIAN_POINT('',(3.444945890763,383.33322252401));
#11133 = CARTESIAN_POINT('',(3.351795067869,383.17182198394));
#11134 = CARTESIAN_POINT('',(3.297123392114,383.03979799298));
#11135 = CARTESIAN_POINT('',(3.248259643813,382.89325482305));
#11136 = CARTESIAN_POINT('',(3.204567927303,382.74009724352));
#11137 = CARTESIAN_POINT('',(3.165274813799,382.58473664078));
#11138 = CARTESIAN_POINT('',(3.129424202686,382.42809104455));
#11139 = CARTESIAN_POINT('',(3.095896006523,382.26767117586));
#11140 = CARTESIAN_POINT('',(3.046126128865,382.00560649332));
#11141 = CARTESIAN_POINT('',(3.029298881141,381.91221787682));
#11142 = CARTESIAN_POINT('',(3.013166858644,381.81800432302));
#11143 = CARTESIAN_POINT('',(2.997704314079,381.72305865064));
#11144 = CARTESIAN_POINT('',(2.9828894488,381.62742552599));
#11145 = CARTESIAN_POINT('',(2.968705904136,381.53111058736));
#11146 = CARTESIAN_POINT('',(2.955144252713,381.43408956954));
#11147 = CARTESIAN_POINT('',(2.911948005088,381.10772630567));
#11148 = CARTESIAN_POINT('',(2.885437875095,380.87768109104));
#11149 = CARTESIAN_POINT('',(2.862352427705,380.64447372362));
#11150 = CARTESIAN_POINT('',(2.842863786956,380.40657631749));
#11151 = CARTESIAN_POINT('',(2.827596092477,380.16351799684));
#11152 = CARTESIAN_POINT('',(2.817655890861,379.91595908718));
#11153 = CARTESIAN_POINT('',(2.814578590293,379.66521554316));
#11154 = CARTESIAN_POINT('',(2.821588601845,379.35981843029));
#11155 = CARTESIAN_POINT('',(2.823198310822,379.30667795114));
#11156 = CARTESIAN_POINT('',(2.825219738381,379.25346386053));
#11157 = CARTESIAN_POINT('',(2.827672021563,379.20021496028));
#11158 = CARTESIAN_POINT('',(2.830574359448,379.1469678349));
#11159 = CARTESIAN_POINT('',(2.833946087576,379.09375696927));
#11160 = CARTESIAN_POINT('',(2.837806752365,379.04061486627));
#11161 = CARTESIAN_POINT('',(2.844732569046,378.95653896567));
#11162 = CARTESIAN_POINT('',(2.847462689392,378.92554492193));
#11163 = CARTESIAN_POINT('',(2.85036981607,378.89460338804));
#11164 = CARTESIAN_POINT('',(2.853457053088,378.8637272389));
#11165 = CARTESIAN_POINT('',(2.856727338967,378.83292886946));
#11166 = CARTESIAN_POINT('',(2.860183446736,378.80222019479));
#11167 = CARTESIAN_POINT('',(2.863827983937,378.77161265001));
#11168 = CARTESIAN_POINT('',(2.876683632391,378.66939696952));
#11169 = CARTESIAN_POINT('',(2.886763064306,378.59826947299));
#11170 = CARTESIAN_POINT('',(2.897924326345,378.52796441359));
#11171 = CARTESIAN_POINT('',(2.910178731893,378.45869147684));
#11172 = CARTESIAN_POINT('',(2.923526159309,378.39064488298));
#11173 = CARTESIAN_POINT('',(2.937954857473,378.32400754934));
#11174 = CARTESIAN_POINT('',(2.953441167333,378.25895485301));
#11175 = CARTESIAN_POINT('',(2.982568309175,378.14727218528));
#11176 = CARTESIAN_POINT('',(2.995779908474,378.09992995637));
#11177 = CARTESIAN_POINT('',(3.009570532085,378.05369309113));
#11178 = CARTESIAN_POINT('',(3.023923868777,378.00862203856));
#11179 = CARTESIAN_POINT('',(3.038820868557,377.96477592177));
#11180 = CARTESIAN_POINT('',(3.054239889901,377.92221254715));
#11181 = CARTESIAN_POINT('',(3.070156846984,377.88098841361));
#11182 = CARTESIAN_POINT('',(3.108793702015,377.78708762349));
#11183 = CARTESIAN_POINT('',(3.131917123411,377.73557164539));
#11184 = CARTESIAN_POINT('',(3.155864935875,377.68671541392));
#11185 = CARTESIAN_POINT('',(3.180584323878,377.64062081203));
#11186 = CARTESIAN_POINT('',(3.206021677168,377.59738735366));
#11187 = CARTESIAN_POINT('',(3.232123469183,377.55711220643));
#11188 = CARTESIAN_POINT('',(3.258836678281,377.51988986241));
#11189 = CARTESIAN_POINT('',(3.300841583226,377.46740173105));
#11190 = CARTESIAN_POINT('',(3.315738306903,377.44990853307));
#11191 = CARTESIAN_POINT('',(3.330789306767,377.43334806444));
#11192 = CARTESIAN_POINT('',(3.345985153293,377.41773556611));
#11193 = CARTESIAN_POINT('',(3.361316566098,377.40308537745));
#11194 = CARTESIAN_POINT('',(3.376774376546,377.38941099512));
#11195 = CARTESIAN_POINT('',(3.392349490353,377.37672513187));
#11196 = CARTESIAN_POINT('',(3.408032850195,377.36503977538));
#11197 = ( GEOMETRIC_REPRESENTATION_CONTEXT(2) 
PARAMETRIC_REPRESENTATION_CONTEXT() REPRESENTATION_CONTEXT('2D SPACE',''
  ) );
#11198 = PCURVE('',#11199,#11204);
#11199 = CYLINDRICAL_SURFACE('',#11200,2.5);
#11200 = AXIS2_PLACEMENT_3D('',#11201,#11202,#11203);
#11201 = CARTESIAN_POINT('',(475.,-18.,2.78E+03));
#11202 = DIRECTION('',(0.584338839953,0.369056109444,-0.722734880994));
#11203 = DIRECTION('',(-0.777630026941,-2.775557561563E-17,
    -0.628722149442));
#11204 = DEFINITIONAL_REPRESENTATION('',(#11205),#11362);
#11205 = B_SPLINE_CURVE_WITH_KNOTS('',8,(#11206,#11207,#11208,#11209,
    #11210,#11211,#11212,#11213,#11214,#11215,#11216,#11217,#11218,
    #11219,#11220,#11221,#11222,#11223,#11224,#11225,#11226,#11227,
    #11228,#11229,#11230,#11231,#11232,#11233,#11234,#11235,#11236,
    #11237,#11238,#11239,#11240,#11241,#11242,#11243,#11244,#11245,
    #11246,#11247,#11248,#11249,#11250,#11251,#11252,#11253,#11254,
    #11255,#11256,#11257,#11258,#11259,#11260,#11261,#11262,#11263,
    #11264,#11265,#11266,#11267,#11268,#11269,#11270,#11271,#11272,
    #11273,#11274,#11275,#11276,#11277,#11278,#11279,#11280,#11281,
    #11282,#11283,#11284,#11285,#11286,#11287,#11288,#11289,#11290,
    #11291,#11292,#11293,#11294,#11295,#11296,#11297,#11298,#11299,
    #11300,#11301,#11302,#11303,#11304,#11305,#11306,#11307,#11308,
    #11309,#11310,#11311,#11312,#11313,#11314,#11315,#11316,#11317,
    #11318,#11319,#11320,#11321,#11322,#11323,#11324,#11325,#11326,
    #11327,#11328,#11329,#11330,#11331,#11332,#11333,#11334,#11335,
    #11336,#11337,#11338,#11339,#11340,#11341,#11342,#11343,#11344,
    #11345,#11346,#11347,#11348,#11349,#11350,#11351,#11352,#11353,
    #11354,#11355,#11356,#11357,#11358,#11359,#11360,#11361),
  .UNSPECIFIED.,.F.,.F.,(9,7,7,7,7,7,7,7,7,7,7,7,7,7,7,7,7,7,7,7,7,7,9),
  (0.,3.150716346341E-02,5.957606626992E-02,7.384998052059E-02,
    8.839312459024E-02,0.119336756362,0.145601603984,0.181155613884,
    0.195525099595,0.221085354572,0.342301928897,0.457765950939,
    0.506489625631,0.558419843735,0.656973498516,0.710658363884,
    0.836173500108,0.862545475366,0.877974680943,0.914261591961,
    0.942000275199,0.979657133622,1.),.UNSPECIFIED.);
#11206 = CARTESIAN_POINT('',(-8.881784197001E-16,2.49703552627));
#11207 = CARTESIAN_POINT('',(3.59091007176E-02,2.500668748323));
#11208 = CARTESIAN_POINT('',(7.199697017639E-02,2.503958888399));
#11209 = CARTESIAN_POINT('',(0.108231001485,2.506819313312));
#11210 = CARTESIAN_POINT('',(0.144581589008,2.509179087375));
#11211 = CARTESIAN_POINT('',(0.181020965651,2.510983804861));
#11212 = CARTESIAN_POINT('',(0.217522040147,2.512196422462));
#11213 = CARTESIAN_POINT('',(0.254057234337,2.512798091743));
#11214 = CARTESIAN_POINT('',(0.323149921615,2.51278088453));
#11215 = CARTESIAN_POINT('',(0.355699132795,2.51228801121));
#11216 = CARTESIAN_POINT('',(0.38822399845,2.511310526973));
#11217 = CARTESIAN_POINT('',(0.420704514963,2.509860533639));
#11218 = CARTESIAN_POINT('',(0.453120958859,2.507961654368));
#11219 = CARTESIAN_POINT('',(0.485453215,2.505648608506));
#11220 = CARTESIAN_POINT('',(0.51768010479,2.502966786433));
#11221 = CARTESIAN_POINT('',(0.566101860458,2.498448792634));
#11222 = CARTESIAN_POINT('',(0.582393521002,2.496844574677));
#11223 = CARTESIAN_POINT('',(0.598651529371,2.495166425509));
#11224 = CARTESIAN_POINT('',(0.614873839714,2.493422151642));
#11225 = CARTESIAN_POINT('',(0.631058526967,2.491620111132));
#11226 = CARTESIAN_POINT('',(0.647203786852,2.489769213582));
#11227 = CARTESIAN_POINT('',(0.663307935877,2.48787892014));
#11228 = CARTESIAN_POINT('',(0.695733833004,2.484003358555));
#11229 = CARTESIAN_POINT('',(0.712053946429,2.482016896109));
#11230 = CARTESIAN_POINT('',(0.728328140365,2.480010443225));
#11231 = CARTESIAN_POINT('',(0.744554891911,2.477995029962));
#11232 = CARTESIAN_POINT('',(0.760732766511,2.475982129368));
#11233 = CARTESIAN_POINT('',(0.776860417958,2.473983657483));
#11234 = CARTESIAN_POINT('',(0.792936588392,2.472011973336));
#11235 = CARTESIAN_POINT('',(0.843053554485,2.46596893726));
#11236 = CARTESIAN_POINT('',(0.876909984482,2.462037006859));
#11237 = CARTESIAN_POINT('',(0.910517217752,2.458406394272));
#11238 = CARTESIAN_POINT('',(0.943863775676,2.45520765293));
#11239 = CARTESIAN_POINT('',(0.97693853037,2.4525771357));
#11240 = CARTESIAN_POINT('',(1.009730353497,2.45065454742));
#11241 = CARTESIAN_POINT('',(1.042227765084,2.449580497432));
#11242 = CARTESIAN_POINT('',(1.101742036684,2.449420677627));
#11243 = CARTESIAN_POINT('',(1.128850171033,2.450058696093));
#11244 = CARTESIAN_POINT('',(1.155726789679,2.451493433408));
#11245 = CARTESIAN_POINT('',(1.182357465301,2.453807787676));
#11246 = CARTESIAN_POINT('',(1.208729373156,2.4570805486));
#11247 = CARTESIAN_POINT('',(1.234831125271,2.461384716881));
#11248 = CARTESIAN_POINT('',(1.260652604635,2.466785823612));
#11249 = CARTESIAN_POINT('',(1.320747037041,2.482212797972));
#11250 = CARTESIAN_POINT('',(1.354762612574,2.493194526949));
#11251 = CARTESIAN_POINT('',(1.388193974252,2.506417671741));
#11252 = CARTESIAN_POINT('',(1.421011082096,2.521978982296));
#11253 = CARTESIAN_POINT('',(1.453188738015,2.539932087889));
#11254 = CARTESIAN_POINT('',(1.484704198287,2.560281866358));
#11255 = CARTESIAN_POINT('',(1.515535068423,2.582980818069));
#11256 = CARTESIAN_POINT('',(1.557831734964,2.618009857097));
#11257 = CARTESIAN_POINT('',(1.569892376884,2.628461172155));
#11258 = CARTESIAN_POINT('',(1.581840191406,2.639276927699));
#11259 = CARTESIAN_POINT('',(1.59367583412,2.650451666078));
#11260 = CARTESIAN_POINT('',(1.605399830937,2.661978934065));
#11261 = CARTESIAN_POINT('',(1.617012578095,2.673851282864));
#11262 = CARTESIAN_POINT('',(1.62851434215,2.686060268102));
#11263 = CARTESIAN_POINT('',(1.660167277018,2.720895647454));
#11264 = CARTESIAN_POINT('',(1.680072545043,2.744223504597));
#11265 = CARTESIAN_POINT('',(1.699635953549,2.768541113711));
#11266 = CARTESIAN_POINT('',(1.718870586636,2.79380474007));
#11267 = CARTESIAN_POINT('',(1.737787826761,2.819966176046));
#11268 = CARTESIAN_POINT('',(1.756397458482,2.846973095398));
#11269 = CARTESIAN_POINT('',(1.774707772204,2.874769407546));
#11270 = CARTESIAN_POINT('',(1.87817346955,3.038577860319));
#11271 = CARTESIAN_POINT('',(1.957382565173,3.190810264325));
#11272 = CARTESIAN_POINT('',(2.0319830081,3.355445104747));
#11273 = CARTESIAN_POINT('',(2.103069632551,3.527987744306));
#11274 = CARTESIAN_POINT('',(2.171590334236,3.705215973023));
#11275 = CARTESIAN_POINT('',(2.238499594935,3.88551568571));
#11276 = CARTESIAN_POINT('',(2.304935042838,4.068752983969));
#11277 = CARTESIAN_POINT('',(2.436468789439,4.433146621179));
#11278 = CARTESIAN_POINT('',(2.499586804153,4.608740567126));
#11279 = CARTESIAN_POINT('',(2.563401588122,4.783949224885));
#11280 = CARTESIAN_POINT('',(2.629340187911,4.960290718048));
#11281 = CARTESIAN_POINT('',(2.698570049125,5.137608640394));
#11282 = CARTESIAN_POINT('',(2.772027346977,5.313528167444));
#11283 = CARTESIAN_POINT('',(2.850547555812,5.483074791245));
#11284 = CARTESIAN_POINT('',(2.970605324444,5.703729529371));
#11285 = CARTESIAN_POINT('',(3.00757330989,5.767179592458));
#11286 = CARTESIAN_POINT('',(3.046259167564,5.828448884809));
#11287 = CARTESIAN_POINT('',(3.086985911597,5.886937235728));
#11288 = CARTESIAN_POINT('',(3.130029785688,5.941578046565));
#11289 = CARTESIAN_POINT('',(3.175633608289,5.990826197458));
#11290 = CARTESIAN_POINT('',(3.224025504483,6.032650347093));
#11291 = CARTESIAN_POINT('',(3.330244372092,6.098506904326));
#11292 = CARTESIAN_POINT('',(3.387559452334,6.12061426908));
#11293 = CARTESIAN_POINT('',(3.446037967678,6.127577376281));
#11294 = CARTESIAN_POINT('',(3.504557288071,6.118017144402));
#11295 = CARTESIAN_POINT('',(3.562014716669,6.092492449453));
#11296 = CARTESIAN_POINT('',(3.617230896694,6.053493630006));
#11297 = CARTESIAN_POINT('',(3.668800670322,6.0054312344));
#11298 = CARTESIAN_POINT('',(3.801888448774,5.858318749798));
#11299 = CARTESIAN_POINT('',(3.881288737361,5.738345234442));
#11300 = CARTESIAN_POINT('',(3.953855128131,5.605839693958));
#11301 = CARTESIAN_POINT('',(4.020450056693,5.468284428627));
#11302 = CARTESIAN_POINT('',(4.082065711379,5.329784264374));
#11303 = CARTESIAN_POINT('',(4.14002969612,5.191252830745));
#11304 = CARTESIAN_POINT('',(4.196113592,5.050607578481));
#11305 = CARTESIAN_POINT('',(4.283273775588,4.823581067557));
#11306 = CARTESIAN_POINT('',(4.313523946194,4.743175127854));
#11307 = CARTESIAN_POINT('',(4.343358371261,4.662602181221));
#11308 = CARTESIAN_POINT('',(4.372848793135,4.581994911759));
#11309 = CARTESIAN_POINT('',(4.402068936254,4.50144861677));
#11310 = CARTESIAN_POINT('',(4.431094696523,4.421032224778));
#11311 = CARTESIAN_POINT('',(4.460004330691,4.340799313552));
#11312 = CARTESIAN_POINT('',(4.556386751804,4.073758812336));
#11313 = CARTESIAN_POINT('',(4.622919080137,3.890160997867));
#11314 = CARTESIAN_POINT('',(4.689898266828,3.709524185541));
#11315 = CARTESIAN_POINT('',(4.75847104031,3.531954214738));
#11316 = CARTESIAN_POINT('',(4.829598429525,3.359047107225));
#11317 = CARTESIAN_POINT('',(4.904231980344,3.194011244578));
#11318 = CARTESIAN_POINT('',(4.983472157729,3.04133894743));
#11319 = CARTESIAN_POINT('',(5.086921711038,2.877073760124));
#11320 = CARTESIAN_POINT('',(5.105173862689,2.849276860173));
#11321 = CARTESIAN_POINT('',(5.123723306155,2.822263145184));
#11322 = CARTESIAN_POINT('',(5.142578378094,2.796088231378));
#11323 = CARTESIAN_POINT('',(5.161748893547,2.770804081408));
#11324 = CARTESIAN_POINT('',(5.181246248503,2.746458653908));
#11325 = CARTESIAN_POINT('',(5.201083522465,2.723095553036));
#11326 = CARTESIAN_POINT('',(5.233089160369,2.687682325606));
#11327 = CARTESIAN_POINT('',(5.245022241817,2.67496267507));
#11328 = CARTESIAN_POINT('',(5.257074974091,2.662605402445));
#11329 = CARTESIAN_POINT('',(5.269247655958,2.650620028426));
#11330 = CARTESIAN_POINT('',(5.281540736223,2.639014918375));
#11331 = CARTESIAN_POINT('',(5.293954813725,2.627797282318));
#11332 = CARTESIAN_POINT('',(5.306490637344,2.616973174949));
#11333 = CARTESIAN_POINT('',(5.34891970715,2.582028041524));
#11334 = CARTESIAN_POINT('',(5.379380011208,2.55970294393));
#11335 = CARTESIAN_POINT('',(5.410507149845,2.53966809728));
#11336 = CARTESIAN_POINT('',(5.442279537726,2.521968223779));
#11337 = CARTESIAN_POINT('',(5.474675160391,2.506598369817));
#11338 = CARTESIAN_POINT('',(5.507669594778,2.493507276897));
#11339 = CARTESIAN_POINT('',(5.541233762359,2.482602627075));
#11340 = CARTESIAN_POINT('',(5.601396570531,2.466997218492));
#11341 = CARTESIAN_POINT('',(5.627764028075,2.461442555477));
#11342 = CARTESIAN_POINT('',(5.654424249849,2.45703445263));
#11343 = CARTESIAN_POINT('',(5.681366507712,2.453703173662));
#11344 = CARTESIAN_POINT('',(5.708578698685,2.451370836073));
#11345 = CARTESIAN_POINT('',(5.736047160568,2.449953279979));
#11346 = CARTESIAN_POINT('',(5.763756487562,2.449361936932));
#11347 = CARTESIAN_POINT('',(5.829609808156,2.449700863685));
#11348 = CARTESIAN_POINT('',(5.867952512414,2.45125088506));
#11349 = CARTESIAN_POINT('',(5.906699283684,2.453929328544));
#11350 = CARTESIAN_POINT('',(5.945831520979,2.457505858904));
#11351 = CARTESIAN_POINT('',(5.98533065341,2.461753410295));
#11352 = CARTESIAN_POINT('',(6.025178413046,2.466454080229));
#11353 = CARTESIAN_POINT('',(6.065356924497,2.471403747269));
#11354 = CARTESIAN_POINT('',(6.127722899417,2.479122797952));
#11355 = CARTESIAN_POINT('',(6.149689760884,2.481848432022));
#11356 = CARTESIAN_POINT('',(6.171744431889,2.484562569112));
#11357 = CARTESIAN_POINT('',(6.193882446996,2.487236994253));
#11358 = CARTESIAN_POINT('',(6.216099571703,2.48984517804));
#11359 = CARTESIAN_POINT('',(6.238391735048,2.492362431661));
#11360 = CARTESIAN_POINT('',(6.260754962222,2.49476606192));
#11361 = CARTESIAN_POINT('',(6.28318530718,2.49703552627));
#11362 = ( GEOMETRIC_REPRESENTATION_CONTEXT(2) 
PARAMETRIC_REPRESENTATION_CONTEXT() REPRESENTATION_CONTEXT('2D SPACE',''
  ) );
#11363 = ADVANCED_FACE('',(#11364),#10316,.F.);
#11364 = FACE_BOUND('',#11365,.F.);
#11365 = EDGE_LOOP('',(#11366,#11367,#11368));
#11366 = ORIENTED_EDGE('',*,*,#10406,.T.);
#11367 = ORIENTED_EDGE('',*,*,#10383,.T.);
#11368 = ORIENTED_EDGE('',*,*,#10303,.T.);
#11369 = ADVANCED_FACE('',(#11370,#11373),#10370,.T.);
#11370 = FACE_BOUND('',#11371,.T.);
#11371 = EDGE_LOOP('',(#11372));
#11372 = ORIENTED_EDGE('',*,*,#10355,.T.);
#11373 = FACE_BOUND('',#11374,.T.);
#11374 = EDGE_LOOP('',(#11375,#11410,#11436));
#11375 = ORIENTED_EDGE('',*,*,#11376,.F.);
#11376 = EDGE_CURVE('',#11377,#11379,#11381,.T.);
#11377 = VERTEX_POINT('',#11378);
#11378 = CARTESIAN_POINT('',(557.15,-16.5,2.778E+03));
#11379 = VERTEX_POINT('',#11380);
#11380 = CARTESIAN_POINT('',(557.15,-15.25385318781,2.780352672964E+03)
  );
#11381 = SURFACE_CURVE('',#11382,(#11387,#11394),.PCURVE_S1.);
#11382 = ELLIPSE('',#11383,2.875359302018,2.5);
#11383 = AXIS2_PLACEMENT_3D('',#11384,#11385,#11386);
#11384 = CARTESIAN_POINT('',(557.15,-18.,2.78E+03));
#11385 = DIRECTION('',(1.,0.,0.));
#11386 = DIRECTION('',(-0.,0.8,0.6));
#11387 = PCURVE('',#10370,#11388);
#11388 = DEFINITIONAL_REPRESENTATION('',(#11389),#11393);
#11389 = ELLIPSE('',#11390,2.875359302018,2.5);
#11390 = AXIS2_PLACEMENT_2D('',#11391,#11392);
#11391 = CARTESIAN_POINT('',(0.,0.));
#11392 = DIRECTION('',(0.6,-0.8));
#11393 = ( GEOMETRIC_REPRESENTATION_CONTEXT(2) 
PARAMETRIC_REPRESENTATION_CONTEXT() REPRESENTATION_CONTEXT('2D SPACE',''
  ) );
#11394 = PCURVE('',#11395,#11400);
#11395 = CYLINDRICAL_SURFACE('',#11396,2.5);
#11396 = AXIS2_PLACEMENT_3D('',#11397,#11398,#11399);
#11397 = CARTESIAN_POINT('',(557.15,-18.,2.78E+03));
#11398 = DIRECTION('',(0.869456557393,0.395207526088,0.296405644566));
#11399 = DIRECTION('',(-0.413802944301,0.910366477463,
    -1.387778780781E-17));
#11400 = DEFINITIONAL_REPRESENTATION('',(#11401),#11409);
#11401 = B_SPLINE_CURVE_WITH_KNOTS('',6,(#11402,#11403,#11404,#11405,
    #11406,#11407,#11408),.UNSPECIFIED.,.F.,.F.,(7,7),(4.712387290785,
    5.705340548549),.PIECEWISE_BEZIER_KNOTS.);
#11402 = CARTESIAN_POINT('',(5.290232049415,-2.399999857516E-06));
#11403 = CARTESIAN_POINT('',(5.455724259043,0.235071761402));
#11404 = CARTESIAN_POINT('',(5.621216468669,0.470144616783));
#11405 = CARTESIAN_POINT('',(5.786708678298,0.693637735908));
#11406 = CARTESIAN_POINT('',(5.952200887924,0.89392502203));
#11407 = CARTESIAN_POINT('',(6.117693097552,1.061429963344));
#11408 = CARTESIAN_POINT('',(6.28318530718,1.189832145099));
#11409 = ( GEOMETRIC_REPRESENTATION_CONTEXT(2) 
PARAMETRIC_REPRESENTATION_CONTEXT() REPRESENTATION_CONTEXT('2D SPACE',''
  ) );
#11410 = ORIENTED_EDGE('',*,*,#11411,.T.);
#11411 = EDGE_CURVE('',#11377,#11412,#11414,.T.);
#11412 = VERTEX_POINT('',#11413);
#11413 = CARTESIAN_POINT('',(557.15,-19.5,2.782E+03));
#11414 = SURFACE_CURVE('',#11415,(#11419,#11425),.PCURVE_S1.);
#11415 = LINE('',#11416,#11417);
#11416 = CARTESIAN_POINT('',(557.15,-18.,2.78E+03));
#11417 = VECTOR('',#11418,1.);
#11418 = DIRECTION('',(0.,-0.6,0.8));
#11419 = PCURVE('',#10370,#11420);
#11420 = DEFINITIONAL_REPRESENTATION('',(#11421),#11424);
#11421 = B_SPLINE_CURVE_WITH_KNOTS('',1,(#11422,#11423),.UNSPECIFIED.,
  .F.,.F.,(2,2),(-2.984569191767,2.984569191767),
  .PIECEWISE_BEZIER_KNOTS.);
#11422 = CARTESIAN_POINT('',(-2.387655353414,-1.79074151506));
#11423 = CARTESIAN_POINT('',(2.387655353414,1.79074151506));
#11424 = ( GEOMETRIC_REPRESENTATION_CONTEXT(2) 
PARAMETRIC_REPRESENTATION_CONTEXT() REPRESENTATION_CONTEXT('2D SPACE',''
  ) );
#11425 = PCURVE('',#11426,#11431);
#11426 = PLANE('',#11427);
#11427 = AXIS2_PLACEMENT_3D('',#11428,#11429,#11430);
#11428 = CARTESIAN_POINT('',(557.15,-18.,2.78E+03));
#11429 = DIRECTION('',(0.869456557393,0.395207526088,0.296405644566));
#11430 = DIRECTION('',(-0.413802944301,0.910366477463,
    -1.387778780781E-17));
#11431 = DEFINITIONAL_REPRESENTATION('',(#11432),#11435);
#11432 = B_SPLINE_CURVE_WITH_KNOTS('',1,(#11433,#11434),.UNSPECIFIED.,
  .F.,.F.,(2,2),(-2.984569191767,2.984569191767),
  .PIECEWISE_BEZIER_KNOTS.);
#11433 = CARTESIAN_POINT('',(1.630231045111,-2.5));
#11434 = CARTESIAN_POINT('',(-1.630231045111,2.5));
#11435 = ( GEOMETRIC_REPRESENTATION_CONTEXT(2) 
PARAMETRIC_REPRESENTATION_CONTEXT() REPRESENTATION_CONTEXT('2D SPACE',''
  ) );
#11436 = ORIENTED_EDGE('',*,*,#11437,.F.);
#11437 = EDGE_CURVE('',#11379,#11412,#11438,.T.);
#11438 = SURFACE_CURVE('',#11439,(#11444,#11451),.PCURVE_S1.);
#11439 = ELLIPSE('',#11440,2.875359302018,2.5);
#11440 = AXIS2_PLACEMENT_3D('',#11441,#11442,#11443);
#11441 = CARTESIAN_POINT('',(557.15,-18.,2.78E+03));
#11442 = DIRECTION('',(1.,0.,0.));
#11443 = DIRECTION('',(-0.,0.8,0.6));
#11444 = PCURVE('',#10370,#11445);
#11445 = DEFINITIONAL_REPRESENTATION('',(#11446),#11450);
#11446 = ELLIPSE('',#11447,2.875359302018,2.5);
#11447 = AXIS2_PLACEMENT_2D('',#11448,#11449);
#11448 = CARTESIAN_POINT('',(0.,0.));
#11449 = DIRECTION('',(0.6,-0.8));
#11450 = ( GEOMETRIC_REPRESENTATION_CONTEXT(2) 
PARAMETRIC_REPRESENTATION_CONTEXT() REPRESENTATION_CONTEXT('2D SPACE',''
  ) );
#11451 = PCURVE('',#11395,#11452);
#11452 = DEFINITIONAL_REPRESENTATION('',(#11453),#11463);
#11453 = B_SPLINE_CURVE_WITH_KNOTS('',8,(#11454,#11455,#11456,#11457,
    #11458,#11459,#11460,#11461,#11462),.UNSPECIFIED.,.F.,.F.,(9,9),(
    5.705340548549,7.853983323574),.PIECEWISE_BEZIER_KNOTS.);
#11454 = CARTESIAN_POINT('',(0.,1.189832145099));
#11455 = CARTESIAN_POINT('',(0.268580346878,1.398218404448));
#11456 = CARTESIAN_POINT('',(0.537160693754,1.508513746506));
#11457 = CARTESIAN_POINT('',(0.805741040639,1.497817468913));
#11458 = CARTESIAN_POINT('',(1.074321387506,1.358297869343));
#11459 = CARTESIAN_POINT('',(1.342901734394,1.102576310093));
#11460 = CARTESIAN_POINT('',(1.611482081268,0.763010936621));
#11461 = CARTESIAN_POINT('',(1.880062428147,0.381503774542));
#11462 = CARTESIAN_POINT('',(2.148642775026,-2.399999857516E-06));
#11463 = ( GEOMETRIC_REPRESENTATION_CONTEXT(2) 
PARAMETRIC_REPRESENTATION_CONTEXT() REPRESENTATION_CONTEXT('2D SPACE',''
  ) );
#11464 = ADVANCED_FACE('',(#11465),#10724,.T.);
#11465 = FACE_BOUND('',#11466,.T.);
#11466 = EDGE_LOOP('',(#11467,#11490,#11517,#11518));
#11467 = ORIENTED_EDGE('',*,*,#11468,.T.);
#11468 = EDGE_CURVE('',#10431,#11469,#11471,.T.);
#11469 = VERTEX_POINT('',#11470);
#11470 = CARTESIAN_POINT('',(306.67241182905,-8.,2.755641764634E+03));
#11471 = SEAM_CURVE('',#11472,(#11476,#11483),.PCURVE_S1.);
#11472 = LINE('',#11473,#11474);
#11473 = CARTESIAN_POINT('',(331.67241182905,-18.,2.778141764634E+03));
#11474 = VECTOR('',#11475,1.);
#11475 = DIRECTION('',(-0.712470499879,0.284988199952,-0.641223449891));
#11476 = PCURVE('',#10724,#11477);
#11477 = DEFINITIONAL_REPRESENTATION('',(#11478),#11482);
#11478 = LINE('',#11479,#11480);
#11479 = CARTESIAN_POINT('',(6.28318530718,-0.));
#11480 = VECTOR('',#11481,1.);
#11481 = DIRECTION('',(0.,1.));
#11482 = ( GEOMETRIC_REPRESENTATION_CONTEXT(2) 
PARAMETRIC_REPRESENTATION_CONTEXT() REPRESENTATION_CONTEXT('2D SPACE',''
  ) );
#11483 = PCURVE('',#10724,#11484);
#11484 = DEFINITIONAL_REPRESENTATION('',(#11485),#11489);
#11485 = LINE('',#11486,#11487);
#11486 = CARTESIAN_POINT('',(0.,-0.));
#11487 = VECTOR('',#11488,1.);
#11488 = DIRECTION('',(0.,1.));
#11489 = ( GEOMETRIC_REPRESENTATION_CONTEXT(2) 
PARAMETRIC_REPRESENTATION_CONTEXT() REPRESENTATION_CONTEXT('2D SPACE',''
  ) );
#11490 = ORIENTED_EDGE('',*,*,#11491,.F.);
#11491 = EDGE_CURVE('',#11469,#11469,#11492,.T.);
#11492 = SURFACE_CURVE('',#11493,(#11498,#11505),.PCURVE_S1.);
#11493 = CIRCLE('',#11494,2.5);
#11494 = AXIS2_PLACEMENT_3D('',#11495,#11496,#11497);
#11495 = CARTESIAN_POINT('',(305.,-8.,2.7575E+03));
#11496 = DIRECTION('',(-0.712470499879,0.284988199952,-0.641223449891));
#11497 = DIRECTION('',(0.668964731622,0.,-0.743294146247));
#11498 = PCURVE('',#10724,#11499);
#11499 = DEFINITIONAL_REPRESENTATION('',(#11500),#11504);
#11500 = LINE('',#11501,#11502);
#11501 = CARTESIAN_POINT('',(0.,35.089172119046));
#11502 = VECTOR('',#11503,1.);
#11503 = DIRECTION('',(1.,0.));
#11504 = ( GEOMETRIC_REPRESENTATION_CONTEXT(2) 
PARAMETRIC_REPRESENTATION_CONTEXT() REPRESENTATION_CONTEXT('2D SPACE',''
  ) );
#11505 = PCURVE('',#11506,#11511);
#11506 = PLANE('',#11507);
#11507 = AXIS2_PLACEMENT_3D('',#11508,#11509,#11510);
#11508 = CARTESIAN_POINT('',(305.,-8.,2.7575E+03));
#11509 = DIRECTION('',(-0.712470499879,0.284988199952,-0.641223449891));
#11510 = DIRECTION('',(0.668964731622,0.,-0.743294146247));
#11511 = DEFINITIONAL_REPRESENTATION('',(#11512),#11516);
#11512 = CIRCLE('',#11513,2.5);
#11513 = AXIS2_PLACEMENT_2D('',#11514,#11515);
#11514 = CARTESIAN_POINT('',(0.,0.));
#11515 = DIRECTION('',(1.,0.));
#11516 = ( GEOMETRIC_REPRESENTATION_CONTEXT(2) 
PARAMETRIC_REPRESENTATION_CONTEXT() REPRESENTATION_CONTEXT('2D SPACE',''
  ) );
#11517 = ORIENTED_EDGE('',*,*,#11468,.F.);
#11518 = ORIENTED_EDGE('',*,*,#10430,.T.);
#11519 = ADVANCED_FACE('',(#11520),#11199,.T.);
#11520 = FACE_BOUND('',#11521,.T.);
#11521 = EDGE_LOOP('',(#11522,#11545,#11572,#11573));
#11522 = ORIENTED_EDGE('',*,*,#11523,.T.);
#11523 = EDGE_CURVE('',#10878,#11524,#11526,.T.);
#11524 = VERTEX_POINT('',#11525);
#11525 = CARTESIAN_POINT('',(492.05592493264,-6.,2.754928194626E+03));
#11526 = SEAM_CURVE('',#11527,(#11531,#11538),.PCURVE_S1.);
#11527 = LINE('',#11528,#11529);
#11528 = CARTESIAN_POINT('',(473.05592493264,-18.,2.778428194626E+03));
#11529 = VECTOR('',#11530,1.);
#11530 = DIRECTION('',(0.584338839953,0.369056109444,-0.722734880994));
#11531 = PCURVE('',#11199,#11532);
#11532 = DEFINITIONAL_REPRESENTATION('',(#11533),#11537);
#11533 = LINE('',#11534,#11535);
#11534 = CARTESIAN_POINT('',(6.28318530718,-0.));
#11535 = VECTOR('',#11536,1.);
#11536 = DIRECTION('',(0.,1.));
#11537 = ( GEOMETRIC_REPRESENTATION_CONTEXT(2) 
PARAMETRIC_REPRESENTATION_CONTEXT() REPRESENTATION_CONTEXT('2D SPACE',''
  ) );
#11538 = PCURVE('',#11199,#11539);
#11539 = DEFINITIONAL_REPRESENTATION('',(#11540),#11544);
#11540 = LINE('',#11541,#11542);
#11541 = CARTESIAN_POINT('',(0.,-0.));
#11542 = VECTOR('',#11543,1.);
#11543 = DIRECTION('',(0.,1.));
#11544 = ( GEOMETRIC_REPRESENTATION_CONTEXT(2) 
PARAMETRIC_REPRESENTATION_CONTEXT() REPRESENTATION_CONTEXT('2D SPACE',''
  ) );
#11545 = ORIENTED_EDGE('',*,*,#11546,.F.);
#11546 = EDGE_CURVE('',#11524,#11524,#11547,.T.);
#11547 = SURFACE_CURVE('',#11548,(#11553,#11560),.PCURVE_S1.);
#11548 = CIRCLE('',#11549,2.5);
#11549 = AXIS2_PLACEMENT_3D('',#11550,#11551,#11552);
#11550 = CARTESIAN_POINT('',(494.,-6.,2.7565E+03));
#11551 = DIRECTION('',(0.584338839953,0.369056109444,-0.722734880994));
#11552 = DIRECTION('',(-0.777630026941,0.,-0.628722149442));
#11553 = PCURVE('',#11199,#11554);
#11554 = DEFINITIONAL_REPRESENTATION('',(#11555),#11559);
#11555 = LINE('',#11556,#11557);
#11556 = CARTESIAN_POINT('',(0.,32.515380975778));
#11557 = VECTOR('',#11558,1.);
#11558 = DIRECTION('',(1.,0.));
#11559 = ( GEOMETRIC_REPRESENTATION_CONTEXT(2) 
PARAMETRIC_REPRESENTATION_CONTEXT() REPRESENTATION_CONTEXT('2D SPACE',''
  ) );
#11560 = PCURVE('',#11561,#11566);
#11561 = PLANE('',#11562);
#11562 = AXIS2_PLACEMENT_3D('',#11563,#11564,#11565);
#11563 = CARTESIAN_POINT('',(494.,-6.,2.7565E+03));
#11564 = DIRECTION('',(0.584338839953,0.369056109444,-0.722734880994));
#11565 = DIRECTION('',(-0.777630026941,-2.775557561563E-17,
    -0.628722149442));
#11566 = DEFINITIONAL_REPRESENTATION('',(#11567),#11571);
#11567 = CIRCLE('',#11568,2.5);
#11568 = AXIS2_PLACEMENT_2D('',#11569,#11570);
#11569 = CARTESIAN_POINT('',(0.,0.));
#11570 = DIRECTION('',(1.,0.));
#11571 = ( GEOMETRIC_REPRESENTATION_CONTEXT(2) 
PARAMETRIC_REPRESENTATION_CONTEXT() REPRESENTATION_CONTEXT('2D SPACE',''
  ) );
#11572 = ORIENTED_EDGE('',*,*,#11523,.F.);
#11573 = ORIENTED_EDGE('',*,*,#10877,.T.);
#11574 = ADVANCED_FACE('',(#11575),#11395,.T.);
#11575 = FACE_BOUND('',#11576,.T.);
#11576 = EDGE_LOOP('',(#11577,#11600,#11627,#11628,#11629,#11651));
#11577 = ORIENTED_EDGE('',*,*,#11578,.T.);
#11578 = EDGE_CURVE('',#11379,#11579,#11581,.T.);
#11579 = VERTEX_POINT('',#11580);
#11580 = CARTESIAN_POINT('',(578.11549263924,-5.724083806343,2.7875E+03)
  );
#11581 = SEAM_CURVE('',#11582,(#11586,#11593),.PCURVE_S1.);
#11582 = LINE('',#11583,#11584);
#11583 = CARTESIAN_POINT('',(556.11549263924,-15.72408380634,2.78E+03));
#11584 = VECTOR('',#11585,1.);
#11585 = DIRECTION('',(0.869456557393,0.395207526088,0.296405644566));
#11586 = PCURVE('',#11395,#11587);
#11587 = DEFINITIONAL_REPRESENTATION('',(#11588),#11592);
#11588 = LINE('',#11589,#11590);
#11589 = CARTESIAN_POINT('',(6.28318530718,-0.));
#11590 = VECTOR('',#11591,1.);
#11591 = DIRECTION('',(0.,1.));
#11592 = ( GEOMETRIC_REPRESENTATION_CONTEXT(2) 
PARAMETRIC_REPRESENTATION_CONTEXT() REPRESENTATION_CONTEXT('2D SPACE',''
  ) );
#11593 = PCURVE('',#11395,#11594);
#11594 = DEFINITIONAL_REPRESENTATION('',(#11595),#11599);
#11595 = LINE('',#11596,#11597);
#11596 = CARTESIAN_POINT('',(0.,-0.));
#11597 = VECTOR('',#11598,1.);
#11598 = DIRECTION('',(0.,1.));
#11599 = ( GEOMETRIC_REPRESENTATION_CONTEXT(2) 
PARAMETRIC_REPRESENTATION_CONTEXT() REPRESENTATION_CONTEXT('2D SPACE',''
  ) );
#11600 = ORIENTED_EDGE('',*,*,#11601,.F.);
#11601 = EDGE_CURVE('',#11579,#11579,#11602,.T.);
#11602 = SURFACE_CURVE('',#11603,(#11608,#11615),.PCURVE_S1.);
#11603 = CIRCLE('',#11604,2.5);
#11604 = AXIS2_PLACEMENT_3D('',#11605,#11606,#11607);
#11605 = CARTESIAN_POINT('',(579.15,-8.,2.7875E+03));
#11606 = DIRECTION('',(0.869456557393,0.395207526088,0.296405644566));
#11607 = DIRECTION('',(-0.413802944301,0.910366477463,0.));
#11608 = PCURVE('',#11395,#11609);
#11609 = DEFINITIONAL_REPRESENTATION('',(#11610),#11614);
#11610 = LINE('',#11611,#11612);
#11611 = CARTESIAN_POINT('',(0.,25.30316185776));
#11612 = VECTOR('',#11613,1.);
#11613 = DIRECTION('',(1.,0.));
#11614 = ( GEOMETRIC_REPRESENTATION_CONTEXT(2) 
PARAMETRIC_REPRESENTATION_CONTEXT() REPRESENTATION_CONTEXT('2D SPACE',''
  ) );
#11615 = PCURVE('',#11616,#11621);
#11616 = PLANE('',#11617);
#11617 = AXIS2_PLACEMENT_3D('',#11618,#11619,#11620);
#11618 = CARTESIAN_POINT('',(579.15,-8.,2.7875E+03));
#11619 = DIRECTION('',(0.869456557393,0.395207526088,0.296405644566));
#11620 = DIRECTION('',(-0.413802944301,0.910366477463,
    -1.387778780781E-17));
#11621 = DEFINITIONAL_REPRESENTATION('',(#11622),#11626);
#11622 = CIRCLE('',#11623,2.5);
#11623 = AXIS2_PLACEMENT_2D('',#11624,#11625);
#11624 = CARTESIAN_POINT('',(0.,0.));
#11625 = DIRECTION('',(1.,0.));
#11626 = ( GEOMETRIC_REPRESENTATION_CONTEXT(2) 
PARAMETRIC_REPRESENTATION_CONTEXT() REPRESENTATION_CONTEXT('2D SPACE',''
  ) );
#11627 = ORIENTED_EDGE('',*,*,#11578,.F.);
#11628 = ORIENTED_EDGE('',*,*,#11437,.T.);
#11629 = ORIENTED_EDGE('',*,*,#11630,.T.);
#11630 = EDGE_CURVE('',#11412,#11377,#11631,.T.);
#11631 = SURFACE_CURVE('',#11632,(#11637,#11644),.PCURVE_S1.);
#11632 = CIRCLE('',#11633,2.5);
#11633 = AXIS2_PLACEMENT_3D('',#11634,#11635,#11636);
#11634 = CARTESIAN_POINT('',(557.15,-18.,2.78E+03));
#11635 = DIRECTION('',(0.869456557393,0.395207526088,0.296405644566));
#11636 = DIRECTION('',(-0.413802944301,0.910366477463,0.));
#11637 = PCURVE('',#11395,#11638);
#11638 = DEFINITIONAL_REPRESENTATION('',(#11639),#11643);
#11639 = LINE('',#11640,#11641);
#11640 = CARTESIAN_POINT('',(0.,0.));
#11641 = VECTOR('',#11642,1.);
#11642 = DIRECTION('',(1.,0.));
#11643 = ( GEOMETRIC_REPRESENTATION_CONTEXT(2) 
PARAMETRIC_REPRESENTATION_CONTEXT() REPRESENTATION_CONTEXT('2D SPACE',''
  ) );
#11644 = PCURVE('',#11426,#11645);
#11645 = DEFINITIONAL_REPRESENTATION('',(#11646),#11650);
#11646 = CIRCLE('',#11647,2.5);
#11647 = AXIS2_PLACEMENT_2D('',#11648,#11649);
#11648 = CARTESIAN_POINT('',(0.,0.));
#11649 = DIRECTION('',(1.,0.));
#11650 = ( GEOMETRIC_REPRESENTATION_CONTEXT(2) 
PARAMETRIC_REPRESENTATION_CONTEXT() REPRESENTATION_CONTEXT('2D SPACE',''
  ) );
#11651 = ORIENTED_EDGE('',*,*,#11376,.T.);
#11652 = ADVANCED_FACE('',(#11653),#11426,.F.);
#11653 = FACE_BOUND('',#11654,.F.);
#11654 = EDGE_LOOP('',(#11655,#11656));
#11655 = ORIENTED_EDGE('',*,*,#11411,.T.);
#11656 = ORIENTED_EDGE('',*,*,#11630,.T.);
#11657 = ADVANCED_FACE('',(#11658),#11506,.T.);
#11658 = FACE_BOUND('',#11659,.T.);
#11659 = EDGE_LOOP('',(#11660));
#11660 = ORIENTED_EDGE('',*,*,#11491,.T.);
#11661 = ADVANCED_FACE('',(#11662),#11561,.T.);
#11662 = FACE_BOUND('',#11663,.T.);
#11663 = EDGE_LOOP('',(#11664));
#11664 = ORIENTED_EDGE('',*,*,#11546,.T.);
#11665 = ADVANCED_FACE('',(#11666),#11616,.T.);
#11666 = FACE_BOUND('',#11667,.T.);
#11667 = EDGE_LOOP('',(#11668));
#11668 = ORIENTED_EDGE('',*,*,#11601,.T.);
#11669 = MANIFOLD_SOLID_BREP('',#11670);
#11670 = CLOSED_SHELL('',(#11671,#11812,#11836,#11840));
#11671 = ADVANCED_FACE('',(#11672),#11687,.T.);
#11672 = FACE_BOUND('',#11673,.T.);
#11673 = EDGE_LOOP('',(#11674,#11710,#11739,#11761,#11784,#11811));
#11674 = ORIENTED_EDGE('',*,*,#11675,.F.);
#11675 = EDGE_CURVE('',#11676,#11678,#11680,.T.);
#11676 = VERTEX_POINT('',#11677);
#11677 = CARTESIAN_POINT('',(-48.67960845682,-124.256797181,2.1E+03));
#11678 = VERTEX_POINT('',#11679);
#11679 = CARTESIAN_POINT('',(-55.5,-123.15,2.1E+03));
#11680 = SURFACE_CURVE('',#11681,(#11686,#11698),.PCURVE_S1.);
#11681 = CIRCLE('',#11682,3.5);
#11682 = AXIS2_PLACEMENT_3D('',#11683,#11684,#11685);
#11683 = CARTESIAN_POINT('',(-52.,-123.15,2.1E+03));
#11684 = DIRECTION('',(0.,0.,-1.));
#11685 = DIRECTION('',(-1.,0.,-0.));
#11686 = PCURVE('',#11687,#11692);
#11687 = CYLINDRICAL_SURFACE('',#11688,3.5);
#11688 = AXIS2_PLACEMENT_3D('',#11689,#11690,#11691);
#11689 = CARTESIAN_POINT('',(-52.,-123.15,2.15E+03));
#11690 = DIRECTION('',(0.,0.,-1.));
#11691 = DIRECTION('',(-1.,0.,-0.));
#11692 = DEFINITIONAL_REPRESENTATION('',(#11693),#11697);
#11693 = LINE('',#11694,#11695);
#11694 = CARTESIAN_POINT('',(0.,50.));
#11695 = VECTOR('',#11696,1.);
#11696 = DIRECTION('',(1.,0.));
#11697 = ( GEOMETRIC_REPRESENTATION_CONTEXT(2) 
PARAMETRIC_REPRESENTATION_CONTEXT() REPRESENTATION_CONTEXT('2D SPACE',''
  ) );
#11698 = PCURVE('',#11699,#11704);
#11699 = PLANE('',#11700);
#11700 = AXIS2_PLACEMENT_3D('',#11701,#11702,#11703);
#11701 = CARTESIAN_POINT('',(-52.,-123.15,2.1E+03));
#11702 = DIRECTION('',(0.,0.,-1.));
#11703 = DIRECTION('',(-1.,0.,-0.));
#11704 = DEFINITIONAL_REPRESENTATION('',(#11705),#11709);
#11705 = CIRCLE('',#11706,3.5);
#11706 = AXIS2_PLACEMENT_2D('',#11707,#11708);
#11707 = CARTESIAN_POINT('',(0.,0.));
#11708 = DIRECTION('',(1.,0.));
#11709 = ( GEOMETRIC_REPRESENTATION_CONTEXT(2) 
PARAMETRIC_REPRESENTATION_CONTEXT() REPRESENTATION_CONTEXT('2D SPACE',''
  ) );
#11710 = ORIENTED_EDGE('',*,*,#11711,.F.);
#11711 = EDGE_CURVE('',#11712,#11676,#11714,.T.);
#11712 = VERTEX_POINT('',#11713);
#11713 = CARTESIAN_POINT('',(-55.32039154317,-122.0432028189,2.1E+03));
#11714 = SURFACE_CURVE('',#11715,(#11720,#11727),.PCURVE_S1.);
#11715 = CIRCLE('',#11716,3.5);
#11716 = AXIS2_PLACEMENT_3D('',#11717,#11718,#11719);
#11717 = CARTESIAN_POINT('',(-52.,-123.15,2.1E+03));
#11718 = DIRECTION('',(0.,0.,-1.));
#11719 = DIRECTION('',(-1.,0.,-0.));
#11720 = PCURVE('',#11687,#11721);
#11721 = DEFINITIONAL_REPRESENTATION('',(#11722),#11726);
#11722 = LINE('',#11723,#11724);
#11723 = CARTESIAN_POINT('',(0.,50.));
#11724 = VECTOR('',#11725,1.);
#11725 = DIRECTION('',(1.,0.));
#11726 = ( GEOMETRIC_REPRESENTATION_CONTEXT(2) 
PARAMETRIC_REPRESENTATION_CONTEXT() REPRESENTATION_CONTEXT('2D SPACE',''
  ) );
#11727 = PCURVE('',#11728,#11733);
#11728 = PLANE('',#11729);
#11729 = AXIS2_PLACEMENT_3D('',#11730,#11731,#11732);
#11730 = CARTESIAN_POINT('',(-52.,-123.15,2.1E+03));
#11731 = DIRECTION('',(0.,0.,-1.));
#11732 = DIRECTION('',(-1.,0.,-0.));
#11733 = DEFINITIONAL_REPRESENTATION('',(#11734),#11738);
#11734 = CIRCLE('',#11735,3.5);
#11735 = AXIS2_PLACEMENT_2D('',#11736,#11737);
#11736 = CARTESIAN_POINT('',(0.,0.));
#11737 = DIRECTION('',(1.,0.));
#11738 = ( GEOMETRIC_REPRESENTATION_CONTEXT(2) 
PARAMETRIC_REPRESENTATION_CONTEXT() REPRESENTATION_CONTEXT('2D SPACE',''
  ) );
#11739 = ORIENTED_EDGE('',*,*,#11740,.F.);
#11740 = EDGE_CURVE('',#11678,#11712,#11741,.T.);
#11741 = SURFACE_CURVE('',#11742,(#11747,#11754),.PCURVE_S1.);
#11742 = CIRCLE('',#11743,3.5);
#11743 = AXIS2_PLACEMENT_3D('',#11744,#11745,#11746);
#11744 = CARTESIAN_POINT('',(-52.,-123.15,2.1E+03));
#11745 = DIRECTION('',(0.,0.,-1.));
#11746 = DIRECTION('',(-1.,0.,-0.));
#11747 = PCURVE('',#11687,#11748);
#11748 = DEFINITIONAL_REPRESENTATION('',(#11749),#11753);
#11749 = LINE('',#11750,#11751);
#11750 = CARTESIAN_POINT('',(0.,50.));
#11751 = VECTOR('',#11752,1.);
#11752 = DIRECTION('',(1.,0.));
#11753 = ( GEOMETRIC_REPRESENTATION_CONTEXT(2) 
PARAMETRIC_REPRESENTATION_CONTEXT() REPRESENTATION_CONTEXT('2D SPACE',''
  ) );
#11754 = PCURVE('',#11699,#11755);
#11755 = DEFINITIONAL_REPRESENTATION('',(#11756),#11760);
#11756 = CIRCLE('',#11757,3.5);
#11757 = AXIS2_PLACEMENT_2D('',#11758,#11759);
#11758 = CARTESIAN_POINT('',(0.,0.));
#11759 = DIRECTION('',(1.,0.));
#11760 = ( GEOMETRIC_REPRESENTATION_CONTEXT(2) 
PARAMETRIC_REPRESENTATION_CONTEXT() REPRESENTATION_CONTEXT('2D SPACE',''
  ) );
#11761 = ORIENTED_EDGE('',*,*,#11762,.F.);
#11762 = EDGE_CURVE('',#11763,#11678,#11765,.T.);
#11763 = VERTEX_POINT('',#11764);
#11764 = CARTESIAN_POINT('',(-55.5,-123.15,2.15E+03));
#11765 = SEAM_CURVE('',#11766,(#11770,#11777),.PCURVE_S1.);
#11766 = LINE('',#11767,#11768);
#11767 = CARTESIAN_POINT('',(-55.5,-123.15,2.15E+03));
#11768 = VECTOR('',#11769,1.);
#11769 = DIRECTION('',(0.,0.,-1.));
#11770 = PCURVE('',#11687,#11771);
#11771 = DEFINITIONAL_REPRESENTATION('',(#11772),#11776);
#11772 = LINE('',#11773,#11774);
#11773 = CARTESIAN_POINT('',(6.28318530718,-0.));
#11774 = VECTOR('',#11775,1.);
#11775 = DIRECTION('',(0.,1.));
#11776 = ( GEOMETRIC_REPRESENTATION_CONTEXT(2) 
PARAMETRIC_REPRESENTATION_CONTEXT() REPRESENTATION_CONTEXT('2D SPACE',''
  ) );
#11777 = PCURVE('',#11687,#11778);
#11778 = DEFINITIONAL_REPRESENTATION('',(#11779),#11783);
#11779 = LINE('',#11780,#11781);
#11780 = CARTESIAN_POINT('',(0.,-0.));
#11781 = VECTOR('',#11782,1.);
#11782 = DIRECTION('',(0.,1.));
#11783 = ( GEOMETRIC_REPRESENTATION_CONTEXT(2) 
PARAMETRIC_REPRESENTATION_CONTEXT() REPRESENTATION_CONTEXT('2D SPACE',''
  ) );
#11784 = ORIENTED_EDGE('',*,*,#11785,.T.);
#11785 = EDGE_CURVE('',#11763,#11763,#11786,.T.);
#11786 = SURFACE_CURVE('',#11787,(#11792,#11799),.PCURVE_S1.);
#11787 = CIRCLE('',#11788,3.5);
#11788 = AXIS2_PLACEMENT_3D('',#11789,#11790,#11791);
#11789 = CARTESIAN_POINT('',(-52.,-123.15,2.15E+03));
#11790 = DIRECTION('',(0.,0.,-1.));
#11791 = DIRECTION('',(-1.,0.,-0.));
#11792 = PCURVE('',#11687,#11793);
#11793 = DEFINITIONAL_REPRESENTATION('',(#11794),#11798);
#11794 = LINE('',#11795,#11796);
#11795 = CARTESIAN_POINT('',(0.,0.));
#11796 = VECTOR('',#11797,1.);
#11797 = DIRECTION('',(1.,0.));
#11798 = ( GEOMETRIC_REPRESENTATION_CONTEXT(2) 
PARAMETRIC_REPRESENTATION_CONTEXT() REPRESENTATION_CONTEXT('2D SPACE',''
  ) );
#11799 = PCURVE('',#11800,#11805);
#11800 = PLANE('',#11801);
#11801 = AXIS2_PLACEMENT_3D('',#11802,#11803,#11804);
#11802 = CARTESIAN_POINT('',(-52.,-123.15,2.15E+03));
#11803 = DIRECTION('',(0.,0.,-1.));
#11804 = DIRECTION('',(-1.,0.,-0.));
#11805 = DEFINITIONAL_REPRESENTATION('',(#11806),#11810);
#11806 = CIRCLE('',#11807,3.5);
#11807 = AXIS2_PLACEMENT_2D('',#11808,#11809);
#11808 = CARTESIAN_POINT('',(0.,0.));
#11809 = DIRECTION('',(1.,0.));
#11810 = ( GEOMETRIC_REPRESENTATION_CONTEXT(2) 
PARAMETRIC_REPRESENTATION_CONTEXT() REPRESENTATION_CONTEXT('2D SPACE',''
  ) );
#11811 = ORIENTED_EDGE('',*,*,#11762,.T.);
#11812 = ADVANCED_FACE('',(#11813),#11699,.T.);
#11813 = FACE_BOUND('',#11814,.T.);
#11814 = EDGE_LOOP('',(#11815,#11834,#11835));
#11815 = ORIENTED_EDGE('',*,*,#11816,.T.);
#11816 = EDGE_CURVE('',#11712,#11676,#11817,.T.);
#11817 = SURFACE_CURVE('',#11818,(#11822,#11828),.PCURVE_S1.);
#11818 = LINE('',#11819,#11820);
#11819 = CARTESIAN_POINT('',(-52.,-123.15,2.1E+03));
#11820 = VECTOR('',#11821,1.);
#11821 = DIRECTION('',(0.948683298051,-0.316227766017,0.));
#11822 = PCURVE('',#11699,#11823);
#11823 = DEFINITIONAL_REPRESENTATION('',(#11824),#11827);
#11824 = B_SPLINE_CURVE_WITH_KNOTS('',1,(#11825,#11826),.UNSPECIFIED.,
  .F.,.F.,(2,2),(-3.5,3.5),.PIECEWISE_BEZIER_KNOTS.);
#11825 = CARTESIAN_POINT('',(3.320391543177,1.106797181059));
#11826 = CARTESIAN_POINT('',(-3.320391543177,-1.106797181059));
#11827 = ( GEOMETRIC_REPRESENTATION_CONTEXT(2) 
PARAMETRIC_REPRESENTATION_CONTEXT() REPRESENTATION_CONTEXT('2D SPACE',''
  ) );
#11828 = PCURVE('',#11728,#11829);
#11829 = DEFINITIONAL_REPRESENTATION('',(#11830),#11833);
#11830 = B_SPLINE_CURVE_WITH_KNOTS('',1,(#11831,#11832),.UNSPECIFIED.,
  .F.,.F.,(2,2),(-3.5,3.5),.PIECEWISE_BEZIER_KNOTS.);
#11831 = CARTESIAN_POINT('',(3.320391543177,1.106797181059));
#11832 = CARTESIAN_POINT('',(-3.320391543177,-1.106797181059));
#11833 = ( GEOMETRIC_REPRESENTATION_CONTEXT(2) 
PARAMETRIC_REPRESENTATION_CONTEXT() REPRESENTATION_CONTEXT('2D SPACE',''
  ) );
#11834 = ORIENTED_EDGE('',*,*,#11675,.T.);
#11835 = ORIENTED_EDGE('',*,*,#11740,.T.);
#11836 = ADVANCED_FACE('',(#11837),#11800,.F.);
#11837 = FACE_BOUND('',#11838,.T.);
#11838 = EDGE_LOOP('',(#11839));
#11839 = ORIENTED_EDGE('',*,*,#11785,.F.);
#11840 = ADVANCED_FACE('',(#11841),#11728,.T.);
#11841 = FACE_BOUND('',#11842,.T.);
#11842 = EDGE_LOOP('',(#11843,#11844));
#11843 = ORIENTED_EDGE('',*,*,#11711,.T.);
#11844 = ORIENTED_EDGE('',*,*,#11816,.F.);
#11845 = ( GEOMETRIC_REPRESENTATION_CONTEXT(3) 
GLOBAL_UNCERTAINTY_ASSIGNED_CONTEXT((#11849)) 
GLOBAL_UNIT_ASSIGNED_CONTEXT((#11846,#11847,#11848)) 
REPRESENTATION_CONTEXT('Context #1',
  '3D Context with UNIT and UNCERTAINTY') );
#11846 = ( LENGTH_UNIT() NAMED_UNIT(*) SI_UNIT(.MILLI.,.METRE.) );
#11847 = ( NAMED_UNIT(*) PLANE_ANGLE_UNIT() SI_UNIT($,.RADIAN.) );
#11848 = ( NAMED_UNIT(*) SI_UNIT($,.STERADIAN.) SOLID_ANGLE_UNIT() );
#11849 = UNCERTAINTY_MEASURE_WITH_UNIT(LENGTH_MEASURE(2.E-07),#11846,
  'distance_accuracy_value','confusion accuracy');
#11850 = CONTEXT_DEPENDENT_SHAPE_REPRESENTATION(#11851,#11853);
#11851 = ( REPRESENTATION_RELATIONSHIP('','',#9483,#10) 
REPRESENTATION_RELATIONSHIP_WITH_TRANSFORMATION(#11852) 
SHAPE_REPRESENTATION_RELATIONSHIP() );
#11852 = ITEM_DEFINED_TRANSFORMATION('','',#11,#47);
#11853 = PRODUCT_DEFINITION_SHAPE('Placement','Placement of an item',
  #11854);
#11854 = NEXT_ASSEMBLY_USAGE_OCCURRENCE('9','=>[0:1:1:10]','',#5,#9478,$
  );
#11855 = PRODUCT_RELATED_PRODUCT_CATEGORY('part',$,(#9480));
#11856 = SHAPE_DEFINITION_REPRESENTATION(#11857,#11863);
#11857 = PRODUCT_DEFINITION_SHAPE('','',#11858);
#11858 = PRODUCT_DEFINITION('design','',#11859,#11862);
#11859 = PRODUCT_DEFINITION_FORMATION('','',#11860);
#11860 = PRODUCT('COMPOUND','COMPOUND','',(#11861));
#11861 = PRODUCT_CONTEXT('',#2,'mechanical');
#11862 = PRODUCT_DEFINITION_CONTEXT('part definition',#2,'design');
#11863 = ADVANCED_BREP_SHAPE_REPRESENTATION('',(#11,#11864),#14766);
#11864 = MANIFOLD_SOLID_BREP('',#11865);
#11865 = CLOSED_SHELL('',(#11866,#11986,#12596,#12650,#13095,#13122,
    #13149,#13181,#13400,#13405,#13437,#13626,#13631,#13724,#13729,
    #13805,#13854,#13903,#14023,#14116,#14121,#14127,#14133,#14160,
    #14165,#14192,#14197,#14221,#14368,#14374,#14381,#14436,#14491,
    #14546,#14622,#14671,#14720,#14747,#14751,#14755,#14759));
#11866 = ADVANCED_FACE('',(#11867),#11881,.F.);
#11867 = FACE_BOUND('',#11868,.F.);
#11868 = EDGE_LOOP('',(#11869,#11904,#11932,#11960));
#11869 = ORIENTED_EDGE('',*,*,#11870,.F.);
#11870 = EDGE_CURVE('',#11871,#11873,#11875,.T.);
#11871 = VERTEX_POINT('',#11872);
#11872 = CARTESIAN_POINT('',(-90.,-78.15,2.11E+03));
#11873 = VERTEX_POINT('',#11874);
#11874 = CARTESIAN_POINT('',(-90.,-78.15,2.43E+03));
#11875 = SURFACE_CURVE('',#11876,(#11880,#11892),.PCURVE_S1.);
#11876 = LINE('',#11877,#11878);
#11877 = CARTESIAN_POINT('',(-90.,-78.15,2.11E+03));
#11878 = VECTOR('',#11879,1.);
#11879 = DIRECTION('',(0.,0.,1.));
#11880 = PCURVE('',#11881,#11886);
#11881 = PLANE('',#11882);
#11882 = AXIS2_PLACEMENT_3D('',#11883,#11884,#11885);
#11883 = CARTESIAN_POINT('',(-90.,-78.15,2.11E+03));
#11884 = DIRECTION('',(1.,0.,-0.));
#11885 = DIRECTION('',(0.,0.,1.));
#11886 = DEFINITIONAL_REPRESENTATION('',(#11887),#11891);
#11887 = LINE('',#11888,#11889);
#11888 = CARTESIAN_POINT('',(0.,0.));
#11889 = VECTOR('',#11890,1.);
#11890 = DIRECTION('',(1.,0.));
#11891 = ( GEOMETRIC_REPRESENTATION_CONTEXT(2) 
PARAMETRIC_REPRESENTATION_CONTEXT() REPRESENTATION_CONTEXT('2D SPACE',''
  ) );
#11892 = PCURVE('',#11893,#11898);
#11893 = PLANE('',#11894);
#11894 = AXIS2_PLACEMENT_3D('',#11895,#11896,#11897);
#11895 = CARTESIAN_POINT('',(-90.,-78.15,2.11E+03));
#11896 = DIRECTION('',(-0.,1.,0.));
#11897 = DIRECTION('',(0.,0.,1.));
#11898 = DEFINITIONAL_REPRESENTATION('',(#11899),#11903);
#11899 = LINE('',#11900,#11901);
#11900 = CARTESIAN_POINT('',(0.,0.));
#11901 = VECTOR('',#11902,1.);
#11902 = DIRECTION('',(1.,0.));
#11903 = ( GEOMETRIC_REPRESENTATION_CONTEXT(2) 
PARAMETRIC_REPRESENTATION_CONTEXT() REPRESENTATION_CONTEXT('2D SPACE',''
  ) );
#11904 = ORIENTED_EDGE('',*,*,#11905,.T.);
#11905 = EDGE_CURVE('',#11871,#11906,#11908,.T.);
#11906 = VERTEX_POINT('',#11907);
#11907 = CARTESIAN_POINT('',(-90.,-75.15,2.11E+03));
#11908 = SURFACE_CURVE('',#11909,(#11913,#11920),.PCURVE_S1.);
#11909 = LINE('',#11910,#11911);
#11910 = CARTESIAN_POINT('',(-90.,-78.15,2.11E+03));
#11911 = VECTOR('',#11912,1.);
#11912 = DIRECTION('',(-0.,1.,0.));
#11913 = PCURVE('',#11881,#11914);
#11914 = DEFINITIONAL_REPRESENTATION('',(#11915),#11919);
#11915 = LINE('',#11916,#11917);
#11916 = CARTESIAN_POINT('',(0.,0.));
#11917 = VECTOR('',#11918,1.);
#11918 = DIRECTION('',(0.,-1.));
#11919 = ( GEOMETRIC_REPRESENTATION_CONTEXT(2) 
PARAMETRIC_REPRESENTATION_CONTEXT() REPRESENTATION_CONTEXT('2D SPACE',''
  ) );
#11920 = PCURVE('',#11921,#11926);
#11921 = PLANE('',#11922);
#11922 = AXIS2_PLACEMENT_3D('',#11923,#11924,#11925);
#11923 = CARTESIAN_POINT('',(-90.,-78.15,2.11E+03));
#11924 = DIRECTION('',(0.,0.,1.));
#11925 = DIRECTION('',(1.,0.,-0.));
#11926 = DEFINITIONAL_REPRESENTATION('',(#11927),#11931);
#11927 = LINE('',#11928,#11929);
#11928 = CARTESIAN_POINT('',(0.,0.));
#11929 = VECTOR('',#11930,1.);
#11930 = DIRECTION('',(0.,1.));
#11931 = ( GEOMETRIC_REPRESENTATION_CONTEXT(2) 
PARAMETRIC_REPRESENTATION_CONTEXT() REPRESENTATION_CONTEXT('2D SPACE',''
  ) );
#11932 = ORIENTED_EDGE('',*,*,#11933,.T.);
#11933 = EDGE_CURVE('',#11906,#11934,#11936,.T.);
#11934 = VERTEX_POINT('',#11935);
#11935 = CARTESIAN_POINT('',(-90.,-75.15,2.43E+03));
#11936 = SURFACE_CURVE('',#11937,(#11941,#11948),.PCURVE_S1.);
#11937 = LINE('',#11938,#11939);
#11938 = CARTESIAN_POINT('',(-90.,-75.15,2.11E+03));
#11939 = VECTOR('',#11940,1.);
#11940 = DIRECTION('',(0.,0.,1.));
#11941 = PCURVE('',#11881,#11942);
#11942 = DEFINITIONAL_REPRESENTATION('',(#11943),#11947);
#11943 = LINE('',#11944,#11945);
#11944 = CARTESIAN_POINT('',(0.,-3.));
#11945 = VECTOR('',#11946,1.);
#11946 = DIRECTION('',(1.,0.));
#11947 = ( GEOMETRIC_REPRESENTATION_CONTEXT(2) 
PARAMETRIC_REPRESENTATION_CONTEXT() REPRESENTATION_CONTEXT('2D SPACE',''
  ) );
#11948 = PCURVE('',#11949,#11954);
#11949 = PLANE('',#11950);
#11950 = AXIS2_PLACEMENT_3D('',#11951,#11952,#11953);
#11951 = CARTESIAN_POINT('',(-90.,-75.15,2.11E+03));
#11952 = DIRECTION('',(-0.,1.,0.));
#11953 = DIRECTION('',(0.,0.,1.));
#11954 = DEFINITIONAL_REPRESENTATION('',(#11955),#11959);
#11955 = LINE('',#11956,#11957);
#11956 = CARTESIAN_POINT('',(0.,0.));
#11957 = VECTOR('',#11958,1.);
#11958 = DIRECTION('',(1.,0.));
#11959 = ( GEOMETRIC_REPRESENTATION_CONTEXT(2) 
PARAMETRIC_REPRESENTATION_CONTEXT() REPRESENTATION_CONTEXT('2D SPACE',''
  ) );
#11960 = ORIENTED_EDGE('',*,*,#11961,.F.);
#11961 = EDGE_CURVE('',#11873,#11934,#11962,.T.);
#11962 = SURFACE_CURVE('',#11963,(#11967,#11974),.PCURVE_S1.);
#11963 = LINE('',#11964,#11965);
#11964 = CARTESIAN_POINT('',(-90.,-78.15,2.43E+03));
#11965 = VECTOR('',#11966,1.);
#11966 = DIRECTION('',(-0.,1.,0.));
#11967 = PCURVE('',#11881,#11968);
#11968 = DEFINITIONAL_REPRESENTATION('',(#11969),#11973);
#11969 = LINE('',#11970,#11971);
#11970 = CARTESIAN_POINT('',(320.,0.));
#11971 = VECTOR('',#11972,1.);
#11972 = DIRECTION('',(0.,-1.));
#11973 = ( GEOMETRIC_REPRESENTATION_CONTEXT(2) 
PARAMETRIC_REPRESENTATION_CONTEXT() REPRESENTATION_CONTEXT('2D SPACE',''
  ) );
#11974 = PCURVE('',#11975,#11980);
#11975 = PLANE('',#11976);
#11976 = AXIS2_PLACEMENT_3D('',#11977,#11978,#11979);
#11977 = CARTESIAN_POINT('',(-90.,-78.15,2.43E+03));
#11978 = DIRECTION('',(0.,0.,1.));
#11979 = DIRECTION('',(1.,0.,-0.));
#11980 = DEFINITIONAL_REPRESENTATION('',(#11981),#11985);
#11981 = LINE('',#11982,#11983);
#11982 = CARTESIAN_POINT('',(0.,0.));
#11983 = VECTOR('',#11984,1.);
#11984 = DIRECTION('',(0.,1.));
#11985 = ( GEOMETRIC_REPRESENTATION_CONTEXT(2) 
PARAMETRIC_REPRESENTATION_CONTEXT() REPRESENTATION_CONTEXT('2D SPACE',''
  ) );
#11986 = ADVANCED_FACE('',(#11987,#12296,#12389,#12503),#11893,.F.);
#11987 = FACE_BOUND('',#11988,.F.);
#11988 = EDGE_LOOP('',(#11989,#12019,#12040,#12041,#12064,#12098,#12124,
    #12153,#12181,#12215,#12241,#12270));
#11989 = ORIENTED_EDGE('',*,*,#11990,.F.);
#11990 = EDGE_CURVE('',#11991,#11993,#11995,.T.);
#11991 = VERTEX_POINT('',#11992);
#11992 = CARTESIAN_POINT('',(90.,-78.15,2.11E+03));
#11993 = VERTEX_POINT('',#11994);
#11994 = CARTESIAN_POINT('',(90.,-78.15,2.43E+03));
#11995 = SURFACE_CURVE('',#11996,(#12000,#12007),.PCURVE_S1.);
#11996 = LINE('',#11997,#11998);
#11997 = CARTESIAN_POINT('',(90.,-78.15,2.11E+03));
#11998 = VECTOR('',#11999,1.);
#11999 = DIRECTION('',(0.,0.,1.));
#12000 = PCURVE('',#11893,#12001);
#12001 = DEFINITIONAL_REPRESENTATION('',(#12002),#12006);
#12002 = LINE('',#12003,#12004);
#12003 = CARTESIAN_POINT('',(0.,180.));
#12004 = VECTOR('',#12005,1.);
#12005 = DIRECTION('',(1.,0.));
#12006 = ( GEOMETRIC_REPRESENTATION_CONTEXT(2) 
PARAMETRIC_REPRESENTATION_CONTEXT() REPRESENTATION_CONTEXT('2D SPACE',''
  ) );
#12007 = PCURVE('',#12008,#12013);
#12008 = PLANE('',#12009);
#12009 = AXIS2_PLACEMENT_3D('',#12010,#12011,#12012);
#12010 = CARTESIAN_POINT('',(90.,-78.15,2.11E+03));
#12011 = DIRECTION('',(1.,0.,-0.));
#12012 = DIRECTION('',(0.,0.,1.));
#12013 = DEFINITIONAL_REPRESENTATION('',(#12014),#12018);
#12014 = LINE('',#12015,#12016);
#12015 = CARTESIAN_POINT('',(0.,0.));
#12016 = VECTOR('',#12017,1.);
#12017 = DIRECTION('',(1.,0.));
#12018 = ( GEOMETRIC_REPRESENTATION_CONTEXT(2) 
PARAMETRIC_REPRESENTATION_CONTEXT() REPRESENTATION_CONTEXT('2D SPACE',''
  ) );
#12019 = ORIENTED_EDGE('',*,*,#12020,.F.);
#12020 = EDGE_CURVE('',#11871,#11991,#12021,.T.);
#12021 = SURFACE_CURVE('',#12022,(#12026,#12033),.PCURVE_S1.);
#12022 = LINE('',#12023,#12024);
#12023 = CARTESIAN_POINT('',(-90.,-78.15,2.11E+03));
#12024 = VECTOR('',#12025,1.);
#12025 = DIRECTION('',(1.,0.,-0.));
#12026 = PCURVE('',#11893,#12027);
#12027 = DEFINITIONAL_REPRESENTATION('',(#12028),#12032);
#12028 = LINE('',#12029,#12030);
#12029 = CARTESIAN_POINT('',(0.,0.));
#12030 = VECTOR('',#12031,1.);
#12031 = DIRECTION('',(0.,1.));
#12032 = ( GEOMETRIC_REPRESENTATION_CONTEXT(2) 
PARAMETRIC_REPRESENTATION_CONTEXT() REPRESENTATION_CONTEXT('2D SPACE',''
  ) );
#12033 = PCURVE('',#11921,#12034);
#12034 = DEFINITIONAL_REPRESENTATION('',(#12035),#12039);
#12035 = LINE('',#12036,#12037);
#12036 = CARTESIAN_POINT('',(0.,0.));
#12037 = VECTOR('',#12038,1.);
#12038 = DIRECTION('',(1.,0.));
#12039 = ( GEOMETRIC_REPRESENTATION_CONTEXT(2) 
PARAMETRIC_REPRESENTATION_CONTEXT() REPRESENTATION_CONTEXT('2D SPACE',''
  ) );
#12040 = ORIENTED_EDGE('',*,*,#11870,.T.);
#12041 = ORIENTED_EDGE('',*,*,#12042,.T.);
#12042 = EDGE_CURVE('',#11873,#12043,#12045,.T.);
#12043 = VERTEX_POINT('',#12044);
#12044 = CARTESIAN_POINT('',(-84.88934919617,-78.15,2.43E+03));
#12045 = SURFACE_CURVE('',#12046,(#12050,#12057),.PCURVE_S1.);
#12046 = LINE('',#12047,#12048);
#12047 = CARTESIAN_POINT('',(-90.,-78.15,2.43E+03));
#12048 = VECTOR('',#12049,1.);
#12049 = DIRECTION('',(1.,0.,-0.));
#12050 = PCURVE('',#11893,#12051);
#12051 = DEFINITIONAL_REPRESENTATION('',(#12052),#12056);
#12052 = LINE('',#12053,#12054);
#12053 = CARTESIAN_POINT('',(320.,0.));
#12054 = VECTOR('',#12055,1.);
#12055 = DIRECTION('',(0.,1.));
#12056 = ( GEOMETRIC_REPRESENTATION_CONTEXT(2) 
PARAMETRIC_REPRESENTATION_CONTEXT() REPRESENTATION_CONTEXT('2D SPACE',''
  ) );
#12057 = PCURVE('',#11975,#12058);
#12058 = DEFINITIONAL_REPRESENTATION('',(#12059),#12063);
#12059 = LINE('',#12060,#12061);
#12060 = CARTESIAN_POINT('',(0.,0.));
#12061 = VECTOR('',#12062,1.);
#12062 = DIRECTION('',(1.,0.));
#12063 = ( GEOMETRIC_REPRESENTATION_CONTEXT(2) 
PARAMETRIC_REPRESENTATION_CONTEXT() REPRESENTATION_CONTEXT('2D SPACE',''
  ) );
#12064 = ORIENTED_EDGE('',*,*,#12065,.F.);
#12065 = EDGE_CURVE('',#12066,#12043,#12068,.T.);
#12066 = VERTEX_POINT('',#12067);
#12067 = CARTESIAN_POINT('',(-85.,-78.15,2.41E+03));
#12068 = SURFACE_CURVE('',#12069,(#12074,#12081),.PCURVE_S1.);
#12069 = ELLIPSE('',#12070,95.59580997076,5.);
#12070 = AXIS2_PLACEMENT_3D('',#12071,#12072,#12073);
#12071 = CARTESIAN_POINT('',(-80.,-78.15,2.41E+03));
#12072 = DIRECTION('',(-0.,1.,0.));
#12073 = DIRECTION('',(0.,0.,1.));
#12074 = PCURVE('',#11893,#12075);
#12075 = DEFINITIONAL_REPRESENTATION('',(#12076),#12080);
#12076 = ELLIPSE('',#12077,95.59580997076,5.);
#12077 = AXIS2_PLACEMENT_2D('',#12078,#12079);
#12078 = CARTESIAN_POINT('',(300.,10.));
#12079 = DIRECTION('',(1.,0.));
#12080 = ( GEOMETRIC_REPRESENTATION_CONTEXT(2) 
PARAMETRIC_REPRESENTATION_CONTEXT() REPRESENTATION_CONTEXT('2D SPACE',''
  ) );
#12081 = PCURVE('',#12082,#12087);
#12082 = CYLINDRICAL_SURFACE('',#12083,5.);
#12083 = AXIS2_PLACEMENT_3D('',#12084,#12085,#12086);
#12084 = CARTESIAN_POINT('',(-80.,-78.15,2.41E+03));
#12085 = DIRECTION('',(0.,-5.230354762964E-02,0.998631232691));
#12086 = DIRECTION('',(0.,0.998631232691,5.230354762964E-02));
#12087 = DEFINITIONAL_REPRESENTATION('',(#12088),#12097);
#12088 = B_SPLINE_CURVE_WITH_KNOTS('',7,(#12089,#12090,#12091,#12092,
    #12093,#12094,#12095,#12096),.UNSPECIFIED.,.F.,.F.,(8,8),(
    4.712388955245,5.287534489849),.PIECEWISE_BEZIER_KNOTS.);
#12089 = CARTESIAN_POINT('',(1.570796351935,-2.400000539637E-06));
#12090 = CARTESIAN_POINT('',(1.488632704134,7.843747078191));
#12091 = CARTESIAN_POINT('',(1.406469056334,15.687496563949));
#12092 = CARTESIAN_POINT('',(1.324305408532,23.444757726978));
#12093 = CARTESIAN_POINT('',(1.242141760734,31.029041811518));
#12094 = CARTESIAN_POINT('',(1.159978112931,38.356245362454));
#12095 = CARTESIAN_POINT('',(1.077814465131,45.347030685669));
#12096 = CARTESIAN_POINT('',(0.995650817331,51.928824099918));
#12097 = ( GEOMETRIC_REPRESENTATION_CONTEXT(2) 
PARAMETRIC_REPRESENTATION_CONTEXT() REPRESENTATION_CONTEXT('2D SPACE',''
  ) );
#12098 = ORIENTED_EDGE('',*,*,#12099,.T.);
#12099 = EDGE_CURVE('',#12066,#12100,#12102,.T.);
#12100 = VERTEX_POINT('',#12101);
#12101 = CARTESIAN_POINT('',(-75.,-78.15,2.41E+03));
#12102 = SURFACE_CURVE('',#12103,(#12107,#12113),.PCURVE_S1.);
#12103 = LINE('',#12104,#12105);
#12104 = CARTESIAN_POINT('',(-85.,-78.15,2.41E+03));
#12105 = VECTOR('',#12106,1.);
#12106 = DIRECTION('',(1.,0.,0.));
#12107 = PCURVE('',#11893,#12108);
#12108 = DEFINITIONAL_REPRESENTATION('',(#12109),#12112);
#12109 = B_SPLINE_CURVE_WITH_KNOTS('',1,(#12110,#12111),.UNSPECIFIED.,
  .F.,.F.,(2,2),(0.,10.),.PIECEWISE_BEZIER_KNOTS.);
#12110 = CARTESIAN_POINT('',(300.,5.));
#12111 = CARTESIAN_POINT('',(300.,15.));
#12112 = ( GEOMETRIC_REPRESENTATION_CONTEXT(2) 
PARAMETRIC_REPRESENTATION_CONTEXT() REPRESENTATION_CONTEXT('2D SPACE',''
  ) );
#12113 = PCURVE('',#12114,#12119);
#12114 = PLANE('',#12115);
#12115 = AXIS2_PLACEMENT_3D('',#12116,#12117,#12118);
#12116 = CARTESIAN_POINT('',(-80.,-78.15,2.41E+03));
#12117 = DIRECTION('',(0.,-5.230354762964E-02,0.998631232691));
#12118 = DIRECTION('',(0.,0.998631232691,5.230354762964E-02));
#12119 = DEFINITIONAL_REPRESENTATION('',(#12120),#12123);
#12120 = B_SPLINE_CURVE_WITH_KNOTS('',1,(#12121,#12122),.UNSPECIFIED.,
  .F.,.F.,(2,2),(0.,10.),.PIECEWISE_BEZIER_KNOTS.);
#12121 = CARTESIAN_POINT('',(0.,5.));
#12122 = CARTESIAN_POINT('',(0.,-5.));
#12123 = ( GEOMETRIC_REPRESENTATION_CONTEXT(2) 
PARAMETRIC_REPRESENTATION_CONTEXT() REPRESENTATION_CONTEXT('2D SPACE',''
  ) );
#12124 = ORIENTED_EDGE('',*,*,#12125,.F.);
#12125 = EDGE_CURVE('',#12126,#12100,#12128,.T.);
#12126 = VERTEX_POINT('',#12127);
#12127 = CARTESIAN_POINT('',(-75.11065080382,-78.15,2.43E+03));
#12128 = SURFACE_CURVE('',#12129,(#12134,#12141),.PCURVE_S1.);
#12129 = ELLIPSE('',#12130,95.59580997076,5.);
#12130 = AXIS2_PLACEMENT_3D('',#12131,#12132,#12133);
#12131 = CARTESIAN_POINT('',(-80.,-78.15,2.41E+03));
#12132 = DIRECTION('',(-0.,1.,0.));
#12133 = DIRECTION('',(0.,0.,1.));
#12134 = PCURVE('',#11893,#12135);
#12135 = DEFINITIONAL_REPRESENTATION('',(#12136),#12140);
#12136 = ELLIPSE('',#12137,95.59580997076,5.);
#12137 = AXIS2_PLACEMENT_2D('',#12138,#12139);
#12138 = CARTESIAN_POINT('',(300.,10.));
#12139 = DIRECTION('',(1.,0.));
#12140 = ( GEOMETRIC_REPRESENTATION_CONTEXT(2) 
PARAMETRIC_REPRESENTATION_CONTEXT() REPRESENTATION_CONTEXT('2D SPACE',''
  ) );
#12141 = PCURVE('',#12082,#12142);
#12142 = DEFINITIONAL_REPRESENTATION('',(#12143),#12152);
#12143 = B_SPLINE_CURVE_WITH_KNOTS('',7,(#12144,#12145,#12146,#12147,
    #12148,#12149,#12150,#12151),.UNSPECIFIED.,.F.,.F.,(8,8),(
    0.995650817331,1.570796351935),.PIECEWISE_BEZIER_KNOTS.);
#12144 = CARTESIAN_POINT('',(5.287534489849,51.928824099919));
#12145 = CARTESIAN_POINT('',(5.205370842048,45.34703068567));
#12146 = CARTESIAN_POINT('',(5.123207194248,38.356245362451));
#12147 = CARTESIAN_POINT('',(5.041043546447,31.029041811522));
#12148 = CARTESIAN_POINT('',(4.958879898647,23.444757726975));
#12149 = CARTESIAN_POINT('',(4.876716250845,15.687496563948));
#12150 = CARTESIAN_POINT('',(4.794552603045,7.843747078191));
#12151 = CARTESIAN_POINT('',(4.712388955245,-2.400000539637E-06));
#12152 = ( GEOMETRIC_REPRESENTATION_CONTEXT(2) 
PARAMETRIC_REPRESENTATION_CONTEXT() REPRESENTATION_CONTEXT('2D SPACE',''
  ) );
#12153 = ORIENTED_EDGE('',*,*,#12154,.T.);
#12154 = EDGE_CURVE('',#12126,#12155,#12157,.T.);
#12155 = VERTEX_POINT('',#12156);
#12156 = CARTESIAN_POINT('',(75.110650803825,-78.15,2.43E+03));
#12157 = SURFACE_CURVE('',#12158,(#12162,#12169),.PCURVE_S1.);
#12158 = LINE('',#12159,#12160);
#12159 = CARTESIAN_POINT('',(-90.,-78.15,2.43E+03));
#12160 = VECTOR('',#12161,1.);
#12161 = DIRECTION('',(1.,0.,-0.));
#12162 = PCURVE('',#11893,#12163);
#12163 = DEFINITIONAL_REPRESENTATION('',(#12164),#12168);
#12164 = LINE('',#12165,#12166);
#12165 = CARTESIAN_POINT('',(320.,0.));
#12166 = VECTOR('',#12167,1.);
#12167 = DIRECTION('',(0.,1.));
#12168 = ( GEOMETRIC_REPRESENTATION_CONTEXT(2) 
PARAMETRIC_REPRESENTATION_CONTEXT() REPRESENTATION_CONTEXT('2D SPACE',''
  ) );
#12169 = PCURVE('',#12170,#12175);
#12170 = PLANE('',#12171);
#12171 = AXIS2_PLACEMENT_3D('',#12172,#12173,#12174);
#12172 = CARTESIAN_POINT('',(-90.,-78.15,2.43E+03));
#12173 = DIRECTION('',(0.,0.,1.));
#12174 = DIRECTION('',(1.,0.,-0.));
#12175 = DEFINITIONAL_REPRESENTATION('',(#12176),#12180);
#12176 = LINE('',#12177,#12178);
#12177 = CARTESIAN_POINT('',(0.,0.));
#12178 = VECTOR('',#12179,1.);
#12179 = DIRECTION('',(1.,0.));
#12180 = ( GEOMETRIC_REPRESENTATION_CONTEXT(2) 
PARAMETRIC_REPRESENTATION_CONTEXT() REPRESENTATION_CONTEXT('2D SPACE',''
  ) );
#12181 = ORIENTED_EDGE('',*,*,#12182,.F.);
#12182 = EDGE_CURVE('',#12183,#12155,#12185,.T.);
#12183 = VERTEX_POINT('',#12184);
#12184 = CARTESIAN_POINT('',(75.,-78.15,2.41E+03));
#12185 = SURFACE_CURVE('',#12186,(#12191,#12198),.PCURVE_S1.);
#12186 = ELLIPSE('',#12187,95.59580997076,5.);
#12187 = AXIS2_PLACEMENT_3D('',#12188,#12189,#12190);
#12188 = CARTESIAN_POINT('',(80.,-78.15,2.41E+03));
#12189 = DIRECTION('',(-0.,1.,0.));
#12190 = DIRECTION('',(0.,0.,1.));
#12191 = PCURVE('',#11893,#12192);
#12192 = DEFINITIONAL_REPRESENTATION('',(#12193),#12197);
#12193 = ELLIPSE('',#12194,95.59580997076,5.);
#12194 = AXIS2_PLACEMENT_2D('',#12195,#12196);
#12195 = CARTESIAN_POINT('',(300.,170.));
#12196 = DIRECTION('',(1.,0.));
#12197 = ( GEOMETRIC_REPRESENTATION_CONTEXT(2) 
PARAMETRIC_REPRESENTATION_CONTEXT() REPRESENTATION_CONTEXT('2D SPACE',''
  ) );
#12198 = PCURVE('',#12199,#12204);
#12199 = CYLINDRICAL_SURFACE('',#12200,5.);
#12200 = AXIS2_PLACEMENT_3D('',#12201,#12202,#12203);
#12201 = CARTESIAN_POINT('',(80.,-78.15,2.41E+03));
#12202 = DIRECTION('',(0.,-5.230354762964E-02,0.998631232691));
#12203 = DIRECTION('',(0.,0.998631232691,5.230354762964E-02));
#12204 = DEFINITIONAL_REPRESENTATION('',(#12205),#12214);
#12205 = B_SPLINE_CURVE_WITH_KNOTS('',7,(#12206,#12207,#12208,#12209,
    #12210,#12211,#12212,#12213),.UNSPECIFIED.,.F.,.F.,(8,8),(
    4.712388955245,5.287534489849),.PIECEWISE_BEZIER_KNOTS.);
#12206 = CARTESIAN_POINT('',(1.570796351935,-2.400000539637E-06));
#12207 = CARTESIAN_POINT('',(1.488632704134,7.843747078191));
#12208 = CARTESIAN_POINT('',(1.406469056334,15.687496563963));
#12209 = CARTESIAN_POINT('',(1.324305408533,23.444757726953));
#12210 = CARTESIAN_POINT('',(1.242141760733,31.029041811544));
#12211 = CARTESIAN_POINT('',(1.159978112932,38.356245362442));
#12212 = CARTESIAN_POINT('',(1.077814465131,45.34703068567));
#12213 = CARTESIAN_POINT('',(0.995650817331,51.928824099919));
#12214 = ( GEOMETRIC_REPRESENTATION_CONTEXT(2) 
PARAMETRIC_REPRESENTATION_CONTEXT() REPRESENTATION_CONTEXT('2D SPACE',''
  ) );
#12215 = ORIENTED_EDGE('',*,*,#12216,.T.);
#12216 = EDGE_CURVE('',#12183,#12217,#12219,.T.);
#12217 = VERTEX_POINT('',#12218);
#12218 = CARTESIAN_POINT('',(85.,-78.15,2.41E+03));
#12219 = SURFACE_CURVE('',#12220,(#12224,#12230),.PCURVE_S1.);
#12220 = LINE('',#12221,#12222);
#12221 = CARTESIAN_POINT('',(-5.,-78.15,2.41E+03));
#12222 = VECTOR('',#12223,1.);
#12223 = DIRECTION('',(1.,0.,0.));
#12224 = PCURVE('',#11893,#12225);
#12225 = DEFINITIONAL_REPRESENTATION('',(#12226),#12229);
#12226 = B_SPLINE_CURVE_WITH_KNOTS('',1,(#12227,#12228),.UNSPECIFIED.,
  .F.,.F.,(2,2),(80.,90.),.PIECEWISE_BEZIER_KNOTS.);
#12227 = CARTESIAN_POINT('',(300.,165.));
#12228 = CARTESIAN_POINT('',(300.,175.));
#12229 = ( GEOMETRIC_REPRESENTATION_CONTEXT(2) 
PARAMETRIC_REPRESENTATION_CONTEXT() REPRESENTATION_CONTEXT('2D SPACE',''
  ) );
#12230 = PCURVE('',#12231,#12236);
#12231 = PLANE('',#12232);
#12232 = AXIS2_PLACEMENT_3D('',#12233,#12234,#12235);
#12233 = CARTESIAN_POINT('',(80.,-78.15,2.41E+03));
#12234 = DIRECTION('',(0.,-5.230354762964E-02,0.998631232691));
#12235 = DIRECTION('',(0.,0.998631232691,5.230354762964E-02));
#12236 = DEFINITIONAL_REPRESENTATION('',(#12237),#12240);
#12237 = B_SPLINE_CURVE_WITH_KNOTS('',1,(#12238,#12239),.UNSPECIFIED.,
  .F.,.F.,(2,2),(80.,90.),.PIECEWISE_BEZIER_KNOTS.);
#12238 = CARTESIAN_POINT('',(0.,5.));
#12239 = CARTESIAN_POINT('',(0.,-5.));
#12240 = ( GEOMETRIC_REPRESENTATION_CONTEXT(2) 
PARAMETRIC_REPRESENTATION_CONTEXT() REPRESENTATION_CONTEXT('2D SPACE',''
  ) );
#12241 = ORIENTED_EDGE('',*,*,#12242,.F.);
#12242 = EDGE_CURVE('',#12243,#12217,#12245,.T.);
#12243 = VERTEX_POINT('',#12244);
#12244 = CARTESIAN_POINT('',(84.889349196175,-78.15,2.43E+03));
#12245 = SURFACE_CURVE('',#12246,(#12251,#12258),.PCURVE_S1.);
#12246 = ELLIPSE('',#12247,95.59580997076,5.);
#12247 = AXIS2_PLACEMENT_3D('',#12248,#12249,#12250);
#12248 = CARTESIAN_POINT('',(80.,-78.15,2.41E+03));
#12249 = DIRECTION('',(-0.,1.,0.));
#12250 = DIRECTION('',(0.,0.,1.));
#12251 = PCURVE('',#11893,#12252);
#12252 = DEFINITIONAL_REPRESENTATION('',(#12253),#12257);
#12253 = ELLIPSE('',#12254,95.59580997076,5.);
#12254 = AXIS2_PLACEMENT_2D('',#12255,#12256);
#12255 = CARTESIAN_POINT('',(300.,170.));
#12256 = DIRECTION('',(1.,0.));
#12257 = ( GEOMETRIC_REPRESENTATION_CONTEXT(2) 
PARAMETRIC_REPRESENTATION_CONTEXT() REPRESENTATION_CONTEXT('2D SPACE',''
  ) );
#12258 = PCURVE('',#12199,#12259);
#12259 = DEFINITIONAL_REPRESENTATION('',(#12260),#12269);
#12260 = B_SPLINE_CURVE_WITH_KNOTS('',7,(#12261,#12262,#12263,#12264,
    #12265,#12266,#12267,#12268),.UNSPECIFIED.,.F.,.F.,(8,8),(
    0.995650817331,1.570796351935),.PIECEWISE_BEZIER_KNOTS.);
#12261 = CARTESIAN_POINT('',(5.287534489849,51.928824099919));
#12262 = CARTESIAN_POINT('',(5.205370842048,45.34703068567));
#12263 = CARTESIAN_POINT('',(5.123207194248,38.356245362451));
#12264 = CARTESIAN_POINT('',(5.041043546447,31.029041811522));
#12265 = CARTESIAN_POINT('',(4.958879898647,23.444757726975));
#12266 = CARTESIAN_POINT('',(4.876716250845,15.687496563948));
#12267 = CARTESIAN_POINT('',(4.794552603045,7.843747078191));
#12268 = CARTESIAN_POINT('',(4.712388955245,-2.400000539637E-06));
#12269 = ( GEOMETRIC_REPRESENTATION_CONTEXT(2) 
PARAMETRIC_REPRESENTATION_CONTEXT() REPRESENTATION_CONTEXT('2D SPACE',''
  ) );
#12270 = ORIENTED_EDGE('',*,*,#12271,.T.);
#12271 = EDGE_CURVE('',#12243,#11993,#12272,.T.);
#12272 = SURFACE_CURVE('',#12273,(#12277,#12284),.PCURVE_S1.);
#12273 = LINE('',#12274,#12275);
#12274 = CARTESIAN_POINT('',(-90.,-78.15,2.43E+03));
#12275 = VECTOR('',#12276,1.);
#12276 = DIRECTION('',(1.,0.,-0.));
#12277 = PCURVE('',#11893,#12278);
#12278 = DEFINITIONAL_REPRESENTATION('',(#12279),#12283);
#12279 = LINE('',#12280,#12281);
#12280 = CARTESIAN_POINT('',(320.,0.));
#12281 = VECTOR('',#12282,1.);
#12282 = DIRECTION('',(0.,1.));
#12283 = ( GEOMETRIC_REPRESENTATION_CONTEXT(2) 
PARAMETRIC_REPRESENTATION_CONTEXT() REPRESENTATION_CONTEXT('2D SPACE',''
  ) );
#12284 = PCURVE('',#12285,#12290);
#12285 = PLANE('',#12286);
#12286 = AXIS2_PLACEMENT_3D('',#12287,#12288,#12289);
#12287 = CARTESIAN_POINT('',(-90.,-78.15,2.43E+03));
#12288 = DIRECTION('',(0.,0.,1.));
#12289 = DIRECTION('',(1.,0.,-0.));
#12290 = DEFINITIONAL_REPRESENTATION('',(#12291),#12295);
#12291 = LINE('',#12292,#12293);
#12292 = CARTESIAN_POINT('',(0.,0.));
#12293 = VECTOR('',#12294,1.);
#12294 = DIRECTION('',(1.,0.));
#12295 = ( GEOMETRIC_REPRESENTATION_CONTEXT(2) 
PARAMETRIC_REPRESENTATION_CONTEXT() REPRESENTATION_CONTEXT('2D SPACE',''
  ) );
#12296 = FACE_BOUND('',#12297,.F.);
#12297 = EDGE_LOOP('',(#12298,#12335,#12365));
#12298 = ORIENTED_EDGE('',*,*,#12299,.F.);
#12299 = EDGE_CURVE('',#12300,#12302,#12304,.T.);
#12300 = VERTEX_POINT('',#12301);
#12301 = CARTESIAN_POINT('',(-80.,-78.15,2.367397176264E+03));
#12302 = VERTEX_POINT('',#12303);
#12303 = CARTESIAN_POINT('',(-75.,-78.15,2.36E+03));
#12304 = SURFACE_CURVE('',#12305,(#12310,#12317),.PCURVE_S1.);
#12305 = ELLIPSE('',#12306,7.397176264317,5.);
#12306 = AXIS2_PLACEMENT_3D('',#12307,#12308,#12309);
#12307 = CARTESIAN_POINT('',(-80.,-78.15,2.36E+03));
#12308 = DIRECTION('',(-0.,1.,0.));
#12309 = DIRECTION('',(0.,0.,1.));
#12310 = PCURVE('',#11893,#12311);
#12311 = DEFINITIONAL_REPRESENTATION('',(#12312),#12316);
#12312 = ELLIPSE('',#12313,7.397176264317,5.);
#12313 = AXIS2_PLACEMENT_2D('',#12314,#12315);
#12314 = CARTESIAN_POINT('',(250.,10.));
#12315 = DIRECTION('',(1.,0.));
#12316 = ( GEOMETRIC_REPRESENTATION_CONTEXT(2) 
PARAMETRIC_REPRESENTATION_CONTEXT() REPRESENTATION_CONTEXT('2D SPACE',''
  ) );
#12317 = PCURVE('',#12318,#12323);
#12318 = CYLINDRICAL_SURFACE('',#12319,5.);
#12319 = AXIS2_PLACEMENT_3D('',#12320,#12321,#12322);
#12320 = CARTESIAN_POINT('',(-80.,-78.15,2.36E+03));
#12321 = DIRECTION('',(0.,-0.67593360241,0.736962526275));
#12322 = DIRECTION('',(0.,0.736962526275,0.67593360241));
#12323 = DEFINITIONAL_REPRESENTATION('',(#12324),#12334);
#12324 = B_SPLINE_CURVE_WITH_KNOTS('',8,(#12325,#12326,#12327,#12328,
    #12329,#12330,#12331,#12332,#12333),.UNSPECIFIED.,.F.,.F.,(9,9),(0.,
    1.570796767045),.PIECEWISE_BEZIER_KNOTS.);
#12325 = CARTESIAN_POINT('',(6.28318530718,5.451441707051));
#12326 = CARTESIAN_POINT('',(6.086835711299,5.451441707051));
#12327 = CARTESIAN_POINT('',(5.890486115418,5.211246820548));
#12328 = CARTESIAN_POINT('',(5.694136519542,4.730859088042));
#12329 = CARTESIAN_POINT('',(5.497786923654,4.030025199463));
#12330 = CARTESIAN_POINT('',(5.301437327779,3.148278642911));
#12331 = CARTESIAN_POINT('',(5.105087731895,2.140774712178));
#12332 = CARTESIAN_POINT('',(4.908738136015,1.070385976146));
#12333 = CARTESIAN_POINT('',(4.712388540134,-2.400000312264E-06));
#12334 = ( GEOMETRIC_REPRESENTATION_CONTEXT(2) 
PARAMETRIC_REPRESENTATION_CONTEXT() REPRESENTATION_CONTEXT('2D SPACE',''
  ) );
#12335 = ORIENTED_EDGE('',*,*,#12336,.F.);
#12336 = EDGE_CURVE('',#12337,#12300,#12339,.T.);
#12337 = VERTEX_POINT('',#12338);
#12338 = CARTESIAN_POINT('',(-85.,-78.15,2.36E+03));
#12339 = SURFACE_CURVE('',#12340,(#12345,#12352),.PCURVE_S1.);
#12340 = ELLIPSE('',#12341,7.397176264317,5.);
#12341 = AXIS2_PLACEMENT_3D('',#12342,#12343,#12344);
#12342 = CARTESIAN_POINT('',(-80.,-78.15,2.36E+03));
#12343 = DIRECTION('',(-0.,1.,0.));
#12344 = DIRECTION('',(0.,0.,1.));
#12345 = PCURVE('',#11893,#12346);
#12346 = DEFINITIONAL_REPRESENTATION('',(#12347),#12351);
#12347 = ELLIPSE('',#12348,7.397176264317,5.);
#12348 = AXIS2_PLACEMENT_2D('',#12349,#12350);
#12349 = CARTESIAN_POINT('',(250.,10.));
#12350 = DIRECTION('',(1.,0.));
#12351 = ( GEOMETRIC_REPRESENTATION_CONTEXT(2) 
PARAMETRIC_REPRESENTATION_CONTEXT() REPRESENTATION_CONTEXT('2D SPACE',''
  ) );
#12352 = PCURVE('',#12318,#12353);
#12353 = DEFINITIONAL_REPRESENTATION('',(#12354),#12364);
#12354 = B_SPLINE_CURVE_WITH_KNOTS('',8,(#12355,#12356,#12357,#12358,
    #12359,#12360,#12361,#12362,#12363),.UNSPECIFIED.,.F.,.F.,(9,9),(
    4.712388540134,6.28318530718),.PIECEWISE_BEZIER_KNOTS.);
#12355 = CARTESIAN_POINT('',(1.570796767045,-2.400000312264E-06));
#12356 = CARTESIAN_POINT('',(1.374447171165,1.070385976146));
#12357 = CARTESIAN_POINT('',(1.178097575283,2.140774712185));
#12358 = CARTESIAN_POINT('',(0.981747979403,3.148278642882));
#12359 = CARTESIAN_POINT('',(0.785398383518,4.030025199514));
#12360 = CARTESIAN_POINT('',(0.589048787641,4.730859088009));
#12361 = CARTESIAN_POINT('',(0.392699191761,5.211246820556));
#12362 = CARTESIAN_POINT('',(0.196349595881,5.451441707051));
#12363 = CARTESIAN_POINT('',(0.,5.451441707051));
#12364 = ( GEOMETRIC_REPRESENTATION_CONTEXT(2) 
PARAMETRIC_REPRESENTATION_CONTEXT() REPRESENTATION_CONTEXT('2D SPACE',''
  ) );
#12365 = ORIENTED_EDGE('',*,*,#12366,.T.);
#12366 = EDGE_CURVE('',#12337,#12302,#12367,.T.);
#12367 = SURFACE_CURVE('',#12368,(#12372,#12378),.PCURVE_S1.);
#12368 = LINE('',#12369,#12370);
#12369 = CARTESIAN_POINT('',(-85.,-78.15,2.36E+03));
#12370 = VECTOR('',#12371,1.);
#12371 = DIRECTION('',(1.,0.,0.));
#12372 = PCURVE('',#11893,#12373);
#12373 = DEFINITIONAL_REPRESENTATION('',(#12374),#12377);
#12374 = B_SPLINE_CURVE_WITH_KNOTS('',1,(#12375,#12376),.UNSPECIFIED.,
  .F.,.F.,(2,2),(0.,10.),.PIECEWISE_BEZIER_KNOTS.);
#12375 = CARTESIAN_POINT('',(250.,5.));
#12376 = CARTESIAN_POINT('',(250.,15.));
#12377 = ( GEOMETRIC_REPRESENTATION_CONTEXT(2) 
PARAMETRIC_REPRESENTATION_CONTEXT() REPRESENTATION_CONTEXT('2D SPACE',''
  ) );
#12378 = PCURVE('',#12379,#12384);
#12379 = PLANE('',#12380);
#12380 = AXIS2_PLACEMENT_3D('',#12381,#12382,#12383);
#12381 = CARTESIAN_POINT('',(-80.,-78.15,2.36E+03));
#12382 = DIRECTION('',(0.,-0.67593360241,0.736962526275));
#12383 = DIRECTION('',(0.,0.736962526275,0.67593360241));
#12384 = DEFINITIONAL_REPRESENTATION('',(#12385),#12388);
#12385 = B_SPLINE_CURVE_WITH_KNOTS('',1,(#12386,#12387),.UNSPECIFIED.,
  .F.,.F.,(2,2),(0.,10.),.PIECEWISE_BEZIER_KNOTS.);
#12386 = CARTESIAN_POINT('',(0.,5.));
#12387 = CARTESIAN_POINT('',(0.,-5.));
#12388 = ( GEOMETRIC_REPRESENTATION_CONTEXT(2) 
PARAMETRIC_REPRESENTATION_CONTEXT() REPRESENTATION_CONTEXT('2D SPACE',''
  ) );
#12389 = FACE_BOUND('',#12390,.F.);
#12390 = EDGE_LOOP('',(#12391,#12421,#12449,#12477));
#12391 = ORIENTED_EDGE('',*,*,#12392,.F.);
#12392 = EDGE_CURVE('',#12393,#12395,#12397,.T.);
#12393 = VERTEX_POINT('',#12394);
#12394 = CARTESIAN_POINT('',(-75.,-78.15,2.35E+03));
#12395 = VERTEX_POINT('',#12396);
#12396 = CARTESIAN_POINT('',(75.,-78.15,2.35E+03));
#12397 = SURFACE_CURVE('',#12398,(#12402,#12409),.PCURVE_S1.);
#12398 = LINE('',#12399,#12400);
#12399 = CARTESIAN_POINT('',(-75.,-78.15,2.35E+03));
#12400 = VECTOR('',#12401,1.);
#12401 = DIRECTION('',(1.,0.,-0.));
#12402 = PCURVE('',#11893,#12403);
#12403 = DEFINITIONAL_REPRESENTATION('',(#12404),#12408);
#12404 = LINE('',#12405,#12406);
#12405 = CARTESIAN_POINT('',(240.,15.));
#12406 = VECTOR('',#12407,1.);
#12407 = DIRECTION('',(0.,1.));
#12408 = ( GEOMETRIC_REPRESENTATION_CONTEXT(2) 
PARAMETRIC_REPRESENTATION_CONTEXT() REPRESENTATION_CONTEXT('2D SPACE',''
  ) );
#12409 = PCURVE('',#12410,#12415);
#12410 = PLANE('',#12411);
#12411 = AXIS2_PLACEMENT_3D('',#12412,#12413,#12414);
#12412 = CARTESIAN_POINT('',(-75.,-168.15,2.35E+03));
#12413 = DIRECTION('',(0.,0.,1.));
#12414 = DIRECTION('',(1.,0.,-0.));
#12415 = DEFINITIONAL_REPRESENTATION('',(#12416),#12420);
#12416 = LINE('',#12417,#12418);
#12417 = CARTESIAN_POINT('',(0.,90.));
#12418 = VECTOR('',#12419,1.);
#12419 = DIRECTION('',(1.,0.));
#12420 = ( GEOMETRIC_REPRESENTATION_CONTEXT(2) 
PARAMETRIC_REPRESENTATION_CONTEXT() REPRESENTATION_CONTEXT('2D SPACE',''
  ) );
#12421 = ORIENTED_EDGE('',*,*,#12422,.F.);
#12422 = EDGE_CURVE('',#12423,#12393,#12425,.T.);
#12423 = VERTEX_POINT('',#12424);
#12424 = CARTESIAN_POINT('',(-75.,-78.15,2.15E+03));
#12425 = SURFACE_CURVE('',#12426,(#12430,#12437),.PCURVE_S1.);
#12426 = LINE('',#12427,#12428);
#12427 = CARTESIAN_POINT('',(-75.,-78.15,2.15E+03));
#12428 = VECTOR('',#12429,1.);
#12429 = DIRECTION('',(0.,0.,1.));
#12430 = PCURVE('',#11893,#12431);
#12431 = DEFINITIONAL_REPRESENTATION('',(#12432),#12436);
#12432 = LINE('',#12433,#12434);
#12433 = CARTESIAN_POINT('',(40.,15.));
#12434 = VECTOR('',#12435,1.);
#12435 = DIRECTION('',(1.,0.));
#12436 = ( GEOMETRIC_REPRESENTATION_CONTEXT(2) 
PARAMETRIC_REPRESENTATION_CONTEXT() REPRESENTATION_CONTEXT('2D SPACE',''
  ) );
#12437 = PCURVE('',#12438,#12443);
#12438 = PLANE('',#12439);
#12439 = AXIS2_PLACEMENT_3D('',#12440,#12441,#12442);
#12440 = CARTESIAN_POINT('',(-75.,-168.15,2.15E+03));
#12441 = DIRECTION('',(1.,0.,-0.));
#12442 = DIRECTION('',(0.,0.,1.));
#12443 = DEFINITIONAL_REPRESENTATION('',(#12444),#12448);
#12444 = LINE('',#12445,#12446);
#12445 = CARTESIAN_POINT('',(0.,-90.));
#12446 = VECTOR('',#12447,1.);
#12447 = DIRECTION('',(1.,0.));
#12448 = ( GEOMETRIC_REPRESENTATION_CONTEXT(2) 
PARAMETRIC_REPRESENTATION_CONTEXT() REPRESENTATION_CONTEXT('2D SPACE',''
  ) );
#12449 = ORIENTED_EDGE('',*,*,#12450,.T.);
#12450 = EDGE_CURVE('',#12423,#12451,#12453,.T.);
#12451 = VERTEX_POINT('',#12452);
#12452 = CARTESIAN_POINT('',(75.,-78.15,2.15E+03));
#12453 = SURFACE_CURVE('',#12454,(#12458,#12465),.PCURVE_S1.);
#12454 = LINE('',#12455,#12456);
#12455 = CARTESIAN_POINT('',(-75.,-78.15,2.15E+03));
#12456 = VECTOR('',#12457,1.);
#12457 = DIRECTION('',(1.,0.,-0.));
#12458 = PCURVE('',#11893,#12459);
#12459 = DEFINITIONAL_REPRESENTATION('',(#12460),#12464);
#12460 = LINE('',#12461,#12462);
#12461 = CARTESIAN_POINT('',(40.,15.));
#12462 = VECTOR('',#12463,1.);
#12463 = DIRECTION('',(0.,1.));
#12464 = ( GEOMETRIC_REPRESENTATION_CONTEXT(2) 
PARAMETRIC_REPRESENTATION_CONTEXT() REPRESENTATION_CONTEXT('2D SPACE',''
  ) );
#12465 = PCURVE('',#12466,#12471);
#12466 = PLANE('',#12467);
#12467 = AXIS2_PLACEMENT_3D('',#12468,#12469,#12470);
#12468 = CARTESIAN_POINT('',(-75.,-168.15,2.15E+03));
#12469 = DIRECTION('',(0.,0.,1.));
#12470 = DIRECTION('',(1.,0.,-0.));
#12471 = DEFINITIONAL_REPRESENTATION('',(#12472),#12476);
#12472 = LINE('',#12473,#12474);
#12473 = CARTESIAN_POINT('',(0.,90.));
#12474 = VECTOR('',#12475,1.);
#12475 = DIRECTION('',(1.,0.));
#12476 = ( GEOMETRIC_REPRESENTATION_CONTEXT(2) 
PARAMETRIC_REPRESENTATION_CONTEXT() REPRESENTATION_CONTEXT('2D SPACE',''
  ) );
#12477 = ORIENTED_EDGE('',*,*,#12478,.T.);
#12478 = EDGE_CURVE('',#12451,#12395,#12479,.T.);
#12479 = SURFACE_CURVE('',#12480,(#12484,#12491),.PCURVE_S1.);
#12480 = LINE('',#12481,#12482);
#12481 = CARTESIAN_POINT('',(75.,-78.15,2.15E+03));
#12482 = VECTOR('',#12483,1.);
#12483 = DIRECTION('',(0.,0.,1.));
#12484 = PCURVE('',#11893,#12485);
#12485 = DEFINITIONAL_REPRESENTATION('',(#12486),#12490);
#12486 = LINE('',#12487,#12488);
#12487 = CARTESIAN_POINT('',(40.,165.));
#12488 = VECTOR('',#12489,1.);
#12489 = DIRECTION('',(1.,0.));
#12490 = ( GEOMETRIC_REPRESENTATION_CONTEXT(2) 
PARAMETRIC_REPRESENTATION_CONTEXT() REPRESENTATION_CONTEXT('2D SPACE',''
  ) );
#12491 = PCURVE('',#12492,#12497);
#12492 = PLANE('',#12493);
#12493 = AXIS2_PLACEMENT_3D('',#12494,#12495,#12496);
#12494 = CARTESIAN_POINT('',(75.,-168.15,2.15E+03));
#12495 = DIRECTION('',(1.,0.,-0.));
#12496 = DIRECTION('',(0.,0.,1.));
#12497 = DEFINITIONAL_REPRESENTATION('',(#12498),#12502);
#12498 = LINE('',#12499,#12500);
#12499 = CARTESIAN_POINT('',(0.,-90.));
#12500 = VECTOR('',#12501,1.);
#12501 = DIRECTION('',(1.,0.));
#12502 = ( GEOMETRIC_REPRESENTATION_CONTEXT(2) 
PARAMETRIC_REPRESENTATION_CONTEXT() REPRESENTATION_CONTEXT('2D SPACE',''
  ) );
#12503 = FACE_BOUND('',#12504,.F.);
#12504 = EDGE_LOOP('',(#12505,#12542,#12572));
#12505 = ORIENTED_EDGE('',*,*,#12506,.F.);
#12506 = EDGE_CURVE('',#12507,#12509,#12511,.T.);
#12507 = VERTEX_POINT('',#12508);
#12508 = CARTESIAN_POINT('',(80.,-78.15,2.367397176264E+03));
#12509 = VERTEX_POINT('',#12510);
#12510 = CARTESIAN_POINT('',(85.,-78.15,2.36E+03));
#12511 = SURFACE_CURVE('',#12512,(#12517,#12524),.PCURVE_S1.);
#12512 = ELLIPSE('',#12513,7.397176264317,5.);
#12513 = AXIS2_PLACEMENT_3D('',#12514,#12515,#12516);
#12514 = CARTESIAN_POINT('',(80.,-78.15,2.36E+03));
#12515 = DIRECTION('',(-0.,1.,0.));
#12516 = DIRECTION('',(0.,0.,1.));
#12517 = PCURVE('',#11893,#12518);
#12518 = DEFINITIONAL_REPRESENTATION('',(#12519),#12523);
#12519 = ELLIPSE('',#12520,7.397176264317,5.);
#12520 = AXIS2_PLACEMENT_2D('',#12521,#12522);
#12521 = CARTESIAN_POINT('',(250.,170.));
#12522 = DIRECTION('',(1.,0.));
#12523 = ( GEOMETRIC_REPRESENTATION_CONTEXT(2) 
PARAMETRIC_REPRESENTATION_CONTEXT() REPRESENTATION_CONTEXT('2D SPACE',''
  ) );
#12524 = PCURVE('',#12525,#12530);
#12525 = CYLINDRICAL_SURFACE('',#12526,5.);
#12526 = AXIS2_PLACEMENT_3D('',#12527,#12528,#12529);
#12527 = CARTESIAN_POINT('',(80.,-78.15,2.36E+03));
#12528 = DIRECTION('',(0.,-0.67593360241,0.736962526275));
#12529 = DIRECTION('',(0.,0.736962526275,0.67593360241));
#12530 = DEFINITIONAL_REPRESENTATION('',(#12531),#12541);
#12531 = B_SPLINE_CURVE_WITH_KNOTS('',8,(#12532,#12533,#12534,#12535,
    #12536,#12537,#12538,#12539,#12540),.UNSPECIFIED.,.F.,.F.,(9,9),(0.,
    1.570796767045),.PIECEWISE_BEZIER_KNOTS.);
#12532 = CARTESIAN_POINT('',(6.28318530718,5.451441707051));
#12533 = CARTESIAN_POINT('',(6.086835711299,5.451441707051));
#12534 = CARTESIAN_POINT('',(5.890486115418,5.211246820548));
#12535 = CARTESIAN_POINT('',(5.694136519542,4.730859088042));
#12536 = CARTESIAN_POINT('',(5.497786923654,4.030025199463));
#12537 = CARTESIAN_POINT('',(5.301437327779,3.148278642911));
#12538 = CARTESIAN_POINT('',(5.105087731895,2.140774712178));
#12539 = CARTESIAN_POINT('',(4.908738136015,1.070385976146));
#12540 = CARTESIAN_POINT('',(4.712388540134,-2.400000312264E-06));
#12541 = ( GEOMETRIC_REPRESENTATION_CONTEXT(2) 
PARAMETRIC_REPRESENTATION_CONTEXT() REPRESENTATION_CONTEXT('2D SPACE',''
  ) );
#12542 = ORIENTED_EDGE('',*,*,#12543,.F.);
#12543 = EDGE_CURVE('',#12544,#12507,#12546,.T.);
#12544 = VERTEX_POINT('',#12545);
#12545 = CARTESIAN_POINT('',(75.,-78.15,2.36E+03));
#12546 = SURFACE_CURVE('',#12547,(#12552,#12559),.PCURVE_S1.);
#12547 = ELLIPSE('',#12548,7.397176264317,5.);
#12548 = AXIS2_PLACEMENT_3D('',#12549,#12550,#12551);
#12549 = CARTESIAN_POINT('',(80.,-78.15,2.36E+03));
#12550 = DIRECTION('',(-0.,1.,0.));
#12551 = DIRECTION('',(0.,0.,1.));
#12552 = PCURVE('',#11893,#12553);
#12553 = DEFINITIONAL_REPRESENTATION('',(#12554),#12558);
#12554 = ELLIPSE('',#12555,7.397176264317,5.);
#12555 = AXIS2_PLACEMENT_2D('',#12556,#12557);
#12556 = CARTESIAN_POINT('',(250.,170.));
#12557 = DIRECTION('',(1.,0.));
#12558 = ( GEOMETRIC_REPRESENTATION_CONTEXT(2) 
PARAMETRIC_REPRESENTATION_CONTEXT() REPRESENTATION_CONTEXT('2D SPACE',''
  ) );
#12559 = PCURVE('',#12525,#12560);
#12560 = DEFINITIONAL_REPRESENTATION('',(#12561),#12571);
#12561 = B_SPLINE_CURVE_WITH_KNOTS('',8,(#12562,#12563,#12564,#12565,
    #12566,#12567,#12568,#12569,#12570),.UNSPECIFIED.,.F.,.F.,(9,9),(
    4.712388540134,6.28318530718),.PIECEWISE_BEZIER_KNOTS.);
#12562 = CARTESIAN_POINT('',(1.570796767045,-2.400000312264E-06));
#12563 = CARTESIAN_POINT('',(1.374447171165,1.070385976146));
#12564 = CARTESIAN_POINT('',(1.178097575283,2.140774712185));
#12565 = CARTESIAN_POINT('',(0.981747979403,3.148278642882));
#12566 = CARTESIAN_POINT('',(0.785398383518,4.030025199514));
#12567 = CARTESIAN_POINT('',(0.589048787641,4.730859088009));
#12568 = CARTESIAN_POINT('',(0.392699191761,5.211246820556));
#12569 = CARTESIAN_POINT('',(0.196349595881,5.451441707051));
#12570 = CARTESIAN_POINT('',(0.,5.451441707051));
#12571 = ( GEOMETRIC_REPRESENTATION_CONTEXT(2) 
PARAMETRIC_REPRESENTATION_CONTEXT() REPRESENTATION_CONTEXT('2D SPACE',''
  ) );
#12572 = ORIENTED_EDGE('',*,*,#12573,.T.);
#12573 = EDGE_CURVE('',#12544,#12509,#12574,.T.);
#12574 = SURFACE_CURVE('',#12575,(#12579,#12585),.PCURVE_S1.);
#12575 = LINE('',#12576,#12577);
#12576 = CARTESIAN_POINT('',(-5.,-78.15,2.36E+03));
#12577 = VECTOR('',#12578,1.);
#12578 = DIRECTION('',(1.,0.,0.));
#12579 = PCURVE('',#11893,#12580);
#12580 = DEFINITIONAL_REPRESENTATION('',(#12581),#12584);
#12581 = B_SPLINE_CURVE_WITH_KNOTS('',1,(#12582,#12583),.UNSPECIFIED.,
  .F.,.F.,(2,2),(80.,90.),.PIECEWISE_BEZIER_KNOTS.);
#12582 = CARTESIAN_POINT('',(250.,165.));
#12583 = CARTESIAN_POINT('',(250.,175.));
#12584 = ( GEOMETRIC_REPRESENTATION_CONTEXT(2) 
PARAMETRIC_REPRESENTATION_CONTEXT() REPRESENTATION_CONTEXT('2D SPACE',''
  ) );
#12585 = PCURVE('',#12586,#12591);
#12586 = PLANE('',#12587);
#12587 = AXIS2_PLACEMENT_3D('',#12588,#12589,#12590);
#12588 = CARTESIAN_POINT('',(80.,-78.15,2.36E+03));
#12589 = DIRECTION('',(0.,-0.67593360241,0.736962526275));
#12590 = DIRECTION('',(0.,0.736962526275,0.67593360241));
#12591 = DEFINITIONAL_REPRESENTATION('',(#12592),#12595);
#12592 = B_SPLINE_CURVE_WITH_KNOTS('',1,(#12593,#12594),.UNSPECIFIED.,
  .F.,.F.,(2,2),(80.,90.),.PIECEWISE_BEZIER_KNOTS.);
#12593 = CARTESIAN_POINT('',(0.,5.));
#12594 = CARTESIAN_POINT('',(0.,-5.));
#12595 = ( GEOMETRIC_REPRESENTATION_CONTEXT(2) 
PARAMETRIC_REPRESENTATION_CONTEXT() REPRESENTATION_CONTEXT('2D SPACE',''
  ) );
#12596 = ADVANCED_FACE('',(#12597),#11975,.T.);
#12597 = FACE_BOUND('',#12598,.T.);
#12598 = EDGE_LOOP('',(#12599,#12622,#12623,#12624));
#12599 = ORIENTED_EDGE('',*,*,#12600,.F.);
#12600 = EDGE_CURVE('',#11934,#12601,#12603,.T.);
#12601 = VERTEX_POINT('',#12602);
#12602 = CARTESIAN_POINT('',(-82.94321622766,-75.15,2.43E+03));
#12603 = SURFACE_CURVE('',#12604,(#12608,#12615),.PCURVE_S1.);
#12604 = LINE('',#12605,#12606);
#12605 = CARTESIAN_POINT('',(-90.,-75.15,2.43E+03));
#12606 = VECTOR('',#12607,1.);
#12607 = DIRECTION('',(1.,0.,-0.));
#12608 = PCURVE('',#11975,#12609);
#12609 = DEFINITIONAL_REPRESENTATION('',(#12610),#12614);
#12610 = LINE('',#12611,#12612);
#12611 = CARTESIAN_POINT('',(0.,3.));
#12612 = VECTOR('',#12613,1.);
#12613 = DIRECTION('',(1.,0.));
#12614 = ( GEOMETRIC_REPRESENTATION_CONTEXT(2) 
PARAMETRIC_REPRESENTATION_CONTEXT() REPRESENTATION_CONTEXT('2D SPACE',''
  ) );
#12615 = PCURVE('',#11949,#12616);
#12616 = DEFINITIONAL_REPRESENTATION('',(#12617),#12621);
#12617 = LINE('',#12618,#12619);
#12618 = CARTESIAN_POINT('',(320.,0.));
#12619 = VECTOR('',#12620,1.);
#12620 = DIRECTION('',(0.,1.));
#12621 = ( GEOMETRIC_REPRESENTATION_CONTEXT(2) 
PARAMETRIC_REPRESENTATION_CONTEXT() REPRESENTATION_CONTEXT('2D SPACE',''
  ) );
#12622 = ORIENTED_EDGE('',*,*,#11961,.F.);
#12623 = ORIENTED_EDGE('',*,*,#12042,.T.);
#12624 = ORIENTED_EDGE('',*,*,#12625,.F.);
#12625 = EDGE_CURVE('',#12601,#12043,#12626,.T.);
#12626 = SURFACE_CURVE('',#12627,(#12632,#12639),.PCURVE_S1.);
#12627 = ELLIPSE('',#12628,5.006853217006,5.);
#12628 = AXIS2_PLACEMENT_3D('',#12629,#12630,#12631);
#12629 = CARTESIAN_POINT('',(-80.,-79.19750474284,2.43E+03));
#12630 = DIRECTION('',(0.,0.,1.));
#12631 = DIRECTION('',(0.,-1.,0.));
#12632 = PCURVE('',#11975,#12633);
#12633 = DEFINITIONAL_REPRESENTATION('',(#12634),#12638);
#12634 = ELLIPSE('',#12635,5.006853217006,5.);
#12635 = AXIS2_PLACEMENT_2D('',#12636,#12637);
#12636 = CARTESIAN_POINT('',(10.,-1.047504742841));
#12637 = DIRECTION('',(0.,-1.));
#12638 = ( GEOMETRIC_REPRESENTATION_CONTEXT(2) 
PARAMETRIC_REPRESENTATION_CONTEXT() REPRESENTATION_CONTEXT('2D SPACE',''
  ) );
#12639 = PCURVE('',#12082,#12640);
#12640 = DEFINITIONAL_REPRESENTATION('',(#12641),#12649);
#12641 = B_SPLINE_CURVE_WITH_KNOTS('',6,(#12642,#12643,#12644,#12645,
    #12646,#12647,#12648),.UNSPECIFIED.,.F.,.F.,(7,7),(3.660602374498,
    4.562532405272),.PIECEWISE_BEZIER_KNOTS.);
#12642 = CARTESIAN_POINT('',(0.519009720908,19.800022946637));
#12643 = CARTESIAN_POINT('',(0.669331392704,19.819549124428));
#12644 = CARTESIAN_POINT('',(0.819653064499,19.845241074357));
#12645 = CARTESIAN_POINT('',(0.969974736295,19.876305429244));
#12646 = CARTESIAN_POINT('',(1.120296408091,19.911527045652));
#12647 = CARTESIAN_POINT('',(1.270618079886,19.94939124273));
#12648 = CARTESIAN_POINT('',(1.420939751682,19.988315718103));
#12649 = ( GEOMETRIC_REPRESENTATION_CONTEXT(2) 
PARAMETRIC_REPRESENTATION_CONTEXT() REPRESENTATION_CONTEXT('2D SPACE',''
  ) );
#12650 = ADVANCED_FACE('',(#12651,#12917,#13006),#11949,.T.);
#12651 = FACE_BOUND('',#12652,.T.);
#12652 = EDGE_LOOP('',(#12653,#12678,#12699,#12700,#12701,#12731,#12757,
    #12787,#12810,#12840,#12866,#12896));
#12653 = ORIENTED_EDGE('',*,*,#12654,.F.);
#12654 = EDGE_CURVE('',#12655,#12657,#12659,.T.);
#12655 = VERTEX_POINT('',#12656);
#12656 = CARTESIAN_POINT('',(90.,-75.15,2.11E+03));
#12657 = VERTEX_POINT('',#12658);
#12658 = CARTESIAN_POINT('',(90.,-75.15,2.43E+03));
#12659 = SURFACE_CURVE('',#12660,(#12664,#12671),.PCURVE_S1.);
#12660 = LINE('',#12661,#12662);
#12661 = CARTESIAN_POINT('',(90.,-75.15,2.11E+03));
#12662 = VECTOR('',#12663,1.);
#12663 = DIRECTION('',(0.,0.,1.));
#12664 = PCURVE('',#11949,#12665);
#12665 = DEFINITIONAL_REPRESENTATION('',(#12666),#12670);
#12666 = LINE('',#12667,#12668);
#12667 = CARTESIAN_POINT('',(0.,180.));
#12668 = VECTOR('',#12669,1.);
#12669 = DIRECTION('',(1.,0.));
#12670 = ( GEOMETRIC_REPRESENTATION_CONTEXT(2) 
PARAMETRIC_REPRESENTATION_CONTEXT() REPRESENTATION_CONTEXT('2D SPACE',''
  ) );
#12671 = PCURVE('',#12008,#12672);
#12672 = DEFINITIONAL_REPRESENTATION('',(#12673),#12677);
#12673 = LINE('',#12674,#12675);
#12674 = CARTESIAN_POINT('',(0.,-3.));
#12675 = VECTOR('',#12676,1.);
#12676 = DIRECTION('',(1.,0.));
#12677 = ( GEOMETRIC_REPRESENTATION_CONTEXT(2) 
PARAMETRIC_REPRESENTATION_CONTEXT() REPRESENTATION_CONTEXT('2D SPACE',''
  ) );
#12678 = ORIENTED_EDGE('',*,*,#12679,.F.);
#12679 = EDGE_CURVE('',#11906,#12655,#12680,.T.);
#12680 = SURFACE_CURVE('',#12681,(#12685,#12692),.PCURVE_S1.);
#12681 = LINE('',#12682,#12683);
#12682 = CARTESIAN_POINT('',(-90.,-75.15,2.11E+03));
#12683 = VECTOR('',#12684,1.);
#12684 = DIRECTION('',(1.,0.,-0.));
#12685 = PCURVE('',#11949,#12686);
#12686 = DEFINITIONAL_REPRESENTATION('',(#12687),#12691);
#12687 = LINE('',#12688,#12689);
#12688 = CARTESIAN_POINT('',(0.,0.));
#12689 = VECTOR('',#12690,1.);
#12690 = DIRECTION('',(0.,1.));
#12691 = ( GEOMETRIC_REPRESENTATION_CONTEXT(2) 
PARAMETRIC_REPRESENTATION_CONTEXT() REPRESENTATION_CONTEXT('2D SPACE',''
  ) );
#12692 = PCURVE('',#11921,#12693);
#12693 = DEFINITIONAL_REPRESENTATION('',(#12694),#12698);
#12694 = LINE('',#12695,#12696);
#12695 = CARTESIAN_POINT('',(0.,3.));
#12696 = VECTOR('',#12697,1.);
#12697 = DIRECTION('',(1.,0.));
#12698 = ( GEOMETRIC_REPRESENTATION_CONTEXT(2) 
PARAMETRIC_REPRESENTATION_CONTEXT() REPRESENTATION_CONTEXT('2D SPACE',''
  ) );
#12699 = ORIENTED_EDGE('',*,*,#11933,.T.);
#12700 = ORIENTED_EDGE('',*,*,#12600,.T.);
#12701 = ORIENTED_EDGE('',*,*,#12702,.F.);
#12702 = EDGE_CURVE('',#12703,#12601,#12705,.T.);
#12703 = VERTEX_POINT('',#12704);
#12704 = CARTESIAN_POINT('',(-83.99691274746,-75.15,2.410157125711E+03)
  );
#12705 = SURFACE_CURVE('',#12706,(#12711,#12718),.PCURVE_S1.);
#12706 = ELLIPSE('',#12707,95.59580997076,5.);
#12707 = AXIS2_PLACEMENT_3D('',#12708,#12709,#12710);
#12708 = CARTESIAN_POINT('',(-80.,-75.15,2.352721023069E+03));
#12709 = DIRECTION('',(-0.,1.,0.));
#12710 = DIRECTION('',(0.,0.,1.));
#12711 = PCURVE('',#11949,#12712);
#12712 = DEFINITIONAL_REPRESENTATION('',(#12713),#12717);
#12713 = ELLIPSE('',#12714,95.59580997076,5.);
#12714 = AXIS2_PLACEMENT_2D('',#12715,#12716);
#12715 = CARTESIAN_POINT('',(242.7210230693,10.));
#12716 = DIRECTION('',(1.,0.));
#12717 = ( GEOMETRIC_REPRESENTATION_CONTEXT(2) 
PARAMETRIC_REPRESENTATION_CONTEXT() REPRESENTATION_CONTEXT('2D SPACE',''
  ) );
#12718 = PCURVE('',#12082,#12719);
#12719 = DEFINITIONAL_REPRESENTATION('',(#12720),#12730);
#12720 = B_SPLINE_CURVE_WITH_KNOTS('',8,(#12721,#12722,#12723,#12724,
    #12725,#12726,#12727,#12728,#12729),.UNSPECIFIED.,.F.,.F.,(9,9),(
    5.356918437047,6.28318530718),.PIECEWISE_BEZIER_KNOTS.);
#12721 = CARTESIAN_POINT('',(0.926266870132,-2.40000008489E-06));
#12722 = CARTESIAN_POINT('',(0.810483511366,8.835776085957));
#12723 = CARTESIAN_POINT('',(0.694700152599,16.792786413815));
#12724 = CARTESIAN_POINT('',(0.578916793831,23.690532268505));
#12725 = CARTESIAN_POINT('',(0.463133435066,29.373650474037));
#12726 = CARTESIAN_POINT('',(0.347350076298,33.719648745755));
#12727 = CARTESIAN_POINT('',(0.231566717533,36.64486656271));
#12728 = CARTESIAN_POINT('',(0.115783358767,38.10747556871));
#12729 = CARTESIAN_POINT('',(0.,38.10747556871));
#12730 = ( GEOMETRIC_REPRESENTATION_CONTEXT(2) 
PARAMETRIC_REPRESENTATION_CONTEXT() REPRESENTATION_CONTEXT('2D SPACE',''
  ) );
#12731 = ORIENTED_EDGE('',*,*,#12732,.T.);
#12732 = EDGE_CURVE('',#12703,#12733,#12735,.T.);
#12733 = VERTEX_POINT('',#12734);
#12734 = CARTESIAN_POINT('',(-76.00308725254,-75.15,2.410157125711E+03)
  );
#12735 = SURFACE_CURVE('',#12736,(#12740,#12746),.PCURVE_S1.);
#12736 = LINE('',#12737,#12738);
#12737 = CARTESIAN_POINT('',(-85.,-75.15,2.410157125711E+03));
#12738 = VECTOR('',#12739,1.);
#12739 = DIRECTION('',(1.,0.,0.));
#12740 = PCURVE('',#11949,#12741);
#12741 = DEFINITIONAL_REPRESENTATION('',(#12742),#12745);
#12742 = B_SPLINE_CURVE_WITH_KNOTS('',1,(#12743,#12744),.UNSPECIFIED.,
  .F.,.F.,(2,2),(0.,10.),.PIECEWISE_BEZIER_KNOTS.);
#12743 = CARTESIAN_POINT('',(300.15712571142,5.));
#12744 = CARTESIAN_POINT('',(300.15712571142,15.));
#12745 = ( GEOMETRIC_REPRESENTATION_CONTEXT(2) 
PARAMETRIC_REPRESENTATION_CONTEXT() REPRESENTATION_CONTEXT('2D SPACE',''
  ) );
#12746 = PCURVE('',#12747,#12752);
#12747 = PLANE('',#12748);
#12748 = AXIS2_PLACEMENT_3D('',#12749,#12750,#12751);
#12749 = CARTESIAN_POINT('',(-80.,-78.15,2.41E+03));
#12750 = DIRECTION('',(0.,-5.230354762964E-02,0.998631232691));
#12751 = DIRECTION('',(0.,0.998631232691,5.230354762964E-02));
#12752 = DEFINITIONAL_REPRESENTATION('',(#12753),#12756);
#12753 = B_SPLINE_CURVE_WITH_KNOTS('',1,(#12754,#12755),.UNSPECIFIED.,
  .F.,.F.,(2,2),(0.,10.),.PIECEWISE_BEZIER_KNOTS.);
#12754 = CARTESIAN_POINT('',(3.004111930204,5.));
#12755 = CARTESIAN_POINT('',(3.004111930204,-5.));
#12756 = ( GEOMETRIC_REPRESENTATION_CONTEXT(2) 
PARAMETRIC_REPRESENTATION_CONTEXT() REPRESENTATION_CONTEXT('2D SPACE',''
  ) );
#12757 = ORIENTED_EDGE('',*,*,#12758,.F.);
#12758 = EDGE_CURVE('',#12759,#12733,#12761,.T.);
#12759 = VERTEX_POINT('',#12760);
#12760 = CARTESIAN_POINT('',(-77.05678377233,-75.15,2.43E+03));
#12761 = SURFACE_CURVE('',#12762,(#12767,#12774),.PCURVE_S1.);
#12762 = ELLIPSE('',#12763,95.59580997076,5.);
#12763 = AXIS2_PLACEMENT_3D('',#12764,#12765,#12766);
#12764 = CARTESIAN_POINT('',(-80.,-75.15,2.352721023069E+03));
#12765 = DIRECTION('',(-0.,1.,0.));
#12766 = DIRECTION('',(0.,0.,1.));
#12767 = PCURVE('',#11949,#12768);
#12768 = DEFINITIONAL_REPRESENTATION('',(#12769),#12773);
#12769 = ELLIPSE('',#12770,95.59580997076,5.);
#12770 = AXIS2_PLACEMENT_2D('',#12771,#12772);
#12771 = CARTESIAN_POINT('',(242.7210230693,10.));
#12772 = DIRECTION('',(1.,0.));
#12773 = ( GEOMETRIC_REPRESENTATION_CONTEXT(2) 
PARAMETRIC_REPRESENTATION_CONTEXT() REPRESENTATION_CONTEXT('2D SPACE',''
  ) );
#12774 = PCURVE('',#12082,#12775);
#12775 = DEFINITIONAL_REPRESENTATION('',(#12776),#12786);
#12776 = B_SPLINE_CURVE_WITH_KNOTS('',8,(#12777,#12778,#12779,#12780,
    #12781,#12782,#12783,#12784,#12785),.UNSPECIFIED.,.F.,.F.,(9,9),(0.,
    0.926266870132),.PIECEWISE_BEZIER_KNOTS.);
#12777 = CARTESIAN_POINT('',(6.28318530718,38.10747556871));
#12778 = CARTESIAN_POINT('',(6.167401948413,38.10747556871));
#12779 = CARTESIAN_POINT('',(6.051618589646,36.644866562761));
#12780 = CARTESIAN_POINT('',(5.935835230882,33.719648745697));
#12781 = CARTESIAN_POINT('',(5.82005187211,29.373650474343));
#12782 = CARTESIAN_POINT('',(5.70426851335,23.690532268389));
#12783 = CARTESIAN_POINT('',(5.58848515458,16.792786413851));
#12784 = CARTESIAN_POINT('',(5.472701795814,8.835776085957));
#12785 = CARTESIAN_POINT('',(5.356918437047,-2.40000008489E-06));
#12786 = ( GEOMETRIC_REPRESENTATION_CONTEXT(2) 
PARAMETRIC_REPRESENTATION_CONTEXT() REPRESENTATION_CONTEXT('2D SPACE',''
  ) );
#12787 = ORIENTED_EDGE('',*,*,#12788,.T.);
#12788 = EDGE_CURVE('',#12759,#12789,#12791,.T.);
#12789 = VERTEX_POINT('',#12790);
#12790 = CARTESIAN_POINT('',(77.056783772338,-75.15,2.43E+03));
#12791 = SURFACE_CURVE('',#12792,(#12796,#12803),.PCURVE_S1.);
#12792 = LINE('',#12793,#12794);
#12793 = CARTESIAN_POINT('',(-90.,-75.15,2.43E+03));
#12794 = VECTOR('',#12795,1.);
#12795 = DIRECTION('',(1.,0.,-0.));
#12796 = PCURVE('',#11949,#12797);
#12797 = DEFINITIONAL_REPRESENTATION('',(#12798),#12802);
#12798 = LINE('',#12799,#12800);
#12799 = CARTESIAN_POINT('',(320.,0.));
#12800 = VECTOR('',#12801,1.);
#12801 = DIRECTION('',(0.,1.));
#12802 = ( GEOMETRIC_REPRESENTATION_CONTEXT(2) 
PARAMETRIC_REPRESENTATION_CONTEXT() REPRESENTATION_CONTEXT('2D SPACE',''
  ) );
#12803 = PCURVE('',#12170,#12804);
#12804 = DEFINITIONAL_REPRESENTATION('',(#12805),#12809);
#12805 = LINE('',#12806,#12807);
#12806 = CARTESIAN_POINT('',(0.,3.));
#12807 = VECTOR('',#12808,1.);
#12808 = DIRECTION('',(1.,0.));
#12809 = ( GEOMETRIC_REPRESENTATION_CONTEXT(2) 
PARAMETRIC_REPRESENTATION_CONTEXT() REPRESENTATION_CONTEXT('2D SPACE',''
  ) );
#12810 = ORIENTED_EDGE('',*,*,#12811,.F.);
#12811 = EDGE_CURVE('',#12812,#12789,#12814,.T.);
#12812 = VERTEX_POINT('',#12813);
#12813 = CARTESIAN_POINT('',(76.00308725254,-75.15,2.410157125711E+03));
#12814 = SURFACE_CURVE('',#12815,(#12820,#12827),.PCURVE_S1.);
#12815 = ELLIPSE('',#12816,95.59580997076,5.);
#12816 = AXIS2_PLACEMENT_3D('',#12817,#12818,#12819);
#12817 = CARTESIAN_POINT('',(80.,-75.15,2.352721023069E+03));
#12818 = DIRECTION('',(-0.,1.,0.));
#12819 = DIRECTION('',(0.,0.,1.));
#12820 = PCURVE('',#11949,#12821);
#12821 = DEFINITIONAL_REPRESENTATION('',(#12822),#12826);
#12822 = ELLIPSE('',#12823,95.59580997076,5.);
#12823 = AXIS2_PLACEMENT_2D('',#12824,#12825);
#12824 = CARTESIAN_POINT('',(242.7210230693,170.));
#12825 = DIRECTION('',(1.,0.));
#12826 = ( GEOMETRIC_REPRESENTATION_CONTEXT(2) 
PARAMETRIC_REPRESENTATION_CONTEXT() REPRESENTATION_CONTEXT('2D SPACE',''
  ) );
#12827 = PCURVE('',#12199,#12828);
#12828 = DEFINITIONAL_REPRESENTATION('',(#12829),#12839);
#12829 = B_SPLINE_CURVE_WITH_KNOTS('',8,(#12830,#12831,#12832,#12833,
    #12834,#12835,#12836,#12837,#12838),.UNSPECIFIED.,.F.,.F.,(9,9),(
    5.356918437047,6.28318530718),.PIECEWISE_BEZIER_KNOTS.);
#12830 = CARTESIAN_POINT('',(0.926266870132,-2.40000008489E-06));
#12831 = CARTESIAN_POINT('',(0.810483511366,8.835776085957));
#12832 = CARTESIAN_POINT('',(0.694700152599,16.792786413815));
#12833 = CARTESIAN_POINT('',(0.578916793831,23.690532268505));
#12834 = CARTESIAN_POINT('',(0.463133435066,29.373650474037));
#12835 = CARTESIAN_POINT('',(0.347350076298,33.719648745755));
#12836 = CARTESIAN_POINT('',(0.231566717533,36.64486656271));
#12837 = CARTESIAN_POINT('',(0.115783358767,38.10747556871));
#12838 = CARTESIAN_POINT('',(0.,38.10747556871));
#12839 = ( GEOMETRIC_REPRESENTATION_CONTEXT(2) 
PARAMETRIC_REPRESENTATION_CONTEXT() REPRESENTATION_CONTEXT('2D SPACE',''
  ) );
#12840 = ORIENTED_EDGE('',*,*,#12841,.T.);
#12841 = EDGE_CURVE('',#12812,#12842,#12844,.T.);
#12842 = VERTEX_POINT('',#12843);
#12843 = CARTESIAN_POINT('',(83.99691274746,-75.15,2.410157125711E+03));
#12844 = SURFACE_CURVE('',#12845,(#12849,#12855),.PCURVE_S1.);
#12845 = LINE('',#12846,#12847);
#12846 = CARTESIAN_POINT('',(-5.,-75.15,2.410157125711E+03));
#12847 = VECTOR('',#12848,1.);
#12848 = DIRECTION('',(1.,0.,0.));
#12849 = PCURVE('',#11949,#12850);
#12850 = DEFINITIONAL_REPRESENTATION('',(#12851),#12854);
#12851 = B_SPLINE_CURVE_WITH_KNOTS('',1,(#12852,#12853),.UNSPECIFIED.,
  .F.,.F.,(2,2),(80.,90.),.PIECEWISE_BEZIER_KNOTS.);
#12852 = CARTESIAN_POINT('',(300.15712571142,165.));
#12853 = CARTESIAN_POINT('',(300.15712571142,175.));
#12854 = ( GEOMETRIC_REPRESENTATION_CONTEXT(2) 
PARAMETRIC_REPRESENTATION_CONTEXT() REPRESENTATION_CONTEXT('2D SPACE',''
  ) );
#12855 = PCURVE('',#12856,#12861);
#12856 = PLANE('',#12857);
#12857 = AXIS2_PLACEMENT_3D('',#12858,#12859,#12860);
#12858 = CARTESIAN_POINT('',(80.,-78.15,2.41E+03));
#12859 = DIRECTION('',(0.,-5.230354762964E-02,0.998631232691));
#12860 = DIRECTION('',(0.,0.998631232691,5.230354762964E-02));
#12861 = DEFINITIONAL_REPRESENTATION('',(#12862),#12865);
#12862 = B_SPLINE_CURVE_WITH_KNOTS('',1,(#12863,#12864),.UNSPECIFIED.,
  .F.,.F.,(2,2),(80.,90.),.PIECEWISE_BEZIER_KNOTS.);
#12863 = CARTESIAN_POINT('',(3.004111930204,5.));
#12864 = CARTESIAN_POINT('',(3.004111930204,-5.));
#12865 = ( GEOMETRIC_REPRESENTATION_CONTEXT(2) 
PARAMETRIC_REPRESENTATION_CONTEXT() REPRESENTATION_CONTEXT('2D SPACE',''
  ) );
#12866 = ORIENTED_EDGE('',*,*,#12867,.F.);
#12867 = EDGE_CURVE('',#12868,#12842,#12870,.T.);
#12868 = VERTEX_POINT('',#12869);
#12869 = CARTESIAN_POINT('',(82.943216227662,-75.15,2.43E+03));
#12870 = SURFACE_CURVE('',#12871,(#12876,#12883),.PCURVE_S1.);
#12871 = ELLIPSE('',#12872,95.59580997076,5.);
#12872 = AXIS2_PLACEMENT_3D('',#12873,#12874,#12875);
#12873 = CARTESIAN_POINT('',(80.,-75.15,2.352721023069E+03));
#12874 = DIRECTION('',(-0.,1.,0.));
#12875 = DIRECTION('',(0.,0.,1.));
#12876 = PCURVE('',#11949,#12877);
#12877 = DEFINITIONAL_REPRESENTATION('',(#12878),#12882);
#12878 = ELLIPSE('',#12879,95.59580997076,5.);
#12879 = AXIS2_PLACEMENT_2D('',#12880,#12881);
#12880 = CARTESIAN_POINT('',(242.7210230693,170.));
#12881 = DIRECTION('',(1.,0.));
#12882 = ( GEOMETRIC_REPRESENTATION_CONTEXT(2) 
PARAMETRIC_REPRESENTATION_CONTEXT() REPRESENTATION_CONTEXT('2D SPACE',''
  ) );
#12883 = PCURVE('',#12199,#12884);
#12884 = DEFINITIONAL_REPRESENTATION('',(#12885),#12895);
#12885 = B_SPLINE_CURVE_WITH_KNOTS('',8,(#12886,#12887,#12888,#12889,
    #12890,#12891,#12892,#12893,#12894),.UNSPECIFIED.,.F.,.F.,(9,9),(0.,
    0.926266870132),.PIECEWISE_BEZIER_KNOTS.);
#12886 = CARTESIAN_POINT('',(6.28318530718,38.10747556871));
#12887 = CARTESIAN_POINT('',(6.167401948413,38.10747556871));
#12888 = CARTESIAN_POINT('',(6.051618589646,36.644866562761));
#12889 = CARTESIAN_POINT('',(5.935835230882,33.719648745697));
#12890 = CARTESIAN_POINT('',(5.82005187211,29.373650474343));
#12891 = CARTESIAN_POINT('',(5.70426851335,23.690532268389));
#12892 = CARTESIAN_POINT('',(5.58848515458,16.792786413851));
#12893 = CARTESIAN_POINT('',(5.472701795814,8.835776085957));
#12894 = CARTESIAN_POINT('',(5.356918437047,-2.40000008489E-06));
#12895 = ( GEOMETRIC_REPRESENTATION_CONTEXT(2) 
PARAMETRIC_REPRESENTATION_CONTEXT() REPRESENTATION_CONTEXT('2D SPACE',''
  ) );
#12896 = ORIENTED_EDGE('',*,*,#12897,.T.);
#12897 = EDGE_CURVE('',#12868,#12657,#12898,.T.);
#12898 = SURFACE_CURVE('',#12899,(#12903,#12910),.PCURVE_S1.);
#12899 = LINE('',#12900,#12901);
#12900 = CARTESIAN_POINT('',(-90.,-75.15,2.43E+03));
#12901 = VECTOR('',#12902,1.);
#12902 = DIRECTION('',(1.,0.,-0.));
#12903 = PCURVE('',#11949,#12904);
#12904 = DEFINITIONAL_REPRESENTATION('',(#12905),#12909);
#12905 = LINE('',#12906,#12907);
#12906 = CARTESIAN_POINT('',(320.,0.));
#12907 = VECTOR('',#12908,1.);
#12908 = DIRECTION('',(0.,1.));
#12909 = ( GEOMETRIC_REPRESENTATION_CONTEXT(2) 
PARAMETRIC_REPRESENTATION_CONTEXT() REPRESENTATION_CONTEXT('2D SPACE',''
  ) );
#12910 = PCURVE('',#12285,#12911);
#12911 = DEFINITIONAL_REPRESENTATION('',(#12912),#12916);
#12912 = LINE('',#12913,#12914);
#12913 = CARTESIAN_POINT('',(0.,3.));
#12914 = VECTOR('',#12915,1.);
#12915 = DIRECTION('',(1.,0.));
#12916 = ( GEOMETRIC_REPRESENTATION_CONTEXT(2) 
PARAMETRIC_REPRESENTATION_CONTEXT() REPRESENTATION_CONTEXT('2D SPACE',''
  ) );
#12917 = FACE_BOUND('',#12918,.T.);
#12918 = EDGE_LOOP('',(#12919,#12954,#12982));
#12919 = ORIENTED_EDGE('',*,*,#12920,.F.);
#12920 = EDGE_CURVE('',#12921,#12923,#12925,.T.);
#12921 = VERTEX_POINT('',#12922);
#12922 = CARTESIAN_POINT('',(-80.,-75.15,2.36412631124E+03));
#12923 = VERTEX_POINT('',#12924);
#12924 = CARTESIAN_POINT('',(-77.09674558203,-75.15,2.362751565697E+03)
  );
#12925 = SURFACE_CURVE('',#12926,(#12931,#12938),.PCURVE_S1.);
#12926 = ELLIPSE('',#12927,7.397176264317,5.);
#12927 = AXIS2_PLACEMENT_3D('',#12928,#12929,#12930);
#12928 = CARTESIAN_POINT('',(-80.,-75.15,2.356729134976E+03));
#12929 = DIRECTION('',(-0.,1.,0.));
#12930 = DIRECTION('',(0.,0.,1.));
#12931 = PCURVE('',#11949,#12932);
#12932 = DEFINITIONAL_REPRESENTATION('',(#12933),#12937);
#12933 = ELLIPSE('',#12934,7.397176264317,5.);
#12934 = AXIS2_PLACEMENT_2D('',#12935,#12936);
#12935 = CARTESIAN_POINT('',(246.72913497576,10.));
#12936 = DIRECTION('',(1.,0.));
#12937 = ( GEOMETRIC_REPRESENTATION_CONTEXT(2) 
PARAMETRIC_REPRESENTATION_CONTEXT() REPRESENTATION_CONTEXT('2D SPACE',''
  ) );
#12938 = PCURVE('',#12939,#12944);
#12939 = CYLINDRICAL_SURFACE('',#12940,5.);
#12940 = AXIS2_PLACEMENT_3D('',#12941,#12942,#12943);
#12941 = CARTESIAN_POINT('',(-80.,-78.15,2.36E+03));
#12942 = DIRECTION('',(0.,-0.67593360241,0.736962526275));
#12943 = DIRECTION('',(0.,0.736962526275,0.67593360241));
#12944 = DEFINITIONAL_REPRESENTATION('',(#12945),#12953);
#12945 = B_SPLINE_CURVE_WITH_KNOTS('',6,(#12946,#12947,#12948,#12949,
    #12950,#12951,#12952),.UNSPECIFIED.,.F.,.F.,(7,7),(0.,0.619527924332
    ),.PIECEWISE_BEZIER_KNOTS.);
#12946 = CARTESIAN_POINT('',(6.28318530718,1.013135948461));
#12947 = CARTESIAN_POINT('',(6.179930653124,1.013135948461));
#12948 = CARTESIAN_POINT('',(6.076675999069,0.943391200054));
#12949 = CARTESIAN_POINT('',(5.973421345013,0.80390127631));
#12950 = CARTESIAN_POINT('',(5.870166690958,0.596898357103));
#12951 = CARTESIAN_POINT('',(5.766912036903,0.326840675723));
#12952 = CARTESIAN_POINT('',(5.663657382847,1.805860294502E-13));
#12953 = ( GEOMETRIC_REPRESENTATION_CONTEXT(2) 
PARAMETRIC_REPRESENTATION_CONTEXT() REPRESENTATION_CONTEXT('2D SPACE',''
  ) );
#12954 = ORIENTED_EDGE('',*,*,#12955,.F.);
#12955 = EDGE_CURVE('',#12956,#12921,#12958,.T.);
#12956 = VERTEX_POINT('',#12957);
#12957 = CARTESIAN_POINT('',(-82.90325441796,-75.15,2.362751565697E+03)
  );
#12958 = SURFACE_CURVE('',#12959,(#12964,#12971),.PCURVE_S1.);
#12959 = ELLIPSE('',#12960,7.397176264317,5.);
#12960 = AXIS2_PLACEMENT_3D('',#12961,#12962,#12963);
#12961 = CARTESIAN_POINT('',(-80.,-75.15,2.356729134976E+03));
#12962 = DIRECTION('',(-0.,1.,0.));
#12963 = DIRECTION('',(0.,0.,1.));
#12964 = PCURVE('',#11949,#12965);
#12965 = DEFINITIONAL_REPRESENTATION('',(#12966),#12970);
#12966 = ELLIPSE('',#12967,7.397176264317,5.);
#12967 = AXIS2_PLACEMENT_2D('',#12968,#12969);
#12968 = CARTESIAN_POINT('',(246.72913497576,10.));
#12969 = DIRECTION('',(1.,0.));
#12970 = ( GEOMETRIC_REPRESENTATION_CONTEXT(2) 
PARAMETRIC_REPRESENTATION_CONTEXT() REPRESENTATION_CONTEXT('2D SPACE',''
  ) );
#12971 = PCURVE('',#12939,#12972);
#12972 = DEFINITIONAL_REPRESENTATION('',(#12973),#12981);
#12973 = B_SPLINE_CURVE_WITH_KNOTS('',6,(#12974,#12975,#12976,#12977,
    #12978,#12979,#12980),.UNSPECIFIED.,.F.,.F.,(7,7),(5.663657382847,
    6.28318530718),.PIECEWISE_BEZIER_KNOTS.);
#12974 = CARTESIAN_POINT('',(6.902713231512,1.815861440679E-13));
#12975 = CARTESIAN_POINT('',(6.799458577457,0.326840675723));
#12976 = CARTESIAN_POINT('',(6.696203923401,0.596898357103));
#12977 = CARTESIAN_POINT('',(6.592949269346,0.80390127631));
#12978 = CARTESIAN_POINT('',(6.48969461529,0.943391200054));
#12979 = CARTESIAN_POINT('',(6.386439961235,1.013135948461));
#12980 = CARTESIAN_POINT('',(6.28318530718,1.013135948461));
#12981 = ( GEOMETRIC_REPRESENTATION_CONTEXT(2) 
PARAMETRIC_REPRESENTATION_CONTEXT() REPRESENTATION_CONTEXT('2D SPACE',''
  ) );
#12982 = ORIENTED_EDGE('',*,*,#12983,.T.);
#12983 = EDGE_CURVE('',#12956,#12923,#12984,.T.);
#12984 = SURFACE_CURVE('',#12985,(#12989,#12995),.PCURVE_S1.);
#12985 = LINE('',#12986,#12987);
#12986 = CARTESIAN_POINT('',(-85.,-75.15,2.362751565697E+03));
#12987 = VECTOR('',#12988,1.);
#12988 = DIRECTION('',(1.,0.,0.));
#12989 = PCURVE('',#11949,#12990);
#12990 = DEFINITIONAL_REPRESENTATION('',(#12991),#12994);
#12991 = B_SPLINE_CURVE_WITH_KNOTS('',1,(#12992,#12993),.UNSPECIFIED.,
  .F.,.F.,(2,2),(0.,10.),.PIECEWISE_BEZIER_KNOTS.);
#12992 = CARTESIAN_POINT('',(252.75156569694,5.));
#12993 = CARTESIAN_POINT('',(252.75156569694,15.));
#12994 = ( GEOMETRIC_REPRESENTATION_CONTEXT(2) 
PARAMETRIC_REPRESENTATION_CONTEXT() REPRESENTATION_CONTEXT('2D SPACE',''
  ) );
#12995 = PCURVE('',#12996,#13001);
#12996 = PLANE('',#12997);
#12997 = AXIS2_PLACEMENT_3D('',#12998,#12999,#13000);
#12998 = CARTESIAN_POINT('',(-80.,-78.15,2.36E+03));
#12999 = DIRECTION('',(0.,-0.67593360241,0.736962526275));
#13000 = DIRECTION('',(0.,0.736962526275,0.67593360241));
#13001 = DEFINITIONAL_REPRESENTATION('',(#13002),#13005);
#13002 = B_SPLINE_CURVE_WITH_KNOTS('',1,(#13003,#13004),.UNSPECIFIED.,
  .F.,.F.,(2,2),(0.,10.),.PIECEWISE_BEZIER_KNOTS.);
#13003 = CARTESIAN_POINT('',(4.070763292625,5.));
#13004 = CARTESIAN_POINT('',(4.070763292625,-5.));
#13005 = ( GEOMETRIC_REPRESENTATION_CONTEXT(2) 
PARAMETRIC_REPRESENTATION_CONTEXT() REPRESENTATION_CONTEXT('2D SPACE',''
  ) );
#13006 = FACE_BOUND('',#13007,.T.);
#13007 = EDGE_LOOP('',(#13008,#13043,#13071));
#13008 = ORIENTED_EDGE('',*,*,#13009,.F.);
#13009 = EDGE_CURVE('',#13010,#13012,#13014,.T.);
#13010 = VERTEX_POINT('',#13011);
#13011 = CARTESIAN_POINT('',(80.,-75.15,2.36412631124E+03));
#13012 = VERTEX_POINT('',#13013);
#13013 = CARTESIAN_POINT('',(82.903254417962,-75.15,2.362751565697E+03)
  );
#13014 = SURFACE_CURVE('',#13015,(#13020,#13027),.PCURVE_S1.);
#13015 = ELLIPSE('',#13016,7.397176264317,5.);
#13016 = AXIS2_PLACEMENT_3D('',#13017,#13018,#13019);
#13017 = CARTESIAN_POINT('',(80.,-75.15,2.356729134976E+03));
#13018 = DIRECTION('',(-0.,1.,0.));
#13019 = DIRECTION('',(0.,0.,1.));
#13020 = PCURVE('',#11949,#13021);
#13021 = DEFINITIONAL_REPRESENTATION('',(#13022),#13026);
#13022 = ELLIPSE('',#13023,7.397176264317,5.);
#13023 = AXIS2_PLACEMENT_2D('',#13024,#13025);
#13024 = CARTESIAN_POINT('',(246.72913497576,170.));
#13025 = DIRECTION('',(1.,0.));
#13026 = ( GEOMETRIC_REPRESENTATION_CONTEXT(2) 
PARAMETRIC_REPRESENTATION_CONTEXT() REPRESENTATION_CONTEXT('2D SPACE',''
  ) );
#13027 = PCURVE('',#13028,#13033);
#13028 = CYLINDRICAL_SURFACE('',#13029,5.);
#13029 = AXIS2_PLACEMENT_3D('',#13030,#13031,#13032);
#13030 = CARTESIAN_POINT('',(80.,-78.15,2.36E+03));
#13031 = DIRECTION('',(0.,-0.67593360241,0.736962526275));
#13032 = DIRECTION('',(0.,0.736962526275,0.67593360241));
#13033 = DEFINITIONAL_REPRESENTATION('',(#13034),#13042);
#13034 = B_SPLINE_CURVE_WITH_KNOTS('',6,(#13035,#13036,#13037,#13038,
    #13039,#13040,#13041),.UNSPECIFIED.,.F.,.F.,(7,7),(0.,0.619527924332
    ),.PIECEWISE_BEZIER_KNOTS.);
#13035 = CARTESIAN_POINT('',(6.28318530718,1.013135948461));
#13036 = CARTESIAN_POINT('',(6.179930653124,1.013135948461));
#13037 = CARTESIAN_POINT('',(6.076675999069,0.943391200054));
#13038 = CARTESIAN_POINT('',(5.973421345013,0.80390127631));
#13039 = CARTESIAN_POINT('',(5.870166690958,0.596898357103));
#13040 = CARTESIAN_POINT('',(5.766912036903,0.326840675723));
#13041 = CARTESIAN_POINT('',(5.663657382847,1.805860294502E-13));
#13042 = ( GEOMETRIC_REPRESENTATION_CONTEXT(2) 
PARAMETRIC_REPRESENTATION_CONTEXT() REPRESENTATION_CONTEXT('2D SPACE',''
  ) );
#13043 = ORIENTED_EDGE('',*,*,#13044,.F.);
#13044 = EDGE_CURVE('',#13045,#13010,#13047,.T.);
#13045 = VERTEX_POINT('',#13046);
#13046 = CARTESIAN_POINT('',(77.096745582038,-75.15,2.362751565697E+03)
  );
#13047 = SURFACE_CURVE('',#13048,(#13053,#13060),.PCURVE_S1.);
#13048 = ELLIPSE('',#13049,7.397176264317,5.);
#13049 = AXIS2_PLACEMENT_3D('',#13050,#13051,#13052);
#13050 = CARTESIAN_POINT('',(80.,-75.15,2.356729134976E+03));
#13051 = DIRECTION('',(-0.,1.,0.));
#13052 = DIRECTION('',(0.,0.,1.));
#13053 = PCURVE('',#11949,#13054);
#13054 = DEFINITIONAL_REPRESENTATION('',(#13055),#13059);
#13055 = ELLIPSE('',#13056,7.397176264317,5.);
#13056 = AXIS2_PLACEMENT_2D('',#13057,#13058);
#13057 = CARTESIAN_POINT('',(246.72913497576,170.));
#13058 = DIRECTION('',(1.,0.));
#13059 = ( GEOMETRIC_REPRESENTATION_CONTEXT(2) 
PARAMETRIC_REPRESENTATION_CONTEXT() REPRESENTATION_CONTEXT('2D SPACE',''
  ) );
#13060 = PCURVE('',#13028,#13061);
#13061 = DEFINITIONAL_REPRESENTATION('',(#13062),#13070);
#13062 = B_SPLINE_CURVE_WITH_KNOTS('',6,(#13063,#13064,#13065,#13066,
    #13067,#13068,#13069),.UNSPECIFIED.,.F.,.F.,(7,7),(5.663657382847,
    6.28318530718),.PIECEWISE_BEZIER_KNOTS.);
#13063 = CARTESIAN_POINT('',(6.902713231512,1.815861440679E-13));
#13064 = CARTESIAN_POINT('',(6.799458577457,0.326840675723));
#13065 = CARTESIAN_POINT('',(6.696203923401,0.596898357103));
#13066 = CARTESIAN_POINT('',(6.592949269346,0.80390127631));
#13067 = CARTESIAN_POINT('',(6.48969461529,0.943391200054));
#13068 = CARTESIAN_POINT('',(6.386439961235,1.013135948461));
#13069 = CARTESIAN_POINT('',(6.28318530718,1.013135948461));
#13070 = ( GEOMETRIC_REPRESENTATION_CONTEXT(2) 
PARAMETRIC_REPRESENTATION_CONTEXT() REPRESENTATION_CONTEXT('2D SPACE',''
  ) );
#13071 = ORIENTED_EDGE('',*,*,#13072,.T.);
#13072 = EDGE_CURVE('',#13045,#13012,#13073,.T.);
#13073 = SURFACE_CURVE('',#13074,(#13078,#13084),.PCURVE_S1.);
#13074 = LINE('',#13075,#13076);
#13075 = CARTESIAN_POINT('',(-5.,-75.15,2.362751565697E+03));
#13076 = VECTOR('',#13077,1.);
#13077 = DIRECTION('',(1.,0.,0.));
#13078 = PCURVE('',#11949,#13079);
#13079 = DEFINITIONAL_REPRESENTATION('',(#13080),#13083);
#13080 = B_SPLINE_CURVE_WITH_KNOTS('',1,(#13081,#13082),.UNSPECIFIED.,
  .F.,.F.,(2,2),(80.,90.),.PIECEWISE_BEZIER_KNOTS.);
#13081 = CARTESIAN_POINT('',(252.75156569694,165.));
#13082 = CARTESIAN_POINT('',(252.75156569694,175.));
#13083 = ( GEOMETRIC_REPRESENTATION_CONTEXT(2) 
PARAMETRIC_REPRESENTATION_CONTEXT() REPRESENTATION_CONTEXT('2D SPACE',''
  ) );
#13084 = PCURVE('',#13085,#13090);
#13085 = PLANE('',#13086);
#13086 = AXIS2_PLACEMENT_3D('',#13087,#13088,#13089);
#13087 = CARTESIAN_POINT('',(80.,-78.15,2.36E+03));
#13088 = DIRECTION('',(0.,-0.67593360241,0.736962526275));
#13089 = DIRECTION('',(0.,0.736962526275,0.67593360241));
#13090 = DEFINITIONAL_REPRESENTATION('',(#13091),#13094);
#13091 = B_SPLINE_CURVE_WITH_KNOTS('',1,(#13092,#13093),.UNSPECIFIED.,
  .F.,.F.,(2,2),(80.,90.),.PIECEWISE_BEZIER_KNOTS.);
#13092 = CARTESIAN_POINT('',(4.070763292625,5.));
#13093 = CARTESIAN_POINT('',(4.070763292625,-5.));
#13094 = ( GEOMETRIC_REPRESENTATION_CONTEXT(2) 
PARAMETRIC_REPRESENTATION_CONTEXT() REPRESENTATION_CONTEXT('2D SPACE',''
  ) );
#13095 = ADVANCED_FACE('',(#13096),#11921,.F.);
#13096 = FACE_BOUND('',#13097,.F.);
#13097 = EDGE_LOOP('',(#13098,#13099,#13100,#13121));
#13098 = ORIENTED_EDGE('',*,*,#11905,.F.);
#13099 = ORIENTED_EDGE('',*,*,#12020,.T.);
#13100 = ORIENTED_EDGE('',*,*,#13101,.T.);
#13101 = EDGE_CURVE('',#11991,#12655,#13102,.T.);
#13102 = SURFACE_CURVE('',#13103,(#13107,#13114),.PCURVE_S1.);
#13103 = LINE('',#13104,#13105);
#13104 = CARTESIAN_POINT('',(90.,-78.15,2.11E+03));
#13105 = VECTOR('',#13106,1.);
#13106 = DIRECTION('',(-0.,1.,0.));
#13107 = PCURVE('',#11921,#13108);
#13108 = DEFINITIONAL_REPRESENTATION('',(#13109),#13113);
#13109 = LINE('',#13110,#13111);
#13110 = CARTESIAN_POINT('',(180.,0.));
#13111 = VECTOR('',#13112,1.);
#13112 = DIRECTION('',(0.,1.));
#13113 = ( GEOMETRIC_REPRESENTATION_CONTEXT(2) 
PARAMETRIC_REPRESENTATION_CONTEXT() REPRESENTATION_CONTEXT('2D SPACE',''
  ) );
#13114 = PCURVE('',#12008,#13115);
#13115 = DEFINITIONAL_REPRESENTATION('',(#13116),#13120);
#13116 = LINE('',#13117,#13118);
#13117 = CARTESIAN_POINT('',(0.,0.));
#13118 = VECTOR('',#13119,1.);
#13119 = DIRECTION('',(0.,-1.));
#13120 = ( GEOMETRIC_REPRESENTATION_CONTEXT(2) 
PARAMETRIC_REPRESENTATION_CONTEXT() REPRESENTATION_CONTEXT('2D SPACE',''
  ) );
#13121 = ORIENTED_EDGE('',*,*,#12679,.F.);
#13122 = ADVANCED_FACE('',(#13123),#12008,.T.);
#13123 = FACE_BOUND('',#13124,.T.);
#13124 = EDGE_LOOP('',(#13125,#13126,#13127,#13128));
#13125 = ORIENTED_EDGE('',*,*,#11990,.F.);
#13126 = ORIENTED_EDGE('',*,*,#13101,.T.);
#13127 = ORIENTED_EDGE('',*,*,#12654,.T.);
#13128 = ORIENTED_EDGE('',*,*,#13129,.F.);
#13129 = EDGE_CURVE('',#11993,#12657,#13130,.T.);
#13130 = SURFACE_CURVE('',#13131,(#13135,#13142),.PCURVE_S1.);
#13131 = LINE('',#13132,#13133);
#13132 = CARTESIAN_POINT('',(90.,-78.15,2.43E+03));
#13133 = VECTOR('',#13134,1.);
#13134 = DIRECTION('',(-0.,1.,0.));
#13135 = PCURVE('',#12008,#13136);
#13136 = DEFINITIONAL_REPRESENTATION('',(#13137),#13141);
#13137 = LINE('',#13138,#13139);
#13138 = CARTESIAN_POINT('',(320.,0.));
#13139 = VECTOR('',#13140,1.);
#13140 = DIRECTION('',(0.,-1.));
#13141 = ( GEOMETRIC_REPRESENTATION_CONTEXT(2) 
PARAMETRIC_REPRESENTATION_CONTEXT() REPRESENTATION_CONTEXT('2D SPACE',''
  ) );
#13142 = PCURVE('',#12285,#13143);
#13143 = DEFINITIONAL_REPRESENTATION('',(#13144),#13148);
#13144 = LINE('',#13145,#13146);
#13145 = CARTESIAN_POINT('',(180.,0.));
#13146 = VECTOR('',#13147,1.);
#13147 = DIRECTION('',(0.,1.));
#13148 = ( GEOMETRIC_REPRESENTATION_CONTEXT(2) 
PARAMETRIC_REPRESENTATION_CONTEXT() REPRESENTATION_CONTEXT('2D SPACE',''
  ) );
#13149 = ADVANCED_FACE('',(#13150),#12285,.T.);
#13150 = FACE_BOUND('',#13151,.T.);
#13151 = EDGE_LOOP('',(#13152,#13153,#13179,#13180));
#13152 = ORIENTED_EDGE('',*,*,#12897,.F.);
#13153 = ORIENTED_EDGE('',*,*,#13154,.F.);
#13154 = EDGE_CURVE('',#12243,#12868,#13155,.T.);
#13155 = SURFACE_CURVE('',#13156,(#13161,#13168),.PCURVE_S1.);
#13156 = ELLIPSE('',#13157,5.006853217006,5.);
#13157 = AXIS2_PLACEMENT_3D('',#13158,#13159,#13160);
#13158 = CARTESIAN_POINT('',(80.,-79.19750474284,2.43E+03));
#13159 = DIRECTION('',(0.,0.,1.));
#13160 = DIRECTION('',(0.,-1.,0.));
#13161 = PCURVE('',#12285,#13162);
#13162 = DEFINITIONAL_REPRESENTATION('',(#13163),#13167);
#13163 = ELLIPSE('',#13164,5.006853217006,5.);
#13164 = AXIS2_PLACEMENT_2D('',#13165,#13166);
#13165 = CARTESIAN_POINT('',(170.,-1.047504742841));
#13166 = DIRECTION('',(0.,-1.));
#13167 = ( GEOMETRIC_REPRESENTATION_CONTEXT(2) 
PARAMETRIC_REPRESENTATION_CONTEXT() REPRESENTATION_CONTEXT('2D SPACE',''
  ) );
#13168 = PCURVE('',#12199,#13169);
#13169 = DEFINITIONAL_REPRESENTATION('',(#13170),#13178);
#13170 = B_SPLINE_CURVE_WITH_KNOTS('',6,(#13171,#13172,#13173,#13174,
    #13175,#13176,#13177),.UNSPECIFIED.,.F.,.F.,(7,7),(1.720652901908,
    2.622582932682),.PIECEWISE_BEZIER_KNOTS.);
#13171 = CARTESIAN_POINT('',(4.862245555498,19.988315718103));
#13172 = CARTESIAN_POINT('',(5.012567227293,19.94939124273));
#13173 = CARTESIAN_POINT('',(5.162888899089,19.911527045652));
#13174 = CARTESIAN_POINT('',(5.313210570884,19.876305429245));
#13175 = CARTESIAN_POINT('',(5.46353224268,19.845241074357));
#13176 = CARTESIAN_POINT('',(5.613853914476,19.819549124428));
#13177 = CARTESIAN_POINT('',(5.764175586271,19.800022946637));
#13178 = ( GEOMETRIC_REPRESENTATION_CONTEXT(2) 
PARAMETRIC_REPRESENTATION_CONTEXT() REPRESENTATION_CONTEXT('2D SPACE',''
  ) );
#13179 = ORIENTED_EDGE('',*,*,#12271,.T.);
#13180 = ORIENTED_EDGE('',*,*,#13129,.T.);
#13181 = ADVANCED_FACE('',(#13182),#12199,.T.);
#13182 = FACE_BOUND('',#13183,.T.);
#13183 = EDGE_LOOP('',(#13184,#13209,#13238,#13280,#13302,#13303,#13325,
    #13326,#13352,#13353,#13375,#13376,#13377,#13378));
#13184 = ORIENTED_EDGE('',*,*,#13185,.T.);
#13185 = EDGE_CURVE('',#13186,#13188,#13190,.T.);
#13186 = VERTEX_POINT('',#13187);
#13187 = CARTESIAN_POINT('',(80.,-73.15684383654,2.410261517738E+03));
#13188 = VERTEX_POINT('',#13189);
#13189 = CARTESIAN_POINT('',(80.,-81.87328838702,2.576684526513E+03));
#13190 = SEAM_CURVE('',#13191,(#13195,#13202),.PCURVE_S1.);
#13191 = LINE('',#13192,#13193);
#13192 = CARTESIAN_POINT('',(80.,-73.15684383654,2.410261517738E+03));
#13193 = VECTOR('',#13194,1.);
#13194 = DIRECTION('',(1.54074395551E-33,-5.230354762964E-02,
    0.998631232691));
#13195 = PCURVE('',#12199,#13196);
#13196 = DEFINITIONAL_REPRESENTATION('',(#13197),#13201);
#13197 = LINE('',#13198,#13199);
#13198 = CARTESIAN_POINT('',(6.28318530718,-0.));
#13199 = VECTOR('',#13200,1.);
#13200 = DIRECTION('',(0.,1.));
#13201 = ( GEOMETRIC_REPRESENTATION_CONTEXT(2) 
PARAMETRIC_REPRESENTATION_CONTEXT() REPRESENTATION_CONTEXT('2D SPACE',''
  ) );
#13202 = PCURVE('',#12199,#13203);
#13203 = DEFINITIONAL_REPRESENTATION('',(#13204),#13208);
#13204 = LINE('',#13205,#13206);
#13205 = CARTESIAN_POINT('',(0.,-0.));
#13206 = VECTOR('',#13207,1.);
#13207 = DIRECTION('',(0.,1.));
#13208 = ( GEOMETRIC_REPRESENTATION_CONTEXT(2) 
PARAMETRIC_REPRESENTATION_CONTEXT() REPRESENTATION_CONTEXT('2D SPACE',''
  ) );
#13209 = ORIENTED_EDGE('',*,*,#13210,.F.);
#13210 = EDGE_CURVE('',#13211,#13188,#13213,.T.);
#13211 = VERTEX_POINT('',#13212);
#13212 = CARTESIAN_POINT('',(84.801461563964,-85.47337479488,
    2.576495971134E+03));
#13213 = SURFACE_CURVE('',#13214,(#13219,#13226),.PCURVE_S1.);
#13214 = CIRCLE('',#13215,5.);
#13215 = AXIS2_PLACEMENT_3D('',#13216,#13217,#13218);
#13216 = CARTESIAN_POINT('',(80.,-86.86644455048,2.576423008775E+03));
#13217 = DIRECTION('',(0.,-5.230354762964E-02,0.998631232691));
#13218 = DIRECTION('',(0.,0.998631232691,5.230354762964E-02));
#13219 = PCURVE('',#12199,#13220);
#13220 = DEFINITIONAL_REPRESENTATION('',(#13221),#13225);
#13221 = LINE('',#13222,#13223);
#13222 = CARTESIAN_POINT('',(0.,166.6511153737));
#13223 = VECTOR('',#13224,1.);
#13224 = DIRECTION('',(1.,0.));
#13225 = ( GEOMETRIC_REPRESENTATION_CONTEXT(2) 
PARAMETRIC_REPRESENTATION_CONTEXT() REPRESENTATION_CONTEXT('2D SPACE',''
  ) );
#13226 = PCURVE('',#13227,#13232);
#13227 = PLANE('',#13228);
#13228 = AXIS2_PLACEMENT_3D('',#13229,#13230,#13231);
#13229 = CARTESIAN_POINT('',(80.,-86.86644455048,2.576423008775E+03));
#13230 = DIRECTION('',(0.,-5.230354762964E-02,0.998631232691));
#13231 = DIRECTION('',(0.,0.998631232691,5.230354762964E-02));
#13232 = DEFINITIONAL_REPRESENTATION('',(#13233),#13237);
#13233 = CIRCLE('',#13234,5.);
#13234 = AXIS2_PLACEMENT_2D('',#13235,#13236);
#13235 = CARTESIAN_POINT('',(0.,0.));
#13236 = DIRECTION('',(1.,0.));
#13237 = ( GEOMETRIC_REPRESENTATION_CONTEXT(2) 
PARAMETRIC_REPRESENTATION_CONTEXT() REPRESENTATION_CONTEXT('2D SPACE',''
  ) );
#13238 = ORIENTED_EDGE('',*,*,#13239,.F.);
#13239 = EDGE_CURVE('',#13240,#13211,#13242,.T.);
#13240 = VERTEX_POINT('',#13241);
#13241 = CARTESIAN_POINT('',(75.198538436036,-85.47337479488,
    2.576495971134E+03));
#13242 = SURFACE_CURVE('',#13243,(#13248,#13268),.PCURVE_S1.);
#13243 = ELLIPSE('',#13244,6.260831403561,5.);
#13244 = AXIS2_PLACEMENT_3D('',#13245,#13246,#13247);
#13245 = CARTESIAN_POINT('',(80.,-86.81145975698,2.575373184536E+03));
#13246 = DIRECTION('',(0.,-0.642787609687,0.766044443119));
#13247 = DIRECTION('',(0.,0.766044443119,0.642787609687));
#13248 = PCURVE('',#12199,#13249);
#13249 = DEFINITIONAL_REPRESENTATION('',(#13250),#13267);
#13250 = B_SPLINE_CURVE_WITH_KNOTS('',8,(#13251,#13252,#13253,#13254,
    #13255,#13256,#13257,#13258,#13259,#13260,#13261,#13262,#13263,
    #13264,#13265,#13266),.UNSPECIFIED.,.F.,.F.,(9,7,9),(1.288047403849,
    3.14159265359,4.99513790333),.UNSPECIFIED.);
#13251 = CARTESIAN_POINT('',(1.288047403849,166.6511177737));
#13252 = CARTESIAN_POINT('',(1.519740560067,165.81275823284));
#13253 = CARTESIAN_POINT('',(1.751433716286,164.90990211673));
#13254 = CARTESIAN_POINT('',(1.983126872494,164.01113579765));
#13255 = CARTESIAN_POINT('',(2.214820028734,163.19238886854));
#13256 = CARTESIAN_POINT('',(2.446513184932,162.52533383818));
#13257 = CARTESIAN_POINT('',(2.678206341155,162.06299866078));
#13258 = CARTESIAN_POINT('',(2.909899497372,161.83182753627));
#13259 = CARTESIAN_POINT('',(3.373285809807,161.83182753627));
#13260 = CARTESIAN_POINT('',(3.604978966025,162.06299866062));
#13261 = CARTESIAN_POINT('',(3.836672122236,162.52533383917));
#13262 = CARTESIAN_POINT('',(4.068365278461,163.19238886737));
#13263 = CARTESIAN_POINT('',(4.300058434668,164.01113579853));
#13264 = CARTESIAN_POINT('',(4.531751590894,164.9099021166));
#13265 = CARTESIAN_POINT('',(4.763444747113,165.81275823284));
#13266 = CARTESIAN_POINT('',(4.99513790333,166.6511177737));
#13267 = ( GEOMETRIC_REPRESENTATION_CONTEXT(2) 
PARAMETRIC_REPRESENTATION_CONTEXT() REPRESENTATION_CONTEXT('2D SPACE',''
  ) );
#13268 = PCURVE('',#13269,#13274);
#13269 = PLANE('',#13270);
#13270 = AXIS2_PLACEMENT_3D('',#13271,#13272,#13273);
#13271 = CARTESIAN_POINT('',(-145.,-219.2907496295,2.464209861265E+03));
#13272 = DIRECTION('',(0.,-0.642787609687,0.766044443119));
#13273 = DIRECTION('',(1.,0.,0.));
#13274 = DEFINITIONAL_REPRESENTATION('',(#13275),#13279);
#13275 = ELLIPSE('',#13276,6.260831403561,5.);
#13276 = AXIS2_PLACEMENT_2D('',#13277,#13278);
#13277 = CARTESIAN_POINT('',(225.,172.93943068522));
#13278 = DIRECTION('',(0.,1.));
#13279 = ( GEOMETRIC_REPRESENTATION_CONTEXT(2) 
PARAMETRIC_REPRESENTATION_CONTEXT() REPRESENTATION_CONTEXT('2D SPACE',''
  ) );
#13280 = ORIENTED_EDGE('',*,*,#13281,.F.);
#13281 = EDGE_CURVE('',#13188,#13240,#13282,.T.);
#13282 = SURFACE_CURVE('',#13283,(#13288,#13295),.PCURVE_S1.);
#13283 = CIRCLE('',#13284,5.);
#13284 = AXIS2_PLACEMENT_3D('',#13285,#13286,#13287);
#13285 = CARTESIAN_POINT('',(80.,-86.86644455048,2.576423008775E+03));
#13286 = DIRECTION('',(0.,-5.230354762964E-02,0.998631232691));
#13287 = DIRECTION('',(0.,0.998631232691,5.230354762964E-02));
#13288 = PCURVE('',#12199,#13289);
#13289 = DEFINITIONAL_REPRESENTATION('',(#13290),#13294);
#13290 = LINE('',#13291,#13292);
#13291 = CARTESIAN_POINT('',(0.,166.6511153737));
#13292 = VECTOR('',#13293,1.);
#13293 = DIRECTION('',(1.,0.));
#13294 = ( GEOMETRIC_REPRESENTATION_CONTEXT(2) 
PARAMETRIC_REPRESENTATION_CONTEXT() REPRESENTATION_CONTEXT('2D SPACE',''
  ) );
#13295 = PCURVE('',#13227,#13296);
#13296 = DEFINITIONAL_REPRESENTATION('',(#13297),#13301);
#13297 = CIRCLE('',#13298,5.);
#13298 = AXIS2_PLACEMENT_2D('',#13299,#13300);
#13299 = CARTESIAN_POINT('',(0.,0.));
#13300 = DIRECTION('',(1.,0.));
#13301 = ( GEOMETRIC_REPRESENTATION_CONTEXT(2) 
PARAMETRIC_REPRESENTATION_CONTEXT() REPRESENTATION_CONTEXT('2D SPACE',''
  ) );
#13302 = ORIENTED_EDGE('',*,*,#13185,.F.);
#13303 = ORIENTED_EDGE('',*,*,#13304,.T.);
#13304 = EDGE_CURVE('',#13186,#12812,#13305,.T.);
#13305 = SURFACE_CURVE('',#13306,(#13311,#13318),.PCURVE_S1.);
#13306 = CIRCLE('',#13307,5.);
#13307 = AXIS2_PLACEMENT_3D('',#13308,#13309,#13310);
#13308 = CARTESIAN_POINT('',(80.,-78.15,2.41E+03));
#13309 = DIRECTION('',(0.,-5.230354762964E-02,0.998631232691));
#13310 = DIRECTION('',(0.,0.998631232691,5.230354762964E-02));
#13311 = PCURVE('',#12199,#13312);
#13312 = DEFINITIONAL_REPRESENTATION('',(#13313),#13317);
#13313 = LINE('',#13314,#13315);
#13314 = CARTESIAN_POINT('',(0.,0.));
#13315 = VECTOR('',#13316,1.);
#13316 = DIRECTION('',(1.,0.));
#13317 = ( GEOMETRIC_REPRESENTATION_CONTEXT(2) 
PARAMETRIC_REPRESENTATION_CONTEXT() REPRESENTATION_CONTEXT('2D SPACE',''
  ) );
#13318 = PCURVE('',#12856,#13319);
#13319 = DEFINITIONAL_REPRESENTATION('',(#13320),#13324);
#13320 = CIRCLE('',#13321,5.);
#13321 = AXIS2_PLACEMENT_2D('',#13322,#13323);
#13322 = CARTESIAN_POINT('',(0.,0.));
#13323 = DIRECTION('',(1.,0.));
#13324 = ( GEOMETRIC_REPRESENTATION_CONTEXT(2) 
PARAMETRIC_REPRESENTATION_CONTEXT() REPRESENTATION_CONTEXT('2D SPACE',''
  ) );
#13325 = ORIENTED_EDGE('',*,*,#12811,.T.);
#13326 = ORIENTED_EDGE('',*,*,#13327,.T.);
#13327 = EDGE_CURVE('',#12789,#12155,#13328,.T.);
#13328 = SURFACE_CURVE('',#13329,(#13334,#13345),.PCURVE_S1.);
#13329 = ELLIPSE('',#13330,5.006853217006,5.);
#13330 = AXIS2_PLACEMENT_3D('',#13331,#13332,#13333);
#13331 = CARTESIAN_POINT('',(80.,-79.19750474284,2.43E+03));
#13332 = DIRECTION('',(0.,0.,1.));
#13333 = DIRECTION('',(0.,-1.,0.));
#13334 = PCURVE('',#12199,#13335);
#13335 = DEFINITIONAL_REPRESENTATION('',(#13336),#13344);
#13336 = B_SPLINE_CURVE_WITH_KNOTS('',6,(#13337,#13338,#13339,#13340,
    #13341,#13342,#13343),.UNSPECIFIED.,.F.,.F.,(7,7),(3.660602374498,
    4.562532405272),.PIECEWISE_BEZIER_KNOTS.);
#13337 = CARTESIAN_POINT('',(0.519009720908,19.800022946637));
#13338 = CARTESIAN_POINT('',(0.669331392704,19.819549124428));
#13339 = CARTESIAN_POINT('',(0.819653064499,19.845241074357));
#13340 = CARTESIAN_POINT('',(0.969974736295,19.876305429244));
#13341 = CARTESIAN_POINT('',(1.120296408091,19.911527045652));
#13342 = CARTESIAN_POINT('',(1.270618079886,19.94939124273));
#13343 = CARTESIAN_POINT('',(1.420939751682,19.988315718103));
#13344 = ( GEOMETRIC_REPRESENTATION_CONTEXT(2) 
PARAMETRIC_REPRESENTATION_CONTEXT() REPRESENTATION_CONTEXT('2D SPACE',''
  ) );
#13345 = PCURVE('',#12170,#13346);
#13346 = DEFINITIONAL_REPRESENTATION('',(#13347),#13351);
#13347 = ELLIPSE('',#13348,5.006853217006,5.);
#13348 = AXIS2_PLACEMENT_2D('',#13349,#13350);
#13349 = CARTESIAN_POINT('',(170.,-1.047504742841));
#13350 = DIRECTION('',(0.,-1.));
#13351 = ( GEOMETRIC_REPRESENTATION_CONTEXT(2) 
PARAMETRIC_REPRESENTATION_CONTEXT() REPRESENTATION_CONTEXT('2D SPACE',''
  ) );
#13352 = ORIENTED_EDGE('',*,*,#12182,.F.);
#13353 = ORIENTED_EDGE('',*,*,#13354,.T.);
#13354 = EDGE_CURVE('',#12183,#12217,#13355,.T.);
#13355 = SURFACE_CURVE('',#13356,(#13361,#13368),.PCURVE_S1.);
#13356 = CIRCLE('',#13357,5.);
#13357 = AXIS2_PLACEMENT_3D('',#13358,#13359,#13360);
#13358 = CARTESIAN_POINT('',(80.,-78.15,2.41E+03));
#13359 = DIRECTION('',(0.,-5.230354762964E-02,0.998631232691));
#13360 = DIRECTION('',(0.,0.998631232691,5.230354762964E-02));
#13361 = PCURVE('',#12199,#13362);
#13362 = DEFINITIONAL_REPRESENTATION('',(#13363),#13367);
#13363 = LINE('',#13364,#13365);
#13364 = CARTESIAN_POINT('',(0.,0.));
#13365 = VECTOR('',#13366,1.);
#13366 = DIRECTION('',(1.,0.));
#13367 = ( GEOMETRIC_REPRESENTATION_CONTEXT(2) 
PARAMETRIC_REPRESENTATION_CONTEXT() REPRESENTATION_CONTEXT('2D SPACE',''
  ) );
#13368 = PCURVE('',#12231,#13369);
#13369 = DEFINITIONAL_REPRESENTATION('',(#13370),#13374);
#13370 = CIRCLE('',#13371,5.);
#13371 = AXIS2_PLACEMENT_2D('',#13372,#13373);
#13372 = CARTESIAN_POINT('',(0.,0.));
#13373 = DIRECTION('',(1.,0.));
#13374 = ( GEOMETRIC_REPRESENTATION_CONTEXT(2) 
PARAMETRIC_REPRESENTATION_CONTEXT() REPRESENTATION_CONTEXT('2D SPACE',''
  ) );
#13375 = ORIENTED_EDGE('',*,*,#12242,.F.);
#13376 = ORIENTED_EDGE('',*,*,#13154,.T.);
#13377 = ORIENTED_EDGE('',*,*,#12867,.T.);
#13378 = ORIENTED_EDGE('',*,*,#13379,.T.);
#13379 = EDGE_CURVE('',#12842,#13186,#13380,.T.);
#13380 = SURFACE_CURVE('',#13381,(#13386,#13393),.PCURVE_S1.);
#13381 = CIRCLE('',#13382,5.);
#13382 = AXIS2_PLACEMENT_3D('',#13383,#13384,#13385);
#13383 = CARTESIAN_POINT('',(80.,-78.15,2.41E+03));
#13384 = DIRECTION('',(0.,-5.230354762964E-02,0.998631232691));
#13385 = DIRECTION('',(0.,0.998631232691,5.230354762964E-02));
#13386 = PCURVE('',#12199,#13387);
#13387 = DEFINITIONAL_REPRESENTATION('',(#13388),#13392);
#13388 = LINE('',#13389,#13390);
#13389 = CARTESIAN_POINT('',(0.,0.));
#13390 = VECTOR('',#13391,1.);
#13391 = DIRECTION('',(1.,0.));
#13392 = ( GEOMETRIC_REPRESENTATION_CONTEXT(2) 
PARAMETRIC_REPRESENTATION_CONTEXT() REPRESENTATION_CONTEXT('2D SPACE',''
  ) );
#13393 = PCURVE('',#12856,#13394);
#13394 = DEFINITIONAL_REPRESENTATION('',(#13395),#13399);
#13395 = CIRCLE('',#13396,5.);
#13396 = AXIS2_PLACEMENT_2D('',#13397,#13398);
#13397 = CARTESIAN_POINT('',(0.,0.));
#13398 = DIRECTION('',(1.,0.));
#13399 = ( GEOMETRIC_REPRESENTATION_CONTEXT(2) 
PARAMETRIC_REPRESENTATION_CONTEXT() REPRESENTATION_CONTEXT('2D SPACE',''
  ) );
#13400 = ADVANCED_FACE('',(#13401),#12231,.F.);
#13401 = FACE_BOUND('',#13402,.F.);
#13402 = EDGE_LOOP('',(#13403,#13404));
#13403 = ORIENTED_EDGE('',*,*,#12216,.F.);
#13404 = ORIENTED_EDGE('',*,*,#13354,.T.);
#13405 = ADVANCED_FACE('',(#13406),#12170,.T.);
#13406 = FACE_BOUND('',#13407,.T.);
#13407 = EDGE_LOOP('',(#13408,#13409,#13435,#13436));
#13408 = ORIENTED_EDGE('',*,*,#12788,.F.);
#13409 = ORIENTED_EDGE('',*,*,#13410,.F.);
#13410 = EDGE_CURVE('',#12126,#12759,#13411,.T.);
#13411 = SURFACE_CURVE('',#13412,(#13417,#13424),.PCURVE_S1.);
#13412 = ELLIPSE('',#13413,5.006853217006,5.);
#13413 = AXIS2_PLACEMENT_3D('',#13414,#13415,#13416);
#13414 = CARTESIAN_POINT('',(-80.,-79.19750474284,2.43E+03));
#13415 = DIRECTION('',(0.,0.,1.));
#13416 = DIRECTION('',(0.,-1.,0.));
#13417 = PCURVE('',#12170,#13418);
#13418 = DEFINITIONAL_REPRESENTATION('',(#13419),#13423);
#13419 = ELLIPSE('',#13420,5.006853217006,5.);
#13420 = AXIS2_PLACEMENT_2D('',#13421,#13422);
#13421 = CARTESIAN_POINT('',(10.,-1.047504742841));
#13422 = DIRECTION('',(0.,-1.));
#13423 = ( GEOMETRIC_REPRESENTATION_CONTEXT(2) 
PARAMETRIC_REPRESENTATION_CONTEXT() REPRESENTATION_CONTEXT('2D SPACE',''
  ) );
#13424 = PCURVE('',#12082,#13425);
#13425 = DEFINITIONAL_REPRESENTATION('',(#13426),#13434);
#13426 = B_SPLINE_CURVE_WITH_KNOTS('',6,(#13427,#13428,#13429,#13430,
    #13431,#13432,#13433),.UNSPECIFIED.,.F.,.F.,(7,7),(1.720652901908,
    2.622582932682),.PIECEWISE_BEZIER_KNOTS.);
#13427 = CARTESIAN_POINT('',(4.862245555498,19.988315718103));
#13428 = CARTESIAN_POINT('',(5.012567227293,19.94939124273));
#13429 = CARTESIAN_POINT('',(5.162888899089,19.911527045652));
#13430 = CARTESIAN_POINT('',(5.313210570884,19.876305429245));
#13431 = CARTESIAN_POINT('',(5.46353224268,19.845241074357));
#13432 = CARTESIAN_POINT('',(5.613853914476,19.819549124428));
#13433 = CARTESIAN_POINT('',(5.764175586271,19.800022946637));
#13434 = ( GEOMETRIC_REPRESENTATION_CONTEXT(2) 
PARAMETRIC_REPRESENTATION_CONTEXT() REPRESENTATION_CONTEXT('2D SPACE',''
  ) );
#13435 = ORIENTED_EDGE('',*,*,#12154,.T.);
#13436 = ORIENTED_EDGE('',*,*,#13327,.F.);
#13437 = ADVANCED_FACE('',(#13438),#12082,.T.);
#13438 = FACE_BOUND('',#13439,.T.);
#13439 = EDGE_LOOP('',(#13440,#13465,#13494,#13531,#13553,#13554,#13576,
    #13577,#13578,#13579,#13601,#13602,#13603,#13604));
#13440 = ORIENTED_EDGE('',*,*,#13441,.T.);
#13441 = EDGE_CURVE('',#13442,#13444,#13446,.T.);
#13442 = VERTEX_POINT('',#13443);
#13443 = CARTESIAN_POINT('',(-80.,-73.15684383654,2.410261517738E+03));
#13444 = VERTEX_POINT('',#13445);
#13445 = CARTESIAN_POINT('',(-80.,-81.87328838702,2.576684526513E+03));
#13446 = SEAM_CURVE('',#13447,(#13451,#13458),.PCURVE_S1.);
#13447 = LINE('',#13448,#13449);
#13448 = CARTESIAN_POINT('',(-80.,-73.15684383654,2.410261517738E+03));
#13449 = VECTOR('',#13450,1.);
#13450 = DIRECTION('',(1.54074395551E-33,-5.230354762964E-02,
    0.998631232691));
#13451 = PCURVE('',#12082,#13452);
#13452 = DEFINITIONAL_REPRESENTATION('',(#13453),#13457);
#13453 = LINE('',#13454,#13455);
#13454 = CARTESIAN_POINT('',(6.28318530718,-0.));
#13455 = VECTOR('',#13456,1.);
#13456 = DIRECTION('',(0.,1.));
#13457 = ( GEOMETRIC_REPRESENTATION_CONTEXT(2) 
PARAMETRIC_REPRESENTATION_CONTEXT() REPRESENTATION_CONTEXT('2D SPACE',''
  ) );
#13458 = PCURVE('',#12082,#13459);
#13459 = DEFINITIONAL_REPRESENTATION('',(#13460),#13464);
#13460 = LINE('',#13461,#13462);
#13461 = CARTESIAN_POINT('',(0.,-0.));
#13462 = VECTOR('',#13463,1.);
#13463 = DIRECTION('',(0.,1.));
#13464 = ( GEOMETRIC_REPRESENTATION_CONTEXT(2) 
PARAMETRIC_REPRESENTATION_CONTEXT() REPRESENTATION_CONTEXT('2D SPACE',''
  ) );
#13465 = ORIENTED_EDGE('',*,*,#13466,.F.);
#13466 = EDGE_CURVE('',#13467,#13444,#13469,.T.);
#13467 = VERTEX_POINT('',#13468);
#13468 = CARTESIAN_POINT('',(-75.19853843603,-85.47337479488,
    2.576495971134E+03));
#13469 = SURFACE_CURVE('',#13470,(#13475,#13482),.PCURVE_S1.);
#13470 = CIRCLE('',#13471,5.);
#13471 = AXIS2_PLACEMENT_3D('',#13472,#13473,#13474);
#13472 = CARTESIAN_POINT('',(-80.,-86.86644455048,2.576423008775E+03));
#13473 = DIRECTION('',(0.,-5.230354762964E-02,0.998631232691));
#13474 = DIRECTION('',(0.,0.998631232691,5.230354762964E-02));
#13475 = PCURVE('',#12082,#13476);
#13476 = DEFINITIONAL_REPRESENTATION('',(#13477),#13481);
#13477 = LINE('',#13478,#13479);
#13478 = CARTESIAN_POINT('',(0.,166.6511153737));
#13479 = VECTOR('',#13480,1.);
#13480 = DIRECTION('',(1.,0.));
#13481 = ( GEOMETRIC_REPRESENTATION_CONTEXT(2) 
PARAMETRIC_REPRESENTATION_CONTEXT() REPRESENTATION_CONTEXT('2D SPACE',''
  ) );
#13482 = PCURVE('',#13483,#13488);
#13483 = PLANE('',#13484);
#13484 = AXIS2_PLACEMENT_3D('',#13485,#13486,#13487);
#13485 = CARTESIAN_POINT('',(-80.,-86.86644455048,2.576423008775E+03));
#13486 = DIRECTION('',(0.,-5.230354762964E-02,0.998631232691));
#13487 = DIRECTION('',(0.,0.998631232691,5.230354762964E-02));
#13488 = DEFINITIONAL_REPRESENTATION('',(#13489),#13493);
#13489 = CIRCLE('',#13490,5.);
#13490 = AXIS2_PLACEMENT_2D('',#13491,#13492);
#13491 = CARTESIAN_POINT('',(0.,0.));
#13492 = DIRECTION('',(1.,0.));
#13493 = ( GEOMETRIC_REPRESENTATION_CONTEXT(2) 
PARAMETRIC_REPRESENTATION_CONTEXT() REPRESENTATION_CONTEXT('2D SPACE',''
  ) );
#13494 = ORIENTED_EDGE('',*,*,#13495,.F.);
#13495 = EDGE_CURVE('',#13496,#13467,#13498,.T.);
#13496 = VERTEX_POINT('',#13497);
#13497 = CARTESIAN_POINT('',(-84.80146156396,-85.47337479488,
    2.576495971134E+03));
#13498 = SURFACE_CURVE('',#13499,(#13504,#13524),.PCURVE_S1.);
#13499 = ELLIPSE('',#13500,6.260831403561,5.);
#13500 = AXIS2_PLACEMENT_3D('',#13501,#13502,#13503);
#13501 = CARTESIAN_POINT('',(-80.,-86.81145975698,2.575373184536E+03));
#13502 = DIRECTION('',(0.,-0.642787609687,0.766044443119));
#13503 = DIRECTION('',(0.,0.766044443119,0.642787609687));
#13504 = PCURVE('',#12082,#13505);
#13505 = DEFINITIONAL_REPRESENTATION('',(#13506),#13523);
#13506 = B_SPLINE_CURVE_WITH_KNOTS('',8,(#13507,#13508,#13509,#13510,
    #13511,#13512,#13513,#13514,#13515,#13516,#13517,#13518,#13519,
    #13520,#13521,#13522),.UNSPECIFIED.,.F.,.F.,(9,7,9),(1.288047403849,
    3.14159265359,4.99513790333),.UNSPECIFIED.);
#13507 = CARTESIAN_POINT('',(1.288047403849,166.6511177737));
#13508 = CARTESIAN_POINT('',(1.519740560067,165.81275823284));
#13509 = CARTESIAN_POINT('',(1.751433716286,164.90990211673));
#13510 = CARTESIAN_POINT('',(1.983126872494,164.01113579765));
#13511 = CARTESIAN_POINT('',(2.214820028734,163.19238886854));
#13512 = CARTESIAN_POINT('',(2.446513184932,162.52533383818));
#13513 = CARTESIAN_POINT('',(2.678206341155,162.06299866078));
#13514 = CARTESIAN_POINT('',(2.909899497372,161.83182753627));
#13515 = CARTESIAN_POINT('',(3.373285809807,161.83182753627));
#13516 = CARTESIAN_POINT('',(3.604978966025,162.06299866062));
#13517 = CARTESIAN_POINT('',(3.836672122236,162.52533383917));
#13518 = CARTESIAN_POINT('',(4.068365278461,163.19238886737));
#13519 = CARTESIAN_POINT('',(4.300058434668,164.01113579853));
#13520 = CARTESIAN_POINT('',(4.531751590894,164.9099021166));
#13521 = CARTESIAN_POINT('',(4.763444747113,165.81275823284));
#13522 = CARTESIAN_POINT('',(4.99513790333,166.6511177737));
#13523 = ( GEOMETRIC_REPRESENTATION_CONTEXT(2) 
PARAMETRIC_REPRESENTATION_CONTEXT() REPRESENTATION_CONTEXT('2D SPACE',''
  ) );
#13524 = PCURVE('',#13269,#13525);
#13525 = DEFINITIONAL_REPRESENTATION('',(#13526),#13530);
#13526 = ELLIPSE('',#13527,6.260831403561,5.);
#13527 = AXIS2_PLACEMENT_2D('',#13528,#13529);
#13528 = CARTESIAN_POINT('',(65.,172.93943068522));
#13529 = DIRECTION('',(0.,1.));
#13530 = ( GEOMETRIC_REPRESENTATION_CONTEXT(2) 
PARAMETRIC_REPRESENTATION_CONTEXT() REPRESENTATION_CONTEXT('2D SPACE',''
  ) );
#13531 = ORIENTED_EDGE('',*,*,#13532,.F.);
#13532 = EDGE_CURVE('',#13444,#13496,#13533,.T.);
#13533 = SURFACE_CURVE('',#13534,(#13539,#13546),.PCURVE_S1.);
#13534 = CIRCLE('',#13535,5.);
#13535 = AXIS2_PLACEMENT_3D('',#13536,#13537,#13538);
#13536 = CARTESIAN_POINT('',(-80.,-86.86644455048,2.576423008775E+03));
#13537 = DIRECTION('',(0.,-5.230354762964E-02,0.998631232691));
#13538 = DIRECTION('',(0.,0.998631232691,5.230354762964E-02));
#13539 = PCURVE('',#12082,#13540);
#13540 = DEFINITIONAL_REPRESENTATION('',(#13541),#13545);
#13541 = LINE('',#13542,#13543);
#13542 = CARTESIAN_POINT('',(0.,166.6511153737));
#13543 = VECTOR('',#13544,1.);
#13544 = DIRECTION('',(1.,0.));
#13545 = ( GEOMETRIC_REPRESENTATION_CONTEXT(2) 
PARAMETRIC_REPRESENTATION_CONTEXT() REPRESENTATION_CONTEXT('2D SPACE',''
  ) );
#13546 = PCURVE('',#13483,#13547);
#13547 = DEFINITIONAL_REPRESENTATION('',(#13548),#13552);
#13548 = CIRCLE('',#13549,5.);
#13549 = AXIS2_PLACEMENT_2D('',#13550,#13551);
#13550 = CARTESIAN_POINT('',(0.,0.));
#13551 = DIRECTION('',(1.,0.));
#13552 = ( GEOMETRIC_REPRESENTATION_CONTEXT(2) 
PARAMETRIC_REPRESENTATION_CONTEXT() REPRESENTATION_CONTEXT('2D SPACE',''
  ) );
#13553 = ORIENTED_EDGE('',*,*,#13441,.F.);
#13554 = ORIENTED_EDGE('',*,*,#13555,.T.);
#13555 = EDGE_CURVE('',#13442,#12703,#13556,.T.);
#13556 = SURFACE_CURVE('',#13557,(#13562,#13569),.PCURVE_S1.);
#13557 = CIRCLE('',#13558,5.);
#13558 = AXIS2_PLACEMENT_3D('',#13559,#13560,#13561);
#13559 = CARTESIAN_POINT('',(-80.,-78.15,2.41E+03));
#13560 = DIRECTION('',(0.,-5.230354762964E-02,0.998631232691));
#13561 = DIRECTION('',(0.,0.998631232691,5.230354762964E-02));
#13562 = PCURVE('',#12082,#13563);
#13563 = DEFINITIONAL_REPRESENTATION('',(#13564),#13568);
#13564 = LINE('',#13565,#13566);
#13565 = CARTESIAN_POINT('',(0.,0.));
#13566 = VECTOR('',#13567,1.);
#13567 = DIRECTION('',(1.,0.));
#13568 = ( GEOMETRIC_REPRESENTATION_CONTEXT(2) 
PARAMETRIC_REPRESENTATION_CONTEXT() REPRESENTATION_CONTEXT('2D SPACE',''
  ) );
#13569 = PCURVE('',#12747,#13570);
#13570 = DEFINITIONAL_REPRESENTATION('',(#13571),#13575);
#13571 = CIRCLE('',#13572,5.);
#13572 = AXIS2_PLACEMENT_2D('',#13573,#13574);
#13573 = CARTESIAN_POINT('',(0.,0.));
#13574 = DIRECTION('',(1.,0.));
#13575 = ( GEOMETRIC_REPRESENTATION_CONTEXT(2) 
PARAMETRIC_REPRESENTATION_CONTEXT() REPRESENTATION_CONTEXT('2D SPACE',''
  ) );
#13576 = ORIENTED_EDGE('',*,*,#12702,.T.);
#13577 = ORIENTED_EDGE('',*,*,#12625,.T.);
#13578 = ORIENTED_EDGE('',*,*,#12065,.F.);
#13579 = ORIENTED_EDGE('',*,*,#13580,.T.);
#13580 = EDGE_CURVE('',#12066,#12100,#13581,.T.);
#13581 = SURFACE_CURVE('',#13582,(#13587,#13594),.PCURVE_S1.);
#13582 = CIRCLE('',#13583,5.);
#13583 = AXIS2_PLACEMENT_3D('',#13584,#13585,#13586);
#13584 = CARTESIAN_POINT('',(-80.,-78.15,2.41E+03));
#13585 = DIRECTION('',(0.,-5.230354762964E-02,0.998631232691));
#13586 = DIRECTION('',(0.,0.998631232691,5.230354762964E-02));
#13587 = PCURVE('',#12082,#13588);
#13588 = DEFINITIONAL_REPRESENTATION('',(#13589),#13593);
#13589 = LINE('',#13590,#13591);
#13590 = CARTESIAN_POINT('',(0.,0.));
#13591 = VECTOR('',#13592,1.);
#13592 = DIRECTION('',(1.,0.));
#13593 = ( GEOMETRIC_REPRESENTATION_CONTEXT(2) 
PARAMETRIC_REPRESENTATION_CONTEXT() REPRESENTATION_CONTEXT('2D SPACE',''
  ) );
#13594 = PCURVE('',#12114,#13595);
#13595 = DEFINITIONAL_REPRESENTATION('',(#13596),#13600);
#13596 = CIRCLE('',#13597,5.);
#13597 = AXIS2_PLACEMENT_2D('',#13598,#13599);
#13598 = CARTESIAN_POINT('',(0.,0.));
#13599 = DIRECTION('',(1.,0.));
#13600 = ( GEOMETRIC_REPRESENTATION_CONTEXT(2) 
PARAMETRIC_REPRESENTATION_CONTEXT() REPRESENTATION_CONTEXT('2D SPACE',''
  ) );
#13601 = ORIENTED_EDGE('',*,*,#12125,.F.);
#13602 = ORIENTED_EDGE('',*,*,#13410,.T.);
#13603 = ORIENTED_EDGE('',*,*,#12758,.T.);
#13604 = ORIENTED_EDGE('',*,*,#13605,.T.);
#13605 = EDGE_CURVE('',#12733,#13442,#13606,.T.);
#13606 = SURFACE_CURVE('',#13607,(#13612,#13619),.PCURVE_S1.);
#13607 = CIRCLE('',#13608,5.);
#13608 = AXIS2_PLACEMENT_3D('',#13609,#13610,#13611);
#13609 = CARTESIAN_POINT('',(-80.,-78.15,2.41E+03));
#13610 = DIRECTION('',(0.,-5.230354762964E-02,0.998631232691));
#13611 = DIRECTION('',(0.,0.998631232691,5.230354762964E-02));
#13612 = PCURVE('',#12082,#13613);
#13613 = DEFINITIONAL_REPRESENTATION('',(#13614),#13618);
#13614 = LINE('',#13615,#13616);
#13615 = CARTESIAN_POINT('',(0.,0.));
#13616 = VECTOR('',#13617,1.);
#13617 = DIRECTION('',(1.,0.));
#13618 = ( GEOMETRIC_REPRESENTATION_CONTEXT(2) 
PARAMETRIC_REPRESENTATION_CONTEXT() REPRESENTATION_CONTEXT('2D SPACE',''
  ) );
#13619 = PCURVE('',#12747,#13620);
#13620 = DEFINITIONAL_REPRESENTATION('',(#13621),#13625);
#13621 = CIRCLE('',#13622,5.);
#13622 = AXIS2_PLACEMENT_2D('',#13623,#13624);
#13623 = CARTESIAN_POINT('',(0.,0.));
#13624 = DIRECTION('',(1.,0.));
#13625 = ( GEOMETRIC_REPRESENTATION_CONTEXT(2) 
PARAMETRIC_REPRESENTATION_CONTEXT() REPRESENTATION_CONTEXT('2D SPACE',''
  ) );
#13626 = ADVANCED_FACE('',(#13627),#12114,.F.);
#13627 = FACE_BOUND('',#13628,.F.);
#13628 = EDGE_LOOP('',(#13629,#13630));
#13629 = ORIENTED_EDGE('',*,*,#12099,.F.);
#13630 = ORIENTED_EDGE('',*,*,#13580,.T.);
#13631 = ADVANCED_FACE('',(#13632),#12318,.T.);
#13632 = FACE_BOUND('',#13633,.T.);
#13633 = EDGE_LOOP('',(#13634,#13678,#13699,#13700,#13722,#13723));
#13634 = ORIENTED_EDGE('',*,*,#13635,.F.);
#13635 = EDGE_CURVE('',#13636,#13636,#13638,.T.);
#13636 = VERTEX_POINT('',#13637);
#13637 = CARTESIAN_POINT('',(-80.,-189.7106809086,2.489030486019E+03));
#13638 = SURFACE_CURVE('',#13639,(#13644,#13671),.PCURVE_S1.);
#13639 = ELLIPSE('',#13640,5.004865767337,5.);
#13640 = AXIS2_PLACEMENT_3D('',#13641,#13642,#13643);
#13641 = CARTESIAN_POINT('',(-80.,-193.5446305182,2.485813420315E+03));
#13642 = DIRECTION('',(0.,-0.642787609687,0.766044443119));
#13643 = DIRECTION('',(0.,-0.766044443119,-0.642787609687));
#13644 = PCURVE('',#12318,#13645);
#13645 = DEFINITIONAL_REPRESENTATION('',(#13646),#13670);
#13646 = B_SPLINE_CURVE_WITH_KNOTS('',8,(#13647,#13648,#13649,#13650,
    #13651,#13652,#13653,#13654,#13655,#13656,#13657,#13658,#13659,
    #13660,#13661,#13662,#13663,#13664,#13665,#13666,#13667,#13668,
    #13669),.UNSPECIFIED.,.F.,.F.,(9,7,7,9),(3.14159265359,
    4.712388980385,7.068583470577,9.424777960769),.UNSPECIFIED.);
#13647 = CARTESIAN_POINT('',(0.,170.49824587671));
#13648 = CARTESIAN_POINT('',(0.196349540849,170.49824587671));
#13649 = CARTESIAN_POINT('',(0.392699081699,170.50796754109));
#13650 = CARTESIAN_POINT('',(0.589048622548,170.52740969463));
#13651 = CARTESIAN_POINT('',(0.785398163397,170.5557763371));
#13652 = CARTESIAN_POINT('',(0.981747704247,170.59146210729));
#13653 = CARTESIAN_POINT('',(1.178097245096,170.63223999306));
#13654 = CARTESIAN_POINT('',(1.374446785946,170.67556211106));
#13655 = CARTESIAN_POINT('',(1.865320638069,170.78386778301));
#13656 = CARTESIAN_POINT('',(2.159844949342,170.84885142152));
#13657 = CARTESIAN_POINT('',(2.454369260618,170.90524341928));
#13658 = CARTESIAN_POINT('',(2.74889357189,170.94446437282));
#13659 = CARTESIAN_POINT('',(3.04341788316,170.96027664106));
#13660 = CARTESIAN_POINT('',(3.337942194438,170.95133280739));
#13661 = CARTESIAN_POINT('',(3.632466505713,170.92084956664));
#13662 = CARTESIAN_POINT('',(4.221515128261,170.82894915654));
#13663 = CARTESIAN_POINT('',(4.516039439531,170.76753165424));
#13664 = CARTESIAN_POINT('',(4.810563750811,170.69672515994));
#13665 = CARTESIAN_POINT('',(5.105088062068,170.62544608663));
#13666 = CARTESIAN_POINT('',(5.39961237336,170.56386320956));
#13667 = CARTESIAN_POINT('',(5.694136684629,170.52011970264));
#13668 = CARTESIAN_POINT('',(5.988660995906,170.49824587671));
#13669 = CARTESIAN_POINT('',(6.28318530718,170.49824587671));
#13670 = ( GEOMETRIC_REPRESENTATION_CONTEXT(2) 
PARAMETRIC_REPRESENTATION_CONTEXT() REPRESENTATION_CONTEXT('2D SPACE',''
  ) );
#13671 = PCURVE('',#13269,#13672);
#13672 = DEFINITIONAL_REPRESENTATION('',(#13673),#13677);
#13673 = ELLIPSE('',#13674,5.004865767337,5.);
#13674 = AXIS2_PLACEMENT_2D('',#13675,#13676);
#13675 = CARTESIAN_POINT('',(65.,33.609171559934));
#13676 = DIRECTION('',(0.,-1.));
#13677 = ( GEOMETRIC_REPRESENTATION_CONTEXT(2) 
PARAMETRIC_REPRESENTATION_CONTEXT() REPRESENTATION_CONTEXT('2D SPACE',''
  ) );
#13678 = ORIENTED_EDGE('',*,*,#13679,.F.);
#13679 = EDGE_CURVE('',#12300,#13636,#13680,.T.);
#13680 = SEAM_CURVE('',#13681,(#13685,#13692),.PCURVE_S1.);
#13681 = LINE('',#13682,#13683);
#13682 = CARTESIAN_POINT('',(-80.,-74.46518736862,2.363379668012E+03));
#13683 = VECTOR('',#13684,1.);
#13684 = DIRECTION('',(0.,-0.67593360241,0.736962526275));
#13685 = PCURVE('',#12318,#13686);
#13686 = DEFINITIONAL_REPRESENTATION('',(#13687),#13691);
#13687 = LINE('',#13688,#13689);
#13688 = CARTESIAN_POINT('',(6.28318530718,-0.));
#13689 = VECTOR('',#13690,1.);
#13690 = DIRECTION('',(0.,1.));
#13691 = ( GEOMETRIC_REPRESENTATION_CONTEXT(2) 
PARAMETRIC_REPRESENTATION_CONTEXT() REPRESENTATION_CONTEXT('2D SPACE',''
  ) );
#13692 = PCURVE('',#12318,#13693);
#13693 = DEFINITIONAL_REPRESENTATION('',(#13694),#13698);
#13694 = LINE('',#13695,#13696);
#13695 = CARTESIAN_POINT('',(0.,-0.));
#13696 = VECTOR('',#13697,1.);
#13697 = DIRECTION('',(0.,1.));
#13698 = ( GEOMETRIC_REPRESENTATION_CONTEXT(2) 
PARAMETRIC_REPRESENTATION_CONTEXT() REPRESENTATION_CONTEXT('2D SPACE',''
  ) );
#13699 = ORIENTED_EDGE('',*,*,#12336,.F.);
#13700 = ORIENTED_EDGE('',*,*,#13701,.T.);
#13701 = EDGE_CURVE('',#12337,#12302,#13702,.T.);
#13702 = SURFACE_CURVE('',#13703,(#13708,#13715),.PCURVE_S1.);
#13703 = CIRCLE('',#13704,5.);
#13704 = AXIS2_PLACEMENT_3D('',#13705,#13706,#13707);
#13705 = CARTESIAN_POINT('',(-80.,-78.15,2.36E+03));
#13706 = DIRECTION('',(0.,-0.67593360241,0.736962526275));
#13707 = DIRECTION('',(0.,0.736962526275,0.67593360241));
#13708 = PCURVE('',#12318,#13709);
#13709 = DEFINITIONAL_REPRESENTATION('',(#13710),#13714);
#13710 = LINE('',#13711,#13712);
#13711 = CARTESIAN_POINT('',(0.,0.));
#13712 = VECTOR('',#13713,1.);
#13713 = DIRECTION('',(1.,0.));
#13714 = ( GEOMETRIC_REPRESENTATION_CONTEXT(2) 
PARAMETRIC_REPRESENTATION_CONTEXT() REPRESENTATION_CONTEXT('2D SPACE',''
  ) );
#13715 = PCURVE('',#12379,#13716);
#13716 = DEFINITIONAL_REPRESENTATION('',(#13717),#13721);
#13717 = CIRCLE('',#13718,5.);
#13718 = AXIS2_PLACEMENT_2D('',#13719,#13720);
#13719 = CARTESIAN_POINT('',(0.,0.));
#13720 = DIRECTION('',(1.,0.));
#13721 = ( GEOMETRIC_REPRESENTATION_CONTEXT(2) 
PARAMETRIC_REPRESENTATION_CONTEXT() REPRESENTATION_CONTEXT('2D SPACE',''
  ) );
#13722 = ORIENTED_EDGE('',*,*,#12299,.F.);
#13723 = ORIENTED_EDGE('',*,*,#13679,.T.);
#13724 = ADVANCED_FACE('',(#13725),#12379,.F.);
#13725 = FACE_BOUND('',#13726,.F.);
#13726 = EDGE_LOOP('',(#13727,#13728));
#13727 = ORIENTED_EDGE('',*,*,#12366,.F.);
#13728 = ORIENTED_EDGE('',*,*,#13701,.T.);
#13729 = ADVANCED_FACE('',(#13730),#12410,.T.);
#13730 = FACE_BOUND('',#13731,.T.);
#13731 = EDGE_LOOP('',(#13732,#13755,#13783,#13804));
#13732 = ORIENTED_EDGE('',*,*,#13733,.F.);
#13733 = EDGE_CURVE('',#13734,#12393,#13736,.T.);
#13734 = VERTEX_POINT('',#13735);
#13735 = CARTESIAN_POINT('',(-75.,-168.15,2.35E+03));
#13736 = SURFACE_CURVE('',#13737,(#13741,#13748),.PCURVE_S1.);
#13737 = LINE('',#13738,#13739);
#13738 = CARTESIAN_POINT('',(-75.,-168.15,2.35E+03));
#13739 = VECTOR('',#13740,1.);
#13740 = DIRECTION('',(-0.,1.,0.));
#13741 = PCURVE('',#12410,#13742);
#13742 = DEFINITIONAL_REPRESENTATION('',(#13743),#13747);
#13743 = LINE('',#13744,#13745);
#13744 = CARTESIAN_POINT('',(0.,0.));
#13745 = VECTOR('',#13746,1.);
#13746 = DIRECTION('',(0.,1.));
#13747 = ( GEOMETRIC_REPRESENTATION_CONTEXT(2) 
PARAMETRIC_REPRESENTATION_CONTEXT() REPRESENTATION_CONTEXT('2D SPACE',''
  ) );
#13748 = PCURVE('',#12438,#13749);
#13749 = DEFINITIONAL_REPRESENTATION('',(#13750),#13754);
#13750 = LINE('',#13751,#13752);
#13751 = CARTESIAN_POINT('',(200.,0.));
#13752 = VECTOR('',#13753,1.);
#13753 = DIRECTION('',(0.,-1.));
#13754 = ( GEOMETRIC_REPRESENTATION_CONTEXT(2) 
PARAMETRIC_REPRESENTATION_CONTEXT() REPRESENTATION_CONTEXT('2D SPACE',''
  ) );
#13755 = ORIENTED_EDGE('',*,*,#13756,.T.);
#13756 = EDGE_CURVE('',#13734,#13757,#13759,.T.);
#13757 = VERTEX_POINT('',#13758);
#13758 = CARTESIAN_POINT('',(75.,-168.15,2.35E+03));
#13759 = SURFACE_CURVE('',#13760,(#13764,#13771),.PCURVE_S1.);
#13760 = LINE('',#13761,#13762);
#13761 = CARTESIAN_POINT('',(-75.,-168.15,2.35E+03));
#13762 = VECTOR('',#13763,1.);
#13763 = DIRECTION('',(1.,0.,-0.));
#13764 = PCURVE('',#12410,#13765);
#13765 = DEFINITIONAL_REPRESENTATION('',(#13766),#13770);
#13766 = LINE('',#13767,#13768);
#13767 = CARTESIAN_POINT('',(0.,0.));
#13768 = VECTOR('',#13769,1.);
#13769 = DIRECTION('',(1.,0.));
#13770 = ( GEOMETRIC_REPRESENTATION_CONTEXT(2) 
PARAMETRIC_REPRESENTATION_CONTEXT() REPRESENTATION_CONTEXT('2D SPACE',''
  ) );
#13771 = PCURVE('',#13772,#13777);
#13772 = PLANE('',#13773);
#13773 = AXIS2_PLACEMENT_3D('',#13774,#13775,#13776);
#13774 = CARTESIAN_POINT('',(-75.,-168.15,2.15E+03));
#13775 = DIRECTION('',(-0.,1.,0.));
#13776 = DIRECTION('',(0.,0.,1.));
#13777 = DEFINITIONAL_REPRESENTATION('',(#13778),#13782);
#13778 = LINE('',#13779,#13780);
#13779 = CARTESIAN_POINT('',(200.,0.));
#13780 = VECTOR('',#13781,1.);
#13781 = DIRECTION('',(0.,1.));
#13782 = ( GEOMETRIC_REPRESENTATION_CONTEXT(2) 
PARAMETRIC_REPRESENTATION_CONTEXT() REPRESENTATION_CONTEXT('2D SPACE',''
  ) );
#13783 = ORIENTED_EDGE('',*,*,#13784,.T.);
#13784 = EDGE_CURVE('',#13757,#12395,#13785,.T.);
#13785 = SURFACE_CURVE('',#13786,(#13790,#13797),.PCURVE_S1.);
#13786 = LINE('',#13787,#13788);
#13787 = CARTESIAN_POINT('',(75.,-168.15,2.35E+03));
#13788 = VECTOR('',#13789,1.);
#13789 = DIRECTION('',(-0.,1.,0.));
#13790 = PCURVE('',#12410,#13791);
#13791 = DEFINITIONAL_REPRESENTATION('',(#13792),#13796);
#13792 = LINE('',#13793,#13794);
#13793 = CARTESIAN_POINT('',(150.,0.));
#13794 = VECTOR('',#13795,1.);
#13795 = DIRECTION('',(0.,1.));
#13796 = ( GEOMETRIC_REPRESENTATION_CONTEXT(2) 
PARAMETRIC_REPRESENTATION_CONTEXT() REPRESENTATION_CONTEXT('2D SPACE',''
  ) );
#13797 = PCURVE('',#12492,#13798);
#13798 = DEFINITIONAL_REPRESENTATION('',(#13799),#13803);
#13799 = LINE('',#13800,#13801);
#13800 = CARTESIAN_POINT('',(200.,0.));
#13801 = VECTOR('',#13802,1.);
#13802 = DIRECTION('',(0.,-1.));
#13803 = ( GEOMETRIC_REPRESENTATION_CONTEXT(2) 
PARAMETRIC_REPRESENTATION_CONTEXT() REPRESENTATION_CONTEXT('2D SPACE',''
  ) );
#13804 = ORIENTED_EDGE('',*,*,#12392,.F.);
#13805 = ADVANCED_FACE('',(#13806),#12492,.T.);
#13806 = FACE_BOUND('',#13807,.T.);
#13807 = EDGE_LOOP('',(#13808,#13831,#13852,#13853));
#13808 = ORIENTED_EDGE('',*,*,#13809,.F.);
#13809 = EDGE_CURVE('',#13810,#13757,#13812,.T.);
#13810 = VERTEX_POINT('',#13811);
#13811 = CARTESIAN_POINT('',(75.,-168.15,2.15E+03));
#13812 = SURFACE_CURVE('',#13813,(#13817,#13824),.PCURVE_S1.);
#13813 = LINE('',#13814,#13815);
#13814 = CARTESIAN_POINT('',(75.,-168.15,2.15E+03));
#13815 = VECTOR('',#13816,1.);
#13816 = DIRECTION('',(0.,0.,1.));
#13817 = PCURVE('',#12492,#13818);
#13818 = DEFINITIONAL_REPRESENTATION('',(#13819),#13823);
#13819 = LINE('',#13820,#13821);
#13820 = CARTESIAN_POINT('',(0.,0.));
#13821 = VECTOR('',#13822,1.);
#13822 = DIRECTION('',(1.,0.));
#13823 = ( GEOMETRIC_REPRESENTATION_CONTEXT(2) 
PARAMETRIC_REPRESENTATION_CONTEXT() REPRESENTATION_CONTEXT('2D SPACE',''
  ) );
#13824 = PCURVE('',#13772,#13825);
#13825 = DEFINITIONAL_REPRESENTATION('',(#13826),#13830);
#13826 = LINE('',#13827,#13828);
#13827 = CARTESIAN_POINT('',(0.,150.));
#13828 = VECTOR('',#13829,1.);
#13829 = DIRECTION('',(1.,0.));
#13830 = ( GEOMETRIC_REPRESENTATION_CONTEXT(2) 
PARAMETRIC_REPRESENTATION_CONTEXT() REPRESENTATION_CONTEXT('2D SPACE',''
  ) );
#13831 = ORIENTED_EDGE('',*,*,#13832,.T.);
#13832 = EDGE_CURVE('',#13810,#12451,#13833,.T.);
#13833 = SURFACE_CURVE('',#13834,(#13838,#13845),.PCURVE_S1.);
#13834 = LINE('',#13835,#13836);
#13835 = CARTESIAN_POINT('',(75.,-168.15,2.15E+03));
#13836 = VECTOR('',#13837,1.);
#13837 = DIRECTION('',(-0.,1.,0.));
#13838 = PCURVE('',#12492,#13839);
#13839 = DEFINITIONAL_REPRESENTATION('',(#13840),#13844);
#13840 = LINE('',#13841,#13842);
#13841 = CARTESIAN_POINT('',(0.,0.));
#13842 = VECTOR('',#13843,1.);
#13843 = DIRECTION('',(0.,-1.));
#13844 = ( GEOMETRIC_REPRESENTATION_CONTEXT(2) 
PARAMETRIC_REPRESENTATION_CONTEXT() REPRESENTATION_CONTEXT('2D SPACE',''
  ) );
#13845 = PCURVE('',#12466,#13846);
#13846 = DEFINITIONAL_REPRESENTATION('',(#13847),#13851);
#13847 = LINE('',#13848,#13849);
#13848 = CARTESIAN_POINT('',(150.,0.));
#13849 = VECTOR('',#13850,1.);
#13850 = DIRECTION('',(0.,1.));
#13851 = ( GEOMETRIC_REPRESENTATION_CONTEXT(2) 
PARAMETRIC_REPRESENTATION_CONTEXT() REPRESENTATION_CONTEXT('2D SPACE',''
  ) );
#13852 = ORIENTED_EDGE('',*,*,#12478,.T.);
#13853 = ORIENTED_EDGE('',*,*,#13784,.F.);
#13854 = ADVANCED_FACE('',(#13855),#12438,.F.);
#13855 = FACE_BOUND('',#13856,.F.);
#13856 = EDGE_LOOP('',(#13857,#13880,#13901,#13902));
#13857 = ORIENTED_EDGE('',*,*,#13858,.F.);
#13858 = EDGE_CURVE('',#13859,#13734,#13861,.T.);
#13859 = VERTEX_POINT('',#13860);
#13860 = CARTESIAN_POINT('',(-75.,-168.15,2.15E+03));
#13861 = SURFACE_CURVE('',#13862,(#13866,#13873),.PCURVE_S1.);
#13862 = LINE('',#13863,#13864);
#13863 = CARTESIAN_POINT('',(-75.,-168.15,2.15E+03));
#13864 = VECTOR('',#13865,1.);
#13865 = DIRECTION('',(0.,0.,1.));
#13866 = PCURVE('',#12438,#13867);
#13867 = DEFINITIONAL_REPRESENTATION('',(#13868),#13872);
#13868 = LINE('',#13869,#13870);
#13869 = CARTESIAN_POINT('',(0.,0.));
#13870 = VECTOR('',#13871,1.);
#13871 = DIRECTION('',(1.,0.));
#13872 = ( GEOMETRIC_REPRESENTATION_CONTEXT(2) 
PARAMETRIC_REPRESENTATION_CONTEXT() REPRESENTATION_CONTEXT('2D SPACE',''
  ) );
#13873 = PCURVE('',#13772,#13874);
#13874 = DEFINITIONAL_REPRESENTATION('',(#13875),#13879);
#13875 = LINE('',#13876,#13877);
#13876 = CARTESIAN_POINT('',(0.,0.));
#13877 = VECTOR('',#13878,1.);
#13878 = DIRECTION('',(1.,0.));
#13879 = ( GEOMETRIC_REPRESENTATION_CONTEXT(2) 
PARAMETRIC_REPRESENTATION_CONTEXT() REPRESENTATION_CONTEXT('2D SPACE',''
  ) );
#13880 = ORIENTED_EDGE('',*,*,#13881,.T.);
#13881 = EDGE_CURVE('',#13859,#12423,#13882,.T.);
#13882 = SURFACE_CURVE('',#13883,(#13887,#13894),.PCURVE_S1.);
#13883 = LINE('',#13884,#13885);
#13884 = CARTESIAN_POINT('',(-75.,-168.15,2.15E+03));
#13885 = VECTOR('',#13886,1.);
#13886 = DIRECTION('',(-0.,1.,0.));
#13887 = PCURVE('',#12438,#13888);
#13888 = DEFINITIONAL_REPRESENTATION('',(#13889),#13893);
#13889 = LINE('',#13890,#13891);
#13890 = CARTESIAN_POINT('',(0.,0.));
#13891 = VECTOR('',#13892,1.);
#13892 = DIRECTION('',(0.,-1.));
#13893 = ( GEOMETRIC_REPRESENTATION_CONTEXT(2) 
PARAMETRIC_REPRESENTATION_CONTEXT() REPRESENTATION_CONTEXT('2D SPACE',''
  ) );
#13894 = PCURVE('',#12466,#13895);
#13895 = DEFINITIONAL_REPRESENTATION('',(#13896),#13900);
#13896 = LINE('',#13897,#13898);
#13897 = CARTESIAN_POINT('',(0.,0.));
#13898 = VECTOR('',#13899,1.);
#13899 = DIRECTION('',(0.,1.));
#13900 = ( GEOMETRIC_REPRESENTATION_CONTEXT(2) 
PARAMETRIC_REPRESENTATION_CONTEXT() REPRESENTATION_CONTEXT('2D SPACE',''
  ) );
#13901 = ORIENTED_EDGE('',*,*,#12422,.T.);
#13902 = ORIENTED_EDGE('',*,*,#13733,.F.);
#13903 = ADVANCED_FACE('',(#13904,#13930,#13961,#13992),#12466,.F.);
#13904 = FACE_BOUND('',#13905,.F.);
#13905 = EDGE_LOOP('',(#13906,#13907,#13928,#13929));
#13906 = ORIENTED_EDGE('',*,*,#13881,.F.);
#13907 = ORIENTED_EDGE('',*,*,#13908,.T.);
#13908 = EDGE_CURVE('',#13859,#13810,#13909,.T.);
#13909 = SURFACE_CURVE('',#13910,(#13914,#13921),.PCURVE_S1.);
#13910 = LINE('',#13911,#13912);
#13911 = CARTESIAN_POINT('',(-75.,-168.15,2.15E+03));
#13912 = VECTOR('',#13913,1.);
#13913 = DIRECTION('',(1.,0.,-0.));
#13914 = PCURVE('',#12466,#13915);
#13915 = DEFINITIONAL_REPRESENTATION('',(#13916),#13920);
#13916 = LINE('',#13917,#13918);
#13917 = CARTESIAN_POINT('',(0.,0.));
#13918 = VECTOR('',#13919,1.);
#13919 = DIRECTION('',(1.,0.));
#13920 = ( GEOMETRIC_REPRESENTATION_CONTEXT(2) 
PARAMETRIC_REPRESENTATION_CONTEXT() REPRESENTATION_CONTEXT('2D SPACE',''
  ) );
#13921 = PCURVE('',#13772,#13922);
#13922 = DEFINITIONAL_REPRESENTATION('',(#13923),#13927);
#13923 = LINE('',#13924,#13925);
#13924 = CARTESIAN_POINT('',(0.,0.));
#13925 = VECTOR('',#13926,1.);
#13926 = DIRECTION('',(0.,1.));
#13927 = ( GEOMETRIC_REPRESENTATION_CONTEXT(2) 
PARAMETRIC_REPRESENTATION_CONTEXT() REPRESENTATION_CONTEXT('2D SPACE',''
  ) );
#13928 = ORIENTED_EDGE('',*,*,#13832,.T.);
#13929 = ORIENTED_EDGE('',*,*,#12450,.F.);
#13930 = FACE_BOUND('',#13931,.F.);
#13931 = EDGE_LOOP('',(#13932));
#13932 = ORIENTED_EDGE('',*,*,#13933,.F.);
#13933 = EDGE_CURVE('',#13934,#13934,#13936,.T.);
#13934 = VERTEX_POINT('',#13935);
#13935 = CARTESIAN_POINT('',(-41.,-123.15,2.15E+03));
#13936 = SURFACE_CURVE('',#13937,(#13942,#13949),.PCURVE_S1.);
#13937 = CIRCLE('',#13938,11.);
#13938 = AXIS2_PLACEMENT_3D('',#13939,#13940,#13941);
#13939 = CARTESIAN_POINT('',(-52.,-123.15,2.15E+03));
#13940 = DIRECTION('',(0.,0.,1.));
#13941 = DIRECTION('',(1.,0.,-0.));
#13942 = PCURVE('',#12466,#13943);
#13943 = DEFINITIONAL_REPRESENTATION('',(#13944),#13948);
#13944 = CIRCLE('',#13945,11.);
#13945 = AXIS2_PLACEMENT_2D('',#13946,#13947);
#13946 = CARTESIAN_POINT('',(23.,45.));
#13947 = DIRECTION('',(1.,0.));
#13948 = ( GEOMETRIC_REPRESENTATION_CONTEXT(2) 
PARAMETRIC_REPRESENTATION_CONTEXT() REPRESENTATION_CONTEXT('2D SPACE',''
  ) );
#13949 = PCURVE('',#13950,#13955);
#13950 = CYLINDRICAL_SURFACE('',#13951,11.);
#13951 = AXIS2_PLACEMENT_3D('',#13952,#13953,#13954);
#13952 = CARTESIAN_POINT('',(-52.,-123.15,2.134E+03));
#13953 = DIRECTION('',(0.,0.,1.));
#13954 = DIRECTION('',(1.,0.,-0.));
#13955 = DEFINITIONAL_REPRESENTATION('',(#13956),#13960);
#13956 = LINE('',#13957,#13958);
#13957 = CARTESIAN_POINT('',(0.,16.));
#13958 = VECTOR('',#13959,1.);
#13959 = DIRECTION('',(1.,0.));
#13960 = ( GEOMETRIC_REPRESENTATION_CONTEXT(2) 
PARAMETRIC_REPRESENTATION_CONTEXT() REPRESENTATION_CONTEXT('2D SPACE',''
  ) );
#13961 = FACE_BOUND('',#13962,.F.);
#13962 = EDGE_LOOP('',(#13963));
#13963 = ORIENTED_EDGE('',*,*,#13964,.F.);
#13964 = EDGE_CURVE('',#13965,#13965,#13967,.T.);
#13965 = VERTEX_POINT('',#13966);
#13966 = CARTESIAN_POINT('',(-11.,-123.15,2.15E+03));
#13967 = SURFACE_CURVE('',#13968,(#13973,#13980),.PCURVE_S1.);
#13968 = CIRCLE('',#13969,11.);
#13969 = AXIS2_PLACEMENT_3D('',#13970,#13971,#13972);
#13970 = CARTESIAN_POINT('',(-22.,-123.15,2.15E+03));
#13971 = DIRECTION('',(0.,0.,1.));
#13972 = DIRECTION('',(1.,0.,-0.));
#13973 = PCURVE('',#12466,#13974);
#13974 = DEFINITIONAL_REPRESENTATION('',(#13975),#13979);
#13975 = CIRCLE('',#13976,11.);
#13976 = AXIS2_PLACEMENT_2D('',#13977,#13978);
#13977 = CARTESIAN_POINT('',(53.,45.));
#13978 = DIRECTION('',(1.,0.));
#13979 = ( GEOMETRIC_REPRESENTATION_CONTEXT(2) 
PARAMETRIC_REPRESENTATION_CONTEXT() REPRESENTATION_CONTEXT('2D SPACE',''
  ) );
#13980 = PCURVE('',#13981,#13986);
#13981 = CYLINDRICAL_SURFACE('',#13982,11.);
#13982 = AXIS2_PLACEMENT_3D('',#13983,#13984,#13985);
#13983 = CARTESIAN_POINT('',(-22.,-123.15,2.134E+03));
#13984 = DIRECTION('',(0.,0.,1.));
#13985 = DIRECTION('',(1.,0.,-0.));
#13986 = DEFINITIONAL_REPRESENTATION('',(#13987),#13991);
#13987 = LINE('',#13988,#13989);
#13988 = CARTESIAN_POINT('',(0.,16.));
#13989 = VECTOR('',#13990,1.);
#13990 = DIRECTION('',(1.,0.));
#13991 = ( GEOMETRIC_REPRESENTATION_CONTEXT(2) 
PARAMETRIC_REPRESENTATION_CONTEXT() REPRESENTATION_CONTEXT('2D SPACE',''
  ) );
#13992 = FACE_BOUND('',#13993,.F.);
#13993 = EDGE_LOOP('',(#13994));
#13994 = ORIENTED_EDGE('',*,*,#13995,.F.);
#13995 = EDGE_CURVE('',#13996,#13996,#13998,.T.);
#13996 = VERTEX_POINT('',#13997);
#13997 = CARTESIAN_POINT('',(63.,-123.15,2.15E+03));
#13998 = SURFACE_CURVE('',#13999,(#14004,#14011),.PCURVE_S1.);
#13999 = CIRCLE('',#14000,5.);
#14000 = AXIS2_PLACEMENT_3D('',#14001,#14002,#14003);
#14001 = CARTESIAN_POINT('',(58.,-123.15,2.15E+03));
#14002 = DIRECTION('',(0.,0.,1.));
#14003 = DIRECTION('',(1.,0.,-0.));
#14004 = PCURVE('',#12466,#14005);
#14005 = DEFINITIONAL_REPRESENTATION('',(#14006),#14010);
#14006 = CIRCLE('',#14007,5.);
#14007 = AXIS2_PLACEMENT_2D('',#14008,#14009);
#14008 = CARTESIAN_POINT('',(133.,45.));
#14009 = DIRECTION('',(1.,0.));
#14010 = ( GEOMETRIC_REPRESENTATION_CONTEXT(2) 
PARAMETRIC_REPRESENTATION_CONTEXT() REPRESENTATION_CONTEXT('2D SPACE',''
  ) );
#14011 = PCURVE('',#14012,#14017);
#14012 = CYLINDRICAL_SURFACE('',#14013,5.);
#14013 = AXIS2_PLACEMENT_3D('',#14014,#14015,#14016);
#14014 = CARTESIAN_POINT('',(58.,-123.15,1.96E+03));
#14015 = DIRECTION('',(0.,0.,1.));
#14016 = DIRECTION('',(1.,0.,-0.));
#14017 = DEFINITIONAL_REPRESENTATION('',(#14018),#14022);
#14018 = LINE('',#14019,#14020);
#14019 = CARTESIAN_POINT('',(0.,190.));
#14020 = VECTOR('',#14021,1.);
#14021 = DIRECTION('',(1.,0.));
#14022 = ( GEOMETRIC_REPRESENTATION_CONTEXT(2) 
PARAMETRIC_REPRESENTATION_CONTEXT() REPRESENTATION_CONTEXT('2D SPACE',''
  ) );
#14023 = ADVANCED_FACE('',(#14024),#12525,.T.);
#14024 = FACE_BOUND('',#14025,.T.);
#14025 = EDGE_LOOP('',(#14026,#14070,#14091,#14092,#14114,#14115));
#14026 = ORIENTED_EDGE('',*,*,#14027,.F.);
#14027 = EDGE_CURVE('',#14028,#14028,#14030,.T.);
#14028 = VERTEX_POINT('',#14029);
#14029 = CARTESIAN_POINT('',(80.,-189.7106809086,2.489030486019E+03));
#14030 = SURFACE_CURVE('',#14031,(#14036,#14063),.PCURVE_S1.);
#14031 = ELLIPSE('',#14032,5.004865767337,5.);
#14032 = AXIS2_PLACEMENT_3D('',#14033,#14034,#14035);
#14033 = CARTESIAN_POINT('',(80.,-193.5446305182,2.485813420315E+03));
#14034 = DIRECTION('',(0.,-0.642787609687,0.766044443119));
#14035 = DIRECTION('',(0.,-0.766044443119,-0.642787609687));
#14036 = PCURVE('',#12525,#14037);
#14037 = DEFINITIONAL_REPRESENTATION('',(#14038),#14062);
#14038 = B_SPLINE_CURVE_WITH_KNOTS('',8,(#14039,#14040,#14041,#14042,
    #14043,#14044,#14045,#14046,#14047,#14048,#14049,#14050,#14051,
    #14052,#14053,#14054,#14055,#14056,#14057,#14058,#14059,#14060,
    #14061),.UNSPECIFIED.,.F.,.F.,(9,7,7,9),(3.14159265359,
    4.712388980385,7.068583470577,9.424777960769),.UNSPECIFIED.);
#14039 = CARTESIAN_POINT('',(0.,170.49824587671));
#14040 = CARTESIAN_POINT('',(0.196349540849,170.49824587671));
#14041 = CARTESIAN_POINT('',(0.392699081699,170.50796754109));
#14042 = CARTESIAN_POINT('',(0.589048622548,170.52740969463));
#14043 = CARTESIAN_POINT('',(0.785398163397,170.5557763371));
#14044 = CARTESIAN_POINT('',(0.981747704247,170.59146210729));
#14045 = CARTESIAN_POINT('',(1.178097245096,170.63223999306));
#14046 = CARTESIAN_POINT('',(1.374446785946,170.67556211106));
#14047 = CARTESIAN_POINT('',(1.865320638069,170.78386778301));
#14048 = CARTESIAN_POINT('',(2.159844949342,170.84885142152));
#14049 = CARTESIAN_POINT('',(2.454369260618,170.90524341928));
#14050 = CARTESIAN_POINT('',(2.74889357189,170.94446437282));
#14051 = CARTESIAN_POINT('',(3.04341788316,170.96027664106));
#14052 = CARTESIAN_POINT('',(3.337942194438,170.95133280739));
#14053 = CARTESIAN_POINT('',(3.632466505713,170.92084956664));
#14054 = CARTESIAN_POINT('',(4.221515128261,170.82894915654));
#14055 = CARTESIAN_POINT('',(4.516039439531,170.76753165424));
#14056 = CARTESIAN_POINT('',(4.810563750811,170.69672515994));
#14057 = CARTESIAN_POINT('',(5.105088062068,170.62544608663));
#14058 = CARTESIAN_POINT('',(5.39961237336,170.56386320956));
#14059 = CARTESIAN_POINT('',(5.694136684629,170.52011970264));
#14060 = CARTESIAN_POINT('',(5.988660995906,170.49824587671));
#14061 = CARTESIAN_POINT('',(6.28318530718,170.49824587671));
#14062 = ( GEOMETRIC_REPRESENTATION_CONTEXT(2) 
PARAMETRIC_REPRESENTATION_CONTEXT() REPRESENTATION_CONTEXT('2D SPACE',''
  ) );
#14063 = PCURVE('',#13269,#14064);
#14064 = DEFINITIONAL_REPRESENTATION('',(#14065),#14069);
#14065 = ELLIPSE('',#14066,5.004865767337,5.);
#14066 = AXIS2_PLACEMENT_2D('',#14067,#14068);
#14067 = CARTESIAN_POINT('',(225.,33.609171559934));
#14068 = DIRECTION('',(0.,-1.));
#14069 = ( GEOMETRIC_REPRESENTATION_CONTEXT(2) 
PARAMETRIC_REPRESENTATION_CONTEXT() REPRESENTATION_CONTEXT('2D SPACE',''
  ) );
#14070 = ORIENTED_EDGE('',*,*,#14071,.F.);
#14071 = EDGE_CURVE('',#12507,#14028,#14072,.T.);
#14072 = SEAM_CURVE('',#14073,(#14077,#14084),.PCURVE_S1.);
#14073 = LINE('',#14074,#14075);
#14074 = CARTESIAN_POINT('',(80.,-74.46518736862,2.363379668012E+03));
#14075 = VECTOR('',#14076,1.);
#14076 = DIRECTION('',(0.,-0.67593360241,0.736962526275));
#14077 = PCURVE('',#12525,#14078);
#14078 = DEFINITIONAL_REPRESENTATION('',(#14079),#14083);
#14079 = LINE('',#14080,#14081);
#14080 = CARTESIAN_POINT('',(6.28318530718,-0.));
#14081 = VECTOR('',#14082,1.);
#14082 = DIRECTION('',(0.,1.));
#14083 = ( GEOMETRIC_REPRESENTATION_CONTEXT(2) 
PARAMETRIC_REPRESENTATION_CONTEXT() REPRESENTATION_CONTEXT('2D SPACE',''
  ) );
#14084 = PCURVE('',#12525,#14085);
#14085 = DEFINITIONAL_REPRESENTATION('',(#14086),#14090);
#14086 = LINE('',#14087,#14088);
#14087 = CARTESIAN_POINT('',(0.,-0.));
#14088 = VECTOR('',#14089,1.);
#14089 = DIRECTION('',(0.,1.));
#14090 = ( GEOMETRIC_REPRESENTATION_CONTEXT(2) 
PARAMETRIC_REPRESENTATION_CONTEXT() REPRESENTATION_CONTEXT('2D SPACE',''
  ) );
#14091 = ORIENTED_EDGE('',*,*,#12543,.F.);
#14092 = ORIENTED_EDGE('',*,*,#14093,.T.);
#14093 = EDGE_CURVE('',#12544,#12509,#14094,.T.);
#14094 = SURFACE_CURVE('',#14095,(#14100,#14107),.PCURVE_S1.);
#14095 = CIRCLE('',#14096,5.);
#14096 = AXIS2_PLACEMENT_3D('',#14097,#14098,#14099);
#14097 = CARTESIAN_POINT('',(80.,-78.15,2.36E+03));
#14098 = DIRECTION('',(0.,-0.67593360241,0.736962526275));
#14099 = DIRECTION('',(0.,0.736962526275,0.67593360241));
#14100 = PCURVE('',#12525,#14101);
#14101 = DEFINITIONAL_REPRESENTATION('',(#14102),#14106);
#14102 = LINE('',#14103,#14104);
#14103 = CARTESIAN_POINT('',(0.,0.));
#14104 = VECTOR('',#14105,1.);
#14105 = DIRECTION('',(1.,0.));
#14106 = ( GEOMETRIC_REPRESENTATION_CONTEXT(2) 
PARAMETRIC_REPRESENTATION_CONTEXT() REPRESENTATION_CONTEXT('2D SPACE',''
  ) );
#14107 = PCURVE('',#12586,#14108);
#14108 = DEFINITIONAL_REPRESENTATION('',(#14109),#14113);
#14109 = CIRCLE('',#14110,5.);
#14110 = AXIS2_PLACEMENT_2D('',#14111,#14112);
#14111 = CARTESIAN_POINT('',(0.,0.));
#14112 = DIRECTION('',(1.,0.));
#14113 = ( GEOMETRIC_REPRESENTATION_CONTEXT(2) 
PARAMETRIC_REPRESENTATION_CONTEXT() REPRESENTATION_CONTEXT('2D SPACE',''
  ) );
#14114 = ORIENTED_EDGE('',*,*,#12506,.F.);
#14115 = ORIENTED_EDGE('',*,*,#14071,.T.);
#14116 = ADVANCED_FACE('',(#14117),#12586,.F.);
#14117 = FACE_BOUND('',#14118,.F.);
#14118 = EDGE_LOOP('',(#14119,#14120));
#14119 = ORIENTED_EDGE('',*,*,#12573,.F.);
#14120 = ORIENTED_EDGE('',*,*,#14093,.T.);
#14121 = ADVANCED_FACE('',(#14122),#12856,.F.);
#14122 = FACE_BOUND('',#14123,.F.);
#14123 = EDGE_LOOP('',(#14124,#14125,#14126));
#14124 = ORIENTED_EDGE('',*,*,#13379,.T.);
#14125 = ORIENTED_EDGE('',*,*,#13304,.T.);
#14126 = ORIENTED_EDGE('',*,*,#12841,.T.);
#14127 = ADVANCED_FACE('',(#14128),#12747,.F.);
#14128 = FACE_BOUND('',#14129,.F.);
#14129 = EDGE_LOOP('',(#14130,#14131,#14132));
#14130 = ORIENTED_EDGE('',*,*,#13605,.T.);
#14131 = ORIENTED_EDGE('',*,*,#13555,.T.);
#14132 = ORIENTED_EDGE('',*,*,#12732,.T.);
#14133 = ADVANCED_FACE('',(#14134),#12939,.T.);
#14134 = FACE_BOUND('',#14135,.T.);
#14135 = EDGE_LOOP('',(#14136,#14158,#14159));
#14136 = ORIENTED_EDGE('',*,*,#14137,.T.);
#14137 = EDGE_CURVE('',#12923,#12956,#14138,.T.);
#14138 = SURFACE_CURVE('',#14139,(#14144,#14151),.PCURVE_S1.);
#14139 = CIRCLE('',#14140,5.);
#14140 = AXIS2_PLACEMENT_3D('',#14141,#14142,#14143);
#14141 = CARTESIAN_POINT('',(-80.,-78.15,2.36E+03));
#14142 = DIRECTION('',(-5.073719222537E-14,-0.67593360241,0.736962526275
    ));
#14143 = DIRECTION('',(0.580650883592,0.6,0.550313139388));
#14144 = PCURVE('',#12939,#14145);
#14145 = DEFINITIONAL_REPRESENTATION('',(#14146),#14150);
#14146 = LINE('',#14147,#14148);
#14147 = CARTESIAN_POINT('',(5.663657382847,0.));
#14148 = VECTOR('',#14149,1.);
#14149 = DIRECTION('',(1.,0.));
#14150 = ( GEOMETRIC_REPRESENTATION_CONTEXT(2) 
PARAMETRIC_REPRESENTATION_CONTEXT() REPRESENTATION_CONTEXT('2D SPACE',''
  ) );
#14151 = PCURVE('',#12996,#14152);
#14152 = DEFINITIONAL_REPRESENTATION('',(#14153),#14157);
#14153 = CIRCLE('',#14154,5.);
#14154 = AXIS2_PLACEMENT_2D('',#14155,#14156);
#14155 = CARTESIAN_POINT('',(0.,0.));
#14156 = DIRECTION('',(0.814152658525,-0.580650883592));
#14157 = ( GEOMETRIC_REPRESENTATION_CONTEXT(2) 
PARAMETRIC_REPRESENTATION_CONTEXT() REPRESENTATION_CONTEXT('2D SPACE',''
  ) );
#14158 = ORIENTED_EDGE('',*,*,#12955,.T.);
#14159 = ORIENTED_EDGE('',*,*,#12920,.T.);
#14160 = ADVANCED_FACE('',(#14161),#12996,.F.);
#14161 = FACE_BOUND('',#14162,.F.);
#14162 = EDGE_LOOP('',(#14163,#14164));
#14163 = ORIENTED_EDGE('',*,*,#14137,.T.);
#14164 = ORIENTED_EDGE('',*,*,#12983,.T.);
#14165 = ADVANCED_FACE('',(#14166),#13028,.T.);
#14166 = FACE_BOUND('',#14167,.T.);
#14167 = EDGE_LOOP('',(#14168,#14190,#14191));
#14168 = ORIENTED_EDGE('',*,*,#14169,.T.);
#14169 = EDGE_CURVE('',#13012,#13045,#14170,.T.);
#14170 = SURFACE_CURVE('',#14171,(#14176,#14183),.PCURVE_S1.);
#14171 = CIRCLE('',#14172,5.);
#14172 = AXIS2_PLACEMENT_3D('',#14173,#14174,#14175);
#14173 = CARTESIAN_POINT('',(80.,-78.15,2.36E+03));
#14174 = DIRECTION('',(-5.073719222537E-14,-0.67593360241,0.736962526275
    ));
#14175 = DIRECTION('',(0.580650883592,0.6,0.550313139388));
#14176 = PCURVE('',#13028,#14177);
#14177 = DEFINITIONAL_REPRESENTATION('',(#14178),#14182);
#14178 = LINE('',#14179,#14180);
#14179 = CARTESIAN_POINT('',(5.663657382847,0.));
#14180 = VECTOR('',#14181,1.);
#14181 = DIRECTION('',(1.,0.));
#14182 = ( GEOMETRIC_REPRESENTATION_CONTEXT(2) 
PARAMETRIC_REPRESENTATION_CONTEXT() REPRESENTATION_CONTEXT('2D SPACE',''
  ) );
#14183 = PCURVE('',#13085,#14184);
#14184 = DEFINITIONAL_REPRESENTATION('',(#14185),#14189);
#14185 = CIRCLE('',#14186,5.);
#14186 = AXIS2_PLACEMENT_2D('',#14187,#14188);
#14187 = CARTESIAN_POINT('',(0.,0.));
#14188 = DIRECTION('',(0.814152658525,-0.580650883592));
#14189 = ( GEOMETRIC_REPRESENTATION_CONTEXT(2) 
PARAMETRIC_REPRESENTATION_CONTEXT() REPRESENTATION_CONTEXT('2D SPACE',''
  ) );
#14190 = ORIENTED_EDGE('',*,*,#13044,.T.);
#14191 = ORIENTED_EDGE('',*,*,#13009,.T.);
#14192 = ADVANCED_FACE('',(#14193),#13085,.F.);
#14193 = FACE_BOUND('',#14194,.F.);
#14194 = EDGE_LOOP('',(#14195,#14196));
#14195 = ORIENTED_EDGE('',*,*,#14169,.T.);
#14196 = ORIENTED_EDGE('',*,*,#13072,.T.);
#14197 = ADVANCED_FACE('',(#14198),#13227,.T.);
#14198 = FACE_BOUND('',#14199,.T.);
#14199 = EDGE_LOOP('',(#14200,#14201,#14202));
#14200 = ORIENTED_EDGE('',*,*,#13210,.T.);
#14201 = ORIENTED_EDGE('',*,*,#13281,.T.);
#14202 = ORIENTED_EDGE('',*,*,#14203,.F.);
#14203 = EDGE_CURVE('',#13211,#13240,#14204,.T.);
#14204 = SURFACE_CURVE('',#14205,(#14209,#14215),.PCURVE_S1.);
#14205 = LINE('',#14206,#14207);
#14206 = CARTESIAN_POINT('',(-32.5,-85.47337479488,2.576495971134E+03));
#14207 = VECTOR('',#14208,1.);
#14208 = DIRECTION('',(-1.,0.,0.));
#14209 = PCURVE('',#13227,#14210);
#14210 = DEFINITIONAL_REPRESENTATION('',(#14211),#14214);
#14211 = B_SPLINE_CURVE_WITH_KNOTS('',1,(#14212,#14213),.UNSPECIFIED.,
  .F.,.F.,(2,2),(-117.5,-107.5),.PIECEWISE_BEZIER_KNOTS.);
#14212 = CARTESIAN_POINT('',(1.39497915747,-5.));
#14213 = CARTESIAN_POINT('',(1.39497915747,5.));
#14214 = ( GEOMETRIC_REPRESENTATION_CONTEXT(2) 
PARAMETRIC_REPRESENTATION_CONTEXT() REPRESENTATION_CONTEXT('2D SPACE',''
  ) );
#14215 = PCURVE('',#13269,#14216);
#14216 = DEFINITIONAL_REPRESENTATION('',(#14217),#14220);
#14217 = B_SPLINE_CURVE_WITH_KNOTS('',1,(#14218,#14219),.UNSPECIFIED.,
  .F.,.F.,(2,2),(-117.5,-107.5),.PIECEWISE_BEZIER_KNOTS.);
#14218 = CARTESIAN_POINT('',(230.,174.6861765485));
#14219 = CARTESIAN_POINT('',(220.,174.6861765485));
#14220 = ( GEOMETRIC_REPRESENTATION_CONTEXT(2) 
PARAMETRIC_REPRESENTATION_CONTEXT() REPRESENTATION_CONTEXT('2D SPACE',''
  ) );
#14221 = ADVANCED_FACE('',(#14222,#14336,#14339,#14342,#14364),#13269,
  .F.);
#14222 = FACE_BOUND('',#14223,.F.);
#14223 = EDGE_LOOP('',(#14224,#14254,#14282,#14310));
#14224 = ORIENTED_EDGE('',*,*,#14225,.F.);
#14225 = EDGE_CURVE('',#14226,#14228,#14230,.T.);
#14226 = VERTEX_POINT('',#14227);
#14227 = CARTESIAN_POINT('',(-145.,-219.2907496295,2.464209861265E+03));
#14228 = VERTEX_POINT('',#14229);
#14229 = CARTESIAN_POINT('',(-145.,-66.08186100576,2.592767383202E+03));
#14230 = SURFACE_CURVE('',#14231,(#14235,#14242),.PCURVE_S1.);
#14231 = LINE('',#14232,#14233);
#14232 = CARTESIAN_POINT('',(-145.,-219.2907496295,2.464209861265E+03));
#14233 = VECTOR('',#14234,1.);
#14234 = DIRECTION('',(0.,0.766044443119,0.642787609687));
#14235 = PCURVE('',#13269,#14236);
#14236 = DEFINITIONAL_REPRESENTATION('',(#14237),#14241);
#14237 = LINE('',#14238,#14239);
#14238 = CARTESIAN_POINT('',(0.,0.));
#14239 = VECTOR('',#14240,1.);
#14240 = DIRECTION('',(0.,1.));
#14241 = ( GEOMETRIC_REPRESENTATION_CONTEXT(2) 
PARAMETRIC_REPRESENTATION_CONTEXT() REPRESENTATION_CONTEXT('2D SPACE',''
  ) );
#14242 = PCURVE('',#14243,#14248);
#14243 = PLANE('',#14244);
#14244 = AXIS2_PLACEMENT_3D('',#14245,#14246,#14247);
#14245 = CARTESIAN_POINT('',(-145.,-219.2907496295,2.464209861265E+03));
#14246 = DIRECTION('',(1.,0.,0.));
#14247 = DIRECTION('',(0.,-0.642787609687,0.766044443119));
#14248 = DEFINITIONAL_REPRESENTATION('',(#14249),#14253);
#14249 = LINE('',#14250,#14251);
#14250 = CARTESIAN_POINT('',(0.,0.));
#14251 = VECTOR('',#14252,1.);
#14252 = DIRECTION('',(0.,-1.));
#14253 = ( GEOMETRIC_REPRESENTATION_CONTEXT(2) 
PARAMETRIC_REPRESENTATION_CONTEXT() REPRESENTATION_CONTEXT('2D SPACE',''
  ) );
#14254 = ORIENTED_EDGE('',*,*,#14255,.T.);
#14255 = EDGE_CURVE('',#14226,#14256,#14258,.T.);
#14256 = VERTEX_POINT('',#14257);
#14257 = CARTESIAN_POINT('',(145.,-219.2907496295,2.464209861265E+03));
#14258 = SURFACE_CURVE('',#14259,(#14263,#14270),.PCURVE_S1.);
#14259 = LINE('',#14260,#14261);
#14260 = CARTESIAN_POINT('',(-145.,-219.2907496295,2.464209861265E+03));
#14261 = VECTOR('',#14262,1.);
#14262 = DIRECTION('',(1.,0.,0.));
#14263 = PCURVE('',#13269,#14264);
#14264 = DEFINITIONAL_REPRESENTATION('',(#14265),#14269);
#14265 = LINE('',#14266,#14267);
#14266 = CARTESIAN_POINT('',(0.,0.));
#14267 = VECTOR('',#14268,1.);
#14268 = DIRECTION('',(1.,0.));
#14269 = ( GEOMETRIC_REPRESENTATION_CONTEXT(2) 
PARAMETRIC_REPRESENTATION_CONTEXT() REPRESENTATION_CONTEXT('2D SPACE',''
  ) );
#14270 = PCURVE('',#14271,#14276);
#14271 = PLANE('',#14272);
#14272 = AXIS2_PLACEMENT_3D('',#14273,#14274,#14275);
#14273 = CARTESIAN_POINT('',(-145.,-219.2907496295,2.464209861265E+03));
#14274 = DIRECTION('',(0.,0.766044443119,0.642787609687));
#14275 = DIRECTION('',(0.,-0.642787609687,0.766044443119));
#14276 = DEFINITIONAL_REPRESENTATION('',(#14277),#14281);
#14277 = LINE('',#14278,#14279);
#14278 = CARTESIAN_POINT('',(0.,0.));
#14279 = VECTOR('',#14280,1.);
#14280 = DIRECTION('',(0.,1.));
#14281 = ( GEOMETRIC_REPRESENTATION_CONTEXT(2) 
PARAMETRIC_REPRESENTATION_CONTEXT() REPRESENTATION_CONTEXT('2D SPACE',''
  ) );
#14282 = ORIENTED_EDGE('',*,*,#14283,.T.);
#14283 = EDGE_CURVE('',#14256,#14284,#14286,.T.);
#14284 = VERTEX_POINT('',#14285);
#14285 = CARTESIAN_POINT('',(145.,-66.08186100576,2.592767383202E+03));
#14286 = SURFACE_CURVE('',#14287,(#14291,#14298),.PCURVE_S1.);
#14287 = LINE('',#14288,#14289);
#14288 = CARTESIAN_POINT('',(145.,-219.2907496295,2.464209861265E+03));
#14289 = VECTOR('',#14290,1.);
#14290 = DIRECTION('',(0.,0.766044443119,0.642787609687));
#14291 = PCURVE('',#13269,#14292);
#14292 = DEFINITIONAL_REPRESENTATION('',(#14293),#14297);
#14293 = LINE('',#14294,#14295);
#14294 = CARTESIAN_POINT('',(290.,0.));
#14295 = VECTOR('',#14296,1.);
#14296 = DIRECTION('',(0.,1.));
#14297 = ( GEOMETRIC_REPRESENTATION_CONTEXT(2) 
PARAMETRIC_REPRESENTATION_CONTEXT() REPRESENTATION_CONTEXT('2D SPACE',''
  ) );
#14298 = PCURVE('',#14299,#14304);
#14299 = PLANE('',#14300);
#14300 = AXIS2_PLACEMENT_3D('',#14301,#14302,#14303);
#14301 = CARTESIAN_POINT('',(145.,-219.2907496295,2.464209861265E+03));
#14302 = DIRECTION('',(1.,0.,0.));
#14303 = DIRECTION('',(0.,-0.642787609687,0.766044443119));
#14304 = DEFINITIONAL_REPRESENTATION('',(#14305),#14309);
#14305 = LINE('',#14306,#14307);
#14306 = CARTESIAN_POINT('',(0.,0.));
#14307 = VECTOR('',#14308,1.);
#14308 = DIRECTION('',(0.,-1.));
#14309 = ( GEOMETRIC_REPRESENTATION_CONTEXT(2) 
PARAMETRIC_REPRESENTATION_CONTEXT() REPRESENTATION_CONTEXT('2D SPACE',''
  ) );
#14310 = ORIENTED_EDGE('',*,*,#14311,.F.);
#14311 = EDGE_CURVE('',#14228,#14284,#14312,.T.);
#14312 = SURFACE_CURVE('',#14313,(#14317,#14324),.PCURVE_S1.);
#14313 = LINE('',#14314,#14315);
#14314 = CARTESIAN_POINT('',(-145.,-66.08186100576,2.592767383202E+03));
#14315 = VECTOR('',#14316,1.);
#14316 = DIRECTION('',(1.,0.,0.));
#14317 = PCURVE('',#13269,#14318);
#14318 = DEFINITIONAL_REPRESENTATION('',(#14319),#14323);
#14319 = LINE('',#14320,#14321);
#14320 = CARTESIAN_POINT('',(0.,200.));
#14321 = VECTOR('',#14322,1.);
#14322 = DIRECTION('',(1.,0.));
#14323 = ( GEOMETRIC_REPRESENTATION_CONTEXT(2) 
PARAMETRIC_REPRESENTATION_CONTEXT() REPRESENTATION_CONTEXT('2D SPACE',''
  ) );
#14324 = PCURVE('',#14325,#14330);
#14325 = PLANE('',#14326);
#14326 = AXIS2_PLACEMENT_3D('',#14327,#14328,#14329);
#14327 = CARTESIAN_POINT('',(-145.,-66.08186100576,2.592767383202E+03));
#14328 = DIRECTION('',(0.,0.766044443119,0.642787609687));
#14329 = DIRECTION('',(0.,-0.642787609687,0.766044443119));
#14330 = DEFINITIONAL_REPRESENTATION('',(#14331),#14335);
#14331 = LINE('',#14332,#14333);
#14332 = CARTESIAN_POINT('',(0.,0.));
#14333 = VECTOR('',#14334,1.);
#14334 = DIRECTION('',(0.,1.));
#14335 = ( GEOMETRIC_REPRESENTATION_CONTEXT(2) 
PARAMETRIC_REPRESENTATION_CONTEXT() REPRESENTATION_CONTEXT('2D SPACE',''
  ) );
#14336 = FACE_BOUND('',#14337,.F.);
#14337 = EDGE_LOOP('',(#14338));
#14338 = ORIENTED_EDGE('',*,*,#13635,.F.);
#14339 = FACE_BOUND('',#14340,.F.);
#14340 = EDGE_LOOP('',(#14341));
#14341 = ORIENTED_EDGE('',*,*,#14027,.F.);
#14342 = FACE_BOUND('',#14343,.F.);
#14343 = EDGE_LOOP('',(#14344,#14345));
#14344 = ORIENTED_EDGE('',*,*,#13495,.F.);
#14345 = ORIENTED_EDGE('',*,*,#14346,.F.);
#14346 = EDGE_CURVE('',#13467,#13496,#14347,.T.);
#14347 = SURFACE_CURVE('',#14348,(#14352,#14358),.PCURVE_S1.);
#14348 = LINE('',#14349,#14350);
#14349 = CARTESIAN_POINT('',(-112.5,-85.47337479488,2.576495971134E+03)
  );
#14350 = VECTOR('',#14351,1.);
#14351 = DIRECTION('',(-1.,0.,0.));
#14352 = PCURVE('',#13269,#14353);
#14353 = DEFINITIONAL_REPRESENTATION('',(#14354),#14357);
#14354 = B_SPLINE_CURVE_WITH_KNOTS('',1,(#14355,#14356),.UNSPECIFIED.,
  .F.,.F.,(2,2),(-37.5,-27.5),.PIECEWISE_BEZIER_KNOTS.);
#14355 = CARTESIAN_POINT('',(70.,174.6861765485));
#14356 = CARTESIAN_POINT('',(60.,174.6861765485));
#14357 = ( GEOMETRIC_REPRESENTATION_CONTEXT(2) 
PARAMETRIC_REPRESENTATION_CONTEXT() REPRESENTATION_CONTEXT('2D SPACE',''
  ) );
#14358 = PCURVE('',#13483,#14359);
#14359 = DEFINITIONAL_REPRESENTATION('',(#14360),#14363);
#14360 = B_SPLINE_CURVE_WITH_KNOTS('',1,(#14361,#14362),.UNSPECIFIED.,
  .F.,.F.,(2,2),(-37.5,-27.5),.PIECEWISE_BEZIER_KNOTS.);
#14361 = CARTESIAN_POINT('',(1.39497915747,-5.));
#14362 = CARTESIAN_POINT('',(1.39497915747,5.));
#14363 = ( GEOMETRIC_REPRESENTATION_CONTEXT(2) 
PARAMETRIC_REPRESENTATION_CONTEXT() REPRESENTATION_CONTEXT('2D SPACE',''
  ) );
#14364 = FACE_BOUND('',#14365,.F.);
#14365 = EDGE_LOOP('',(#14366,#14367));
#14366 = ORIENTED_EDGE('',*,*,#13239,.F.);
#14367 = ORIENTED_EDGE('',*,*,#14203,.F.);
#14368 = ADVANCED_FACE('',(#14369),#13483,.T.);
#14369 = FACE_BOUND('',#14370,.T.);
#14370 = EDGE_LOOP('',(#14371,#14372,#14373));
#14371 = ORIENTED_EDGE('',*,*,#13466,.T.);
#14372 = ORIENTED_EDGE('',*,*,#13532,.T.);
#14373 = ORIENTED_EDGE('',*,*,#14346,.F.);
#14374 = ADVANCED_FACE('',(#14375),#13772,.F.);
#14375 = FACE_BOUND('',#14376,.F.);
#14376 = EDGE_LOOP('',(#14377,#14378,#14379,#14380));
#14377 = ORIENTED_EDGE('',*,*,#13908,.F.);
#14378 = ORIENTED_EDGE('',*,*,#13858,.T.);
#14379 = ORIENTED_EDGE('',*,*,#13756,.T.);
#14380 = ORIENTED_EDGE('',*,*,#13809,.F.);
#14381 = ADVANCED_FACE('',(#14382),#13950,.T.);
#14382 = FACE_BOUND('',#14383,.T.);
#14383 = EDGE_LOOP('',(#14384,#14385,#14408,#14435));
#14384 = ORIENTED_EDGE('',*,*,#13933,.F.);
#14385 = ORIENTED_EDGE('',*,*,#14386,.F.);
#14386 = EDGE_CURVE('',#14387,#13934,#14389,.T.);
#14387 = VERTEX_POINT('',#14388);
#14388 = CARTESIAN_POINT('',(-41.,-123.15,2.134E+03));
#14389 = SEAM_CURVE('',#14390,(#14394,#14401),.PCURVE_S1.);
#14390 = LINE('',#14391,#14392);
#14391 = CARTESIAN_POINT('',(-41.,-123.15,2.134E+03));
#14392 = VECTOR('',#14393,1.);
#14393 = DIRECTION('',(0.,0.,1.));
#14394 = PCURVE('',#13950,#14395);
#14395 = DEFINITIONAL_REPRESENTATION('',(#14396),#14400);
#14396 = LINE('',#14397,#14398);
#14397 = CARTESIAN_POINT('',(6.28318530718,-0.));
#14398 = VECTOR('',#14399,1.);
#14399 = DIRECTION('',(0.,1.));
#14400 = ( GEOMETRIC_REPRESENTATION_CONTEXT(2) 
PARAMETRIC_REPRESENTATION_CONTEXT() REPRESENTATION_CONTEXT('2D SPACE',''
  ) );
#14401 = PCURVE('',#13950,#14402);
#14402 = DEFINITIONAL_REPRESENTATION('',(#14403),#14407);
#14403 = LINE('',#14404,#14405);
#14404 = CARTESIAN_POINT('',(0.,-0.));
#14405 = VECTOR('',#14406,1.);
#14406 = DIRECTION('',(0.,1.));
#14407 = ( GEOMETRIC_REPRESENTATION_CONTEXT(2) 
PARAMETRIC_REPRESENTATION_CONTEXT() REPRESENTATION_CONTEXT('2D SPACE',''
  ) );
#14408 = ORIENTED_EDGE('',*,*,#14409,.T.);
#14409 = EDGE_CURVE('',#14387,#14387,#14410,.T.);
#14410 = SURFACE_CURVE('',#14411,(#14416,#14423),.PCURVE_S1.);
#14411 = CIRCLE('',#14412,11.);
#14412 = AXIS2_PLACEMENT_3D('',#14413,#14414,#14415);
#14413 = CARTESIAN_POINT('',(-52.,-123.15,2.134E+03));
#14414 = DIRECTION('',(0.,0.,1.));
#14415 = DIRECTION('',(1.,0.,-0.));
#14416 = PCURVE('',#13950,#14417);
#14417 = DEFINITIONAL_REPRESENTATION('',(#14418),#14422);
#14418 = LINE('',#14419,#14420);
#14419 = CARTESIAN_POINT('',(0.,0.));
#14420 = VECTOR('',#14421,1.);
#14421 = DIRECTION('',(1.,0.));
#14422 = ( GEOMETRIC_REPRESENTATION_CONTEXT(2) 
PARAMETRIC_REPRESENTATION_CONTEXT() REPRESENTATION_CONTEXT('2D SPACE',''
  ) );
#14423 = PCURVE('',#14424,#14429);
#14424 = PLANE('',#14425);
#14425 = AXIS2_PLACEMENT_3D('',#14426,#14427,#14428);
#14426 = CARTESIAN_POINT('',(-52.,-123.15,2.134E+03));
#14427 = DIRECTION('',(0.,0.,1.));
#14428 = DIRECTION('',(1.,0.,-0.));
#14429 = DEFINITIONAL_REPRESENTATION('',(#14430),#14434);
#14430 = CIRCLE('',#14431,11.);
#14431 = AXIS2_PLACEMENT_2D('',#14432,#14433);
#14432 = CARTESIAN_POINT('',(0.,0.));
#14433 = DIRECTION('',(1.,0.));
#14434 = ( GEOMETRIC_REPRESENTATION_CONTEXT(2) 
PARAMETRIC_REPRESENTATION_CONTEXT() REPRESENTATION_CONTEXT('2D SPACE',''
  ) );
#14435 = ORIENTED_EDGE('',*,*,#14386,.T.);
#14436 = ADVANCED_FACE('',(#14437),#13981,.T.);
#14437 = FACE_BOUND('',#14438,.T.);
#14438 = EDGE_LOOP('',(#14439,#14440,#14463,#14490));
#14439 = ORIENTED_EDGE('',*,*,#13964,.F.);
#14440 = ORIENTED_EDGE('',*,*,#14441,.F.);
#14441 = EDGE_CURVE('',#14442,#13965,#14444,.T.);
#14442 = VERTEX_POINT('',#14443);
#14443 = CARTESIAN_POINT('',(-11.,-123.15,2.134E+03));
#14444 = SEAM_CURVE('',#14445,(#14449,#14456),.PCURVE_S1.);
#14445 = LINE('',#14446,#14447);
#14446 = CARTESIAN_POINT('',(-11.,-123.15,2.134E+03));
#14447 = VECTOR('',#14448,1.);
#14448 = DIRECTION('',(0.,0.,1.));
#14449 = PCURVE('',#13981,#14450);
#14450 = DEFINITIONAL_REPRESENTATION('',(#14451),#14455);
#14451 = LINE('',#14452,#14453);
#14452 = CARTESIAN_POINT('',(6.28318530718,-0.));
#14453 = VECTOR('',#14454,1.);
#14454 = DIRECTION('',(0.,1.));
#14455 = ( GEOMETRIC_REPRESENTATION_CONTEXT(2) 
PARAMETRIC_REPRESENTATION_CONTEXT() REPRESENTATION_CONTEXT('2D SPACE',''
  ) );
#14456 = PCURVE('',#13981,#14457);
#14457 = DEFINITIONAL_REPRESENTATION('',(#14458),#14462);
#14458 = LINE('',#14459,#14460);
#14459 = CARTESIAN_POINT('',(0.,-0.));
#14460 = VECTOR('',#14461,1.);
#14461 = DIRECTION('',(0.,1.));
#14462 = ( GEOMETRIC_REPRESENTATION_CONTEXT(2) 
PARAMETRIC_REPRESENTATION_CONTEXT() REPRESENTATION_CONTEXT('2D SPACE',''
  ) );
#14463 = ORIENTED_EDGE('',*,*,#14464,.T.);
#14464 = EDGE_CURVE('',#14442,#14442,#14465,.T.);
#14465 = SURFACE_CURVE('',#14466,(#14471,#14478),.PCURVE_S1.);
#14466 = CIRCLE('',#14467,11.);
#14467 = AXIS2_PLACEMENT_3D('',#14468,#14469,#14470);
#14468 = CARTESIAN_POINT('',(-22.,-123.15,2.134E+03));
#14469 = DIRECTION('',(0.,0.,1.));
#14470 = DIRECTION('',(1.,0.,-0.));
#14471 = PCURVE('',#13981,#14472);
#14472 = DEFINITIONAL_REPRESENTATION('',(#14473),#14477);
#14473 = LINE('',#14474,#14475);
#14474 = CARTESIAN_POINT('',(0.,0.));
#14475 = VECTOR('',#14476,1.);
#14476 = DIRECTION('',(1.,0.));
#14477 = ( GEOMETRIC_REPRESENTATION_CONTEXT(2) 
PARAMETRIC_REPRESENTATION_CONTEXT() REPRESENTATION_CONTEXT('2D SPACE',''
  ) );
#14478 = PCURVE('',#14479,#14484);
#14479 = PLANE('',#14480);
#14480 = AXIS2_PLACEMENT_3D('',#14481,#14482,#14483);
#14481 = CARTESIAN_POINT('',(-22.,-123.15,2.134E+03));
#14482 = DIRECTION('',(0.,0.,1.));
#14483 = DIRECTION('',(1.,0.,-0.));
#14484 = DEFINITIONAL_REPRESENTATION('',(#14485),#14489);
#14485 = CIRCLE('',#14486,11.);
#14486 = AXIS2_PLACEMENT_2D('',#14487,#14488);
#14487 = CARTESIAN_POINT('',(0.,0.));
#14488 = DIRECTION('',(1.,0.));
#14489 = ( GEOMETRIC_REPRESENTATION_CONTEXT(2) 
PARAMETRIC_REPRESENTATION_CONTEXT() REPRESENTATION_CONTEXT('2D SPACE',''
  ) );
#14490 = ORIENTED_EDGE('',*,*,#14441,.T.);
#14491 = ADVANCED_FACE('',(#14492),#14012,.T.);
#14492 = FACE_BOUND('',#14493,.T.);
#14493 = EDGE_LOOP('',(#14494,#14495,#14518,#14545));
#14494 = ORIENTED_EDGE('',*,*,#13995,.F.);
#14495 = ORIENTED_EDGE('',*,*,#14496,.F.);
#14496 = EDGE_CURVE('',#14497,#13996,#14499,.T.);
#14497 = VERTEX_POINT('',#14498);
#14498 = CARTESIAN_POINT('',(63.,-123.15,1.96E+03));
#14499 = SEAM_CURVE('',#14500,(#14504,#14511),.PCURVE_S1.);
#14500 = LINE('',#14501,#14502);
#14501 = CARTESIAN_POINT('',(63.,-123.15,1.96E+03));
#14502 = VECTOR('',#14503,1.);
#14503 = DIRECTION('',(0.,0.,1.));
#14504 = PCURVE('',#14012,#14505);
#14505 = DEFINITIONAL_REPRESENTATION('',(#14506),#14510);
#14506 = LINE('',#14507,#14508);
#14507 = CARTESIAN_POINT('',(6.28318530718,-0.));
#14508 = VECTOR('',#14509,1.);
#14509 = DIRECTION('',(0.,1.));
#14510 = ( GEOMETRIC_REPRESENTATION_CONTEXT(2) 
PARAMETRIC_REPRESENTATION_CONTEXT() REPRESENTATION_CONTEXT('2D SPACE',''
  ) );
#14511 = PCURVE('',#14012,#14512);
#14512 = DEFINITIONAL_REPRESENTATION('',(#14513),#14517);
#14513 = LINE('',#14514,#14515);
#14514 = CARTESIAN_POINT('',(0.,-0.));
#14515 = VECTOR('',#14516,1.);
#14516 = DIRECTION('',(0.,1.));
#14517 = ( GEOMETRIC_REPRESENTATION_CONTEXT(2) 
PARAMETRIC_REPRESENTATION_CONTEXT() REPRESENTATION_CONTEXT('2D SPACE',''
  ) );
#14518 = ORIENTED_EDGE('',*,*,#14519,.T.);
#14519 = EDGE_CURVE('',#14497,#14497,#14520,.T.);
#14520 = SURFACE_CURVE('',#14521,(#14526,#14533),.PCURVE_S1.);
#14521 = CIRCLE('',#14522,5.);
#14522 = AXIS2_PLACEMENT_3D('',#14523,#14524,#14525);
#14523 = CARTESIAN_POINT('',(58.,-123.15,1.96E+03));
#14524 = DIRECTION('',(0.,0.,1.));
#14525 = DIRECTION('',(1.,0.,-0.));
#14526 = PCURVE('',#14012,#14527);
#14527 = DEFINITIONAL_REPRESENTATION('',(#14528),#14532);
#14528 = LINE('',#14529,#14530);
#14529 = CARTESIAN_POINT('',(0.,0.));
#14530 = VECTOR('',#14531,1.);
#14531 = DIRECTION('',(1.,0.));
#14532 = ( GEOMETRIC_REPRESENTATION_CONTEXT(2) 
PARAMETRIC_REPRESENTATION_CONTEXT() REPRESENTATION_CONTEXT('2D SPACE',''
  ) );
#14533 = PCURVE('',#14534,#14539);
#14534 = PLANE('',#14535);
#14535 = AXIS2_PLACEMENT_3D('',#14536,#14537,#14538);
#14536 = CARTESIAN_POINT('',(58.,-123.15,1.96E+03));
#14537 = DIRECTION('',(0.,0.,1.));
#14538 = DIRECTION('',(1.,0.,-0.));
#14539 = DEFINITIONAL_REPRESENTATION('',(#14540),#14544);
#14540 = CIRCLE('',#14541,5.);
#14541 = AXIS2_PLACEMENT_2D('',#14542,#14543);
#14542 = CARTESIAN_POINT('',(0.,0.));
#14543 = DIRECTION('',(1.,0.));
#14544 = ( GEOMETRIC_REPRESENTATION_CONTEXT(2) 
PARAMETRIC_REPRESENTATION_CONTEXT() REPRESENTATION_CONTEXT('2D SPACE',''
  ) );
#14545 = ORIENTED_EDGE('',*,*,#14496,.T.);
#14546 = ADVANCED_FACE('',(#14547),#14243,.F.);
#14547 = FACE_BOUND('',#14548,.F.);
#14548 = EDGE_LOOP('',(#14549,#14572,#14573,#14596));
#14549 = ORIENTED_EDGE('',*,*,#14550,.F.);
#14550 = EDGE_CURVE('',#14226,#14551,#14553,.T.);
#14551 = VERTEX_POINT('',#14552);
#14552 = CARTESIAN_POINT('',(-145.,-230.2181389942,2.477232616798E+03));
#14553 = SURFACE_CURVE('',#14554,(#14558,#14565),.PCURVE_S1.);
#14554 = LINE('',#14555,#14556);
#14555 = CARTESIAN_POINT('',(-145.,-219.2907496295,2.464209861265E+03));
#14556 = VECTOR('',#14557,1.);
#14557 = DIRECTION('',(0.,-0.642787609687,0.766044443119));
#14558 = PCURVE('',#14243,#14559);
#14559 = DEFINITIONAL_REPRESENTATION('',(#14560),#14564);
#14560 = LINE('',#14561,#14562);
#14561 = CARTESIAN_POINT('',(0.,0.));
#14562 = VECTOR('',#14563,1.);
#14563 = DIRECTION('',(1.,0.));
#14564 = ( GEOMETRIC_REPRESENTATION_CONTEXT(2) 
PARAMETRIC_REPRESENTATION_CONTEXT() REPRESENTATION_CONTEXT('2D SPACE',''
  ) );
#14565 = PCURVE('',#14271,#14566);
#14566 = DEFINITIONAL_REPRESENTATION('',(#14567),#14571);
#14567 = LINE('',#14568,#14569);
#14568 = CARTESIAN_POINT('',(0.,0.));
#14569 = VECTOR('',#14570,1.);
#14570 = DIRECTION('',(1.,0.));
#14571 = ( GEOMETRIC_REPRESENTATION_CONTEXT(2) 
PARAMETRIC_REPRESENTATION_CONTEXT() REPRESENTATION_CONTEXT('2D SPACE',''
  ) );
#14572 = ORIENTED_EDGE('',*,*,#14225,.T.);
#14573 = ORIENTED_EDGE('',*,*,#14574,.T.);
#14574 = EDGE_CURVE('',#14228,#14575,#14577,.T.);
#14575 = VERTEX_POINT('',#14576);
#14576 = CARTESIAN_POINT('',(-145.,-77.00925037043,2.605790138735E+03));
#14577 = SURFACE_CURVE('',#14578,(#14582,#14589),.PCURVE_S1.);
#14578 = LINE('',#14579,#14580);
#14579 = CARTESIAN_POINT('',(-145.,-66.08186100576,2.592767383202E+03));
#14580 = VECTOR('',#14581,1.);
#14581 = DIRECTION('',(0.,-0.642787609687,0.766044443119));
#14582 = PCURVE('',#14243,#14583);
#14583 = DEFINITIONAL_REPRESENTATION('',(#14584),#14588);
#14584 = LINE('',#14585,#14586);
#14585 = CARTESIAN_POINT('',(0.,-200.));
#14586 = VECTOR('',#14587,1.);
#14587 = DIRECTION('',(1.,0.));
#14588 = ( GEOMETRIC_REPRESENTATION_CONTEXT(2) 
PARAMETRIC_REPRESENTATION_CONTEXT() REPRESENTATION_CONTEXT('2D SPACE',''
  ) );
#14589 = PCURVE('',#14325,#14590);
#14590 = DEFINITIONAL_REPRESENTATION('',(#14591),#14595);
#14591 = LINE('',#14592,#14593);
#14592 = CARTESIAN_POINT('',(0.,0.));
#14593 = VECTOR('',#14594,1.);
#14594 = DIRECTION('',(1.,0.));
#14595 = ( GEOMETRIC_REPRESENTATION_CONTEXT(2) 
PARAMETRIC_REPRESENTATION_CONTEXT() REPRESENTATION_CONTEXT('2D SPACE',''
  ) );
#14596 = ORIENTED_EDGE('',*,*,#14597,.F.);
#14597 = EDGE_CURVE('',#14551,#14575,#14598,.T.);
#14598 = SURFACE_CURVE('',#14599,(#14603,#14610),.PCURVE_S1.);
#14599 = LINE('',#14600,#14601);
#14600 = CARTESIAN_POINT('',(-145.,-230.2181389942,2.477232616798E+03));
#14601 = VECTOR('',#14602,1.);
#14602 = DIRECTION('',(0.,0.766044443119,0.642787609687));
#14603 = PCURVE('',#14243,#14604);
#14604 = DEFINITIONAL_REPRESENTATION('',(#14605),#14609);
#14605 = LINE('',#14606,#14607);
#14606 = CARTESIAN_POINT('',(17.,0.));
#14607 = VECTOR('',#14608,1.);
#14608 = DIRECTION('',(0.,-1.));
#14609 = ( GEOMETRIC_REPRESENTATION_CONTEXT(2) 
PARAMETRIC_REPRESENTATION_CONTEXT() REPRESENTATION_CONTEXT('2D SPACE',''
  ) );
#14610 = PCURVE('',#14611,#14616);
#14611 = PLANE('',#14612);
#14612 = AXIS2_PLACEMENT_3D('',#14613,#14614,#14615);
#14613 = CARTESIAN_POINT('',(-145.,-230.2181389942,2.477232616798E+03));
#14614 = DIRECTION('',(0.,-0.642787609687,0.766044443119));
#14615 = DIRECTION('',(1.,0.,0.));
#14616 = DEFINITIONAL_REPRESENTATION('',(#14617),#14621);
#14617 = LINE('',#14618,#14619);
#14618 = CARTESIAN_POINT('',(0.,0.));
#14619 = VECTOR('',#14620,1.);
#14620 = DIRECTION('',(0.,1.));
#14621 = ( GEOMETRIC_REPRESENTATION_CONTEXT(2) 
PARAMETRIC_REPRESENTATION_CONTEXT() REPRESENTATION_CONTEXT('2D SPACE',''
  ) );
#14622 = ADVANCED_FACE('',(#14623),#14325,.T.);
#14623 = FACE_BOUND('',#14624,.T.);
#14624 = EDGE_LOOP('',(#14625,#14626,#14627,#14650));
#14625 = ORIENTED_EDGE('',*,*,#14311,.F.);
#14626 = ORIENTED_EDGE('',*,*,#14574,.T.);
#14627 = ORIENTED_EDGE('',*,*,#14628,.T.);
#14628 = EDGE_CURVE('',#14575,#14629,#14631,.T.);
#14629 = VERTEX_POINT('',#14630);
#14630 = CARTESIAN_POINT('',(145.,-77.00925037043,2.605790138735E+03));
#14631 = SURFACE_CURVE('',#14632,(#14636,#14643),.PCURVE_S1.);
#14632 = LINE('',#14633,#14634);
#14633 = CARTESIAN_POINT('',(-145.,-77.00925037043,2.605790138735E+03));
#14634 = VECTOR('',#14635,1.);
#14635 = DIRECTION('',(1.,0.,0.));
#14636 = PCURVE('',#14325,#14637);
#14637 = DEFINITIONAL_REPRESENTATION('',(#14638),#14642);
#14638 = LINE('',#14639,#14640);
#14639 = CARTESIAN_POINT('',(17.,0.));
#14640 = VECTOR('',#14641,1.);
#14641 = DIRECTION('',(0.,1.));
#14642 = ( GEOMETRIC_REPRESENTATION_CONTEXT(2) 
PARAMETRIC_REPRESENTATION_CONTEXT() REPRESENTATION_CONTEXT('2D SPACE',''
  ) );
#14643 = PCURVE('',#14611,#14644);
#14644 = DEFINITIONAL_REPRESENTATION('',(#14645),#14649);
#14645 = LINE('',#14646,#14647);
#14646 = CARTESIAN_POINT('',(0.,200.));
#14647 = VECTOR('',#14648,1.);
#14648 = DIRECTION('',(1.,0.));
#14649 = ( GEOMETRIC_REPRESENTATION_CONTEXT(2) 
PARAMETRIC_REPRESENTATION_CONTEXT() REPRESENTATION_CONTEXT('2D SPACE',''
  ) );
#14650 = ORIENTED_EDGE('',*,*,#14651,.F.);
#14651 = EDGE_CURVE('',#14284,#14629,#14652,.T.);
#14652 = SURFACE_CURVE('',#14653,(#14657,#14664),.PCURVE_S1.);
#14653 = LINE('',#14654,#14655);
#14654 = CARTESIAN_POINT('',(145.,-66.08186100576,2.592767383202E+03));
#14655 = VECTOR('',#14656,1.);
#14656 = DIRECTION('',(0.,-0.642787609687,0.766044443119));
#14657 = PCURVE('',#14325,#14658);
#14658 = DEFINITIONAL_REPRESENTATION('',(#14659),#14663);
#14659 = LINE('',#14660,#14661);
#14660 = CARTESIAN_POINT('',(0.,290.));
#14661 = VECTOR('',#14662,1.);
#14662 = DIRECTION('',(1.,0.));
#14663 = ( GEOMETRIC_REPRESENTATION_CONTEXT(2) 
PARAMETRIC_REPRESENTATION_CONTEXT() REPRESENTATION_CONTEXT('2D SPACE',''
  ) );
#14664 = PCURVE('',#14299,#14665);
#14665 = DEFINITIONAL_REPRESENTATION('',(#14666),#14670);
#14666 = LINE('',#14667,#14668);
#14667 = CARTESIAN_POINT('',(0.,-200.));
#14668 = VECTOR('',#14669,1.);
#14669 = DIRECTION('',(1.,0.));
#14670 = ( GEOMETRIC_REPRESENTATION_CONTEXT(2) 
PARAMETRIC_REPRESENTATION_CONTEXT() REPRESENTATION_CONTEXT('2D SPACE',''
  ) );
#14671 = ADVANCED_FACE('',(#14672),#14271,.F.);
#14672 = FACE_BOUND('',#14673,.F.);
#14673 = EDGE_LOOP('',(#14674,#14675,#14676,#14699));
#14674 = ORIENTED_EDGE('',*,*,#14255,.F.);
#14675 = ORIENTED_EDGE('',*,*,#14550,.T.);
#14676 = ORIENTED_EDGE('',*,*,#14677,.T.);
#14677 = EDGE_CURVE('',#14551,#14678,#14680,.T.);
#14678 = VERTEX_POINT('',#14679);
#14679 = CARTESIAN_POINT('',(145.,-230.2181389942,2.477232616798E+03));
#14680 = SURFACE_CURVE('',#14681,(#14685,#14692),.PCURVE_S1.);
#14681 = LINE('',#14682,#14683);
#14682 = CARTESIAN_POINT('',(-145.,-230.2181389942,2.477232616798E+03));
#14683 = VECTOR('',#14684,1.);
#14684 = DIRECTION('',(1.,0.,0.));
#14685 = PCURVE('',#14271,#14686);
#14686 = DEFINITIONAL_REPRESENTATION('',(#14687),#14691);
#14687 = LINE('',#14688,#14689);
#14688 = CARTESIAN_POINT('',(17.,0.));
#14689 = VECTOR('',#14690,1.);
#14690 = DIRECTION('',(0.,1.));
#14691 = ( GEOMETRIC_REPRESENTATION_CONTEXT(2) 
PARAMETRIC_REPRESENTATION_CONTEXT() REPRESENTATION_CONTEXT('2D SPACE',''
  ) );
#14692 = PCURVE('',#14611,#14693);
#14693 = DEFINITIONAL_REPRESENTATION('',(#14694),#14698);
#14694 = LINE('',#14695,#14696);
#14695 = CARTESIAN_POINT('',(0.,0.));
#14696 = VECTOR('',#14697,1.);
#14697 = DIRECTION('',(1.,0.));
#14698 = ( GEOMETRIC_REPRESENTATION_CONTEXT(2) 
PARAMETRIC_REPRESENTATION_CONTEXT() REPRESENTATION_CONTEXT('2D SPACE',''
  ) );
#14699 = ORIENTED_EDGE('',*,*,#14700,.F.);
#14700 = EDGE_CURVE('',#14256,#14678,#14701,.T.);
#14701 = SURFACE_CURVE('',#14702,(#14706,#14713),.PCURVE_S1.);
#14702 = LINE('',#14703,#14704);
#14703 = CARTESIAN_POINT('',(145.,-219.2907496295,2.464209861265E+03));
#14704 = VECTOR('',#14705,1.);
#14705 = DIRECTION('',(0.,-0.642787609687,0.766044443119));
#14706 = PCURVE('',#14271,#14707);
#14707 = DEFINITIONAL_REPRESENTATION('',(#14708),#14712);
#14708 = LINE('',#14709,#14710);
#14709 = CARTESIAN_POINT('',(0.,290.));
#14710 = VECTOR('',#14711,1.);
#14711 = DIRECTION('',(1.,0.));
#14712 = ( GEOMETRIC_REPRESENTATION_CONTEXT(2) 
PARAMETRIC_REPRESENTATION_CONTEXT() REPRESENTATION_CONTEXT('2D SPACE',''
  ) );
#14713 = PCURVE('',#14299,#14714);
#14714 = DEFINITIONAL_REPRESENTATION('',(#14715),#14719);
#14715 = LINE('',#14716,#14717);
#14716 = CARTESIAN_POINT('',(0.,0.));
#14717 = VECTOR('',#14718,1.);
#14718 = DIRECTION('',(1.,0.));
#14719 = ( GEOMETRIC_REPRESENTATION_CONTEXT(2) 
PARAMETRIC_REPRESENTATION_CONTEXT() REPRESENTATION_CONTEXT('2D SPACE',''
  ) );
#14720 = ADVANCED_FACE('',(#14721),#14299,.T.);
#14721 = FACE_BOUND('',#14722,.T.);
#14722 = EDGE_LOOP('',(#14723,#14724,#14725,#14726));
#14723 = ORIENTED_EDGE('',*,*,#14700,.F.);
#14724 = ORIENTED_EDGE('',*,*,#14283,.T.);
#14725 = ORIENTED_EDGE('',*,*,#14651,.T.);
#14726 = ORIENTED_EDGE('',*,*,#14727,.F.);
#14727 = EDGE_CURVE('',#14678,#14629,#14728,.T.);
#14728 = SURFACE_CURVE('',#14729,(#14733,#14740),.PCURVE_S1.);
#14729 = LINE('',#14730,#14731);
#14730 = CARTESIAN_POINT('',(145.,-230.2181389942,2.477232616798E+03));
#14731 = VECTOR('',#14732,1.);
#14732 = DIRECTION('',(0.,0.766044443119,0.642787609687));
#14733 = PCURVE('',#14299,#14734);
#14734 = DEFINITIONAL_REPRESENTATION('',(#14735),#14739);
#14735 = LINE('',#14736,#14737);
#14736 = CARTESIAN_POINT('',(17.,0.));
#14737 = VECTOR('',#14738,1.);
#14738 = DIRECTION('',(0.,-1.));
#14739 = ( GEOMETRIC_REPRESENTATION_CONTEXT(2) 
PARAMETRIC_REPRESENTATION_CONTEXT() REPRESENTATION_CONTEXT('2D SPACE',''
  ) );
#14740 = PCURVE('',#14611,#14741);
#14741 = DEFINITIONAL_REPRESENTATION('',(#14742),#14746);
#14742 = LINE('',#14743,#14744);
#14743 = CARTESIAN_POINT('',(290.,0.));
#14744 = VECTOR('',#14745,1.);
#14745 = DIRECTION('',(0.,1.));
#14746 = ( GEOMETRIC_REPRESENTATION_CONTEXT(2) 
PARAMETRIC_REPRESENTATION_CONTEXT() REPRESENTATION_CONTEXT('2D SPACE',''
  ) );
#14747 = ADVANCED_FACE('',(#14748),#14424,.F.);
#14748 = FACE_BOUND('',#14749,.T.);
#14749 = EDGE_LOOP('',(#14750));
#14750 = ORIENTED_EDGE('',*,*,#14409,.F.);
#14751 = ADVANCED_FACE('',(#14752),#14479,.F.);
#14752 = FACE_BOUND('',#14753,.T.);
#14753 = EDGE_LOOP('',(#14754));
#14754 = ORIENTED_EDGE('',*,*,#14464,.F.);
#14755 = ADVANCED_FACE('',(#14756),#14534,.F.);
#14756 = FACE_BOUND('',#14757,.T.);
#14757 = EDGE_LOOP('',(#14758));
#14758 = ORIENTED_EDGE('',*,*,#14519,.F.);
#14759 = ADVANCED_FACE('',(#14760),#14611,.T.);
#14760 = FACE_BOUND('',#14761,.T.);
#14761 = EDGE_LOOP('',(#14762,#14763,#14764,#14765));
#14762 = ORIENTED_EDGE('',*,*,#14597,.F.);
#14763 = ORIENTED_EDGE('',*,*,#14677,.T.);
#14764 = ORIENTED_EDGE('',*,*,#14727,.T.);
#14765 = ORIENTED_EDGE('',*,*,#14628,.F.);
#14766 = ( GEOMETRIC_REPRESENTATION_CONTEXT(3) 
GLOBAL_UNCERTAINTY_ASSIGNED_CONTEXT((#14770)) 
GLOBAL_UNIT_ASSIGNED_CONTEXT((#14767,#14768,#14769)) 
REPRESENTATION_CONTEXT('Context #1',
  '3D Context with UNIT and UNCERTAINTY') );
#14767 = ( LENGTH_UNIT() NAMED_UNIT(*) SI_UNIT(.MILLI.,.METRE.) );
#14768 = ( NAMED_UNIT(*) PLANE_ANGLE_UNIT() SI_UNIT($,.RADIAN.) );
#14769 = ( NAMED_UNIT(*) SI_UNIT($,.STERADIAN.) SOLID_ANGLE_UNIT() );
#14770 = UNCERTAINTY_MEASURE_WITH_UNIT(LENGTH_MEASURE(2.E-07),#14767,
  'distance_accuracy_value','confusion accuracy');
#14771 = CONTEXT_DEPENDENT_SHAPE_REPRESENTATION(#14772,#14774);
#14772 = ( REPRESENTATION_RELATIONSHIP('','',#11863,#10) 
REPRESENTATION_RELATIONSHIP_WITH_TRANSFORMATION(#14773) 
SHAPE_REPRESENTATION_RELATIONSHIP() );
#14773 = ITEM_DEFINED_TRANSFORMATION('','',#11,#51);
#14774 = PRODUCT_DEFINITION_SHAPE('Placement','Placement of an item',
  #14775);
#14775 = NEXT_ASSEMBLY_USAGE_OCCURRENCE('10','=>[0:1:1:11]','',#5,#11858
  ,$);
#14776 = PRODUCT_RELATED_PRODUCT_CATEGORY('part',$,(#11860));
#14777 = SHAPE_DEFINITION_REPRESENTATION(#14778,#14784);
#14778 = PRODUCT_DEFINITION_SHAPE('','',#14779);
#14779 = PRODUCT_DEFINITION('design','',#14780,#14783);
#14780 = PRODUCT_DEFINITION_FORMATION('','',#14781);
#14781 = PRODUCT('COMPOUND','COMPOUND','',(#14782));
#14782 = PRODUCT_CONTEXT('',#2,'mechanical');
#14783 = PRODUCT_DEFINITION_CONTEXT('part definition',#2,'design');
#14784 = SHAPE_REPRESENTATION('',(#11,#14785,#15661),#16537);
#14785 = MANIFOLD_SOLID_BREP('',#14786);
#14786 = CLOSED_SHELL('',(#14787,#14907,#15040,#15111,#15262,#15368,
    #15418,#15470,#15521,#15569,#15594,#15625,#15654));
#14787 = ADVANCED_FACE('',(#14788),#14802,.F.);
#14788 = FACE_BOUND('',#14789,.F.);
#14789 = EDGE_LOOP('',(#14790,#14825,#14853,#14881));
#14790 = ORIENTED_EDGE('',*,*,#14791,.F.);
#14791 = EDGE_CURVE('',#14792,#14794,#14796,.T.);
#14792 = VERTEX_POINT('',#14793);
#14793 = CARTESIAN_POINT('',(-55.,-75.15,2.115E+03));
#14794 = VERTEX_POINT('',#14795);
#14795 = CARTESIAN_POINT('',(-55.,-75.15,2.145E+03));
#14796 = SURFACE_CURVE('',#14797,(#14801,#14813),.PCURVE_S1.);
#14797 = LINE('',#14798,#14799);
#14798 = CARTESIAN_POINT('',(-55.,-75.15,2.115E+03));
#14799 = VECTOR('',#14800,1.);
#14800 = DIRECTION('',(0.,0.,1.));
#14801 = PCURVE('',#14802,#14807);
#14802 = PLANE('',#14803);
#14803 = AXIS2_PLACEMENT_3D('',#14804,#14805,#14806);
#14804 = CARTESIAN_POINT('',(-55.,-75.15,2.115E+03));
#14805 = DIRECTION('',(1.,0.,-0.));
#14806 = DIRECTION('',(0.,0.,1.));
#14807 = DEFINITIONAL_REPRESENTATION('',(#14808),#14812);
#14808 = LINE('',#14809,#14810);
#14809 = CARTESIAN_POINT('',(0.,0.));
#14810 = VECTOR('',#14811,1.);
#14811 = DIRECTION('',(1.,0.));
#14812 = ( GEOMETRIC_REPRESENTATION_CONTEXT(2) 
PARAMETRIC_REPRESENTATION_CONTEXT() REPRESENTATION_CONTEXT('2D SPACE',''
  ) );
#14813 = PCURVE('',#14814,#14819);
#14814 = PLANE('',#14815);
#14815 = AXIS2_PLACEMENT_3D('',#14816,#14817,#14818);
#14816 = CARTESIAN_POINT('',(-55.,-75.15,2.115E+03));
#14817 = DIRECTION('',(-0.,1.,0.));
#14818 = DIRECTION('',(0.,0.,1.));
#14819 = DEFINITIONAL_REPRESENTATION('',(#14820),#14824);
#14820 = LINE('',#14821,#14822);
#14821 = CARTESIAN_POINT('',(0.,0.));
#14822 = VECTOR('',#14823,1.);
#14823 = DIRECTION('',(1.,0.));
#14824 = ( GEOMETRIC_REPRESENTATION_CONTEXT(2) 
PARAMETRIC_REPRESENTATION_CONTEXT() REPRESENTATION_CONTEXT('2D SPACE',''
  ) );
#14825 = ORIENTED_EDGE('',*,*,#14826,.T.);
#14826 = EDGE_CURVE('',#14792,#14827,#14829,.T.);
#14827 = VERTEX_POINT('',#14828);
#14828 = CARTESIAN_POINT('',(-55.,-57.15,2.115E+03));
#14829 = SURFACE_CURVE('',#14830,(#14834,#14841),.PCURVE_S1.);
#14830 = LINE('',#14831,#14832);
#14831 = CARTESIAN_POINT('',(-55.,-75.15,2.115E+03));
#14832 = VECTOR('',#14833,1.);
#14833 = DIRECTION('',(-0.,1.,0.));
#14834 = PCURVE('',#14802,#14835);
#14835 = DEFINITIONAL_REPRESENTATION('',(#14836),#14840);
#14836 = LINE('',#14837,#14838);
#14837 = CARTESIAN_POINT('',(0.,0.));
#14838 = VECTOR('',#14839,1.);
#14839 = DIRECTION('',(0.,-1.));
#14840 = ( GEOMETRIC_REPRESENTATION_CONTEXT(2) 
PARAMETRIC_REPRESENTATION_CONTEXT() REPRESENTATION_CONTEXT('2D SPACE',''
  ) );
#14841 = PCURVE('',#14842,#14847);
#14842 = PLANE('',#14843);
#14843 = AXIS2_PLACEMENT_3D('',#14844,#14845,#14846);
#14844 = CARTESIAN_POINT('',(-55.,-75.15,2.115E+03));
#14845 = DIRECTION('',(0.,0.,1.));
#14846 = DIRECTION('',(1.,0.,-0.));
#14847 = DEFINITIONAL_REPRESENTATION('',(#14848),#14852);
#14848 = LINE('',#14849,#14850);
#14849 = CARTESIAN_POINT('',(0.,0.));
#14850 = VECTOR('',#14851,1.);
#14851 = DIRECTION('',(0.,1.));
#14852 = ( GEOMETRIC_REPRESENTATION_CONTEXT(2) 
PARAMETRIC_REPRESENTATION_CONTEXT() REPRESENTATION_CONTEXT('2D SPACE',''
  ) );
#14853 = ORIENTED_EDGE('',*,*,#14854,.T.);
#14854 = EDGE_CURVE('',#14827,#14855,#14857,.T.);
#14855 = VERTEX_POINT('',#14856);
#14856 = CARTESIAN_POINT('',(-55.,-57.15,2.145E+03));
#14857 = SURFACE_CURVE('',#14858,(#14862,#14869),.PCURVE_S1.);
#14858 = LINE('',#14859,#14860);
#14859 = CARTESIAN_POINT('',(-55.,-57.15,2.115E+03));
#14860 = VECTOR('',#14861,1.);
#14861 = DIRECTION('',(0.,0.,1.));
#14862 = PCURVE('',#14802,#14863);
#14863 = DEFINITIONAL_REPRESENTATION('',(#14864),#14868);
#14864 = LINE('',#14865,#14866);
#14865 = CARTESIAN_POINT('',(0.,-18.));
#14866 = VECTOR('',#14867,1.);
#14867 = DIRECTION('',(1.,0.));
#14868 = ( GEOMETRIC_REPRESENTATION_CONTEXT(2) 
PARAMETRIC_REPRESENTATION_CONTEXT() REPRESENTATION_CONTEXT('2D SPACE',''
  ) );
#14869 = PCURVE('',#14870,#14875);
#14870 = PLANE('',#14871);
#14871 = AXIS2_PLACEMENT_3D('',#14872,#14873,#14874);
#14872 = CARTESIAN_POINT('',(-55.,-57.15,2.115E+03));
#14873 = DIRECTION('',(-0.,1.,0.));
#14874 = DIRECTION('',(0.,0.,1.));
#14875 = DEFINITIONAL_REPRESENTATION('',(#14876),#14880);
#14876 = LINE('',#14877,#14878);
#14877 = CARTESIAN_POINT('',(0.,0.));
#14878 = VECTOR('',#14879,1.);
#14879 = DIRECTION('',(1.,0.));
#14880 = ( GEOMETRIC_REPRESENTATION_CONTEXT(2) 
PARAMETRIC_REPRESENTATION_CONTEXT() REPRESENTATION_CONTEXT('2D SPACE',''
  ) );
#14881 = ORIENTED_EDGE('',*,*,#14882,.F.);
#14882 = EDGE_CURVE('',#14794,#14855,#14883,.T.);
#14883 = SURFACE_CURVE('',#14884,(#14888,#14895),.PCURVE_S1.);
#14884 = LINE('',#14885,#14886);
#14885 = CARTESIAN_POINT('',(-55.,-75.15,2.145E+03));
#14886 = VECTOR('',#14887,1.);
#14887 = DIRECTION('',(-0.,1.,0.));
#14888 = PCURVE('',#14802,#14889);
#14889 = DEFINITIONAL_REPRESENTATION('',(#14890),#14894);
#14890 = LINE('',#14891,#14892);
#14891 = CARTESIAN_POINT('',(30.,0.));
#14892 = VECTOR('',#14893,1.);
#14893 = DIRECTION('',(0.,-1.));
#14894 = ( GEOMETRIC_REPRESENTATION_CONTEXT(2) 
PARAMETRIC_REPRESENTATION_CONTEXT() REPRESENTATION_CONTEXT('2D SPACE',''
  ) );
#14895 = PCURVE('',#14896,#14901);
#14896 = PLANE('',#14897);
#14897 = AXIS2_PLACEMENT_3D('',#14898,#14899,#14900);
#14898 = CARTESIAN_POINT('',(-55.,-75.15,2.145E+03));
#14899 = DIRECTION('',(0.,0.,1.));
#14900 = DIRECTION('',(1.,0.,-0.));
#14901 = DEFINITIONAL_REPRESENTATION('',(#14902),#14906);
#14902 = LINE('',#14903,#14904);
#14903 = CARTESIAN_POINT('',(0.,0.));
#14904 = VECTOR('',#14905,1.);
#14905 = DIRECTION('',(0.,1.));
#14906 = ( GEOMETRIC_REPRESENTATION_CONTEXT(2) 
PARAMETRIC_REPRESENTATION_CONTEXT() REPRESENTATION_CONTEXT('2D SPACE',''
  ) );
#14907 = ADVANCED_FACE('',(#14908),#14842,.F.);
#14908 = FACE_BOUND('',#14909,.F.);
#14909 = EDGE_LOOP('',(#14910,#14933,#14934,#14957,#14985,#15013));
#14910 = ORIENTED_EDGE('',*,*,#14911,.F.);
#14911 = EDGE_CURVE('',#14827,#14912,#14914,.T.);
#14912 = VERTEX_POINT('',#14913);
#14913 = CARTESIAN_POINT('',(-7.57627876995,-57.15,2.115E+03));
#14914 = SURFACE_CURVE('',#14915,(#14919,#14926),.PCURVE_S1.);
#14915 = LINE('',#14916,#14917);
#14916 = CARTESIAN_POINT('',(-55.,-57.15,2.115E+03));
#14917 = VECTOR('',#14918,1.);
#14918 = DIRECTION('',(1.,0.,-0.));
#14919 = PCURVE('',#14842,#14920);
#14920 = DEFINITIONAL_REPRESENTATION('',(#14921),#14925);
#14921 = LINE('',#14922,#14923);
#14922 = CARTESIAN_POINT('',(0.,18.));
#14923 = VECTOR('',#14924,1.);
#14924 = DIRECTION('',(1.,0.));
#14925 = ( GEOMETRIC_REPRESENTATION_CONTEXT(2) 
PARAMETRIC_REPRESENTATION_CONTEXT() REPRESENTATION_CONTEXT('2D SPACE',''
  ) );
#14926 = PCURVE('',#14870,#14927);
#14927 = DEFINITIONAL_REPRESENTATION('',(#14928),#14932);
#14928 = LINE('',#14929,#14930);
#14929 = CARTESIAN_POINT('',(0.,0.));
#14930 = VECTOR('',#14931,1.);
#14931 = DIRECTION('',(0.,1.));
#14932 = ( GEOMETRIC_REPRESENTATION_CONTEXT(2) 
PARAMETRIC_REPRESENTATION_CONTEXT() REPRESENTATION_CONTEXT('2D SPACE',''
  ) );
#14933 = ORIENTED_EDGE('',*,*,#14826,.F.);
#14934 = ORIENTED_EDGE('',*,*,#14935,.T.);
#14935 = EDGE_CURVE('',#14792,#14936,#14938,.T.);
#14936 = VERTEX_POINT('',#14937);
#14937 = CARTESIAN_POINT('',(55.,-75.15,2.115E+03));
#14938 = SURFACE_CURVE('',#14939,(#14943,#14950),.PCURVE_S1.);
#14939 = LINE('',#14940,#14941);
#14940 = CARTESIAN_POINT('',(-55.,-75.15,2.115E+03));
#14941 = VECTOR('',#14942,1.);
#14942 = DIRECTION('',(1.,0.,-0.));
#14943 = PCURVE('',#14842,#14944);
#14944 = DEFINITIONAL_REPRESENTATION('',(#14945),#14949);
#14945 = LINE('',#14946,#14947);
#14946 = CARTESIAN_POINT('',(0.,0.));
#14947 = VECTOR('',#14948,1.);
#14948 = DIRECTION('',(1.,0.));
#14949 = ( GEOMETRIC_REPRESENTATION_CONTEXT(2) 
PARAMETRIC_REPRESENTATION_CONTEXT() REPRESENTATION_CONTEXT('2D SPACE',''
  ) );
#14950 = PCURVE('',#14814,#14951);
#14951 = DEFINITIONAL_REPRESENTATION('',(#14952),#14956);
#14952 = LINE('',#14953,#14954);
#14953 = CARTESIAN_POINT('',(0.,0.));
#14954 = VECTOR('',#14955,1.);
#14955 = DIRECTION('',(0.,1.));
#14956 = ( GEOMETRIC_REPRESENTATION_CONTEXT(2) 
PARAMETRIC_REPRESENTATION_CONTEXT() REPRESENTATION_CONTEXT('2D SPACE',''
  ) );
#14957 = ORIENTED_EDGE('',*,*,#14958,.T.);
#14958 = EDGE_CURVE('',#14936,#14959,#14961,.T.);
#14959 = VERTEX_POINT('',#14960);
#14960 = CARTESIAN_POINT('',(55.,-57.15,2.115E+03));
#14961 = SURFACE_CURVE('',#14962,(#14966,#14973),.PCURVE_S1.);
#14962 = LINE('',#14963,#14964);
#14963 = CARTESIAN_POINT('',(55.,-75.15,2.115E+03));
#14964 = VECTOR('',#14965,1.);
#14965 = DIRECTION('',(-0.,1.,0.));
#14966 = PCURVE('',#14842,#14967);
#14967 = DEFINITIONAL_REPRESENTATION('',(#14968),#14972);
#14968 = LINE('',#14969,#14970);
#14969 = CARTESIAN_POINT('',(110.,0.));
#14970 = VECTOR('',#14971,1.);
#14971 = DIRECTION('',(0.,1.));
#14972 = ( GEOMETRIC_REPRESENTATION_CONTEXT(2) 
PARAMETRIC_REPRESENTATION_CONTEXT() REPRESENTATION_CONTEXT('2D SPACE',''
  ) );
#14973 = PCURVE('',#14974,#14979);
#14974 = PLANE('',#14975);
#14975 = AXIS2_PLACEMENT_3D('',#14976,#14977,#14978);
#14976 = CARTESIAN_POINT('',(55.,-75.15,2.115E+03));
#14977 = DIRECTION('',(1.,0.,-0.));
#14978 = DIRECTION('',(0.,0.,1.));
#14979 = DEFINITIONAL_REPRESENTATION('',(#14980),#14984);
#14980 = LINE('',#14981,#14982);
#14981 = CARTESIAN_POINT('',(0.,0.));
#14982 = VECTOR('',#14983,1.);
#14983 = DIRECTION('',(0.,-1.));
#14984 = ( GEOMETRIC_REPRESENTATION_CONTEXT(2) 
PARAMETRIC_REPRESENTATION_CONTEXT() REPRESENTATION_CONTEXT('2D SPACE',''
  ) );
#14985 = ORIENTED_EDGE('',*,*,#14986,.F.);
#14986 = EDGE_CURVE('',#14987,#14959,#14989,.T.);
#14987 = VERTEX_POINT('',#14988);
#14988 = CARTESIAN_POINT('',(7.57627876995,-57.15,2.115E+03));
#14989 = SURFACE_CURVE('',#14990,(#14994,#15001),.PCURVE_S1.);
#14990 = LINE('',#14991,#14992);
#14991 = CARTESIAN_POINT('',(-55.,-57.15,2.115E+03));
#14992 = VECTOR('',#14993,1.);
#14993 = DIRECTION('',(1.,0.,-0.));
#14994 = PCURVE('',#14842,#14995);
#14995 = DEFINITIONAL_REPRESENTATION('',(#14996),#15000);
#14996 = LINE('',#14997,#14998);
#14997 = CARTESIAN_POINT('',(0.,18.));
#14998 = VECTOR('',#14999,1.);
#14999 = DIRECTION('',(1.,0.));
#15000 = ( GEOMETRIC_REPRESENTATION_CONTEXT(2) 
PARAMETRIC_REPRESENTATION_CONTEXT() REPRESENTATION_CONTEXT('2D SPACE',''
  ) );
#15001 = PCURVE('',#15002,#15007);
#15002 = PLANE('',#15003);
#15003 = AXIS2_PLACEMENT_3D('',#15004,#15005,#15006);
#15004 = CARTESIAN_POINT('',(-55.,-57.15,2.115E+03));
#15005 = DIRECTION('',(-0.,1.,0.));
#15006 = DIRECTION('',(0.,0.,1.));
#15007 = DEFINITIONAL_REPRESENTATION('',(#15008),#15012);
#15008 = LINE('',#15009,#15010);
#15009 = CARTESIAN_POINT('',(0.,0.));
#15010 = VECTOR('',#15011,1.);
#15011 = DIRECTION('',(0.,1.));
#15012 = ( GEOMETRIC_REPRESENTATION_CONTEXT(2) 
PARAMETRIC_REPRESENTATION_CONTEXT() REPRESENTATION_CONTEXT('2D SPACE',''
  ) );
#15013 = ORIENTED_EDGE('',*,*,#15014,.F.);
#15014 = EDGE_CURVE('',#14912,#14987,#15015,.T.);
#15015 = SURFACE_CURVE('',#15016,(#15021,#15028),.PCURVE_S1.);
#15016 = CIRCLE('',#15017,57.65);
#15017 = AXIS2_PLACEMENT_3D('',#15018,#15019,#15020);
#15018 = CARTESIAN_POINT('',(0.,0.,2.115E+03));
#15019 = DIRECTION('',(0.,0.,1.));
#15020 = DIRECTION('',(1.,0.,-0.));
#15021 = PCURVE('',#14842,#15022);
#15022 = DEFINITIONAL_REPRESENTATION('',(#15023),#15027);
#15023 = CIRCLE('',#15024,57.65);
#15024 = AXIS2_PLACEMENT_2D('',#15025,#15026);
#15025 = CARTESIAN_POINT('',(55.,75.15));
#15026 = DIRECTION('',(1.,0.));
#15027 = ( GEOMETRIC_REPRESENTATION_CONTEXT(2) 
PARAMETRIC_REPRESENTATION_CONTEXT() REPRESENTATION_CONTEXT('2D SPACE',''
  ) );
#15028 = PCURVE('',#15029,#15034);
#15029 = CYLINDRICAL_SURFACE('',#15030,57.65);
#15030 = AXIS2_PLACEMENT_3D('',#15031,#15032,#15033);
#15031 = CARTESIAN_POINT('',(0.,0.,2.114E+03));
#15032 = DIRECTION('',(0.,0.,1.));
#15033 = DIRECTION('',(1.,0.,-0.));
#15034 = DEFINITIONAL_REPRESENTATION('',(#15035),#15039);
#15035 = LINE('',#15036,#15037);
#15036 = CARTESIAN_POINT('',(0.,1.));
#15037 = VECTOR('',#15038,1.);
#15038 = DIRECTION('',(1.,0.));
#15039 = ( GEOMETRIC_REPRESENTATION_CONTEXT(2) 
PARAMETRIC_REPRESENTATION_CONTEXT() REPRESENTATION_CONTEXT('2D SPACE',''
  ) );
#15040 = ADVANCED_FACE('',(#15041),#14974,.T.);
#15041 = FACE_BOUND('',#15042,.T.);
#15042 = EDGE_LOOP('',(#15043,#15066,#15067,#15090));
#15043 = ORIENTED_EDGE('',*,*,#15044,.F.);
#15044 = EDGE_CURVE('',#14936,#15045,#15047,.T.);
#15045 = VERTEX_POINT('',#15046);
#15046 = CARTESIAN_POINT('',(55.,-75.15,2.145E+03));
#15047 = SURFACE_CURVE('',#15048,(#15052,#15059),.PCURVE_S1.);
#15048 = LINE('',#15049,#15050);
#15049 = CARTESIAN_POINT('',(55.,-75.15,2.115E+03));
#15050 = VECTOR('',#15051,1.);
#15051 = DIRECTION('',(0.,0.,1.));
#15052 = PCURVE('',#14974,#15053);
#15053 = DEFINITIONAL_REPRESENTATION('',(#15054),#15058);
#15054 = LINE('',#15055,#15056);
#15055 = CARTESIAN_POINT('',(0.,0.));
#15056 = VECTOR('',#15057,1.);
#15057 = DIRECTION('',(1.,0.));
#15058 = ( GEOMETRIC_REPRESENTATION_CONTEXT(2) 
PARAMETRIC_REPRESENTATION_CONTEXT() REPRESENTATION_CONTEXT('2D SPACE',''
  ) );
#15059 = PCURVE('',#14814,#15060);
#15060 = DEFINITIONAL_REPRESENTATION('',(#15061),#15065);
#15061 = LINE('',#15062,#15063);
#15062 = CARTESIAN_POINT('',(0.,110.));
#15063 = VECTOR('',#15064,1.);
#15064 = DIRECTION('',(1.,0.));
#15065 = ( GEOMETRIC_REPRESENTATION_CONTEXT(2) 
PARAMETRIC_REPRESENTATION_CONTEXT() REPRESENTATION_CONTEXT('2D SPACE',''
  ) );
#15066 = ORIENTED_EDGE('',*,*,#14958,.T.);
#15067 = ORIENTED_EDGE('',*,*,#15068,.T.);
#15068 = EDGE_CURVE('',#14959,#15069,#15071,.T.);
#15069 = VERTEX_POINT('',#15070);
#15070 = CARTESIAN_POINT('',(55.,-57.15,2.145E+03));
#15071 = SURFACE_CURVE('',#15072,(#15076,#15083),.PCURVE_S1.);
#15072 = LINE('',#15073,#15074);
#15073 = CARTESIAN_POINT('',(55.,-57.15,2.115E+03));
#15074 = VECTOR('',#15075,1.);
#15075 = DIRECTION('',(0.,0.,1.));
#15076 = PCURVE('',#14974,#15077);
#15077 = DEFINITIONAL_REPRESENTATION('',(#15078),#15082);
#15078 = LINE('',#15079,#15080);
#15079 = CARTESIAN_POINT('',(0.,-18.));
#15080 = VECTOR('',#15081,1.);
#15081 = DIRECTION('',(1.,0.));
#15082 = ( GEOMETRIC_REPRESENTATION_CONTEXT(2) 
PARAMETRIC_REPRESENTATION_CONTEXT() REPRESENTATION_CONTEXT('2D SPACE',''
  ) );
#15083 = PCURVE('',#15002,#15084);
#15084 = DEFINITIONAL_REPRESENTATION('',(#15085),#15089);
#15085 = LINE('',#15086,#15087);
#15086 = CARTESIAN_POINT('',(0.,110.));
#15087 = VECTOR('',#15088,1.);
#15088 = DIRECTION('',(1.,0.));
#15089 = ( GEOMETRIC_REPRESENTATION_CONTEXT(2) 
PARAMETRIC_REPRESENTATION_CONTEXT() REPRESENTATION_CONTEXT('2D SPACE',''
  ) );
#15090 = ORIENTED_EDGE('',*,*,#15091,.F.);
#15091 = EDGE_CURVE('',#15045,#15069,#15092,.T.);
#15092 = SURFACE_CURVE('',#15093,(#15097,#15104),.PCURVE_S1.);
#15093 = LINE('',#15094,#15095);
#15094 = CARTESIAN_POINT('',(55.,-75.15,2.145E+03));
#15095 = VECTOR('',#15096,1.);
#15096 = DIRECTION('',(-0.,1.,0.));
#15097 = PCURVE('',#14974,#15098);
#15098 = DEFINITIONAL_REPRESENTATION('',(#15099),#15103);
#15099 = LINE('',#15100,#15101);
#15100 = CARTESIAN_POINT('',(30.,0.));
#15101 = VECTOR('',#15102,1.);
#15102 = DIRECTION('',(0.,-1.));
#15103 = ( GEOMETRIC_REPRESENTATION_CONTEXT(2) 
PARAMETRIC_REPRESENTATION_CONTEXT() REPRESENTATION_CONTEXT('2D SPACE',''
  ) );
#15104 = PCURVE('',#14896,#15105);
#15105 = DEFINITIONAL_REPRESENTATION('',(#15106),#15110);
#15106 = LINE('',#15107,#15108);
#15107 = CARTESIAN_POINT('',(110.,0.));
#15108 = VECTOR('',#15109,1.);
#15109 = DIRECTION('',(0.,1.));
#15110 = ( GEOMETRIC_REPRESENTATION_CONTEXT(2) 
PARAMETRIC_REPRESENTATION_CONTEXT() REPRESENTATION_CONTEXT('2D SPACE',''
  ) );
#15111 = ADVANCED_FACE('',(#15112),#15002,.T.);
#15112 = FACE_BOUND('',#15113,.T.);
#15113 = EDGE_LOOP('',(#15114,#15115,#15136,#15162,#15188,#15214,#15240,
    #15261));
#15114 = ORIENTED_EDGE('',*,*,#14986,.F.);
#15115 = ORIENTED_EDGE('',*,*,#15116,.T.);
#15116 = EDGE_CURVE('',#14987,#15117,#15119,.T.);
#15117 = VERTEX_POINT('',#15118);
#15118 = CARTESIAN_POINT('',(7.57627876995,-57.15,2.1235E+03));
#15119 = SURFACE_CURVE('',#15120,(#15124,#15130),.PCURVE_S1.);
#15120 = LINE('',#15121,#15122);
#15121 = CARTESIAN_POINT('',(7.57627876995,-57.15,2.114E+03));
#15122 = VECTOR('',#15123,1.);
#15123 = DIRECTION('',(0.,0.,1.));
#15124 = PCURVE('',#15002,#15125);
#15125 = DEFINITIONAL_REPRESENTATION('',(#15126),#15129);
#15126 = B_SPLINE_CURVE_WITH_KNOTS('',1,(#15127,#15128),.UNSPECIFIED.,
  .F.,.F.,(2,2),(-6.000000212225E-07,32.0000006),
  .PIECEWISE_BEZIER_KNOTS.);
#15127 = CARTESIAN_POINT('',(-1.0000006,62.57627876995));
#15128 = CARTESIAN_POINT('',(31.0000006,62.57627876995));
#15129 = ( GEOMETRIC_REPRESENTATION_CONTEXT(2) 
PARAMETRIC_REPRESENTATION_CONTEXT() REPRESENTATION_CONTEXT('2D SPACE',''
  ) );
#15130 = PCURVE('',#15029,#15131);
#15131 = DEFINITIONAL_REPRESENTATION('',(#15132),#15135);
#15132 = B_SPLINE_CURVE_WITH_KNOTS('',1,(#15133,#15134),.UNSPECIFIED.,
  .F.,.F.,(2,2),(-6.000000212225E-07,32.0000006),
  .PIECEWISE_BEZIER_KNOTS.);
#15133 = CARTESIAN_POINT('',(4.844188774483,-6.000000212225E-07));
#15134 = CARTESIAN_POINT('',(4.844188774483,32.0000006));
#15135 = ( GEOMETRIC_REPRESENTATION_CONTEXT(2) 
PARAMETRIC_REPRESENTATION_CONTEXT() REPRESENTATION_CONTEXT('2D SPACE',''
  ) );
#15136 = ORIENTED_EDGE('',*,*,#15137,.T.);
#15137 = EDGE_CURVE('',#15117,#15138,#15140,.T.);
#15138 = VERTEX_POINT('',#15139);
#15139 = CARTESIAN_POINT('',(13.179529581893,-57.15,2.1235E+03));
#15140 = SURFACE_CURVE('',#15141,(#15145,#15151),.PCURVE_S1.);
#15141 = LINE('',#15142,#15143);
#15142 = CARTESIAN_POINT('',(-27.5,-57.15,2.1235E+03));
#15143 = VECTOR('',#15144,1.);
#15144 = DIRECTION('',(1.,0.,-0.));
#15145 = PCURVE('',#15002,#15146);
#15146 = DEFINITIONAL_REPRESENTATION('',(#15147),#15150);
#15147 = B_SPLINE_CURVE_WITH_KNOTS('',1,(#15148,#15149),.UNSPECIFIED.,
  .F.,.F.,(2,2),(35.07627876995,82.5),.PIECEWISE_BEZIER_KNOTS.);
#15148 = CARTESIAN_POINT('',(8.5,62.57627876995));
#15149 = CARTESIAN_POINT('',(8.5,110.));
#15150 = ( GEOMETRIC_REPRESENTATION_CONTEXT(2) 
PARAMETRIC_REPRESENTATION_CONTEXT() REPRESENTATION_CONTEXT('2D SPACE',''
  ) );
#15151 = PCURVE('',#15152,#15157);
#15152 = PLANE('',#15153);
#15153 = AXIS2_PLACEMENT_3D('',#15154,#15155,#15156);
#15154 = CARTESIAN_POINT('',(0.,0.,2.1235E+03));
#15155 = DIRECTION('',(0.,0.,1.));
#15156 = DIRECTION('',(1.,0.,-0.));
#15157 = DEFINITIONAL_REPRESENTATION('',(#15158),#15161);
#15158 = B_SPLINE_CURVE_WITH_KNOTS('',1,(#15159,#15160),.UNSPECIFIED.,
  .F.,.F.,(2,2),(35.07627876995,82.5),.PIECEWISE_BEZIER_KNOTS.);
#15159 = CARTESIAN_POINT('',(7.57627876995,-57.15));
#15160 = CARTESIAN_POINT('',(55.,-57.15));
#15161 = ( GEOMETRIC_REPRESENTATION_CONTEXT(2) 
PARAMETRIC_REPRESENTATION_CONTEXT() REPRESENTATION_CONTEXT('2D SPACE',''
  ) );
#15162 = ORIENTED_EDGE('',*,*,#15163,.T.);
#15163 = EDGE_CURVE('',#15138,#15164,#15166,.T.);
#15164 = VERTEX_POINT('',#15165);
#15165 = CARTESIAN_POINT('',(13.179529581893,-57.15,2.1365E+03));
#15166 = SURFACE_CURVE('',#15167,(#15171,#15177),.PCURVE_S1.);
#15167 = LINE('',#15168,#15169);
#15168 = CARTESIAN_POINT('',(13.179529581893,-57.15,2.1235E+03));
#15169 = VECTOR('',#15170,1.);
#15170 = DIRECTION('',(0.,0.,1.));
#15171 = PCURVE('',#15002,#15172);
#15172 = DEFINITIONAL_REPRESENTATION('',(#15173),#15176);
#15173 = B_SPLINE_CURVE_WITH_KNOTS('',1,(#15174,#15175),.UNSPECIFIED.,
  .F.,.F.,(2,2),(-2.40000008489E-06,13.0000024),
  .PIECEWISE_BEZIER_KNOTS.);
#15174 = CARTESIAN_POINT('',(8.4999976,68.179529581893));
#15175 = CARTESIAN_POINT('',(21.5000024,68.179529581893));
#15176 = ( GEOMETRIC_REPRESENTATION_CONTEXT(2) 
PARAMETRIC_REPRESENTATION_CONTEXT() REPRESENTATION_CONTEXT('2D SPACE',''
  ) );
#15177 = PCURVE('',#15178,#15183);
#15178 = CYLINDRICAL_SURFACE('',#15179,58.65);
#15179 = AXIS2_PLACEMENT_3D('',#15180,#15181,#15182);
#15180 = CARTESIAN_POINT('',(0.,0.,2.1235E+03));
#15181 = DIRECTION('',(0.,0.,1.));
#15182 = DIRECTION('',(1.,0.,-0.));
#15183 = DEFINITIONAL_REPRESENTATION('',(#15184),#15187);
#15184 = B_SPLINE_CURVE_WITH_KNOTS('',1,(#15185,#15186),.UNSPECIFIED.,
  .F.,.F.,(2,2),(0.,13.),.PIECEWISE_BEZIER_KNOTS.);
#15185 = CARTESIAN_POINT('',(4.939039435943,0.));
#15186 = CARTESIAN_POINT('',(4.939039435943,13.));
#15187 = ( GEOMETRIC_REPRESENTATION_CONTEXT(2) 
PARAMETRIC_REPRESENTATION_CONTEXT() REPRESENTATION_CONTEXT('2D SPACE',''
  ) );
#15188 = ORIENTED_EDGE('',*,*,#15189,.F.);
#15189 = EDGE_CURVE('',#15190,#15164,#15192,.T.);
#15190 = VERTEX_POINT('',#15191);
#15191 = CARTESIAN_POINT('',(7.57627876995,-57.15,2.1365E+03));
#15192 = SURFACE_CURVE('',#15193,(#15197,#15203),.PCURVE_S1.);
#15193 = LINE('',#15194,#15195);
#15194 = CARTESIAN_POINT('',(-27.5,-57.15,2.1365E+03));
#15195 = VECTOR('',#15196,1.);
#15196 = DIRECTION('',(1.,0.,-0.));
#15197 = PCURVE('',#15002,#15198);
#15198 = DEFINITIONAL_REPRESENTATION('',(#15199),#15202);
#15199 = B_SPLINE_CURVE_WITH_KNOTS('',1,(#15200,#15201),.UNSPECIFIED.,
  .F.,.F.,(2,2),(35.07627876995,82.5),.PIECEWISE_BEZIER_KNOTS.);
#15200 = CARTESIAN_POINT('',(21.5,62.57627876995));
#15201 = CARTESIAN_POINT('',(21.5,110.));
#15202 = ( GEOMETRIC_REPRESENTATION_CONTEXT(2) 
PARAMETRIC_REPRESENTATION_CONTEXT() REPRESENTATION_CONTEXT('2D SPACE',''
  ) );
#15203 = PCURVE('',#15204,#15209);
#15204 = PLANE('',#15205);
#15205 = AXIS2_PLACEMENT_3D('',#15206,#15207,#15208);
#15206 = CARTESIAN_POINT('',(0.,0.,2.1365E+03));
#15207 = DIRECTION('',(0.,0.,1.));
#15208 = DIRECTION('',(1.,0.,-0.));
#15209 = DEFINITIONAL_REPRESENTATION('',(#15210),#15213);
#15210 = B_SPLINE_CURVE_WITH_KNOTS('',1,(#15211,#15212),.UNSPECIFIED.,
  .F.,.F.,(2,2),(35.07627876995,82.5),.PIECEWISE_BEZIER_KNOTS.);
#15211 = CARTESIAN_POINT('',(7.57627876995,-57.15));
#15212 = CARTESIAN_POINT('',(55.,-57.15));
#15213 = ( GEOMETRIC_REPRESENTATION_CONTEXT(2) 
PARAMETRIC_REPRESENTATION_CONTEXT() REPRESENTATION_CONTEXT('2D SPACE',''
  ) );
#15214 = ORIENTED_EDGE('',*,*,#15215,.T.);
#15215 = EDGE_CURVE('',#15190,#15216,#15218,.T.);
#15216 = VERTEX_POINT('',#15217);
#15217 = CARTESIAN_POINT('',(7.57627876995,-57.15,2.145E+03));
#15218 = SURFACE_CURVE('',#15219,(#15223,#15229),.PCURVE_S1.);
#15219 = LINE('',#15220,#15221);
#15220 = CARTESIAN_POINT('',(7.57627876995,-57.15,2.114E+03));
#15221 = VECTOR('',#15222,1.);
#15222 = DIRECTION('',(0.,0.,1.));
#15223 = PCURVE('',#15002,#15224);
#15224 = DEFINITIONAL_REPRESENTATION('',(#15225),#15228);
#15225 = B_SPLINE_CURVE_WITH_KNOTS('',1,(#15226,#15227),.UNSPECIFIED.,
  .F.,.F.,(2,2),(-6.000000212225E-07,32.0000006),
  .PIECEWISE_BEZIER_KNOTS.);
#15226 = CARTESIAN_POINT('',(-1.0000006,62.57627876995));
#15227 = CARTESIAN_POINT('',(31.0000006,62.57627876995));
#15228 = ( GEOMETRIC_REPRESENTATION_CONTEXT(2) 
PARAMETRIC_REPRESENTATION_CONTEXT() REPRESENTATION_CONTEXT('2D SPACE',''
  ) );
#15229 = PCURVE('',#15230,#15235);
#15230 = CYLINDRICAL_SURFACE('',#15231,57.65);
#15231 = AXIS2_PLACEMENT_3D('',#15232,#15233,#15234);
#15232 = CARTESIAN_POINT('',(0.,0.,2.114E+03));
#15233 = DIRECTION('',(0.,0.,1.));
#15234 = DIRECTION('',(1.,0.,-0.));
#15235 = DEFINITIONAL_REPRESENTATION('',(#15236),#15239);
#15236 = B_SPLINE_CURVE_WITH_KNOTS('',1,(#15237,#15238),.UNSPECIFIED.,
  .F.,.F.,(2,2),(-6.000000212225E-07,32.0000006),
  .PIECEWISE_BEZIER_KNOTS.);
#15237 = CARTESIAN_POINT('',(4.844188774483,-6.000000212225E-07));
#15238 = CARTESIAN_POINT('',(4.844188774483,32.0000006));
#15239 = ( GEOMETRIC_REPRESENTATION_CONTEXT(2) 
PARAMETRIC_REPRESENTATION_CONTEXT() REPRESENTATION_CONTEXT('2D SPACE',''
  ) );
#15240 = ORIENTED_EDGE('',*,*,#15241,.T.);
#15241 = EDGE_CURVE('',#15216,#15069,#15242,.T.);
#15242 = SURFACE_CURVE('',#15243,(#15247,#15254),.PCURVE_S1.);
#15243 = LINE('',#15244,#15245);
#15244 = CARTESIAN_POINT('',(-55.,-57.15,2.145E+03));
#15245 = VECTOR('',#15246,1.);
#15246 = DIRECTION('',(1.,0.,-0.));
#15247 = PCURVE('',#15002,#15248);
#15248 = DEFINITIONAL_REPRESENTATION('',(#15249),#15253);
#15249 = LINE('',#15250,#15251);
#15250 = CARTESIAN_POINT('',(30.,0.));
#15251 = VECTOR('',#15252,1.);
#15252 = DIRECTION('',(0.,1.));
#15253 = ( GEOMETRIC_REPRESENTATION_CONTEXT(2) 
PARAMETRIC_REPRESENTATION_CONTEXT() REPRESENTATION_CONTEXT('2D SPACE',''
  ) );
#15254 = PCURVE('',#14896,#15255);
#15255 = DEFINITIONAL_REPRESENTATION('',(#15256),#15260);
#15256 = LINE('',#15257,#15258);
#15257 = CARTESIAN_POINT('',(0.,18.));
#15258 = VECTOR('',#15259,1.);
#15259 = DIRECTION('',(1.,0.));
#15260 = ( GEOMETRIC_REPRESENTATION_CONTEXT(2) 
PARAMETRIC_REPRESENTATION_CONTEXT() REPRESENTATION_CONTEXT('2D SPACE',''
  ) );
#15261 = ORIENTED_EDGE('',*,*,#15068,.F.);
#15262 = ADVANCED_FACE('',(#15263,#15337),#15152,.F.);
#15263 = FACE_BOUND('',#15264,.F.);
#15264 = EDGE_LOOP('',(#15265,#15266,#15294,#15315));
#15265 = ORIENTED_EDGE('',*,*,#15137,.T.);
#15266 = ORIENTED_EDGE('',*,*,#15267,.F.);
#15267 = EDGE_CURVE('',#15268,#15138,#15270,.T.);
#15268 = VERTEX_POINT('',#15269);
#15269 = CARTESIAN_POINT('',(-13.17952958189,-57.15,2.1235E+03));
#15270 = SURFACE_CURVE('',#15271,(#15276,#15287),.PCURVE_S1.);
#15271 = CIRCLE('',#15272,58.65);
#15272 = AXIS2_PLACEMENT_3D('',#15273,#15274,#15275);
#15273 = CARTESIAN_POINT('',(0.,0.,2.1235E+03));
#15274 = DIRECTION('',(-0.,0.,-1.));
#15275 = DIRECTION('',(-0.224714911882,-0.97442455243,0.));
#15276 = PCURVE('',#15152,#15277);
#15277 = DEFINITIONAL_REPRESENTATION('',(#15278),#15286);
#15278 = ( BOUNDED_CURVE() B_SPLINE_CURVE(2,(#15279,#15280,#15281,#15282
    ,#15283,#15284,#15285),.UNSPECIFIED.,.T.,.F.) 
B_SPLINE_CURVE_WITH_KNOTS((1,2,2,2,2,1),(-2.094395102393,0.,
    2.094395102393,4.188790204786,6.28318530718,8.377580409573),
.UNSPECIFIED.) CURVE() GEOMETRIC_REPRESENTATION_ITEM() 
RATIONAL_B_SPLINE_CURVE((1.,0.5,1.,0.5,1.,0.5,1.)) REPRESENTATION_ITEM(
  '') );
#15279 = CARTESIAN_POINT('',(-13.17952958189,-57.15));
#15280 = CARTESIAN_POINT('',(-112.1662332344,-34.3223851443));
#15281 = CARTESIAN_POINT('',(-42.90358703533,39.988807427848));
#15282 = CARTESIAN_POINT('',(26.359059163786,114.3));
#15283 = CARTESIAN_POINT('',(56.083116617227,17.161192572152));
#15284 = CARTESIAN_POINT('',(85.807174070668,-79.97761485569));
#15285 = CARTESIAN_POINT('',(-13.17952958189,-57.15));
#15286 = ( GEOMETRIC_REPRESENTATION_CONTEXT(2) 
PARAMETRIC_REPRESENTATION_CONTEXT() REPRESENTATION_CONTEXT('2D SPACE',''
  ) );
#15287 = PCURVE('',#15178,#15288);
#15288 = DEFINITIONAL_REPRESENTATION('',(#15289),#15293);
#15289 = LINE('',#15290,#15291);
#15290 = CARTESIAN_POINT('',(10.768923832006,0.));
#15291 = VECTOR('',#15292,1.);
#15292 = DIRECTION('',(-1.,-0.));
#15293 = ( GEOMETRIC_REPRESENTATION_CONTEXT(2) 
PARAMETRIC_REPRESENTATION_CONTEXT() REPRESENTATION_CONTEXT('2D SPACE',''
  ) );
#15294 = ORIENTED_EDGE('',*,*,#15295,.T.);
#15295 = EDGE_CURVE('',#15268,#15296,#15298,.T.);
#15296 = VERTEX_POINT('',#15297);
#15297 = CARTESIAN_POINT('',(-7.57627876995,-57.15,2.1235E+03));
#15298 = SURFACE_CURVE('',#15299,(#15303,#15309),.PCURVE_S1.);
#15299 = LINE('',#15300,#15301);
#15300 = CARTESIAN_POINT('',(-27.5,-57.15,2.1235E+03));
#15301 = VECTOR('',#15302,1.);
#15302 = DIRECTION('',(1.,0.,-0.));
#15303 = PCURVE('',#15152,#15304);
#15304 = DEFINITIONAL_REPRESENTATION('',(#15305),#15308);
#15305 = B_SPLINE_CURVE_WITH_KNOTS('',1,(#15306,#15307),.UNSPECIFIED.,
  .F.,.F.,(2,2),(-27.5,19.92372123005),.PIECEWISE_BEZIER_KNOTS.);
#15306 = CARTESIAN_POINT('',(-55.,-57.15));
#15307 = CARTESIAN_POINT('',(-7.57627876995,-57.15));
#15308 = ( GEOMETRIC_REPRESENTATION_CONTEXT(2) 
PARAMETRIC_REPRESENTATION_CONTEXT() REPRESENTATION_CONTEXT('2D SPACE',''
  ) );
#15309 = PCURVE('',#14870,#15310);
#15310 = DEFINITIONAL_REPRESENTATION('',(#15311),#15314);
#15311 = B_SPLINE_CURVE_WITH_KNOTS('',1,(#15312,#15313),.UNSPECIFIED.,
  .F.,.F.,(2,2),(-27.5,19.92372123005),.PIECEWISE_BEZIER_KNOTS.);
#15312 = CARTESIAN_POINT('',(8.5,0.));
#15313 = CARTESIAN_POINT('',(8.5,47.42372123005));
#15314 = ( GEOMETRIC_REPRESENTATION_CONTEXT(2) 
PARAMETRIC_REPRESENTATION_CONTEXT() REPRESENTATION_CONTEXT('2D SPACE',''
  ) );
#15315 = ORIENTED_EDGE('',*,*,#15316,.T.);
#15316 = EDGE_CURVE('',#15296,#15117,#15317,.T.);
#15317 = SURFACE_CURVE('',#15318,(#15323,#15330),.PCURVE_S1.);
#15318 = CIRCLE('',#15319,57.65);
#15319 = AXIS2_PLACEMENT_3D('',#15320,#15321,#15322);
#15320 = CARTESIAN_POINT('',(0.,0.,2.1235E+03));
#15321 = DIRECTION('',(0.,0.,1.));
#15322 = DIRECTION('',(1.,0.,-0.));
#15323 = PCURVE('',#15152,#15324);
#15324 = DEFINITIONAL_REPRESENTATION('',(#15325),#15329);
#15325 = CIRCLE('',#15326,57.65);
#15326 = AXIS2_PLACEMENT_2D('',#15327,#15328);
#15327 = CARTESIAN_POINT('',(0.,0.));
#15328 = DIRECTION('',(1.,0.));
#15329 = ( GEOMETRIC_REPRESENTATION_CONTEXT(2) 
PARAMETRIC_REPRESENTATION_CONTEXT() REPRESENTATION_CONTEXT('2D SPACE',''
  ) );
#15330 = PCURVE('',#15029,#15331);
#15331 = DEFINITIONAL_REPRESENTATION('',(#15332),#15336);
#15332 = LINE('',#15333,#15334);
#15333 = CARTESIAN_POINT('',(0.,9.5));
#15334 = VECTOR('',#15335,1.);
#15335 = DIRECTION('',(1.,0.));
#15336 = ( GEOMETRIC_REPRESENTATION_CONTEXT(2) 
PARAMETRIC_REPRESENTATION_CONTEXT() REPRESENTATION_CONTEXT('2D SPACE',''
  ) );
#15337 = FACE_BOUND('',#15338,.F.);
#15338 = EDGE_LOOP('',(#15339));
#15339 = ORIENTED_EDGE('',*,*,#15340,.F.);
#15340 = EDGE_CURVE('',#15341,#15341,#15343,.T.);
#15341 = VERTEX_POINT('',#15342);
#15342 = CARTESIAN_POINT('',(57.15,-1.399771291425E-14,2.1235E+03));
#15343 = SURFACE_CURVE('',#15344,(#15349,#15356),.PCURVE_S1.);
#15344 = CIRCLE('',#15345,57.15);
#15345 = AXIS2_PLACEMENT_3D('',#15346,#15347,#15348);
#15346 = CARTESIAN_POINT('',(0.,0.,2.1235E+03));
#15347 = DIRECTION('',(0.,0.,1.));
#15348 = DIRECTION('',(1.,0.,-0.));
#15349 = PCURVE('',#15152,#15350);
#15350 = DEFINITIONAL_REPRESENTATION('',(#15351),#15355);
#15351 = CIRCLE('',#15352,57.15);
#15352 = AXIS2_PLACEMENT_2D('',#15353,#15354);
#15353 = CARTESIAN_POINT('',(0.,0.));
#15354 = DIRECTION('',(1.,0.));
#15355 = ( GEOMETRIC_REPRESENTATION_CONTEXT(2) 
PARAMETRIC_REPRESENTATION_CONTEXT() REPRESENTATION_CONTEXT('2D SPACE',''
  ) );
#15356 = PCURVE('',#15357,#15362);
#15357 = CYLINDRICAL_SURFACE('',#15358,57.15);
#15358 = AXIS2_PLACEMENT_3D('',#15359,#15360,#15361);
#15359 = CARTESIAN_POINT('',(0.,0.,2.1225E+03));
#15360 = DIRECTION('',(0.,0.,1.));
#15361 = DIRECTION('',(1.,0.,-0.));
#15362 = DEFINITIONAL_REPRESENTATION('',(#15363),#15367);
#15363 = LINE('',#15364,#15365);
#15364 = CARTESIAN_POINT('',(0.,1.));
#15365 = VECTOR('',#15366,1.);
#15366 = DIRECTION('',(1.,0.));
#15367 = ( GEOMETRIC_REPRESENTATION_CONTEXT(2) 
PARAMETRIC_REPRESENTATION_CONTEXT() REPRESENTATION_CONTEXT('2D SPACE',''
  ) );
#15368 = ADVANCED_FACE('',(#15369),#15357,.F.);
#15369 = FACE_BOUND('',#15370,.F.);
#15370 = EDGE_LOOP('',(#15371,#15395,#15416,#15417));
#15371 = ORIENTED_EDGE('',*,*,#15372,.F.);
#15372 = EDGE_CURVE('',#15373,#15373,#15375,.T.);
#15373 = VERTEX_POINT('',#15374);
#15374 = CARTESIAN_POINT('',(57.15,-1.399771291425E-14,2.1365E+03));
#15375 = SURFACE_CURVE('',#15376,(#15381,#15388),.PCURVE_S1.);
#15376 = CIRCLE('',#15377,57.15);
#15377 = AXIS2_PLACEMENT_3D('',#15378,#15379,#15380);
#15378 = CARTESIAN_POINT('',(0.,0.,2.1365E+03));
#15379 = DIRECTION('',(0.,0.,1.));
#15380 = DIRECTION('',(1.,0.,-0.));
#15381 = PCURVE('',#15357,#15382);
#15382 = DEFINITIONAL_REPRESENTATION('',(#15383),#15387);
#15383 = LINE('',#15384,#15385);
#15384 = CARTESIAN_POINT('',(0.,14.));
#15385 = VECTOR('',#15386,1.);
#15386 = DIRECTION('',(1.,0.));
#15387 = ( GEOMETRIC_REPRESENTATION_CONTEXT(2) 
PARAMETRIC_REPRESENTATION_CONTEXT() REPRESENTATION_CONTEXT('2D SPACE',''
  ) );
#15388 = PCURVE('',#15204,#15389);
#15389 = DEFINITIONAL_REPRESENTATION('',(#15390),#15394);
#15390 = CIRCLE('',#15391,57.15);
#15391 = AXIS2_PLACEMENT_2D('',#15392,#15393);
#15392 = CARTESIAN_POINT('',(0.,0.));
#15393 = DIRECTION('',(1.,0.));
#15394 = ( GEOMETRIC_REPRESENTATION_CONTEXT(2) 
PARAMETRIC_REPRESENTATION_CONTEXT() REPRESENTATION_CONTEXT('2D SPACE',''
  ) );
#15395 = ORIENTED_EDGE('',*,*,#15396,.F.);
#15396 = EDGE_CURVE('',#15341,#15373,#15397,.T.);
#15397 = SEAM_CURVE('',#15398,(#15402,#15409),.PCURVE_S1.);
#15398 = LINE('',#15399,#15400);
#15399 = CARTESIAN_POINT('',(57.15,-1.399771291425E-14,2.1225E+03));
#15400 = VECTOR('',#15401,1.);
#15401 = DIRECTION('',(0.,0.,1.));
#15402 = PCURVE('',#15357,#15403);
#15403 = DEFINITIONAL_REPRESENTATION('',(#15404),#15408);
#15404 = LINE('',#15405,#15406);
#15405 = CARTESIAN_POINT('',(6.28318530718,-0.));
#15406 = VECTOR('',#15407,1.);
#15407 = DIRECTION('',(0.,1.));
#15408 = ( GEOMETRIC_REPRESENTATION_CONTEXT(2) 
PARAMETRIC_REPRESENTATION_CONTEXT() REPRESENTATION_CONTEXT('2D SPACE',''
  ) );
#15409 = PCURVE('',#15357,#15410);
#15410 = DEFINITIONAL_REPRESENTATION('',(#15411),#15415);
#15411 = LINE('',#15412,#15413);
#15412 = CARTESIAN_POINT('',(0.,-0.));
#15413 = VECTOR('',#15414,1.);
#15414 = DIRECTION('',(0.,1.));
#15415 = ( GEOMETRIC_REPRESENTATION_CONTEXT(2) 
PARAMETRIC_REPRESENTATION_CONTEXT() REPRESENTATION_CONTEXT('2D SPACE',''
  ) );
#15416 = ORIENTED_EDGE('',*,*,#15340,.T.);
#15417 = ORIENTED_EDGE('',*,*,#15396,.T.);
#15418 = ADVANCED_FACE('',(#15419),#15178,.T.);
#15419 = FACE_BOUND('',#15420,.T.);
#15420 = EDGE_LOOP('',(#15421,#15449,#15450,#15451));
#15421 = ORIENTED_EDGE('',*,*,#15422,.T.);
#15422 = EDGE_CURVE('',#15423,#15164,#15425,.T.);
#15423 = VERTEX_POINT('',#15424);
#15424 = CARTESIAN_POINT('',(-13.17952958189,-57.15,2.1365E+03));
#15425 = SURFACE_CURVE('',#15426,(#15431,#15438),.PCURVE_S1.);
#15426 = CIRCLE('',#15427,58.65);
#15427 = AXIS2_PLACEMENT_3D('',#15428,#15429,#15430);
#15428 = CARTESIAN_POINT('',(0.,0.,2.1365E+03));
#15429 = DIRECTION('',(-0.,0.,-1.));
#15430 = DIRECTION('',(-0.224714911882,-0.97442455243,0.));
#15431 = PCURVE('',#15178,#15432);
#15432 = DEFINITIONAL_REPRESENTATION('',(#15433),#15437);
#15433 = LINE('',#15434,#15435);
#15434 = CARTESIAN_POINT('',(10.768923832006,13.));
#15435 = VECTOR('',#15436,1.);
#15436 = DIRECTION('',(-1.,-0.));
#15437 = ( GEOMETRIC_REPRESENTATION_CONTEXT(2) 
PARAMETRIC_REPRESENTATION_CONTEXT() REPRESENTATION_CONTEXT('2D SPACE',''
  ) );
#15438 = PCURVE('',#15204,#15439);
#15439 = DEFINITIONAL_REPRESENTATION('',(#15440),#15448);
#15440 = ( BOUNDED_CURVE() B_SPLINE_CURVE(2,(#15441,#15442,#15443,#15444
    ,#15445,#15446,#15447),.UNSPECIFIED.,.T.,.F.) 
B_SPLINE_CURVE_WITH_KNOTS((1,2,2,2,2,1),(-2.094395102393,0.,
    2.094395102393,4.188790204786,6.28318530718,8.377580409573),
.UNSPECIFIED.) CURVE() GEOMETRIC_REPRESENTATION_ITEM() 
RATIONAL_B_SPLINE_CURVE((1.,0.5,1.,0.5,1.,0.5,1.)) REPRESENTATION_ITEM(
  '') );
#15441 = CARTESIAN_POINT('',(-13.17952958189,-57.15));
#15442 = CARTESIAN_POINT('',(-112.1662332344,-34.3223851443));
#15443 = CARTESIAN_POINT('',(-42.90358703533,39.988807427848));
#15444 = CARTESIAN_POINT('',(26.359059163786,114.3));
#15445 = CARTESIAN_POINT('',(56.083116617227,17.161192572152));
#15446 = CARTESIAN_POINT('',(85.807174070668,-79.97761485569));
#15447 = CARTESIAN_POINT('',(-13.17952958189,-57.15));
#15448 = ( GEOMETRIC_REPRESENTATION_CONTEXT(2) 
PARAMETRIC_REPRESENTATION_CONTEXT() REPRESENTATION_CONTEXT('2D SPACE',''
  ) );
#15449 = ORIENTED_EDGE('',*,*,#15163,.F.);
#15450 = ORIENTED_EDGE('',*,*,#15267,.F.);
#15451 = ORIENTED_EDGE('',*,*,#15452,.T.);
#15452 = EDGE_CURVE('',#15268,#15423,#15453,.T.);
#15453 = SURFACE_CURVE('',#15454,(#15458,#15464),.PCURVE_S1.);
#15454 = LINE('',#15455,#15456);
#15455 = CARTESIAN_POINT('',(-13.17952958189,-57.15,2.1235E+03));
#15456 = VECTOR('',#15457,1.);
#15457 = DIRECTION('',(0.,0.,1.));
#15458 = PCURVE('',#15178,#15459);
#15459 = DEFINITIONAL_REPRESENTATION('',(#15460),#15463);
#15460 = B_SPLINE_CURVE_WITH_KNOTS('',1,(#15461,#15462),.UNSPECIFIED.,
  .F.,.F.,(2,2),(0.,13.),.PIECEWISE_BEZIER_KNOTS.);
#15461 = CARTESIAN_POINT('',(10.768923832006,0.));
#15462 = CARTESIAN_POINT('',(10.768923832006,13.));
#15463 = ( GEOMETRIC_REPRESENTATION_CONTEXT(2) 
PARAMETRIC_REPRESENTATION_CONTEXT() REPRESENTATION_CONTEXT('2D SPACE',''
  ) );
#15464 = PCURVE('',#14870,#15465);
#15465 = DEFINITIONAL_REPRESENTATION('',(#15466),#15469);
#15466 = B_SPLINE_CURVE_WITH_KNOTS('',1,(#15467,#15468),.UNSPECIFIED.,
  .F.,.F.,(2,2),(-2.40000008489E-06,13.0000024),
  .PIECEWISE_BEZIER_KNOTS.);
#15467 = CARTESIAN_POINT('',(8.4999976,41.820470418107));
#15468 = CARTESIAN_POINT('',(21.5000024,41.820470418107));
#15469 = ( GEOMETRIC_REPRESENTATION_CONTEXT(2) 
PARAMETRIC_REPRESENTATION_CONTEXT() REPRESENTATION_CONTEXT('2D SPACE',''
  ) );
#15470 = ADVANCED_FACE('',(#15471,#15518),#15204,.T.);
#15471 = FACE_BOUND('',#15472,.T.);
#15472 = EDGE_LOOP('',(#15473,#15474,#15475,#15496));
#15473 = ORIENTED_EDGE('',*,*,#15189,.T.);
#15474 = ORIENTED_EDGE('',*,*,#15422,.F.);
#15475 = ORIENTED_EDGE('',*,*,#15476,.T.);
#15476 = EDGE_CURVE('',#15423,#15477,#15479,.T.);
#15477 = VERTEX_POINT('',#15478);
#15478 = CARTESIAN_POINT('',(-7.57627876995,-57.15,2.1365E+03));
#15479 = SURFACE_CURVE('',#15480,(#15484,#15490),.PCURVE_S1.);
#15480 = LINE('',#15481,#15482);
#15481 = CARTESIAN_POINT('',(-27.5,-57.15,2.1365E+03));
#15482 = VECTOR('',#15483,1.);
#15483 = DIRECTION('',(1.,0.,-0.));
#15484 = PCURVE('',#15204,#15485);
#15485 = DEFINITIONAL_REPRESENTATION('',(#15486),#15489);
#15486 = B_SPLINE_CURVE_WITH_KNOTS('',1,(#15487,#15488),.UNSPECIFIED.,
  .F.,.F.,(2,2),(-27.5,19.92372123005),.PIECEWISE_BEZIER_KNOTS.);
#15487 = CARTESIAN_POINT('',(-55.,-57.15));
#15488 = CARTESIAN_POINT('',(-7.57627876995,-57.15));
#15489 = ( GEOMETRIC_REPRESENTATION_CONTEXT(2) 
PARAMETRIC_REPRESENTATION_CONTEXT() REPRESENTATION_CONTEXT('2D SPACE',''
  ) );
#15490 = PCURVE('',#14870,#15491);
#15491 = DEFINITIONAL_REPRESENTATION('',(#15492),#15495);
#15492 = B_SPLINE_CURVE_WITH_KNOTS('',1,(#15493,#15494),.UNSPECIFIED.,
  .F.,.F.,(2,2),(-27.5,19.92372123005),.PIECEWISE_BEZIER_KNOTS.);
#15493 = CARTESIAN_POINT('',(21.5,0.));
#15494 = CARTESIAN_POINT('',(21.5,47.42372123005));
#15495 = ( GEOMETRIC_REPRESENTATION_CONTEXT(2) 
PARAMETRIC_REPRESENTATION_CONTEXT() REPRESENTATION_CONTEXT('2D SPACE',''
  ) );
#15496 = ORIENTED_EDGE('',*,*,#15497,.T.);
#15497 = EDGE_CURVE('',#15477,#15190,#15498,.T.);
#15498 = SURFACE_CURVE('',#15499,(#15504,#15511),.PCURVE_S1.);
#15499 = CIRCLE('',#15500,57.65);
#15500 = AXIS2_PLACEMENT_3D('',#15501,#15502,#15503);
#15501 = CARTESIAN_POINT('',(0.,0.,2.1365E+03));
#15502 = DIRECTION('',(0.,0.,1.));
#15503 = DIRECTION('',(1.,0.,-0.));
#15504 = PCURVE('',#15204,#15505);
#15505 = DEFINITIONAL_REPRESENTATION('',(#15506),#15510);
#15506 = CIRCLE('',#15507,57.65);
#15507 = AXIS2_PLACEMENT_2D('',#15508,#15509);
#15508 = CARTESIAN_POINT('',(0.,0.));
#15509 = DIRECTION('',(1.,0.));
#15510 = ( GEOMETRIC_REPRESENTATION_CONTEXT(2) 
PARAMETRIC_REPRESENTATION_CONTEXT() REPRESENTATION_CONTEXT('2D SPACE',''
  ) );
#15511 = PCURVE('',#15230,#15512);
#15512 = DEFINITIONAL_REPRESENTATION('',(#15513),#15517);
#15513 = LINE('',#15514,#15515);
#15514 = CARTESIAN_POINT('',(0.,22.5));
#15515 = VECTOR('',#15516,1.);
#15516 = DIRECTION('',(1.,0.));
#15517 = ( GEOMETRIC_REPRESENTATION_CONTEXT(2) 
PARAMETRIC_REPRESENTATION_CONTEXT() REPRESENTATION_CONTEXT('2D SPACE',''
  ) );
#15518 = FACE_BOUND('',#15519,.T.);
#15519 = EDGE_LOOP('',(#15520));
#15520 = ORIENTED_EDGE('',*,*,#15372,.F.);
#15521 = ADVANCED_FACE('',(#15522),#15230,.F.);
#15522 = FACE_BOUND('',#15523,.F.);
#15523 = EDGE_LOOP('',(#15524,#15545,#15546,#15547));
#15524 = ORIENTED_EDGE('',*,*,#15525,.F.);
#15525 = EDGE_CURVE('',#15477,#15526,#15528,.T.);
#15526 = VERTEX_POINT('',#15527);
#15527 = CARTESIAN_POINT('',(-7.57627876995,-57.15,2.145E+03));
#15528 = SURFACE_CURVE('',#15529,(#15533,#15539),.PCURVE_S1.);
#15529 = LINE('',#15530,#15531);
#15530 = CARTESIAN_POINT('',(-7.57627876995,-57.15,2.114E+03));
#15531 = VECTOR('',#15532,1.);
#15532 = DIRECTION('',(0.,0.,1.));
#15533 = PCURVE('',#15230,#15534);
#15534 = DEFINITIONAL_REPRESENTATION('',(#15535),#15538);
#15535 = B_SPLINE_CURVE_WITH_KNOTS('',1,(#15536,#15537),.UNSPECIFIED.,
  .F.,.F.,(2,2),(-6.000000212225E-07,32.0000006),
  .PIECEWISE_BEZIER_KNOTS.);
#15536 = CARTESIAN_POINT('',(4.580589186287,-6.000000212225E-07));
#15537 = CARTESIAN_POINT('',(4.580589186287,32.0000006));
#15538 = ( GEOMETRIC_REPRESENTATION_CONTEXT(2) 
PARAMETRIC_REPRESENTATION_CONTEXT() REPRESENTATION_CONTEXT('2D SPACE',''
  ) );
#15539 = PCURVE('',#14870,#15540);
#15540 = DEFINITIONAL_REPRESENTATION('',(#15541),#15544);
#15541 = B_SPLINE_CURVE_WITH_KNOTS('',1,(#15542,#15543),.UNSPECIFIED.,
  .F.,.F.,(2,2),(-6.000000212225E-07,32.0000006),
  .PIECEWISE_BEZIER_KNOTS.);
#15542 = CARTESIAN_POINT('',(-1.0000006,47.42372123005));
#15543 = CARTESIAN_POINT('',(31.0000006,47.42372123005));
#15544 = ( GEOMETRIC_REPRESENTATION_CONTEXT(2) 
PARAMETRIC_REPRESENTATION_CONTEXT() REPRESENTATION_CONTEXT('2D SPACE',''
  ) );
#15545 = ORIENTED_EDGE('',*,*,#15497,.T.);
#15546 = ORIENTED_EDGE('',*,*,#15215,.T.);
#15547 = ORIENTED_EDGE('',*,*,#15548,.F.);
#15548 = EDGE_CURVE('',#15526,#15216,#15549,.T.);
#15549 = SURFACE_CURVE('',#15550,(#15555,#15562),.PCURVE_S1.);
#15550 = CIRCLE('',#15551,57.65);
#15551 = AXIS2_PLACEMENT_3D('',#15552,#15553,#15554);
#15552 = CARTESIAN_POINT('',(0.,0.,2.145E+03));
#15553 = DIRECTION('',(0.,0.,1.));
#15554 = DIRECTION('',(1.,0.,-0.));
#15555 = PCURVE('',#15230,#15556);
#15556 = DEFINITIONAL_REPRESENTATION('',(#15557),#15561);
#15557 = LINE('',#15558,#15559);
#15558 = CARTESIAN_POINT('',(0.,31.));
#15559 = VECTOR('',#15560,1.);
#15560 = DIRECTION('',(1.,0.));
#15561 = ( GEOMETRIC_REPRESENTATION_CONTEXT(2) 
PARAMETRIC_REPRESENTATION_CONTEXT() REPRESENTATION_CONTEXT('2D SPACE',''
  ) );
#15562 = PCURVE('',#14896,#15563);
#15563 = DEFINITIONAL_REPRESENTATION('',(#15564),#15568);
#15564 = CIRCLE('',#15565,57.65);
#15565 = AXIS2_PLACEMENT_2D('',#15566,#15567);
#15566 = CARTESIAN_POINT('',(55.,75.15));
#15567 = DIRECTION('',(1.,0.));
#15568 = ( GEOMETRIC_REPRESENTATION_CONTEXT(2) 
PARAMETRIC_REPRESENTATION_CONTEXT() REPRESENTATION_CONTEXT('2D SPACE',''
  ) );
#15569 = ADVANCED_FACE('',(#15570),#15029,.F.);
#15570 = FACE_BOUND('',#15571,.F.);
#15571 = EDGE_LOOP('',(#15572,#15591,#15592,#15593));
#15572 = ORIENTED_EDGE('',*,*,#15573,.F.);
#15573 = EDGE_CURVE('',#14912,#15296,#15574,.T.);
#15574 = SURFACE_CURVE('',#15575,(#15579,#15585),.PCURVE_S1.);
#15575 = LINE('',#15576,#15577);
#15576 = CARTESIAN_POINT('',(-7.57627876995,-57.15,2.114E+03));
#15577 = VECTOR('',#15578,1.);
#15578 = DIRECTION('',(0.,0.,1.));
#15579 = PCURVE('',#15029,#15580);
#15580 = DEFINITIONAL_REPRESENTATION('',(#15581),#15584);
#15581 = B_SPLINE_CURVE_WITH_KNOTS('',1,(#15582,#15583),.UNSPECIFIED.,
  .F.,.F.,(2,2),(-6.000000212225E-07,32.0000006),
  .PIECEWISE_BEZIER_KNOTS.);
#15582 = CARTESIAN_POINT('',(4.580589186287,-6.000000212225E-07));
#15583 = CARTESIAN_POINT('',(4.580589186287,32.0000006));
#15584 = ( GEOMETRIC_REPRESENTATION_CONTEXT(2) 
PARAMETRIC_REPRESENTATION_CONTEXT() REPRESENTATION_CONTEXT('2D SPACE',''
  ) );
#15585 = PCURVE('',#14870,#15586);
#15586 = DEFINITIONAL_REPRESENTATION('',(#15587),#15590);
#15587 = B_SPLINE_CURVE_WITH_KNOTS('',1,(#15588,#15589),.UNSPECIFIED.,
  .F.,.F.,(2,2),(-6.000000212225E-07,32.0000006),
  .PIECEWISE_BEZIER_KNOTS.);
#15588 = CARTESIAN_POINT('',(-1.0000006,47.42372123005));
#15589 = CARTESIAN_POINT('',(31.0000006,47.42372123005));
#15590 = ( GEOMETRIC_REPRESENTATION_CONTEXT(2) 
PARAMETRIC_REPRESENTATION_CONTEXT() REPRESENTATION_CONTEXT('2D SPACE',''
  ) );
#15591 = ORIENTED_EDGE('',*,*,#15014,.T.);
#15592 = ORIENTED_EDGE('',*,*,#15116,.T.);
#15593 = ORIENTED_EDGE('',*,*,#15316,.F.);
#15594 = ADVANCED_FACE('',(#15595),#14870,.T.);
#15595 = FACE_BOUND('',#15596,.T.);
#15596 = EDGE_LOOP('',(#15597,#15598,#15599,#15620,#15621,#15622,#15623,
    #15624));
#15597 = ORIENTED_EDGE('',*,*,#14911,.F.);
#15598 = ORIENTED_EDGE('',*,*,#14854,.T.);
#15599 = ORIENTED_EDGE('',*,*,#15600,.T.);
#15600 = EDGE_CURVE('',#14855,#15526,#15601,.T.);
#15601 = SURFACE_CURVE('',#15602,(#15606,#15613),.PCURVE_S1.);
#15602 = LINE('',#15603,#15604);
#15603 = CARTESIAN_POINT('',(-55.,-57.15,2.145E+03));
#15604 = VECTOR('',#15605,1.);
#15605 = DIRECTION('',(1.,0.,-0.));
#15606 = PCURVE('',#14870,#15607);
#15607 = DEFINITIONAL_REPRESENTATION('',(#15608),#15612);
#15608 = LINE('',#15609,#15610);
#15609 = CARTESIAN_POINT('',(30.,0.));
#15610 = VECTOR('',#15611,1.);
#15611 = DIRECTION('',(0.,1.));
#15612 = ( GEOMETRIC_REPRESENTATION_CONTEXT(2) 
PARAMETRIC_REPRESENTATION_CONTEXT() REPRESENTATION_CONTEXT('2D SPACE',''
  ) );
#15613 = PCURVE('',#14896,#15614);
#15614 = DEFINITIONAL_REPRESENTATION('',(#15615),#15619);
#15615 = LINE('',#15616,#15617);
#15616 = CARTESIAN_POINT('',(0.,18.));
#15617 = VECTOR('',#15618,1.);
#15618 = DIRECTION('',(1.,0.));
#15619 = ( GEOMETRIC_REPRESENTATION_CONTEXT(2) 
PARAMETRIC_REPRESENTATION_CONTEXT() REPRESENTATION_CONTEXT('2D SPACE',''
  ) );
#15620 = ORIENTED_EDGE('',*,*,#15525,.F.);
#15621 = ORIENTED_EDGE('',*,*,#15476,.F.);
#15622 = ORIENTED_EDGE('',*,*,#15452,.F.);
#15623 = ORIENTED_EDGE('',*,*,#15295,.T.);
#15624 = ORIENTED_EDGE('',*,*,#15573,.F.);
#15625 = ADVANCED_FACE('',(#15626),#14896,.T.);
#15626 = FACE_BOUND('',#15627,.T.);
#15627 = EDGE_LOOP('',(#15628,#15629,#15630,#15651,#15652,#15653));
#15628 = ORIENTED_EDGE('',*,*,#15600,.F.);
#15629 = ORIENTED_EDGE('',*,*,#14882,.F.);
#15630 = ORIENTED_EDGE('',*,*,#15631,.T.);
#15631 = EDGE_CURVE('',#14794,#15045,#15632,.T.);
#15632 = SURFACE_CURVE('',#15633,(#15637,#15644),.PCURVE_S1.);
#15633 = LINE('',#15634,#15635);
#15634 = CARTESIAN_POINT('',(-55.,-75.15,2.145E+03));
#15635 = VECTOR('',#15636,1.);
#15636 = DIRECTION('',(1.,0.,-0.));
#15637 = PCURVE('',#14896,#15638);
#15638 = DEFINITIONAL_REPRESENTATION('',(#15639),#15643);
#15639 = LINE('',#15640,#15641);
#15640 = CARTESIAN_POINT('',(0.,0.));
#15641 = VECTOR('',#15642,1.);
#15642 = DIRECTION('',(1.,0.));
#15643 = ( GEOMETRIC_REPRESENTATION_CONTEXT(2) 
PARAMETRIC_REPRESENTATION_CONTEXT() REPRESENTATION_CONTEXT('2D SPACE',''
  ) );
#15644 = PCURVE('',#14814,#15645);
#15645 = DEFINITIONAL_REPRESENTATION('',(#15646),#15650);
#15646 = LINE('',#15647,#15648);
#15647 = CARTESIAN_POINT('',(30.,0.));
#15648 = VECTOR('',#15649,1.);
#15649 = DIRECTION('',(0.,1.));
#15650 = ( GEOMETRIC_REPRESENTATION_CONTEXT(2) 
PARAMETRIC_REPRESENTATION_CONTEXT() REPRESENTATION_CONTEXT('2D SPACE',''
  ) );
#15651 = ORIENTED_EDGE('',*,*,#15091,.T.);
#15652 = ORIENTED_EDGE('',*,*,#15241,.F.);
#15653 = ORIENTED_EDGE('',*,*,#15548,.F.);
#15654 = ADVANCED_FACE('',(#15655),#14814,.F.);
#15655 = FACE_BOUND('',#15656,.F.);
#15656 = EDGE_LOOP('',(#15657,#15658,#15659,#15660));
#15657 = ORIENTED_EDGE('',*,*,#14935,.F.);
#15658 = ORIENTED_EDGE('',*,*,#14791,.T.);
#15659 = ORIENTED_EDGE('',*,*,#15631,.T.);
#15660 = ORIENTED_EDGE('',*,*,#15044,.F.);
#15661 = MANIFOLD_SOLID_BREP('',#15662);
#15662 = CLOSED_SHELL('',(#15663,#15783,#15916,#15987,#16138,#16244,
    #16294,#16346,#16397,#16445,#16470,#16501,#16530));
#15663 = ADVANCED_FACE('',(#15664),#15678,.F.);
#15664 = FACE_BOUND('',#15665,.F.);
#15665 = EDGE_LOOP('',(#15666,#15701,#15729,#15757));
#15666 = ORIENTED_EDGE('',*,*,#15667,.F.);
#15667 = EDGE_CURVE('',#15668,#15670,#15672,.T.);
#15668 = VERTEX_POINT('',#15669);
#15669 = CARTESIAN_POINT('',(-55.,-75.15,2.365E+03));
#15670 = VERTEX_POINT('',#15671);
#15671 = CARTESIAN_POINT('',(-55.,-75.15,2.395E+03));
#15672 = SURFACE_CURVE('',#15673,(#15677,#15689),.PCURVE_S1.);
#15673 = LINE('',#15674,#15675);
#15674 = CARTESIAN_POINT('',(-55.,-75.15,2.365E+03));
#15675 = VECTOR('',#15676,1.);
#15676 = DIRECTION('',(0.,0.,1.));
#15677 = PCURVE('',#15678,#15683);
#15678 = PLANE('',#15679);
#15679 = AXIS2_PLACEMENT_3D('',#15680,#15681,#15682);
#15680 = CARTESIAN_POINT('',(-55.,-75.15,2.365E+03));
#15681 = DIRECTION('',(1.,0.,-0.));
#15682 = DIRECTION('',(0.,0.,1.));
#15683 = DEFINITIONAL_REPRESENTATION('',(#15684),#15688);
#15684 = LINE('',#15685,#15686);
#15685 = CARTESIAN_POINT('',(0.,0.));
#15686 = VECTOR('',#15687,1.);
#15687 = DIRECTION('',(1.,0.));
#15688 = ( GEOMETRIC_REPRESENTATION_CONTEXT(2) 
PARAMETRIC_REPRESENTATION_CONTEXT() REPRESENTATION_CONTEXT('2D SPACE',''
  ) );
#15689 = PCURVE('',#15690,#15695);
#15690 = PLANE('',#15691);
#15691 = AXIS2_PLACEMENT_3D('',#15692,#15693,#15694);
#15692 = CARTESIAN_POINT('',(-55.,-75.15,2.365E+03));
#15693 = DIRECTION('',(-0.,1.,0.));
#15694 = DIRECTION('',(0.,0.,1.));
#15695 = DEFINITIONAL_REPRESENTATION('',(#15696),#15700);
#15696 = LINE('',#15697,#15698);
#15697 = CARTESIAN_POINT('',(0.,0.));
#15698 = VECTOR('',#15699,1.);
#15699 = DIRECTION('',(1.,0.));
#15700 = ( GEOMETRIC_REPRESENTATION_CONTEXT(2) 
PARAMETRIC_REPRESENTATION_CONTEXT() REPRESENTATION_CONTEXT('2D SPACE',''
  ) );
#15701 = ORIENTED_EDGE('',*,*,#15702,.T.);
#15702 = EDGE_CURVE('',#15668,#15703,#15705,.T.);
#15703 = VERTEX_POINT('',#15704);
#15704 = CARTESIAN_POINT('',(-55.,-57.15,2.365E+03));
#15705 = SURFACE_CURVE('',#15706,(#15710,#15717),.PCURVE_S1.);
#15706 = LINE('',#15707,#15708);
#15707 = CARTESIAN_POINT('',(-55.,-75.15,2.365E+03));
#15708 = VECTOR('',#15709,1.);
#15709 = DIRECTION('',(-0.,1.,0.));
#15710 = PCURVE('',#15678,#15711);
#15711 = DEFINITIONAL_REPRESENTATION('',(#15712),#15716);
#15712 = LINE('',#15713,#15714);
#15713 = CARTESIAN_POINT('',(0.,0.));
#15714 = VECTOR('',#15715,1.);
#15715 = DIRECTION('',(0.,-1.));
#15716 = ( GEOMETRIC_REPRESENTATION_CONTEXT(2) 
PARAMETRIC_REPRESENTATION_CONTEXT() REPRESENTATION_CONTEXT('2D SPACE',''
  ) );
#15717 = PCURVE('',#15718,#15723);
#15718 = PLANE('',#15719);
#15719 = AXIS2_PLACEMENT_3D('',#15720,#15721,#15722);
#15720 = CARTESIAN_POINT('',(-55.,-75.15,2.365E+03));
#15721 = DIRECTION('',(0.,0.,1.));
#15722 = DIRECTION('',(1.,0.,-0.));
#15723 = DEFINITIONAL_REPRESENTATION('',(#15724),#15728);
#15724 = LINE('',#15725,#15726);
#15725 = CARTESIAN_POINT('',(0.,0.));
#15726 = VECTOR('',#15727,1.);
#15727 = DIRECTION('',(0.,1.));
#15728 = ( GEOMETRIC_REPRESENTATION_CONTEXT(2) 
PARAMETRIC_REPRESENTATION_CONTEXT() REPRESENTATION_CONTEXT('2D SPACE',''
  ) );
#15729 = ORIENTED_EDGE('',*,*,#15730,.T.);
#15730 = EDGE_CURVE('',#15703,#15731,#15733,.T.);
#15731 = VERTEX_POINT('',#15732);
#15732 = CARTESIAN_POINT('',(-55.,-57.15,2.395E+03));
#15733 = SURFACE_CURVE('',#15734,(#15738,#15745),.PCURVE_S1.);
#15734 = LINE('',#15735,#15736);
#15735 = CARTESIAN_POINT('',(-55.,-57.15,2.365E+03));
#15736 = VECTOR('',#15737,1.);
#15737 = DIRECTION('',(0.,0.,1.));
#15738 = PCURVE('',#15678,#15739);
#15739 = DEFINITIONAL_REPRESENTATION('',(#15740),#15744);
#15740 = LINE('',#15741,#15742);
#15741 = CARTESIAN_POINT('',(0.,-18.));
#15742 = VECTOR('',#15743,1.);
#15743 = DIRECTION('',(1.,0.));
#15744 = ( GEOMETRIC_REPRESENTATION_CONTEXT(2) 
PARAMETRIC_REPRESENTATION_CONTEXT() REPRESENTATION_CONTEXT('2D SPACE',''
  ) );
#15745 = PCURVE('',#15746,#15751);
#15746 = PLANE('',#15747);
#15747 = AXIS2_PLACEMENT_3D('',#15748,#15749,#15750);
#15748 = CARTESIAN_POINT('',(-55.,-57.15,2.365E+03));
#15749 = DIRECTION('',(-0.,1.,0.));
#15750 = DIRECTION('',(0.,0.,1.));
#15751 = DEFINITIONAL_REPRESENTATION('',(#15752),#15756);
#15752 = LINE('',#15753,#15754);
#15753 = CARTESIAN_POINT('',(0.,0.));
#15754 = VECTOR('',#15755,1.);
#15755 = DIRECTION('',(1.,0.));
#15756 = ( GEOMETRIC_REPRESENTATION_CONTEXT(2) 
PARAMETRIC_REPRESENTATION_CONTEXT() REPRESENTATION_CONTEXT('2D SPACE',''
  ) );
#15757 = ORIENTED_EDGE('',*,*,#15758,.F.);
#15758 = EDGE_CURVE('',#15670,#15731,#15759,.T.);
#15759 = SURFACE_CURVE('',#15760,(#15764,#15771),.PCURVE_S1.);
#15760 = LINE('',#15761,#15762);
#15761 = CARTESIAN_POINT('',(-55.,-75.15,2.395E+03));
#15762 = VECTOR('',#15763,1.);
#15763 = DIRECTION('',(-0.,1.,0.));
#15764 = PCURVE('',#15678,#15765);
#15765 = DEFINITIONAL_REPRESENTATION('',(#15766),#15770);
#15766 = LINE('',#15767,#15768);
#15767 = CARTESIAN_POINT('',(30.,0.));
#15768 = VECTOR('',#15769,1.);
#15769 = DIRECTION('',(0.,-1.));
#15770 = ( GEOMETRIC_REPRESENTATION_CONTEXT(2) 
PARAMETRIC_REPRESENTATION_CONTEXT() REPRESENTATION_CONTEXT('2D SPACE',''
  ) );
#15771 = PCURVE('',#15772,#15777);
#15772 = PLANE('',#15773);
#15773 = AXIS2_PLACEMENT_3D('',#15774,#15775,#15776);
#15774 = CARTESIAN_POINT('',(-55.,-75.15,2.395E+03));
#15775 = DIRECTION('',(0.,0.,1.));
#15776 = DIRECTION('',(1.,0.,-0.));
#15777 = DEFINITIONAL_REPRESENTATION('',(#15778),#15782);
#15778 = LINE('',#15779,#15780);
#15779 = CARTESIAN_POINT('',(0.,0.));
#15780 = VECTOR('',#15781,1.);
#15781 = DIRECTION('',(0.,1.));
#15782 = ( GEOMETRIC_REPRESENTATION_CONTEXT(2) 
PARAMETRIC_REPRESENTATION_CONTEXT() REPRESENTATION_CONTEXT('2D SPACE',''
  ) );
#15783 = ADVANCED_FACE('',(#15784),#15718,.F.);
#15784 = FACE_BOUND('',#15785,.F.);
#15785 = EDGE_LOOP('',(#15786,#15809,#15810,#15833,#15861,#15889));
#15786 = ORIENTED_EDGE('',*,*,#15787,.F.);
#15787 = EDGE_CURVE('',#15703,#15788,#15790,.T.);
#15788 = VERTEX_POINT('',#15789);
#15789 = CARTESIAN_POINT('',(-7.57627876995,-57.15,2.365E+03));
#15790 = SURFACE_CURVE('',#15791,(#15795,#15802),.PCURVE_S1.);
#15791 = LINE('',#15792,#15793);
#15792 = CARTESIAN_POINT('',(-55.,-57.15,2.365E+03));
#15793 = VECTOR('',#15794,1.);
#15794 = DIRECTION('',(1.,0.,-0.));
#15795 = PCURVE('',#15718,#15796);
#15796 = DEFINITIONAL_REPRESENTATION('',(#15797),#15801);
#15797 = LINE('',#15798,#15799);
#15798 = CARTESIAN_POINT('',(0.,18.));
#15799 = VECTOR('',#15800,1.);
#15800 = DIRECTION('',(1.,0.));
#15801 = ( GEOMETRIC_REPRESENTATION_CONTEXT(2) 
PARAMETRIC_REPRESENTATION_CONTEXT() REPRESENTATION_CONTEXT('2D SPACE',''
  ) );
#15802 = PCURVE('',#15746,#15803);
#15803 = DEFINITIONAL_REPRESENTATION('',(#15804),#15808);
#15804 = LINE('',#15805,#15806);
#15805 = CARTESIAN_POINT('',(0.,0.));
#15806 = VECTOR('',#15807,1.);
#15807 = DIRECTION('',(0.,1.));
#15808 = ( GEOMETRIC_REPRESENTATION_CONTEXT(2) 
PARAMETRIC_REPRESENTATION_CONTEXT() REPRESENTATION_CONTEXT('2D SPACE',''
  ) );
#15809 = ORIENTED_EDGE('',*,*,#15702,.F.);
#15810 = ORIENTED_EDGE('',*,*,#15811,.T.);
#15811 = EDGE_CURVE('',#15668,#15812,#15814,.T.);
#15812 = VERTEX_POINT('',#15813);
#15813 = CARTESIAN_POINT('',(55.,-75.15,2.365E+03));
#15814 = SURFACE_CURVE('',#15815,(#15819,#15826),.PCURVE_S1.);
#15815 = LINE('',#15816,#15817);
#15816 = CARTESIAN_POINT('',(-55.,-75.15,2.365E+03));
#15817 = VECTOR('',#15818,1.);
#15818 = DIRECTION('',(1.,0.,-0.));
#15819 = PCURVE('',#15718,#15820);
#15820 = DEFINITIONAL_REPRESENTATION('',(#15821),#15825);
#15821 = LINE('',#15822,#15823);
#15822 = CARTESIAN_POINT('',(0.,0.));
#15823 = VECTOR('',#15824,1.);
#15824 = DIRECTION('',(1.,0.));
#15825 = ( GEOMETRIC_REPRESENTATION_CONTEXT(2) 
PARAMETRIC_REPRESENTATION_CONTEXT() REPRESENTATION_CONTEXT('2D SPACE',''
  ) );
#15826 = PCURVE('',#15690,#15827);
#15827 = DEFINITIONAL_REPRESENTATION('',(#15828),#15832);
#15828 = LINE('',#15829,#15830);
#15829 = CARTESIAN_POINT('',(0.,0.));
#15830 = VECTOR('',#15831,1.);
#15831 = DIRECTION('',(0.,1.));
#15832 = ( GEOMETRIC_REPRESENTATION_CONTEXT(2) 
PARAMETRIC_REPRESENTATION_CONTEXT() REPRESENTATION_CONTEXT('2D SPACE',''
  ) );
#15833 = ORIENTED_EDGE('',*,*,#15834,.T.);
#15834 = EDGE_CURVE('',#15812,#15835,#15837,.T.);
#15835 = VERTEX_POINT('',#15836);
#15836 = CARTESIAN_POINT('',(55.,-57.15,2.365E+03));
#15837 = SURFACE_CURVE('',#15838,(#15842,#15849),.PCURVE_S1.);
#15838 = LINE('',#15839,#15840);
#15839 = CARTESIAN_POINT('',(55.,-75.15,2.365E+03));
#15840 = VECTOR('',#15841,1.);
#15841 = DIRECTION('',(-0.,1.,0.));
#15842 = PCURVE('',#15718,#15843);
#15843 = DEFINITIONAL_REPRESENTATION('',(#15844),#15848);
#15844 = LINE('',#15845,#15846);
#15845 = CARTESIAN_POINT('',(110.,0.));
#15846 = VECTOR('',#15847,1.);
#15847 = DIRECTION('',(0.,1.));
#15848 = ( GEOMETRIC_REPRESENTATION_CONTEXT(2) 
PARAMETRIC_REPRESENTATION_CONTEXT() REPRESENTATION_CONTEXT('2D SPACE',''
  ) );
#15849 = PCURVE('',#15850,#15855);
#15850 = PLANE('',#15851);
#15851 = AXIS2_PLACEMENT_3D('',#15852,#15853,#15854);
#15852 = CARTESIAN_POINT('',(55.,-75.15,2.365E+03));
#15853 = DIRECTION('',(1.,0.,-0.));
#15854 = DIRECTION('',(0.,0.,1.));
#15855 = DEFINITIONAL_REPRESENTATION('',(#15856),#15860);
#15856 = LINE('',#15857,#15858);
#15857 = CARTESIAN_POINT('',(0.,0.));
#15858 = VECTOR('',#15859,1.);
#15859 = DIRECTION('',(0.,-1.));
#15860 = ( GEOMETRIC_REPRESENTATION_CONTEXT(2) 
PARAMETRIC_REPRESENTATION_CONTEXT() REPRESENTATION_CONTEXT('2D SPACE',''
  ) );
#15861 = ORIENTED_EDGE('',*,*,#15862,.F.);
#15862 = EDGE_CURVE('',#15863,#15835,#15865,.T.);
#15863 = VERTEX_POINT('',#15864);
#15864 = CARTESIAN_POINT('',(7.57627876995,-57.15,2.365E+03));
#15865 = SURFACE_CURVE('',#15866,(#15870,#15877),.PCURVE_S1.);
#15866 = LINE('',#15867,#15868);
#15867 = CARTESIAN_POINT('',(-55.,-57.15,2.365E+03));
#15868 = VECTOR('',#15869,1.);
#15869 = DIRECTION('',(1.,0.,-0.));
#15870 = PCURVE('',#15718,#15871);
#15871 = DEFINITIONAL_REPRESENTATION('',(#15872),#15876);
#15872 = LINE('',#15873,#15874);
#15873 = CARTESIAN_POINT('',(0.,18.));
#15874 = VECTOR('',#15875,1.);
#15875 = DIRECTION('',(1.,0.));
#15876 = ( GEOMETRIC_REPRESENTATION_CONTEXT(2) 
PARAMETRIC_REPRESENTATION_CONTEXT() REPRESENTATION_CONTEXT('2D SPACE',''
  ) );
#15877 = PCURVE('',#15878,#15883);
#15878 = PLANE('',#15879);
#15879 = AXIS2_PLACEMENT_3D('',#15880,#15881,#15882);
#15880 = CARTESIAN_POINT('',(-55.,-57.15,2.365E+03));
#15881 = DIRECTION('',(-0.,1.,0.));
#15882 = DIRECTION('',(0.,0.,1.));
#15883 = DEFINITIONAL_REPRESENTATION('',(#15884),#15888);
#15884 = LINE('',#15885,#15886);
#15885 = CARTESIAN_POINT('',(0.,0.));
#15886 = VECTOR('',#15887,1.);
#15887 = DIRECTION('',(0.,1.));
#15888 = ( GEOMETRIC_REPRESENTATION_CONTEXT(2) 
PARAMETRIC_REPRESENTATION_CONTEXT() REPRESENTATION_CONTEXT('2D SPACE',''
  ) );
#15889 = ORIENTED_EDGE('',*,*,#15890,.F.);
#15890 = EDGE_CURVE('',#15788,#15863,#15891,.T.);
#15891 = SURFACE_CURVE('',#15892,(#15897,#15904),.PCURVE_S1.);
#15892 = CIRCLE('',#15893,57.65);
#15893 = AXIS2_PLACEMENT_3D('',#15894,#15895,#15896);
#15894 = CARTESIAN_POINT('',(0.,0.,2.365E+03));
#15895 = DIRECTION('',(0.,0.,1.));
#15896 = DIRECTION('',(1.,0.,-0.));
#15897 = PCURVE('',#15718,#15898);
#15898 = DEFINITIONAL_REPRESENTATION('',(#15899),#15903);
#15899 = CIRCLE('',#15900,57.65);
#15900 = AXIS2_PLACEMENT_2D('',#15901,#15902);
#15901 = CARTESIAN_POINT('',(55.,75.15));
#15902 = DIRECTION('',(1.,0.));
#15903 = ( GEOMETRIC_REPRESENTATION_CONTEXT(2) 
PARAMETRIC_REPRESENTATION_CONTEXT() REPRESENTATION_CONTEXT('2D SPACE',''
  ) );
#15904 = PCURVE('',#15905,#15910);
#15905 = CYLINDRICAL_SURFACE('',#15906,57.65);
#15906 = AXIS2_PLACEMENT_3D('',#15907,#15908,#15909);
#15907 = CARTESIAN_POINT('',(0.,0.,2.364E+03));
#15908 = DIRECTION('',(0.,0.,1.));
#15909 = DIRECTION('',(1.,0.,-0.));
#15910 = DEFINITIONAL_REPRESENTATION('',(#15911),#15915);
#15911 = LINE('',#15912,#15913);
#15912 = CARTESIAN_POINT('',(0.,1.));
#15913 = VECTOR('',#15914,1.);
#15914 = DIRECTION('',(1.,0.));
#15915 = ( GEOMETRIC_REPRESENTATION_CONTEXT(2) 
PARAMETRIC_REPRESENTATION_CONTEXT() REPRESENTATION_CONTEXT('2D SPACE',''
  ) );
#15916 = ADVANCED_FACE('',(#15917),#15850,.T.);
#15917 = FACE_BOUND('',#15918,.T.);
#15918 = EDGE_LOOP('',(#15919,#15942,#15943,#15966));
#15919 = ORIENTED_EDGE('',*,*,#15920,.F.);
#15920 = EDGE_CURVE('',#15812,#15921,#15923,.T.);
#15921 = VERTEX_POINT('',#15922);
#15922 = CARTESIAN_POINT('',(55.,-75.15,2.395E+03));
#15923 = SURFACE_CURVE('',#15924,(#15928,#15935),.PCURVE_S1.);
#15924 = LINE('',#15925,#15926);
#15925 = CARTESIAN_POINT('',(55.,-75.15,2.365E+03));
#15926 = VECTOR('',#15927,1.);
#15927 = DIRECTION('',(0.,0.,1.));
#15928 = PCURVE('',#15850,#15929);
#15929 = DEFINITIONAL_REPRESENTATION('',(#15930),#15934);
#15930 = LINE('',#15931,#15932);
#15931 = CARTESIAN_POINT('',(0.,0.));
#15932 = VECTOR('',#15933,1.);
#15933 = DIRECTION('',(1.,0.));
#15934 = ( GEOMETRIC_REPRESENTATION_CONTEXT(2) 
PARAMETRIC_REPRESENTATION_CONTEXT() REPRESENTATION_CONTEXT('2D SPACE',''
  ) );
#15935 = PCURVE('',#15690,#15936);
#15936 = DEFINITIONAL_REPRESENTATION('',(#15937),#15941);
#15937 = LINE('',#15938,#15939);
#15938 = CARTESIAN_POINT('',(0.,110.));
#15939 = VECTOR('',#15940,1.);
#15940 = DIRECTION('',(1.,0.));
#15941 = ( GEOMETRIC_REPRESENTATION_CONTEXT(2) 
PARAMETRIC_REPRESENTATION_CONTEXT() REPRESENTATION_CONTEXT('2D SPACE',''
  ) );
#15942 = ORIENTED_EDGE('',*,*,#15834,.T.);
#15943 = ORIENTED_EDGE('',*,*,#15944,.T.);
#15944 = EDGE_CURVE('',#15835,#15945,#15947,.T.);
#15945 = VERTEX_POINT('',#15946);
#15946 = CARTESIAN_POINT('',(55.,-57.15,2.395E+03));
#15947 = SURFACE_CURVE('',#15948,(#15952,#15959),.PCURVE_S1.);
#15948 = LINE('',#15949,#15950);
#15949 = CARTESIAN_POINT('',(55.,-57.15,2.365E+03));
#15950 = VECTOR('',#15951,1.);
#15951 = DIRECTION('',(0.,0.,1.));
#15952 = PCURVE('',#15850,#15953);
#15953 = DEFINITIONAL_REPRESENTATION('',(#15954),#15958);
#15954 = LINE('',#15955,#15956);
#15955 = CARTESIAN_POINT('',(0.,-18.));
#15956 = VECTOR('',#15957,1.);
#15957 = DIRECTION('',(1.,0.));
#15958 = ( GEOMETRIC_REPRESENTATION_CONTEXT(2) 
PARAMETRIC_REPRESENTATION_CONTEXT() REPRESENTATION_CONTEXT('2D SPACE',''
  ) );
#15959 = PCURVE('',#15878,#15960);
#15960 = DEFINITIONAL_REPRESENTATION('',(#15961),#15965);
#15961 = LINE('',#15962,#15963);
#15962 = CARTESIAN_POINT('',(0.,110.));
#15963 = VECTOR('',#15964,1.);
#15964 = DIRECTION('',(1.,0.));
#15965 = ( GEOMETRIC_REPRESENTATION_CONTEXT(2) 
PARAMETRIC_REPRESENTATION_CONTEXT() REPRESENTATION_CONTEXT('2D SPACE',''
  ) );
#15966 = ORIENTED_EDGE('',*,*,#15967,.F.);
#15967 = EDGE_CURVE('',#15921,#15945,#15968,.T.);
#15968 = SURFACE_CURVE('',#15969,(#15973,#15980),.PCURVE_S1.);
#15969 = LINE('',#15970,#15971);
#15970 = CARTESIAN_POINT('',(55.,-75.15,2.395E+03));
#15971 = VECTOR('',#15972,1.);
#15972 = DIRECTION('',(-0.,1.,0.));
#15973 = PCURVE('',#15850,#15974);
#15974 = DEFINITIONAL_REPRESENTATION('',(#15975),#15979);
#15975 = LINE('',#15976,#15977);
#15976 = CARTESIAN_POINT('',(30.,0.));
#15977 = VECTOR('',#15978,1.);
#15978 = DIRECTION('',(0.,-1.));
#15979 = ( GEOMETRIC_REPRESENTATION_CONTEXT(2) 
PARAMETRIC_REPRESENTATION_CONTEXT() REPRESENTATION_CONTEXT('2D SPACE',''
  ) );
#15980 = PCURVE('',#15772,#15981);
#15981 = DEFINITIONAL_REPRESENTATION('',(#15982),#15986);
#15982 = LINE('',#15983,#15984);
#15983 = CARTESIAN_POINT('',(110.,0.));
#15984 = VECTOR('',#15985,1.);
#15985 = DIRECTION('',(0.,1.));
#15986 = ( GEOMETRIC_REPRESENTATION_CONTEXT(2) 
PARAMETRIC_REPRESENTATION_CONTEXT() REPRESENTATION_CONTEXT('2D SPACE',''
  ) );
#15987 = ADVANCED_FACE('',(#15988),#15878,.T.);
#15988 = FACE_BOUND('',#15989,.T.);
#15989 = EDGE_LOOP('',(#15990,#15991,#16012,#16038,#16064,#16090,#16116,
    #16137));
#15990 = ORIENTED_EDGE('',*,*,#15862,.F.);
#15991 = ORIENTED_EDGE('',*,*,#15992,.T.);
#15992 = EDGE_CURVE('',#15863,#15993,#15995,.T.);
#15993 = VERTEX_POINT('',#15994);
#15994 = CARTESIAN_POINT('',(7.57627876995,-57.15,2.3735E+03));
#15995 = SURFACE_CURVE('',#15996,(#16000,#16006),.PCURVE_S1.);
#15996 = LINE('',#15997,#15998);
#15997 = CARTESIAN_POINT('',(7.57627876995,-57.15,2.364E+03));
#15998 = VECTOR('',#15999,1.);
#15999 = DIRECTION('',(0.,0.,1.));
#16000 = PCURVE('',#15878,#16001);
#16001 = DEFINITIONAL_REPRESENTATION('',(#16002),#16005);
#16002 = B_SPLINE_CURVE_WITH_KNOTS('',1,(#16003,#16004),.UNSPECIFIED.,
  .F.,.F.,(2,2),(-6.000000212225E-07,32.0000006),
  .PIECEWISE_BEZIER_KNOTS.);
#16003 = CARTESIAN_POINT('',(-1.0000006,62.57627876995));
#16004 = CARTESIAN_POINT('',(31.0000006,62.57627876995));
#16005 = ( GEOMETRIC_REPRESENTATION_CONTEXT(2) 
PARAMETRIC_REPRESENTATION_CONTEXT() REPRESENTATION_CONTEXT('2D SPACE',''
  ) );
#16006 = PCURVE('',#15905,#16007);
#16007 = DEFINITIONAL_REPRESENTATION('',(#16008),#16011);
#16008 = B_SPLINE_CURVE_WITH_KNOTS('',1,(#16009,#16010),.UNSPECIFIED.,
  .F.,.F.,(2,2),(-6.000000212225E-07,32.0000006),
  .PIECEWISE_BEZIER_KNOTS.);
#16009 = CARTESIAN_POINT('',(4.844188774483,-6.000000212225E-07));
#16010 = CARTESIAN_POINT('',(4.844188774483,32.0000006));
#16011 = ( GEOMETRIC_REPRESENTATION_CONTEXT(2) 
PARAMETRIC_REPRESENTATION_CONTEXT() REPRESENTATION_CONTEXT('2D SPACE',''
  ) );
#16012 = ORIENTED_EDGE('',*,*,#16013,.T.);
#16013 = EDGE_CURVE('',#15993,#16014,#16016,.T.);
#16014 = VERTEX_POINT('',#16015);
#16015 = CARTESIAN_POINT('',(13.179529581893,-57.15,2.3735E+03));
#16016 = SURFACE_CURVE('',#16017,(#16021,#16027),.PCURVE_S1.);
#16017 = LINE('',#16018,#16019);
#16018 = CARTESIAN_POINT('',(-27.5,-57.15,2.3735E+03));
#16019 = VECTOR('',#16020,1.);
#16020 = DIRECTION('',(1.,0.,-0.));
#16021 = PCURVE('',#15878,#16022);
#16022 = DEFINITIONAL_REPRESENTATION('',(#16023),#16026);
#16023 = B_SPLINE_CURVE_WITH_KNOTS('',1,(#16024,#16025),.UNSPECIFIED.,
  .F.,.F.,(2,2),(35.07627876995,82.5),.PIECEWISE_BEZIER_KNOTS.);
#16024 = CARTESIAN_POINT('',(8.5,62.57627876995));
#16025 = CARTESIAN_POINT('',(8.5,110.));
#16026 = ( GEOMETRIC_REPRESENTATION_CONTEXT(2) 
PARAMETRIC_REPRESENTATION_CONTEXT() REPRESENTATION_CONTEXT('2D SPACE',''
  ) );
#16027 = PCURVE('',#16028,#16033);
#16028 = PLANE('',#16029);
#16029 = AXIS2_PLACEMENT_3D('',#16030,#16031,#16032);
#16030 = CARTESIAN_POINT('',(0.,0.,2.3735E+03));
#16031 = DIRECTION('',(0.,0.,1.));
#16032 = DIRECTION('',(1.,0.,-0.));
#16033 = DEFINITIONAL_REPRESENTATION('',(#16034),#16037);
#16034 = B_SPLINE_CURVE_WITH_KNOTS('',1,(#16035,#16036),.UNSPECIFIED.,
  .F.,.F.,(2,2),(35.07627876995,82.5),.PIECEWISE_BEZIER_KNOTS.);
#16035 = CARTESIAN_POINT('',(7.57627876995,-57.15));
#16036 = CARTESIAN_POINT('',(55.,-57.15));
#16037 = ( GEOMETRIC_REPRESENTATION_CONTEXT(2) 
PARAMETRIC_REPRESENTATION_CONTEXT() REPRESENTATION_CONTEXT('2D SPACE',''
  ) );
#16038 = ORIENTED_EDGE('',*,*,#16039,.T.);
#16039 = EDGE_CURVE('',#16014,#16040,#16042,.T.);
#16040 = VERTEX_POINT('',#16041);
#16041 = CARTESIAN_POINT('',(13.179529581893,-57.15,2.3865E+03));
#16042 = SURFACE_CURVE('',#16043,(#16047,#16053),.PCURVE_S1.);
#16043 = LINE('',#16044,#16045);
#16044 = CARTESIAN_POINT('',(13.179529581893,-57.15,2.3735E+03));
#16045 = VECTOR('',#16046,1.);
#16046 = DIRECTION('',(0.,0.,1.));
#16047 = PCURVE('',#15878,#16048);
#16048 = DEFINITIONAL_REPRESENTATION('',(#16049),#16052);
#16049 = B_SPLINE_CURVE_WITH_KNOTS('',1,(#16050,#16051),.UNSPECIFIED.,
  .F.,.F.,(2,2),(-2.40000008489E-06,13.0000024),
  .PIECEWISE_BEZIER_KNOTS.);
#16050 = CARTESIAN_POINT('',(8.4999976,68.179529581893));
#16051 = CARTESIAN_POINT('',(21.5000024,68.179529581893));
#16052 = ( GEOMETRIC_REPRESENTATION_CONTEXT(2) 
PARAMETRIC_REPRESENTATION_CONTEXT() REPRESENTATION_CONTEXT('2D SPACE',''
  ) );
#16053 = PCURVE('',#16054,#16059);
#16054 = CYLINDRICAL_SURFACE('',#16055,58.65);
#16055 = AXIS2_PLACEMENT_3D('',#16056,#16057,#16058);
#16056 = CARTESIAN_POINT('',(0.,0.,2.3735E+03));
#16057 = DIRECTION('',(0.,0.,1.));
#16058 = DIRECTION('',(1.,0.,-0.));
#16059 = DEFINITIONAL_REPRESENTATION('',(#16060),#16063);
#16060 = B_SPLINE_CURVE_WITH_KNOTS('',1,(#16061,#16062),.UNSPECIFIED.,
  .F.,.F.,(2,2),(0.,13.),.PIECEWISE_BEZIER_KNOTS.);
#16061 = CARTESIAN_POINT('',(4.939039435943,0.));
#16062 = CARTESIAN_POINT('',(4.939039435943,13.));
#16063 = ( GEOMETRIC_REPRESENTATION_CONTEXT(2) 
PARAMETRIC_REPRESENTATION_CONTEXT() REPRESENTATION_CONTEXT('2D SPACE',''
  ) );
#16064 = ORIENTED_EDGE('',*,*,#16065,.F.);
#16065 = EDGE_CURVE('',#16066,#16040,#16068,.T.);
#16066 = VERTEX_POINT('',#16067);
#16067 = CARTESIAN_POINT('',(7.57627876995,-57.15,2.3865E+03));
#16068 = SURFACE_CURVE('',#16069,(#16073,#16079),.PCURVE_S1.);
#16069 = LINE('',#16070,#16071);
#16070 = CARTESIAN_POINT('',(-27.5,-57.15,2.3865E+03));
#16071 = VECTOR('',#16072,1.);
#16072 = DIRECTION('',(1.,0.,-0.));
#16073 = PCURVE('',#15878,#16074);
#16074 = DEFINITIONAL_REPRESENTATION('',(#16075),#16078);
#16075 = B_SPLINE_CURVE_WITH_KNOTS('',1,(#16076,#16077),.UNSPECIFIED.,
  .F.,.F.,(2,2),(35.07627876995,82.5),.PIECEWISE_BEZIER_KNOTS.);
#16076 = CARTESIAN_POINT('',(21.5,62.57627876995));
#16077 = CARTESIAN_POINT('',(21.5,110.));
#16078 = ( GEOMETRIC_REPRESENTATION_CONTEXT(2) 
PARAMETRIC_REPRESENTATION_CONTEXT() REPRESENTATION_CONTEXT('2D SPACE',''
  ) );
#16079 = PCURVE('',#16080,#16085);
#16080 = PLANE('',#16081);
#16081 = AXIS2_PLACEMENT_3D('',#16082,#16083,#16084);
#16082 = CARTESIAN_POINT('',(0.,0.,2.3865E+03));
#16083 = DIRECTION('',(0.,0.,1.));
#16084 = DIRECTION('',(1.,0.,-0.));
#16085 = DEFINITIONAL_REPRESENTATION('',(#16086),#16089);
#16086 = B_SPLINE_CURVE_WITH_KNOTS('',1,(#16087,#16088),.UNSPECIFIED.,
  .F.,.F.,(2,2),(35.07627876995,82.5),.PIECEWISE_BEZIER_KNOTS.);
#16087 = CARTESIAN_POINT('',(7.57627876995,-57.15));
#16088 = CARTESIAN_POINT('',(55.,-57.15));
#16089 = ( GEOMETRIC_REPRESENTATION_CONTEXT(2) 
PARAMETRIC_REPRESENTATION_CONTEXT() REPRESENTATION_CONTEXT('2D SPACE',''
  ) );
#16090 = ORIENTED_EDGE('',*,*,#16091,.T.);
#16091 = EDGE_CURVE('',#16066,#16092,#16094,.T.);
#16092 = VERTEX_POINT('',#16093);
#16093 = CARTESIAN_POINT('',(7.57627876995,-57.15,2.395E+03));
#16094 = SURFACE_CURVE('',#16095,(#16099,#16105),.PCURVE_S1.);
#16095 = LINE('',#16096,#16097);
#16096 = CARTESIAN_POINT('',(7.57627876995,-57.15,2.364E+03));
#16097 = VECTOR('',#16098,1.);
#16098 = DIRECTION('',(0.,0.,1.));
#16099 = PCURVE('',#15878,#16100);
#16100 = DEFINITIONAL_REPRESENTATION('',(#16101),#16104);
#16101 = B_SPLINE_CURVE_WITH_KNOTS('',1,(#16102,#16103),.UNSPECIFIED.,
  .F.,.F.,(2,2),(-6.000000212225E-07,32.0000006),
  .PIECEWISE_BEZIER_KNOTS.);
#16102 = CARTESIAN_POINT('',(-1.0000006,62.57627876995));
#16103 = CARTESIAN_POINT('',(31.0000006,62.57627876995));
#16104 = ( GEOMETRIC_REPRESENTATION_CONTEXT(2) 
PARAMETRIC_REPRESENTATION_CONTEXT() REPRESENTATION_CONTEXT('2D SPACE',''
  ) );
#16105 = PCURVE('',#16106,#16111);
#16106 = CYLINDRICAL_SURFACE('',#16107,57.65);
#16107 = AXIS2_PLACEMENT_3D('',#16108,#16109,#16110);
#16108 = CARTESIAN_POINT('',(0.,0.,2.364E+03));
#16109 = DIRECTION('',(0.,0.,1.));
#16110 = DIRECTION('',(1.,0.,-0.));
#16111 = DEFINITIONAL_REPRESENTATION('',(#16112),#16115);
#16112 = B_SPLINE_CURVE_WITH_KNOTS('',1,(#16113,#16114),.UNSPECIFIED.,
  .F.,.F.,(2,2),(-6.000000212225E-07,32.0000006),
  .PIECEWISE_BEZIER_KNOTS.);
#16113 = CARTESIAN_POINT('',(4.844188774483,-6.000000212225E-07));
#16114 = CARTESIAN_POINT('',(4.844188774483,32.0000006));
#16115 = ( GEOMETRIC_REPRESENTATION_CONTEXT(2) 
PARAMETRIC_REPRESENTATION_CONTEXT() REPRESENTATION_CONTEXT('2D SPACE',''
  ) );
#16116 = ORIENTED_EDGE('',*,*,#16117,.T.);
#16117 = EDGE_CURVE('',#16092,#15945,#16118,.T.);
#16118 = SURFACE_CURVE('',#16119,(#16123,#16130),.PCURVE_S1.);
#16119 = LINE('',#16120,#16121);
#16120 = CARTESIAN_POINT('',(-55.,-57.15,2.395E+03));
#16121 = VECTOR('',#16122,1.);
#16122 = DIRECTION('',(1.,0.,-0.));
#16123 = PCURVE('',#15878,#16124);
#16124 = DEFINITIONAL_REPRESENTATION('',(#16125),#16129);
#16125 = LINE('',#16126,#16127);
#16126 = CARTESIAN_POINT('',(30.,0.));
#16127 = VECTOR('',#16128,1.);
#16128 = DIRECTION('',(0.,1.));
#16129 = ( GEOMETRIC_REPRESENTATION_CONTEXT(2) 
PARAMETRIC_REPRESENTATION_CONTEXT() REPRESENTATION_CONTEXT('2D SPACE',''
  ) );
#16130 = PCURVE('',#15772,#16131);
#16131 = DEFINITIONAL_REPRESENTATION('',(#16132),#16136);
#16132 = LINE('',#16133,#16134);
#16133 = CARTESIAN_POINT('',(0.,18.));
#16134 = VECTOR('',#16135,1.);
#16135 = DIRECTION('',(1.,0.));
#16136 = ( GEOMETRIC_REPRESENTATION_CONTEXT(2) 
PARAMETRIC_REPRESENTATION_CONTEXT() REPRESENTATION_CONTEXT('2D SPACE',''
  ) );
#16137 = ORIENTED_EDGE('',*,*,#15944,.F.);
#16138 = ADVANCED_FACE('',(#16139,#16213),#16028,.F.);
#16139 = FACE_BOUND('',#16140,.F.);
#16140 = EDGE_LOOP('',(#16141,#16142,#16170,#16191));
#16141 = ORIENTED_EDGE('',*,*,#16013,.T.);
#16142 = ORIENTED_EDGE('',*,*,#16143,.F.);
#16143 = EDGE_CURVE('',#16144,#16014,#16146,.T.);
#16144 = VERTEX_POINT('',#16145);
#16145 = CARTESIAN_POINT('',(-13.17952958189,-57.15,2.3735E+03));
#16146 = SURFACE_CURVE('',#16147,(#16152,#16163),.PCURVE_S1.);
#16147 = CIRCLE('',#16148,58.65);
#16148 = AXIS2_PLACEMENT_3D('',#16149,#16150,#16151);
#16149 = CARTESIAN_POINT('',(0.,0.,2.3735E+03));
#16150 = DIRECTION('',(-0.,0.,-1.));
#16151 = DIRECTION('',(-0.224714911882,-0.97442455243,0.));
#16152 = PCURVE('',#16028,#16153);
#16153 = DEFINITIONAL_REPRESENTATION('',(#16154),#16162);
#16154 = ( BOUNDED_CURVE() B_SPLINE_CURVE(2,(#16155,#16156,#16157,#16158
    ,#16159,#16160,#16161),.UNSPECIFIED.,.T.,.F.) 
B_SPLINE_CURVE_WITH_KNOTS((1,2,2,2,2,1),(-2.094395102393,0.,
    2.094395102393,4.188790204786,6.28318530718,8.377580409573),
.UNSPECIFIED.) CURVE() GEOMETRIC_REPRESENTATION_ITEM() 
RATIONAL_B_SPLINE_CURVE((1.,0.5,1.,0.5,1.,0.5,1.)) REPRESENTATION_ITEM(
  '') );
#16155 = CARTESIAN_POINT('',(-13.17952958189,-57.15));
#16156 = CARTESIAN_POINT('',(-112.1662332344,-34.3223851443));
#16157 = CARTESIAN_POINT('',(-42.90358703533,39.988807427848));
#16158 = CARTESIAN_POINT('',(26.359059163786,114.3));
#16159 = CARTESIAN_POINT('',(56.083116617227,17.161192572152));
#16160 = CARTESIAN_POINT('',(85.807174070668,-79.97761485569));
#16161 = CARTESIAN_POINT('',(-13.17952958189,-57.15));
#16162 = ( GEOMETRIC_REPRESENTATION_CONTEXT(2) 
PARAMETRIC_REPRESENTATION_CONTEXT() REPRESENTATION_CONTEXT('2D SPACE',''
  ) );
#16163 = PCURVE('',#16054,#16164);
#16164 = DEFINITIONAL_REPRESENTATION('',(#16165),#16169);
#16165 = LINE('',#16166,#16167);
#16166 = CARTESIAN_POINT('',(10.768923832006,0.));
#16167 = VECTOR('',#16168,1.);
#16168 = DIRECTION('',(-1.,-0.));
#16169 = ( GEOMETRIC_REPRESENTATION_CONTEXT(2) 
PARAMETRIC_REPRESENTATION_CONTEXT() REPRESENTATION_CONTEXT('2D SPACE',''
  ) );
#16170 = ORIENTED_EDGE('',*,*,#16171,.T.);
#16171 = EDGE_CURVE('',#16144,#16172,#16174,.T.);
#16172 = VERTEX_POINT('',#16173);
#16173 = CARTESIAN_POINT('',(-7.57627876995,-57.15,2.3735E+03));
#16174 = SURFACE_CURVE('',#16175,(#16179,#16185),.PCURVE_S1.);
#16175 = LINE('',#16176,#16177);
#16176 = CARTESIAN_POINT('',(-27.5,-57.15,2.3735E+03));
#16177 = VECTOR('',#16178,1.);
#16178 = DIRECTION('',(1.,0.,-0.));
#16179 = PCURVE('',#16028,#16180);
#16180 = DEFINITIONAL_REPRESENTATION('',(#16181),#16184);
#16181 = B_SPLINE_CURVE_WITH_KNOTS('',1,(#16182,#16183),.UNSPECIFIED.,
  .F.,.F.,(2,2),(-27.5,19.92372123005),.PIECEWISE_BEZIER_KNOTS.);
#16182 = CARTESIAN_POINT('',(-55.,-57.15));
#16183 = CARTESIAN_POINT('',(-7.57627876995,-57.15));
#16184 = ( GEOMETRIC_REPRESENTATION_CONTEXT(2) 
PARAMETRIC_REPRESENTATION_CONTEXT() REPRESENTATION_CONTEXT('2D SPACE',''
  ) );
#16185 = PCURVE('',#15746,#16186);
#16186 = DEFINITIONAL_REPRESENTATION('',(#16187),#16190);
#16187 = B_SPLINE_CURVE_WITH_KNOTS('',1,(#16188,#16189),.UNSPECIFIED.,
  .F.,.F.,(2,2),(-27.5,19.92372123005),.PIECEWISE_BEZIER_KNOTS.);
#16188 = CARTESIAN_POINT('',(8.5,0.));
#16189 = CARTESIAN_POINT('',(8.5,47.42372123005));
#16190 = ( GEOMETRIC_REPRESENTATION_CONTEXT(2) 
PARAMETRIC_REPRESENTATION_CONTEXT() REPRESENTATION_CONTEXT('2D SPACE',''
  ) );
#16191 = ORIENTED_EDGE('',*,*,#16192,.T.);
#16192 = EDGE_CURVE('',#16172,#15993,#16193,.T.);
#16193 = SURFACE_CURVE('',#16194,(#16199,#16206),.PCURVE_S1.);
#16194 = CIRCLE('',#16195,57.65);
#16195 = AXIS2_PLACEMENT_3D('',#16196,#16197,#16198);
#16196 = CARTESIAN_POINT('',(0.,0.,2.3735E+03));
#16197 = DIRECTION('',(0.,0.,1.));
#16198 = DIRECTION('',(1.,0.,-0.));
#16199 = PCURVE('',#16028,#16200);
#16200 = DEFINITIONAL_REPRESENTATION('',(#16201),#16205);
#16201 = CIRCLE('',#16202,57.65);
#16202 = AXIS2_PLACEMENT_2D('',#16203,#16204);
#16203 = CARTESIAN_POINT('',(0.,0.));
#16204 = DIRECTION('',(1.,0.));
#16205 = ( GEOMETRIC_REPRESENTATION_CONTEXT(2) 
PARAMETRIC_REPRESENTATION_CONTEXT() REPRESENTATION_CONTEXT('2D SPACE',''
  ) );
#16206 = PCURVE('',#15905,#16207);
#16207 = DEFINITIONAL_REPRESENTATION('',(#16208),#16212);
#16208 = LINE('',#16209,#16210);
#16209 = CARTESIAN_POINT('',(0.,9.5));
#16210 = VECTOR('',#16211,1.);
#16211 = DIRECTION('',(1.,0.));
#16212 = ( GEOMETRIC_REPRESENTATION_CONTEXT(2) 
PARAMETRIC_REPRESENTATION_CONTEXT() REPRESENTATION_CONTEXT('2D SPACE',''
  ) );
#16213 = FACE_BOUND('',#16214,.F.);
#16214 = EDGE_LOOP('',(#16215));
#16215 = ORIENTED_EDGE('',*,*,#16216,.F.);
#16216 = EDGE_CURVE('',#16217,#16217,#16219,.T.);
#16217 = VERTEX_POINT('',#16218);
#16218 = CARTESIAN_POINT('',(57.15,-1.399771291425E-14,2.3735E+03));
#16219 = SURFACE_CURVE('',#16220,(#16225,#16232),.PCURVE_S1.);
#16220 = CIRCLE('',#16221,57.15);
#16221 = AXIS2_PLACEMENT_3D('',#16222,#16223,#16224);
#16222 = CARTESIAN_POINT('',(0.,0.,2.3735E+03));
#16223 = DIRECTION('',(0.,0.,1.));
#16224 = DIRECTION('',(1.,0.,-0.));
#16225 = PCURVE('',#16028,#16226);
#16226 = DEFINITIONAL_REPRESENTATION('',(#16227),#16231);
#16227 = CIRCLE('',#16228,57.15);
#16228 = AXIS2_PLACEMENT_2D('',#16229,#16230);
#16229 = CARTESIAN_POINT('',(0.,0.));
#16230 = DIRECTION('',(1.,0.));
#16231 = ( GEOMETRIC_REPRESENTATION_CONTEXT(2) 
PARAMETRIC_REPRESENTATION_CONTEXT() REPRESENTATION_CONTEXT('2D SPACE',''
  ) );
#16232 = PCURVE('',#16233,#16238);
#16233 = CYLINDRICAL_SURFACE('',#16234,57.15);
#16234 = AXIS2_PLACEMENT_3D('',#16235,#16236,#16237);
#16235 = CARTESIAN_POINT('',(0.,0.,2.3725E+03));
#16236 = DIRECTION('',(0.,0.,1.));
#16237 = DIRECTION('',(1.,0.,-0.));
#16238 = DEFINITIONAL_REPRESENTATION('',(#16239),#16243);
#16239 = LINE('',#16240,#16241);
#16240 = CARTESIAN_POINT('',(0.,1.));
#16241 = VECTOR('',#16242,1.);
#16242 = DIRECTION('',(1.,0.));
#16243 = ( GEOMETRIC_REPRESENTATION_CONTEXT(2) 
PARAMETRIC_REPRESENTATION_CONTEXT() REPRESENTATION_CONTEXT('2D SPACE',''
  ) );
#16244 = ADVANCED_FACE('',(#16245),#16233,.F.);
#16245 = FACE_BOUND('',#16246,.F.);
#16246 = EDGE_LOOP('',(#16247,#16271,#16292,#16293));
#16247 = ORIENTED_EDGE('',*,*,#16248,.F.);
#16248 = EDGE_CURVE('',#16249,#16249,#16251,.T.);
#16249 = VERTEX_POINT('',#16250);
#16250 = CARTESIAN_POINT('',(57.15,-1.399771291425E-14,2.3865E+03));
#16251 = SURFACE_CURVE('',#16252,(#16257,#16264),.PCURVE_S1.);
#16252 = CIRCLE('',#16253,57.15);
#16253 = AXIS2_PLACEMENT_3D('',#16254,#16255,#16256);
#16254 = CARTESIAN_POINT('',(0.,0.,2.3865E+03));
#16255 = DIRECTION('',(0.,0.,1.));
#16256 = DIRECTION('',(1.,0.,-0.));
#16257 = PCURVE('',#16233,#16258);
#16258 = DEFINITIONAL_REPRESENTATION('',(#16259),#16263);
#16259 = LINE('',#16260,#16261);
#16260 = CARTESIAN_POINT('',(0.,14.));
#16261 = VECTOR('',#16262,1.);
#16262 = DIRECTION('',(1.,0.));
#16263 = ( GEOMETRIC_REPRESENTATION_CONTEXT(2) 
PARAMETRIC_REPRESENTATION_CONTEXT() REPRESENTATION_CONTEXT('2D SPACE',''
  ) );
#16264 = PCURVE('',#16080,#16265);
#16265 = DEFINITIONAL_REPRESENTATION('',(#16266),#16270);
#16266 = CIRCLE('',#16267,57.15);
#16267 = AXIS2_PLACEMENT_2D('',#16268,#16269);
#16268 = CARTESIAN_POINT('',(0.,0.));
#16269 = DIRECTION('',(1.,0.));
#16270 = ( GEOMETRIC_REPRESENTATION_CONTEXT(2) 
PARAMETRIC_REPRESENTATION_CONTEXT() REPRESENTATION_CONTEXT('2D SPACE',''
  ) );
#16271 = ORIENTED_EDGE('',*,*,#16272,.F.);
#16272 = EDGE_CURVE('',#16217,#16249,#16273,.T.);
#16273 = SEAM_CURVE('',#16274,(#16278,#16285),.PCURVE_S1.);
#16274 = LINE('',#16275,#16276);
#16275 = CARTESIAN_POINT('',(57.15,-1.399771291425E-14,2.3725E+03));
#16276 = VECTOR('',#16277,1.);
#16277 = DIRECTION('',(0.,0.,1.));
#16278 = PCURVE('',#16233,#16279);
#16279 = DEFINITIONAL_REPRESENTATION('',(#16280),#16284);
#16280 = LINE('',#16281,#16282);
#16281 = CARTESIAN_POINT('',(6.28318530718,-0.));
#16282 = VECTOR('',#16283,1.);
#16283 = DIRECTION('',(0.,1.));
#16284 = ( GEOMETRIC_REPRESENTATION_CONTEXT(2) 
PARAMETRIC_REPRESENTATION_CONTEXT() REPRESENTATION_CONTEXT('2D SPACE',''
  ) );
#16285 = PCURVE('',#16233,#16286);
#16286 = DEFINITIONAL_REPRESENTATION('',(#16287),#16291);
#16287 = LINE('',#16288,#16289);
#16288 = CARTESIAN_POINT('',(0.,-0.));
#16289 = VECTOR('',#16290,1.);
#16290 = DIRECTION('',(0.,1.));
#16291 = ( GEOMETRIC_REPRESENTATION_CONTEXT(2) 
PARAMETRIC_REPRESENTATION_CONTEXT() REPRESENTATION_CONTEXT('2D SPACE',''
  ) );
#16292 = ORIENTED_EDGE('',*,*,#16216,.T.);
#16293 = ORIENTED_EDGE('',*,*,#16272,.T.);
#16294 = ADVANCED_FACE('',(#16295),#16054,.T.);
#16295 = FACE_BOUND('',#16296,.T.);
#16296 = EDGE_LOOP('',(#16297,#16325,#16326,#16327));
#16297 = ORIENTED_EDGE('',*,*,#16298,.T.);
#16298 = EDGE_CURVE('',#16299,#16040,#16301,.T.);
#16299 = VERTEX_POINT('',#16300);
#16300 = CARTESIAN_POINT('',(-13.17952958189,-57.15,2.3865E+03));
#16301 = SURFACE_CURVE('',#16302,(#16307,#16314),.PCURVE_S1.);
#16302 = CIRCLE('',#16303,58.65);
#16303 = AXIS2_PLACEMENT_3D('',#16304,#16305,#16306);
#16304 = CARTESIAN_POINT('',(0.,0.,2.3865E+03));
#16305 = DIRECTION('',(-0.,0.,-1.));
#16306 = DIRECTION('',(-0.224714911882,-0.97442455243,0.));
#16307 = PCURVE('',#16054,#16308);
#16308 = DEFINITIONAL_REPRESENTATION('',(#16309),#16313);
#16309 = LINE('',#16310,#16311);
#16310 = CARTESIAN_POINT('',(10.768923832006,13.));
#16311 = VECTOR('',#16312,1.);
#16312 = DIRECTION('',(-1.,-0.));
#16313 = ( GEOMETRIC_REPRESENTATION_CONTEXT(2) 
PARAMETRIC_REPRESENTATION_CONTEXT() REPRESENTATION_CONTEXT('2D SPACE',''
  ) );
#16314 = PCURVE('',#16080,#16315);
#16315 = DEFINITIONAL_REPRESENTATION('',(#16316),#16324);
#16316 = ( BOUNDED_CURVE() B_SPLINE_CURVE(2,(#16317,#16318,#16319,#16320
    ,#16321,#16322,#16323),.UNSPECIFIED.,.T.,.F.) 
B_SPLINE_CURVE_WITH_KNOTS((1,2,2,2,2,1),(-2.094395102393,0.,
    2.094395102393,4.188790204786,6.28318530718,8.377580409573),
.UNSPECIFIED.) CURVE() GEOMETRIC_REPRESENTATION_ITEM() 
RATIONAL_B_SPLINE_CURVE((1.,0.5,1.,0.5,1.,0.5,1.)) REPRESENTATION_ITEM(
  '') );
#16317 = CARTESIAN_POINT('',(-13.17952958189,-57.15));
#16318 = CARTESIAN_POINT('',(-112.1662332344,-34.3223851443));
#16319 = CARTESIAN_POINT('',(-42.90358703533,39.988807427848));
#16320 = CARTESIAN_POINT('',(26.359059163786,114.3));
#16321 = CARTESIAN_POINT('',(56.083116617227,17.161192572152));
#16322 = CARTESIAN_POINT('',(85.807174070668,-79.97761485569));
#16323 = CARTESIAN_POINT('',(-13.17952958189,-57.15));
#16324 = ( GEOMETRIC_REPRESENTATION_CONTEXT(2) 
PARAMETRIC_REPRESENTATION_CONTEXT() REPRESENTATION_CONTEXT('2D SPACE',''
  ) );
#16325 = ORIENTED_EDGE('',*,*,#16039,.F.);
#16326 = ORIENTED_EDGE('',*,*,#16143,.F.);
#16327 = ORIENTED_EDGE('',*,*,#16328,.T.);
#16328 = EDGE_CURVE('',#16144,#16299,#16329,.T.);
#16329 = SURFACE_CURVE('',#16330,(#16334,#16340),.PCURVE_S1.);
#16330 = LINE('',#16331,#16332);
#16331 = CARTESIAN_POINT('',(-13.17952958189,-57.15,2.3735E+03));
#16332 = VECTOR('',#16333,1.);
#16333 = DIRECTION('',(0.,0.,1.));
#16334 = PCURVE('',#16054,#16335);
#16335 = DEFINITIONAL_REPRESENTATION('',(#16336),#16339);
#16336 = B_SPLINE_CURVE_WITH_KNOTS('',1,(#16337,#16338),.UNSPECIFIED.,
  .F.,.F.,(2,2),(0.,13.),.PIECEWISE_BEZIER_KNOTS.);
#16337 = CARTESIAN_POINT('',(10.768923832006,0.));
#16338 = CARTESIAN_POINT('',(10.768923832006,13.));
#16339 = ( GEOMETRIC_REPRESENTATION_CONTEXT(2) 
PARAMETRIC_REPRESENTATION_CONTEXT() REPRESENTATION_CONTEXT('2D SPACE',''
  ) );
#16340 = PCURVE('',#15746,#16341);
#16341 = DEFINITIONAL_REPRESENTATION('',(#16342),#16345);
#16342 = B_SPLINE_CURVE_WITH_KNOTS('',1,(#16343,#16344),.UNSPECIFIED.,
  .F.,.F.,(2,2),(-2.40000008489E-06,13.0000024),
  .PIECEWISE_BEZIER_KNOTS.);
#16343 = CARTESIAN_POINT('',(8.4999976,41.820470418107));
#16344 = CARTESIAN_POINT('',(21.5000024,41.820470418107));
#16345 = ( GEOMETRIC_REPRESENTATION_CONTEXT(2) 
PARAMETRIC_REPRESENTATION_CONTEXT() REPRESENTATION_CONTEXT('2D SPACE',''
  ) );
#16346 = ADVANCED_FACE('',(#16347,#16394),#16080,.T.);
#16347 = FACE_BOUND('',#16348,.T.);
#16348 = EDGE_LOOP('',(#16349,#16350,#16351,#16372));
#16349 = ORIENTED_EDGE('',*,*,#16065,.T.);
#16350 = ORIENTED_EDGE('',*,*,#16298,.F.);
#16351 = ORIENTED_EDGE('',*,*,#16352,.T.);
#16352 = EDGE_CURVE('',#16299,#16353,#16355,.T.);
#16353 = VERTEX_POINT('',#16354);
#16354 = CARTESIAN_POINT('',(-7.57627876995,-57.15,2.3865E+03));
#16355 = SURFACE_CURVE('',#16356,(#16360,#16366),.PCURVE_S1.);
#16356 = LINE('',#16357,#16358);
#16357 = CARTESIAN_POINT('',(-27.5,-57.15,2.3865E+03));
#16358 = VECTOR('',#16359,1.);
#16359 = DIRECTION('',(1.,0.,-0.));
#16360 = PCURVE('',#16080,#16361);
#16361 = DEFINITIONAL_REPRESENTATION('',(#16362),#16365);
#16362 = B_SPLINE_CURVE_WITH_KNOTS('',1,(#16363,#16364),.UNSPECIFIED.,
  .F.,.F.,(2,2),(-27.5,19.92372123005),.PIECEWISE_BEZIER_KNOTS.);
#16363 = CARTESIAN_POINT('',(-55.,-57.15));
#16364 = CARTESIAN_POINT('',(-7.57627876995,-57.15));
#16365 = ( GEOMETRIC_REPRESENTATION_CONTEXT(2) 
PARAMETRIC_REPRESENTATION_CONTEXT() REPRESENTATION_CONTEXT('2D SPACE',''
  ) );
#16366 = PCURVE('',#15746,#16367);
#16367 = DEFINITIONAL_REPRESENTATION('',(#16368),#16371);
#16368 = B_SPLINE_CURVE_WITH_KNOTS('',1,(#16369,#16370),.UNSPECIFIED.,
  .F.,.F.,(2,2),(-27.5,19.92372123005),.PIECEWISE_BEZIER_KNOTS.);
#16369 = CARTESIAN_POINT('',(21.5,0.));
#16370 = CARTESIAN_POINT('',(21.5,47.42372123005));
#16371 = ( GEOMETRIC_REPRESENTATION_CONTEXT(2) 
PARAMETRIC_REPRESENTATION_CONTEXT() REPRESENTATION_CONTEXT('2D SPACE',''
  ) );
#16372 = ORIENTED_EDGE('',*,*,#16373,.T.);
#16373 = EDGE_CURVE('',#16353,#16066,#16374,.T.);
#16374 = SURFACE_CURVE('',#16375,(#16380,#16387),.PCURVE_S1.);
#16375 = CIRCLE('',#16376,57.65);
#16376 = AXIS2_PLACEMENT_3D('',#16377,#16378,#16379);
#16377 = CARTESIAN_POINT('',(0.,0.,2.3865E+03));
#16378 = DIRECTION('',(0.,0.,1.));
#16379 = DIRECTION('',(1.,0.,-0.));
#16380 = PCURVE('',#16080,#16381);
#16381 = DEFINITIONAL_REPRESENTATION('',(#16382),#16386);
#16382 = CIRCLE('',#16383,57.65);
#16383 = AXIS2_PLACEMENT_2D('',#16384,#16385);
#16384 = CARTESIAN_POINT('',(0.,0.));
#16385 = DIRECTION('',(1.,0.));
#16386 = ( GEOMETRIC_REPRESENTATION_CONTEXT(2) 
PARAMETRIC_REPRESENTATION_CONTEXT() REPRESENTATION_CONTEXT('2D SPACE',''
  ) );
#16387 = PCURVE('',#16106,#16388);
#16388 = DEFINITIONAL_REPRESENTATION('',(#16389),#16393);
#16389 = LINE('',#16390,#16391);
#16390 = CARTESIAN_POINT('',(0.,22.5));
#16391 = VECTOR('',#16392,1.);
#16392 = DIRECTION('',(1.,0.));
#16393 = ( GEOMETRIC_REPRESENTATION_CONTEXT(2) 
PARAMETRIC_REPRESENTATION_CONTEXT() REPRESENTATION_CONTEXT('2D SPACE',''
  ) );
#16394 = FACE_BOUND('',#16395,.T.);
#16395 = EDGE_LOOP('',(#16396));
#16396 = ORIENTED_EDGE('',*,*,#16248,.F.);
#16397 = ADVANCED_FACE('',(#16398),#16106,.F.);
#16398 = FACE_BOUND('',#16399,.F.);
#16399 = EDGE_LOOP('',(#16400,#16421,#16422,#16423));
#16400 = ORIENTED_EDGE('',*,*,#16401,.F.);
#16401 = EDGE_CURVE('',#16353,#16402,#16404,.T.);
#16402 = VERTEX_POINT('',#16403);
#16403 = CARTESIAN_POINT('',(-7.57627876995,-57.15,2.395E+03));
#16404 = SURFACE_CURVE('',#16405,(#16409,#16415),.PCURVE_S1.);
#16405 = LINE('',#16406,#16407);
#16406 = CARTESIAN_POINT('',(-7.57627876995,-57.15,2.364E+03));
#16407 = VECTOR('',#16408,1.);
#16408 = DIRECTION('',(0.,0.,1.));
#16409 = PCURVE('',#16106,#16410);
#16410 = DEFINITIONAL_REPRESENTATION('',(#16411),#16414);
#16411 = B_SPLINE_CURVE_WITH_KNOTS('',1,(#16412,#16413),.UNSPECIFIED.,
  .F.,.F.,(2,2),(-6.000000212225E-07,32.0000006),
  .PIECEWISE_BEZIER_KNOTS.);
#16412 = CARTESIAN_POINT('',(4.580589186287,-6.000000212225E-07));
#16413 = CARTESIAN_POINT('',(4.580589186287,32.0000006));
#16414 = ( GEOMETRIC_REPRESENTATION_CONTEXT(2) 
PARAMETRIC_REPRESENTATION_CONTEXT() REPRESENTATION_CONTEXT('2D SPACE',''
  ) );
#16415 = PCURVE('',#15746,#16416);
#16416 = DEFINITIONAL_REPRESENTATION('',(#16417),#16420);
#16417 = B_SPLINE_CURVE_WITH_KNOTS('',1,(#16418,#16419),.UNSPECIFIED.,
  .F.,.F.,(2,2),(-6.000000212225E-07,32.0000006),
  .PIECEWISE_BEZIER_KNOTS.);
#16418 = CARTESIAN_POINT('',(-1.0000006,47.42372123005));
#16419 = CARTESIAN_POINT('',(31.0000006,47.42372123005));
#16420 = ( GEOMETRIC_REPRESENTATION_CONTEXT(2) 
PARAMETRIC_REPRESENTATION_CONTEXT() REPRESENTATION_CONTEXT('2D SPACE',''
  ) );
#16421 = ORIENTED_EDGE('',*,*,#16373,.T.);
#16422 = ORIENTED_EDGE('',*,*,#16091,.T.);
#16423 = ORIENTED_EDGE('',*,*,#16424,.F.);
#16424 = EDGE_CURVE('',#16402,#16092,#16425,.T.);
#16425 = SURFACE_CURVE('',#16426,(#16431,#16438),.PCURVE_S1.);
#16426 = CIRCLE('',#16427,57.65);
#16427 = AXIS2_PLACEMENT_3D('',#16428,#16429,#16430);
#16428 = CARTESIAN_POINT('',(0.,0.,2.395E+03));
#16429 = DIRECTION('',(0.,0.,1.));
#16430 = DIRECTION('',(1.,0.,-0.));
#16431 = PCURVE('',#16106,#16432);
#16432 = DEFINITIONAL_REPRESENTATION('',(#16433),#16437);
#16433 = LINE('',#16434,#16435);
#16434 = CARTESIAN_POINT('',(0.,31.));
#16435 = VECTOR('',#16436,1.);
#16436 = DIRECTION('',(1.,0.));
#16437 = ( GEOMETRIC_REPRESENTATION_CONTEXT(2) 
PARAMETRIC_REPRESENTATION_CONTEXT() REPRESENTATION_CONTEXT('2D SPACE',''
  ) );
#16438 = PCURVE('',#15772,#16439);
#16439 = DEFINITIONAL_REPRESENTATION('',(#16440),#16444);
#16440 = CIRCLE('',#16441,57.65);
#16441 = AXIS2_PLACEMENT_2D('',#16442,#16443);
#16442 = CARTESIAN_POINT('',(55.,75.15));
#16443 = DIRECTION('',(1.,0.));
#16444 = ( GEOMETRIC_REPRESENTATION_CONTEXT(2) 
PARAMETRIC_REPRESENTATION_CONTEXT() REPRESENTATION_CONTEXT('2D SPACE',''
  ) );
#16445 = ADVANCED_FACE('',(#16446),#15905,.F.);
#16446 = FACE_BOUND('',#16447,.F.);
#16447 = EDGE_LOOP('',(#16448,#16467,#16468,#16469));
#16448 = ORIENTED_EDGE('',*,*,#16449,.F.);
#16449 = EDGE_CURVE('',#15788,#16172,#16450,.T.);
#16450 = SURFACE_CURVE('',#16451,(#16455,#16461),.PCURVE_S1.);
#16451 = LINE('',#16452,#16453);
#16452 = CARTESIAN_POINT('',(-7.57627876995,-57.15,2.364E+03));
#16453 = VECTOR('',#16454,1.);
#16454 = DIRECTION('',(0.,0.,1.));
#16455 = PCURVE('',#15905,#16456);
#16456 = DEFINITIONAL_REPRESENTATION('',(#16457),#16460);
#16457 = B_SPLINE_CURVE_WITH_KNOTS('',1,(#16458,#16459),.UNSPECIFIED.,
  .F.,.F.,(2,2),(-6.000000212225E-07,32.0000006),
  .PIECEWISE_BEZIER_KNOTS.);
#16458 = CARTESIAN_POINT('',(4.580589186287,-6.000000212225E-07));
#16459 = CARTESIAN_POINT('',(4.580589186287,32.0000006));
#16460 = ( GEOMETRIC_REPRESENTATION_CONTEXT(2) 
PARAMETRIC_REPRESENTATION_CONTEXT() REPRESENTATION_CONTEXT('2D SPACE',''
  ) );
#16461 = PCURVE('',#15746,#16462);
#16462 = DEFINITIONAL_REPRESENTATION('',(#16463),#16466);
#16463 = B_SPLINE_CURVE_WITH_KNOTS('',1,(#16464,#16465),.UNSPECIFIED.,
  .F.,.F.,(2,2),(-6.000000212225E-07,32.0000006),
  .PIECEWISE_BEZIER_KNOTS.);
#16464 = CARTESIAN_POINT('',(-1.0000006,47.42372123005));
#16465 = CARTESIAN_POINT('',(31.0000006,47.42372123005));
#16466 = ( GEOMETRIC_REPRESENTATION_CONTEXT(2) 
PARAMETRIC_REPRESENTATION_CONTEXT() REPRESENTATION_CONTEXT('2D SPACE',''
  ) );
#16467 = ORIENTED_EDGE('',*,*,#15890,.T.);
#16468 = ORIENTED_EDGE('',*,*,#15992,.T.);
#16469 = ORIENTED_EDGE('',*,*,#16192,.F.);
#16470 = ADVANCED_FACE('',(#16471),#15746,.T.);
#16471 = FACE_BOUND('',#16472,.T.);
#16472 = EDGE_LOOP('',(#16473,#16474,#16475,#16496,#16497,#16498,#16499,
    #16500));
#16473 = ORIENTED_EDGE('',*,*,#15787,.F.);
#16474 = ORIENTED_EDGE('',*,*,#15730,.T.);
#16475 = ORIENTED_EDGE('',*,*,#16476,.T.);
#16476 = EDGE_CURVE('',#15731,#16402,#16477,.T.);
#16477 = SURFACE_CURVE('',#16478,(#16482,#16489),.PCURVE_S1.);
#16478 = LINE('',#16479,#16480);
#16479 = CARTESIAN_POINT('',(-55.,-57.15,2.395E+03));
#16480 = VECTOR('',#16481,1.);
#16481 = DIRECTION('',(1.,0.,-0.));
#16482 = PCURVE('',#15746,#16483);
#16483 = DEFINITIONAL_REPRESENTATION('',(#16484),#16488);
#16484 = LINE('',#16485,#16486);
#16485 = CARTESIAN_POINT('',(30.,0.));
#16486 = VECTOR('',#16487,1.);
#16487 = DIRECTION('',(0.,1.));
#16488 = ( GEOMETRIC_REPRESENTATION_CONTEXT(2) 
PARAMETRIC_REPRESENTATION_CONTEXT() REPRESENTATION_CONTEXT('2D SPACE',''
  ) );
#16489 = PCURVE('',#15772,#16490);
#16490 = DEFINITIONAL_REPRESENTATION('',(#16491),#16495);
#16491 = LINE('',#16492,#16493);
#16492 = CARTESIAN_POINT('',(0.,18.));
#16493 = VECTOR('',#16494,1.);
#16494 = DIRECTION('',(1.,0.));
#16495 = ( GEOMETRIC_REPRESENTATION_CONTEXT(2) 
PARAMETRIC_REPRESENTATION_CONTEXT() REPRESENTATION_CONTEXT('2D SPACE',''
  ) );
#16496 = ORIENTED_EDGE('',*,*,#16401,.F.);
#16497 = ORIENTED_EDGE('',*,*,#16352,.F.);
#16498 = ORIENTED_EDGE('',*,*,#16328,.F.);
#16499 = ORIENTED_EDGE('',*,*,#16171,.T.);
#16500 = ORIENTED_EDGE('',*,*,#16449,.F.);
#16501 = ADVANCED_FACE('',(#16502),#15772,.T.);
#16502 = FACE_BOUND('',#16503,.T.);
#16503 = EDGE_LOOP('',(#16504,#16505,#16506,#16527,#16528,#16529));
#16504 = ORIENTED_EDGE('',*,*,#16476,.F.);
#16505 = ORIENTED_EDGE('',*,*,#15758,.F.);
#16506 = ORIENTED_EDGE('',*,*,#16507,.T.);
#16507 = EDGE_CURVE('',#15670,#15921,#16508,.T.);
#16508 = SURFACE_CURVE('',#16509,(#16513,#16520),.PCURVE_S1.);
#16509 = LINE('',#16510,#16511);
#16510 = CARTESIAN_POINT('',(-55.,-75.15,2.395E+03));
#16511 = VECTOR('',#16512,1.);
#16512 = DIRECTION('',(1.,0.,-0.));
#16513 = PCURVE('',#15772,#16514);
#16514 = DEFINITIONAL_REPRESENTATION('',(#16515),#16519);
#16515 = LINE('',#16516,#16517);
#16516 = CARTESIAN_POINT('',(0.,0.));
#16517 = VECTOR('',#16518,1.);
#16518 = DIRECTION('',(1.,0.));
#16519 = ( GEOMETRIC_REPRESENTATION_CONTEXT(2) 
PARAMETRIC_REPRESENTATION_CONTEXT() REPRESENTATION_CONTEXT('2D SPACE',''
  ) );
#16520 = PCURVE('',#15690,#16521);
#16521 = DEFINITIONAL_REPRESENTATION('',(#16522),#16526);
#16522 = LINE('',#16523,#16524);
#16523 = CARTESIAN_POINT('',(30.,0.));
#16524 = VECTOR('',#16525,1.);
#16525 = DIRECTION('',(0.,1.));
#16526 = ( GEOMETRIC_REPRESENTATION_CONTEXT(2) 
PARAMETRIC_REPRESENTATION_CONTEXT() REPRESENTATION_CONTEXT('2D SPACE',''
  ) );
#16527 = ORIENTED_EDGE('',*,*,#15967,.T.);
#16528 = ORIENTED_EDGE('',*,*,#16117,.F.);
#16529 = ORIENTED_EDGE('',*,*,#16424,.F.);
#16530 = ADVANCED_FACE('',(#16531),#15690,.F.);
#16531 = FACE_BOUND('',#16532,.F.);
#16532 = EDGE_LOOP('',(#16533,#16534,#16535,#16536));
#16533 = ORIENTED_EDGE('',*,*,#15811,.F.);
#16534 = ORIENTED_EDGE('',*,*,#15667,.T.);
#16535 = ORIENTED_EDGE('',*,*,#16507,.T.);
#16536 = ORIENTED_EDGE('',*,*,#15920,.F.);
#16537 = ( GEOMETRIC_REPRESENTATION_CONTEXT(3) 
GLOBAL_UNCERTAINTY_ASSIGNED_CONTEXT((#16541)) 
GLOBAL_UNIT_ASSIGNED_CONTEXT((#16538,#16539,#16540)) 
REPRESENTATION_CONTEXT('Context #1',
  '3D Context with UNIT and UNCERTAINTY') );
#16538 = ( LENGTH_UNIT() NAMED_UNIT(*) SI_UNIT(.MILLI.,.METRE.) );
#16539 = ( NAMED_UNIT(*) PLANE_ANGLE_UNIT() SI_UNIT($,.RADIAN.) );
#16540 = ( NAMED_UNIT(*) SI_UNIT($,.STERADIAN.) SOLID_ANGLE_UNIT() );
#16541 = UNCERTAINTY_MEASURE_WITH_UNIT(LENGTH_MEASURE(2.E-07),#16538,
  'distance_accuracy_value','confusion accuracy');
#16542 = CONTEXT_DEPENDENT_SHAPE_REPRESENTATION(#16543,#16545);
#16543 = ( REPRESENTATION_RELATIONSHIP('','',#14784,#10) 
REPRESENTATION_RELATIONSHIP_WITH_TRANSFORMATION(#16544) 
SHAPE_REPRESENTATION_RELATIONSHIP() );
#16544 = ITEM_DEFINED_TRANSFORMATION('','',#11,#55);
#16545 = PRODUCT_DEFINITION_SHAPE('Placement','Placement of an item',
  #16546);
#16546 = NEXT_ASSEMBLY_USAGE_OCCURRENCE('11','=>[0:1:1:12]','',#5,#14779
  ,$);
#16547 = PRODUCT_RELATED_PRODUCT_CATEGORY('part',$,(#14781));
ENDSEC;
END-ISO-10303-21;
