ISO-10303-21;
HEADER;
FILE_DESCRIPTION(('Open CASCADE Model'),'2;1');
FILE_NAME('Open CASCADE Shape Model','2026-09-25T22:16:12',('Author'),(
    'Open CASCADE'),'Open CASCADE STEP processor 8.0','build123d',
  'Unknown');
FILE_SCHEMA(('AUTOMOTIVE_DESIGN { 1 0 10303 214 1 1 1 1 }'));
ENDSEC;
DATA;
#1 = APPLICATION_PROTOCOL_DEFINITION('international standard',
  'automotive_design',2000,#2);
#2 = APPLICATION_CONTEXT(
  'core data for automotive mechanical design processes');
#3 = SHAPE_DEFINITION_REPRESENTATION(#4,#10);
#4 = PRODUCT_DEFINITION_SHAPE('','',#5);
#5 = PRODUCT_DEFINITION('design','',#6,#9);
#6 = PRODUCT_DEFINITION_FORMATION('','',#7);
#7 = PRODUCT('COMPOUND','COMPOUND','',(#8));
#8 = PRODUCT_CONTEXT('',#2,'mechanical');
#9 = PRODUCT_DEFINITION_CONTEXT('part definition',#2,'design');
#10 = SHAPE_REPRESENTATION('',(#11,#15,#19,#23,#27,#31,#35,#39,#43,#47),
  #51);
#11 = AXIS2_PLACEMENT_3D('',#12,#13,#14);
#12 = CARTESIAN_POINT('',(0.,0.,0.));
#13 = DIRECTION('',(0.,0.,1.));
#14 = DIRECTION('',(1.,0.,-0.));
#15 = AXIS2_PLACEMENT_3D('',#16,#17,#18);
#16 = CARTESIAN_POINT('',(0.,0.,0.));
#17 = DIRECTION('',(0.,0.,1.));
#18 = DIRECTION('',(1.,0.,-0.));
#19 = AXIS2_PLACEMENT_3D('',#20,#21,#22);
#20 = CARTESIAN_POINT('',(300.,0.,2.7135E+03));
#21 = DIRECTION('',(0.,0.,1.));
#22 = DIRECTION('',(1.,0.,-0.));
#23 = AXIS2_PLACEMENT_3D('',#24,#25,#26);
#24 = CARTESIAN_POINT('',(0.,0.,0.));
#25 = DIRECTION('',(0.,0.,1.));
#26 = DIRECTION('',(1.,0.,-0.));
#27 = AXIS2_PLACEMENT_3D('',#28,#29,#30);
#28 = CARTESIAN_POINT('',(0.,0.,0.));
#29 = DIRECTION('',(0.,0.,1.));
#30 = DIRECTION('',(1.,0.,-0.));
#31 = AXIS2_PLACEMENT_3D('',#32,#33,#34);
#32 = CARTESIAN_POINT('',(0.,0.,0.));
#33 = DIRECTION('',(0.,0.,1.));
#34 = DIRECTION('',(1.,0.,-0.));
#35 = AXIS2_PLACEMENT_3D('',#36,#37,#38);
#36 = CARTESIAN_POINT('',(0.,0.,0.));
#37 = DIRECTION('',(0.,0.,1.));
#38 = DIRECTION('',(1.,0.,-0.));
#39 = AXIS2_PLACEMENT_3D('',#40,#41,#42);
#40 = CARTESIAN_POINT('',(0.,0.,0.));
#41 = DIRECTION('',(0.,0.,1.));
#42 = DIRECTION('',(1.,0.,-0.));
#43 = AXIS2_PLACEMENT_3D('',#44,#45,#46);
#44 = CARTESIAN_POINT('',(0.,0.,0.));
#45 = DIRECTION('',(0.,0.,1.));
#46 = DIRECTION('',(1.,0.,-0.));
#47 = AXIS2_PLACEMENT_3D('',#48,#49,#50);
#48 = CARTESIAN_POINT('',(0.,0.,0.));
#49 = DIRECTION('',(0.,0.,1.));
#50 = DIRECTION('',(1.,0.,-0.));
#51 = ( GEOMETRIC_REPRESENTATION_CONTEXT(3) 
GLOBAL_UNCERTAINTY_ASSIGNED_CONTEXT((#55)) GLOBAL_UNIT_ASSIGNED_CONTEXT(
(#52,#53,#54)) REPRESENTATION_CONTEXT('Context #1',
  '3D Context with UNIT and UNCERTAINTY') );
#52 = ( LENGTH_UNIT() NAMED_UNIT(*) SI_UNIT(.MILLI.,.METRE.) );
#53 = ( NAMED_UNIT(*) PLANE_ANGLE_UNIT() SI_UNIT($,.RADIAN.) );
#54 = ( NAMED_UNIT(*) SI_UNIT($,.STERADIAN.) SOLID_ANGLE_UNIT() );
#55 = UNCERTAINTY_MEASURE_WITH_UNIT(LENGTH_MEASURE(2.E-07),#52,
  'distance_accuracy_value','confusion accuracy');
#56 = PRODUCT_RELATED_PRODUCT_CATEGORY('part',$,(#7));
#57 = SHAPE_DEFINITION_REPRESENTATION(#58,#64);
#58 = PRODUCT_DEFINITION_SHAPE('','',#59);
#59 = PRODUCT_DEFINITION('design','',#60,#63);
#60 = PRODUCT_DEFINITION_FORMATION('','',#61);
#61 = PRODUCT('COMPOUND','COMPOUND','',(#62));
#62 = PRODUCT_CONTEXT('',#2,'mechanical');
#63 = PRODUCT_DEFINITION_CONTEXT('part definition',#2,'design');
#64 = ADVANCED_BREP_SHAPE_REPRESENTATION('',(#11,#65),#3355);
#65 = MANIFOLD_SOLID_BREP('',#66);
#66 = CLOSED_SHELL('',(#67,#155,#159,#268,#327,#381,#435,#507,#562,#612,
    #724,#783,#837,#891,#963,#1018,#1068,#1180,#1239,#1293,#1347,#1419,
    #1474,#1524,#1636,#1695,#1749,#1803,#1875,#1930,#1980,#2092,#2151,
    #2205,#2259,#2331,#2386,#2436,#2548,#2607,#2661,#2715,#2787,#2842,
    #2892,#3004,#3063,#3117,#3171,#3243,#3298,#3348));
#67 = ADVANCED_FACE('',(#68),#81,.T.);
#68 = FACE_BOUND('',#69,.T.);
#69 = EDGE_LOOP('',(#70,#104,#127,#154));
#70 = ORIENTED_EDGE('',*,*,#71,.F.);
#71 = EDGE_CURVE('',#72,#72,#74,.T.);
#72 = VERTEX_POINT('',#73);
#73 = CARTESIAN_POINT('',(355.,-1.347111479062E-14,2.7675E+03));
#74 = SURFACE_CURVE('',#75,(#80,#92),.PCURVE_S1.);
#75 = CIRCLE('',#76,55.);
#76 = AXIS2_PLACEMENT_3D('',#77,#78,#79);
#77 = CARTESIAN_POINT('',(300.,0.,2.7675E+03));
#78 = DIRECTION('',(0.,0.,1.));
#79 = DIRECTION('',(1.,0.,-0.));
#80 = PCURVE('',#81,#86);
#81 = CYLINDRICAL_SURFACE('',#82,55.);
#82 = AXIS2_PLACEMENT_3D('',#83,#84,#85);
#83 = CARTESIAN_POINT('',(300.,0.,2.7645E+03));
#84 = DIRECTION('',(0.,0.,1.));
#85 = DIRECTION('',(1.,0.,-0.));
#86 = DEFINITIONAL_REPRESENTATION('',(#87),#91);
#87 = LINE('',#88,#89);
#88 = CARTESIAN_POINT('',(0.,3.));
#89 = VECTOR('',#90,1.);
#90 = DIRECTION('',(1.,0.));
#91 = ( GEOMETRIC_REPRESENTATION_CONTEXT(2) 
PARAMETRIC_REPRESENTATION_CONTEXT() REPRESENTATION_CONTEXT('2D SPACE',''
  ) );
#92 = PCURVE('',#93,#98);
#93 = PLANE('',#94);
#94 = AXIS2_PLACEMENT_3D('',#95,#96,#97);
#95 = CARTESIAN_POINT('',(300.,0.,2.7675E+03));
#96 = DIRECTION('',(0.,0.,1.));
#97 = DIRECTION('',(1.,0.,-0.));
#98 = DEFINITIONAL_REPRESENTATION('',(#99),#103);
#99 = CIRCLE('',#100,55.);
#100 = AXIS2_PLACEMENT_2D('',#101,#102);
#101 = CARTESIAN_POINT('',(0.,0.));
#102 = DIRECTION('',(1.,0.));
#103 = ( GEOMETRIC_REPRESENTATION_CONTEXT(2) 
PARAMETRIC_REPRESENTATION_CONTEXT() REPRESENTATION_CONTEXT('2D SPACE',''
  ) );
#104 = ORIENTED_EDGE('',*,*,#105,.F.);
#105 = EDGE_CURVE('',#106,#72,#108,.T.);
#106 = VERTEX_POINT('',#107);
#107 = CARTESIAN_POINT('',(355.,-1.347111479062E-14,2.7645E+03));
#108 = SEAM_CURVE('',#109,(#113,#120),.PCURVE_S1.);
#109 = LINE('',#110,#111);
#110 = CARTESIAN_POINT('',(355.,-1.347111479062E-14,2.7645E+03));
#111 = VECTOR('',#112,1.);
#112 = DIRECTION('',(0.,0.,1.));
#113 = PCURVE('',#81,#114);
#114 = DEFINITIONAL_REPRESENTATION('',(#115),#119);
#115 = LINE('',#116,#117);
#116 = CARTESIAN_POINT('',(6.28318530718,-0.));
#117 = VECTOR('',#118,1.);
#118 = DIRECTION('',(0.,1.));
#119 = ( GEOMETRIC_REPRESENTATION_CONTEXT(2) 
PARAMETRIC_REPRESENTATION_CONTEXT() REPRESENTATION_CONTEXT('2D SPACE',''
  ) );
#120 = PCURVE('',#81,#121);
#121 = DEFINITIONAL_REPRESENTATION('',(#122),#126);
#122 = LINE('',#123,#124);
#123 = CARTESIAN_POINT('',(0.,-0.));
#124 = VECTOR('',#125,1.);
#125 = DIRECTION('',(0.,1.));
#126 = ( GEOMETRIC_REPRESENTATION_CONTEXT(2) 
PARAMETRIC_REPRESENTATION_CONTEXT() REPRESENTATION_CONTEXT('2D SPACE',''
  ) );
#127 = ORIENTED_EDGE('',*,*,#128,.T.);
#128 = EDGE_CURVE('',#106,#106,#129,.T.);
#129 = SURFACE_CURVE('',#130,(#135,#142),.PCURVE_S1.);
#130 = CIRCLE('',#131,55.);
#131 = AXIS2_PLACEMENT_3D('',#132,#133,#134);
#132 = CARTESIAN_POINT('',(300.,0.,2.7645E+03));
#133 = DIRECTION('',(0.,0.,1.));
#134 = DIRECTION('',(1.,0.,-0.));
#135 = PCURVE('',#81,#136);
#136 = DEFINITIONAL_REPRESENTATION('',(#137),#141);
#137 = LINE('',#138,#139);
#138 = CARTESIAN_POINT('',(0.,0.));
#139 = VECTOR('',#140,1.);
#140 = DIRECTION('',(1.,0.));
#141 = ( GEOMETRIC_REPRESENTATION_CONTEXT(2) 
PARAMETRIC_REPRESENTATION_CONTEXT() REPRESENTATION_CONTEXT('2D SPACE',''
  ) );
#142 = PCURVE('',#143,#148);
#143 = PLANE('',#144);
#144 = AXIS2_PLACEMENT_3D('',#145,#146,#147);
#145 = CARTESIAN_POINT('',(300.,0.,2.7645E+03));
#146 = DIRECTION('',(0.,0.,1.));
#147 = DIRECTION('',(1.,0.,-0.));
#148 = DEFINITIONAL_REPRESENTATION('',(#149),#153);
#149 = CIRCLE('',#150,55.);
#150 = AXIS2_PLACEMENT_2D('',#151,#152);
#151 = CARTESIAN_POINT('',(0.,0.));
#152 = DIRECTION('',(1.,0.));
#153 = ( GEOMETRIC_REPRESENTATION_CONTEXT(2) 
PARAMETRIC_REPRESENTATION_CONTEXT() REPRESENTATION_CONTEXT('2D SPACE',''
  ) );
#154 = ORIENTED_EDGE('',*,*,#105,.T.);
#155 = ADVANCED_FACE('',(#156),#93,.T.);
#156 = FACE_BOUND('',#157,.T.);
#157 = EDGE_LOOP('',(#158));
#158 = ORIENTED_EDGE('',*,*,#71,.T.);
#159 = ADVANCED_FACE('',(#160,#163,#198,#233),#143,.F.);
#160 = FACE_BOUND('',#161,.F.);
#161 = EDGE_LOOP('',(#162));
#162 = ORIENTED_EDGE('',*,*,#128,.T.);
#163 = FACE_BOUND('',#164,.F.);
#164 = EDGE_LOOP('',(#165));
#165 = ORIENTED_EDGE('',*,*,#166,.T.);
#166 = EDGE_CURVE('',#167,#167,#169,.T.);
#167 = VERTEX_POINT('',#168);
#168 = CARTESIAN_POINT('',(261.12693304105,-21.,2.7645E+03));
#169 = SURFACE_CURVE('',#170,(#175,#186),.PCURVE_S1.);
#170 = CIRCLE('',#171,2.5);
#171 = AXIS2_PLACEMENT_3D('',#172,#173,#174);
#172 = CARTESIAN_POINT('',(263.62693304105,-21.,2.7645E+03));
#173 = DIRECTION('',(0.,0.,-1.));
#174 = DIRECTION('',(-1.,0.,-0.));
#175 = PCURVE('',#143,#176);
#176 = DEFINITIONAL_REPRESENTATION('',(#177),#185);
#177 = ( BOUNDED_CURVE() B_SPLINE_CURVE(2,(#178,#179,#180,#181,#182,#183
,#184),.UNSPECIFIED.,.T.,.F.) B_SPLINE_CURVE_WITH_KNOTS((1,2,2,2,2,1),(
    -2.094395102393,0.,2.094395102393,4.188790204786,6.28318530718,
8.377580409573),.UNSPECIFIED.) CURVE() GEOMETRIC_REPRESENTATION_ITEM() 
RATIONAL_B_SPLINE_CURVE((1.,0.5,1.,0.5,1.,0.5,1.)) REPRESENTATION_ITEM(
  '') );
#178 = CARTESIAN_POINT('',(-38.87306695894,-21.));
#179 = CARTESIAN_POINT('',(-38.87306695894,-16.66987298107));
#180 = CARTESIAN_POINT('',(-35.12306695894,-18.83493649053));
#181 = CARTESIAN_POINT('',(-31.37306695894,-21.));
#182 = CARTESIAN_POINT('',(-35.12306695894,-23.16506350946));
#183 = CARTESIAN_POINT('',(-38.87306695894,-25.33012701892));
#184 = CARTESIAN_POINT('',(-38.87306695894,-21.));
#185 = ( GEOMETRIC_REPRESENTATION_CONTEXT(2) 
PARAMETRIC_REPRESENTATION_CONTEXT() REPRESENTATION_CONTEXT('2D SPACE',''
  ) );
#186 = PCURVE('',#187,#192);
#187 = CYLINDRICAL_SURFACE('',#188,2.5);
#188 = AXIS2_PLACEMENT_3D('',#189,#190,#191);
#189 = CARTESIAN_POINT('',(263.62693304105,-21.,2.7675E+03));
#190 = DIRECTION('',(0.,0.,-1.));
#191 = DIRECTION('',(-1.,0.,-0.));
#192 = DEFINITIONAL_REPRESENTATION('',(#193),#197);
#193 = LINE('',#194,#195);
#194 = CARTESIAN_POINT('',(0.,3.));
#195 = VECTOR('',#196,1.);
#196 = DIRECTION('',(1.,0.));
#197 = ( GEOMETRIC_REPRESENTATION_CONTEXT(2) 
PARAMETRIC_REPRESENTATION_CONTEXT() REPRESENTATION_CONTEXT('2D SPACE',''
  ) );
#198 = FACE_BOUND('',#199,.F.);
#199 = EDGE_LOOP('',(#200));
#200 = ORIENTED_EDGE('',*,*,#201,.T.);
#201 = EDGE_CURVE('',#202,#202,#204,.T.);
#202 = VERTEX_POINT('',#203);
#203 = CARTESIAN_POINT('',(333.87306695894,-21.,2.7645E+03));
#204 = SURFACE_CURVE('',#205,(#210,#221),.PCURVE_S1.);
#205 = CIRCLE('',#206,2.5);
#206 = AXIS2_PLACEMENT_3D('',#207,#208,#209);
#207 = CARTESIAN_POINT('',(336.37306695894,-21.,2.7645E+03));
#208 = DIRECTION('',(0.,0.,-1.));
#209 = DIRECTION('',(-1.,0.,-0.));
#210 = PCURVE('',#143,#211);
#211 = DEFINITIONAL_REPRESENTATION('',(#212),#220);
#212 = ( BOUNDED_CURVE() B_SPLINE_CURVE(2,(#213,#214,#215,#216,#217,#218
,#219),.UNSPECIFIED.,.T.,.F.) B_SPLINE_CURVE_WITH_KNOTS((1,2,2,2,2,1),(
    -2.094395102393,0.,2.094395102393,4.188790204786,6.28318530718,
8.377580409573),.UNSPECIFIED.) CURVE() GEOMETRIC_REPRESENTATION_ITEM() 
RATIONAL_B_SPLINE_CURVE((1.,0.5,1.,0.5,1.,0.5,1.)) REPRESENTATION_ITEM(
  '') );
#213 = CARTESIAN_POINT('',(33.873066958946,-21.));
#214 = CARTESIAN_POINT('',(33.873066958946,-16.66987298107));
#215 = CARTESIAN_POINT('',(37.623066958946,-18.83493649053));
#216 = CARTESIAN_POINT('',(41.373066958946,-21.));
#217 = CARTESIAN_POINT('',(37.623066958946,-23.16506350946));
#218 = CARTESIAN_POINT('',(33.873066958946,-25.33012701892));
#219 = CARTESIAN_POINT('',(33.873066958946,-21.));
#220 = ( GEOMETRIC_REPRESENTATION_CONTEXT(2) 
PARAMETRIC_REPRESENTATION_CONTEXT() REPRESENTATION_CONTEXT('2D SPACE',''
  ) );
#221 = PCURVE('',#222,#227);
#222 = CYLINDRICAL_SURFACE('',#223,2.5);
#223 = AXIS2_PLACEMENT_3D('',#224,#225,#226);
#224 = CARTESIAN_POINT('',(336.37306695894,-21.,2.7675E+03));
#225 = DIRECTION('',(0.,0.,-1.));
#226 = DIRECTION('',(-1.,0.,-0.));
#227 = DEFINITIONAL_REPRESENTATION('',(#228),#232);
#228 = LINE('',#229,#230);
#229 = CARTESIAN_POINT('',(0.,3.));
#230 = VECTOR('',#231,1.);
#231 = DIRECTION('',(1.,0.));
#232 = ( GEOMETRIC_REPRESENTATION_CONTEXT(2) 
PARAMETRIC_REPRESENTATION_CONTEXT() REPRESENTATION_CONTEXT('2D SPACE',''
  ) );
#233 = FACE_BOUND('',#234,.F.);
#234 = EDGE_LOOP('',(#235));
#235 = ORIENTED_EDGE('',*,*,#236,.T.);
#236 = EDGE_CURVE('',#237,#237,#239,.T.);
#237 = VERTEX_POINT('',#238);
#238 = CARTESIAN_POINT('',(297.5,42.,2.7645E+03));
#239 = SURFACE_CURVE('',#240,(#245,#256),.PCURVE_S1.);
#240 = CIRCLE('',#241,2.5);
#241 = AXIS2_PLACEMENT_3D('',#242,#243,#244);
#242 = CARTESIAN_POINT('',(300.,42.,2.7645E+03));
#243 = DIRECTION('',(0.,0.,-1.));
#244 = DIRECTION('',(-1.,0.,-0.));
#245 = PCURVE('',#143,#246);
#246 = DEFINITIONAL_REPRESENTATION('',(#247),#255);
#247 = ( BOUNDED_CURVE() B_SPLINE_CURVE(2,(#248,#249,#250,#251,#252,#253
,#254),.UNSPECIFIED.,.T.,.F.) B_SPLINE_CURVE_WITH_KNOTS((1,2,2,2,2,1),(
    -2.094395102393,0.,2.094395102393,4.188790204786,6.28318530718,
8.377580409573),.UNSPECIFIED.) CURVE() GEOMETRIC_REPRESENTATION_ITEM() 
RATIONAL_B_SPLINE_CURVE((1.,0.5,1.,0.5,1.,0.5,1.)) REPRESENTATION_ITEM(
  '') );
#248 = CARTESIAN_POINT('',(-2.5,42.));
#249 = CARTESIAN_POINT('',(-2.5,46.330127018922));
#250 = CARTESIAN_POINT('',(1.25,44.165063509461));
#251 = CARTESIAN_POINT('',(5.,42.));
#252 = CARTESIAN_POINT('',(1.25,39.834936490539));
#253 = CARTESIAN_POINT('',(-2.5,37.669872981078));
#254 = CARTESIAN_POINT('',(-2.5,42.));
#255 = ( GEOMETRIC_REPRESENTATION_CONTEXT(2) 
PARAMETRIC_REPRESENTATION_CONTEXT() REPRESENTATION_CONTEXT('2D SPACE',''
  ) );
#256 = PCURVE('',#257,#262);
#257 = CYLINDRICAL_SURFACE('',#258,2.5);
#258 = AXIS2_PLACEMENT_3D('',#259,#260,#261);
#259 = CARTESIAN_POINT('',(300.,42.,2.7675E+03));
#260 = DIRECTION('',(0.,0.,-1.));
#261 = DIRECTION('',(-1.,0.,-0.));
#262 = DEFINITIONAL_REPRESENTATION('',(#263),#267);
#263 = LINE('',#264,#265);
#264 = CARTESIAN_POINT('',(0.,3.));
#265 = VECTOR('',#266,1.);
#266 = DIRECTION('',(1.,0.));
#267 = ( GEOMETRIC_REPRESENTATION_CONTEXT(2) 
PARAMETRIC_REPRESENTATION_CONTEXT() REPRESENTATION_CONTEXT('2D SPACE',''
  ) );
#268 = ADVANCED_FACE('',(#269),#187,.T.);
#269 = FACE_BOUND('',#270,.T.);
#270 = EDGE_LOOP('',(#271,#304,#325,#326));
#271 = ORIENTED_EDGE('',*,*,#272,.F.);
#272 = EDGE_CURVE('',#273,#273,#275,.T.);
#273 = VERTEX_POINT('',#274);
#274 = CARTESIAN_POINT('',(261.12693304105,-21.,2.7525E+03));
#275 = SURFACE_CURVE('',#276,(#281,#288),.PCURVE_S1.);
#276 = CIRCLE('',#277,2.5);
#277 = AXIS2_PLACEMENT_3D('',#278,#279,#280);
#278 = CARTESIAN_POINT('',(263.62693304105,-21.,2.7525E+03));
#279 = DIRECTION('',(0.,0.,-1.));
#280 = DIRECTION('',(-1.,0.,-0.));
#281 = PCURVE('',#187,#282);
#282 = DEFINITIONAL_REPRESENTATION('',(#283),#287);
#283 = LINE('',#284,#285);
#284 = CARTESIAN_POINT('',(0.,15.));
#285 = VECTOR('',#286,1.);
#286 = DIRECTION('',(1.,0.));
#287 = ( GEOMETRIC_REPRESENTATION_CONTEXT(2) 
PARAMETRIC_REPRESENTATION_CONTEXT() REPRESENTATION_CONTEXT('2D SPACE',''
  ) );
#288 = PCURVE('',#289,#294);
#289 = PLANE('',#290);
#290 = AXIS2_PLACEMENT_3D('',#291,#292,#293);
#291 = CARTESIAN_POINT('',(300.,0.,2.7525E+03));
#292 = DIRECTION('',(0.,0.,1.));
#293 = DIRECTION('',(1.,0.,-0.));
#294 = DEFINITIONAL_REPRESENTATION('',(#295),#303);
#295 = ( BOUNDED_CURVE() B_SPLINE_CURVE(2,(#296,#297,#298,#299,#300,#301
,#302),.UNSPECIFIED.,.T.,.F.) B_SPLINE_CURVE_WITH_KNOTS((1,2,2,2,2,1),(
    -2.094395102393,0.,2.094395102393,4.188790204786,6.28318530718,
8.377580409573),.UNSPECIFIED.) CURVE() GEOMETRIC_REPRESENTATION_ITEM() 
RATIONAL_B_SPLINE_CURVE((1.,0.5,1.,0.5,1.,0.5,1.)) REPRESENTATION_ITEM(
  '') );
#296 = CARTESIAN_POINT('',(-38.87306695894,-21.));
#297 = CARTESIAN_POINT('',(-38.87306695894,-16.66987298107));
#298 = CARTESIAN_POINT('',(-35.12306695894,-18.83493649053));
#299 = CARTESIAN_POINT('',(-31.37306695894,-21.));
#300 = CARTESIAN_POINT('',(-35.12306695894,-23.16506350946));
#301 = CARTESIAN_POINT('',(-38.87306695894,-25.33012701892));
#302 = CARTESIAN_POINT('',(-38.87306695894,-21.));
#303 = ( GEOMETRIC_REPRESENTATION_CONTEXT(2) 
PARAMETRIC_REPRESENTATION_CONTEXT() REPRESENTATION_CONTEXT('2D SPACE',''
  ) );
#304 = ORIENTED_EDGE('',*,*,#305,.F.);
#305 = EDGE_CURVE('',#167,#273,#306,.T.);
#306 = SEAM_CURVE('',#307,(#311,#318),.PCURVE_S1.);
#307 = LINE('',#308,#309);
#308 = CARTESIAN_POINT('',(261.12693304105,-21.,2.7675E+03));
#309 = VECTOR('',#310,1.);
#310 = DIRECTION('',(0.,0.,-1.));
#311 = PCURVE('',#187,#312);
#312 = DEFINITIONAL_REPRESENTATION('',(#313),#317);
#313 = LINE('',#314,#315);
#314 = CARTESIAN_POINT('',(6.28318530718,-0.));
#315 = VECTOR('',#316,1.);
#316 = DIRECTION('',(0.,1.));
#317 = ( GEOMETRIC_REPRESENTATION_CONTEXT(2) 
PARAMETRIC_REPRESENTATION_CONTEXT() REPRESENTATION_CONTEXT('2D SPACE',''
  ) );
#318 = PCURVE('',#187,#319);
#319 = DEFINITIONAL_REPRESENTATION('',(#320),#324);
#320 = LINE('',#321,#322);
#321 = CARTESIAN_POINT('',(0.,-0.));
#322 = VECTOR('',#323,1.);
#323 = DIRECTION('',(0.,1.));
#324 = ( GEOMETRIC_REPRESENTATION_CONTEXT(2) 
PARAMETRIC_REPRESENTATION_CONTEXT() REPRESENTATION_CONTEXT('2D SPACE',''
  ) );
#325 = ORIENTED_EDGE('',*,*,#166,.T.);
#326 = ORIENTED_EDGE('',*,*,#305,.T.);
#327 = ADVANCED_FACE('',(#328),#222,.T.);
#328 = FACE_BOUND('',#329,.T.);
#329 = EDGE_LOOP('',(#330,#358,#379,#380));
#330 = ORIENTED_EDGE('',*,*,#331,.F.);
#331 = EDGE_CURVE('',#332,#332,#334,.T.);
#332 = VERTEX_POINT('',#333);
#333 = CARTESIAN_POINT('',(333.87306695894,-21.,2.7525E+03));
#334 = SURFACE_CURVE('',#335,(#340,#347),.PCURVE_S1.);
#335 = CIRCLE('',#336,2.5);
#336 = AXIS2_PLACEMENT_3D('',#337,#338,#339);
#337 = CARTESIAN_POINT('',(336.37306695894,-21.,2.7525E+03));
#338 = DIRECTION('',(0.,0.,-1.));
#339 = DIRECTION('',(-1.,0.,-0.));
#340 = PCURVE('',#222,#341);
#341 = DEFINITIONAL_REPRESENTATION('',(#342),#346);
#342 = LINE('',#343,#344);
#343 = CARTESIAN_POINT('',(0.,15.));
#344 = VECTOR('',#345,1.);
#345 = DIRECTION('',(1.,0.));
#346 = ( GEOMETRIC_REPRESENTATION_CONTEXT(2) 
PARAMETRIC_REPRESENTATION_CONTEXT() REPRESENTATION_CONTEXT('2D SPACE',''
  ) );
#347 = PCURVE('',#289,#348);
#348 = DEFINITIONAL_REPRESENTATION('',(#349),#357);
#349 = ( BOUNDED_CURVE() B_SPLINE_CURVE(2,(#350,#351,#352,#353,#354,#355
,#356),.UNSPECIFIED.,.T.,.F.) B_SPLINE_CURVE_WITH_KNOTS((1,2,2,2,2,1),(
    -2.094395102393,0.,2.094395102393,4.188790204786,6.28318530718,
8.377580409573),.UNSPECIFIED.) CURVE() GEOMETRIC_REPRESENTATION_ITEM() 
RATIONAL_B_SPLINE_CURVE((1.,0.5,1.,0.5,1.,0.5,1.)) REPRESENTATION_ITEM(
  '') );
#350 = CARTESIAN_POINT('',(33.873066958946,-21.));
#351 = CARTESIAN_POINT('',(33.873066958946,-16.66987298107));
#352 = CARTESIAN_POINT('',(37.623066958946,-18.83493649053));
#353 = CARTESIAN_POINT('',(41.373066958946,-21.));
#354 = CARTESIAN_POINT('',(37.623066958946,-23.16506350946));
#355 = CARTESIAN_POINT('',(33.873066958946,-25.33012701892));
#356 = CARTESIAN_POINT('',(33.873066958946,-21.));
#357 = ( GEOMETRIC_REPRESENTATION_CONTEXT(2) 
PARAMETRIC_REPRESENTATION_CONTEXT() REPRESENTATION_CONTEXT('2D SPACE',''
  ) );
#358 = ORIENTED_EDGE('',*,*,#359,.F.);
#359 = EDGE_CURVE('',#202,#332,#360,.T.);
#360 = SEAM_CURVE('',#361,(#365,#372),.PCURVE_S1.);
#361 = LINE('',#362,#363);
#362 = CARTESIAN_POINT('',(333.87306695894,-21.,2.7675E+03));
#363 = VECTOR('',#364,1.);
#364 = DIRECTION('',(0.,0.,-1.));
#365 = PCURVE('',#222,#366);
#366 = DEFINITIONAL_REPRESENTATION('',(#367),#371);
#367 = LINE('',#368,#369);
#368 = CARTESIAN_POINT('',(6.28318530718,-0.));
#369 = VECTOR('',#370,1.);
#370 = DIRECTION('',(0.,1.));
#371 = ( GEOMETRIC_REPRESENTATION_CONTEXT(2) 
PARAMETRIC_REPRESENTATION_CONTEXT() REPRESENTATION_CONTEXT('2D SPACE',''
  ) );
#372 = PCURVE('',#222,#373);
#373 = DEFINITIONAL_REPRESENTATION('',(#374),#378);
#374 = LINE('',#375,#376);
#375 = CARTESIAN_POINT('',(0.,-0.));
#376 = VECTOR('',#377,1.);
#377 = DIRECTION('',(0.,1.));
#378 = ( GEOMETRIC_REPRESENTATION_CONTEXT(2) 
PARAMETRIC_REPRESENTATION_CONTEXT() REPRESENTATION_CONTEXT('2D SPACE',''
  ) );
#379 = ORIENTED_EDGE('',*,*,#201,.T.);
#380 = ORIENTED_EDGE('',*,*,#359,.T.);
#381 = ADVANCED_FACE('',(#382),#257,.T.);
#382 = FACE_BOUND('',#383,.T.);
#383 = EDGE_LOOP('',(#384,#412,#433,#434));
#384 = ORIENTED_EDGE('',*,*,#385,.F.);
#385 = EDGE_CURVE('',#386,#386,#388,.T.);
#386 = VERTEX_POINT('',#387);
#387 = CARTESIAN_POINT('',(297.5,42.,2.7525E+03));
#388 = SURFACE_CURVE('',#389,(#394,#401),.PCURVE_S1.);
#389 = CIRCLE('',#390,2.5);
#390 = AXIS2_PLACEMENT_3D('',#391,#392,#393);
#391 = CARTESIAN_POINT('',(300.,42.,2.7525E+03));
#392 = DIRECTION('',(0.,0.,-1.));
#393 = DIRECTION('',(-1.,0.,-0.));
#394 = PCURVE('',#257,#395);
#395 = DEFINITIONAL_REPRESENTATION('',(#396),#400);
#396 = LINE('',#397,#398);
#397 = CARTESIAN_POINT('',(0.,15.));
#398 = VECTOR('',#399,1.);
#399 = DIRECTION('',(1.,0.));
#400 = ( GEOMETRIC_REPRESENTATION_CONTEXT(2) 
PARAMETRIC_REPRESENTATION_CONTEXT() REPRESENTATION_CONTEXT('2D SPACE',''
  ) );
#401 = PCURVE('',#289,#402);
#402 = DEFINITIONAL_REPRESENTATION('',(#403),#411);
#403 = ( BOUNDED_CURVE() B_SPLINE_CURVE(2,(#404,#405,#406,#407,#408,#409
,#410),.UNSPECIFIED.,.T.,.F.) B_SPLINE_CURVE_WITH_KNOTS((1,2,2,2,2,1),(
    -2.094395102393,0.,2.094395102393,4.188790204786,6.28318530718,
8.377580409573),.UNSPECIFIED.) CURVE() GEOMETRIC_REPRESENTATION_ITEM() 
RATIONAL_B_SPLINE_CURVE((1.,0.5,1.,0.5,1.,0.5,1.)) REPRESENTATION_ITEM(
  '') );
#404 = CARTESIAN_POINT('',(-2.5,42.));
#405 = CARTESIAN_POINT('',(-2.5,46.330127018922));
#406 = CARTESIAN_POINT('',(1.25,44.165063509461));
#407 = CARTESIAN_POINT('',(5.,42.));
#408 = CARTESIAN_POINT('',(1.25,39.834936490539));
#409 = CARTESIAN_POINT('',(-2.5,37.669872981078));
#410 = CARTESIAN_POINT('',(-2.5,42.));
#411 = ( GEOMETRIC_REPRESENTATION_CONTEXT(2) 
PARAMETRIC_REPRESENTATION_CONTEXT() REPRESENTATION_CONTEXT('2D SPACE',''
  ) );
#412 = ORIENTED_EDGE('',*,*,#413,.F.);
#413 = EDGE_CURVE('',#237,#386,#414,.T.);
#414 = SEAM_CURVE('',#415,(#419,#426),.PCURVE_S1.);
#415 = LINE('',#416,#417);
#416 = CARTESIAN_POINT('',(297.5,42.,2.7675E+03));
#417 = VECTOR('',#418,1.);
#418 = DIRECTION('',(0.,0.,-1.));
#419 = PCURVE('',#257,#420);
#420 = DEFINITIONAL_REPRESENTATION('',(#421),#425);
#421 = LINE('',#422,#423);
#422 = CARTESIAN_POINT('',(6.28318530718,-0.));
#423 = VECTOR('',#424,1.);
#424 = DIRECTION('',(0.,1.));
#425 = ( GEOMETRIC_REPRESENTATION_CONTEXT(2) 
PARAMETRIC_REPRESENTATION_CONTEXT() REPRESENTATION_CONTEXT('2D SPACE',''
  ) );
#426 = PCURVE('',#257,#427);
#427 = DEFINITIONAL_REPRESENTATION('',(#428),#432);
#428 = LINE('',#429,#430);
#429 = CARTESIAN_POINT('',(0.,-0.));
#430 = VECTOR('',#431,1.);
#431 = DIRECTION('',(0.,1.));
#432 = ( GEOMETRIC_REPRESENTATION_CONTEXT(2) 
PARAMETRIC_REPRESENTATION_CONTEXT() REPRESENTATION_CONTEXT('2D SPACE',''
  ) );
#433 = ORIENTED_EDGE('',*,*,#236,.T.);
#434 = ORIENTED_EDGE('',*,*,#413,.T.);
#435 = ADVANCED_FACE('',(#436,#467,#470,#473,#504),#289,.T.);
#436 = FACE_BOUND('',#437,.T.);
#437 = EDGE_LOOP('',(#438));
#438 = ORIENTED_EDGE('',*,*,#439,.T.);
#439 = EDGE_CURVE('',#440,#440,#442,.T.);
#440 = VERTEX_POINT('',#441);
#441 = CARTESIAN_POINT('',(355.,-1.347111479062E-14,2.7525E+03));
#442 = SURFACE_CURVE('',#443,(#448,#455),.PCURVE_S1.);
#443 = CIRCLE('',#444,55.);
#444 = AXIS2_PLACEMENT_3D('',#445,#446,#447);
#445 = CARTESIAN_POINT('',(300.,0.,2.7525E+03));
#446 = DIRECTION('',(0.,0.,1.));
#447 = DIRECTION('',(1.,0.,-0.));
#448 = PCURVE('',#289,#449);
#449 = DEFINITIONAL_REPRESENTATION('',(#450),#454);
#450 = CIRCLE('',#451,55.);
#451 = AXIS2_PLACEMENT_2D('',#452,#453);
#452 = CARTESIAN_POINT('',(0.,0.));
#453 = DIRECTION('',(1.,0.));
#454 = ( GEOMETRIC_REPRESENTATION_CONTEXT(2) 
PARAMETRIC_REPRESENTATION_CONTEXT() REPRESENTATION_CONTEXT('2D SPACE',''
  ) );
#455 = PCURVE('',#456,#461);
#456 = CYLINDRICAL_SURFACE('',#457,55.);
#457 = AXIS2_PLACEMENT_3D('',#458,#459,#460);
#458 = CARTESIAN_POINT('',(300.,0.,2.7495E+03));
#459 = DIRECTION('',(0.,0.,1.));
#460 = DIRECTION('',(1.,0.,-0.));
#461 = DEFINITIONAL_REPRESENTATION('',(#462),#466);
#462 = LINE('',#463,#464);
#463 = CARTESIAN_POINT('',(0.,3.));
#464 = VECTOR('',#465,1.);
#465 = DIRECTION('',(1.,0.));
#466 = ( GEOMETRIC_REPRESENTATION_CONTEXT(2) 
PARAMETRIC_REPRESENTATION_CONTEXT() REPRESENTATION_CONTEXT('2D SPACE',''
  ) );
#467 = FACE_BOUND('',#468,.T.);
#468 = EDGE_LOOP('',(#469));
#469 = ORIENTED_EDGE('',*,*,#272,.T.);
#470 = FACE_BOUND('',#471,.T.);
#471 = EDGE_LOOP('',(#472));
#472 = ORIENTED_EDGE('',*,*,#331,.T.);
#473 = FACE_BOUND('',#474,.T.);
#474 = EDGE_LOOP('',(#475));
#475 = ORIENTED_EDGE('',*,*,#476,.F.);
#476 = EDGE_CURVE('',#477,#477,#479,.T.);
#477 = VERTEX_POINT('',#478);
#478 = CARTESIAN_POINT('',(328.,-6.858022075225E-15,2.7525E+03));
#479 = SURFACE_CURVE('',#480,(#485,#492),.PCURVE_S1.);
#480 = CIRCLE('',#481,28.);
#481 = AXIS2_PLACEMENT_3D('',#482,#483,#484);
#482 = CARTESIAN_POINT('',(300.,0.,2.7525E+03));
#483 = DIRECTION('',(0.,0.,1.));
#484 = DIRECTION('',(1.,0.,-0.));
#485 = PCURVE('',#289,#486);
#486 = DEFINITIONAL_REPRESENTATION('',(#487),#491);
#487 = CIRCLE('',#488,28.);
#488 = AXIS2_PLACEMENT_2D('',#489,#490);
#489 = CARTESIAN_POINT('',(0.,0.));
#490 = DIRECTION('',(1.,0.));
#491 = ( GEOMETRIC_REPRESENTATION_CONTEXT(2) 
PARAMETRIC_REPRESENTATION_CONTEXT() REPRESENTATION_CONTEXT('2D SPACE',''
  ) );
#492 = PCURVE('',#493,#498);
#493 = CYLINDRICAL_SURFACE('',#494,28.);
#494 = AXIS2_PLACEMENT_3D('',#495,#496,#497);
#495 = CARTESIAN_POINT('',(300.,0.,2.7485E+03));
#496 = DIRECTION('',(0.,0.,1.));
#497 = DIRECTION('',(1.,0.,-0.));
#498 = DEFINITIONAL_REPRESENTATION('',(#499),#503);
#499 = LINE('',#500,#501);
#500 = CARTESIAN_POINT('',(0.,4.));
#501 = VECTOR('',#502,1.);
#502 = DIRECTION('',(1.,0.));
#503 = ( GEOMETRIC_REPRESENTATION_CONTEXT(2) 
PARAMETRIC_REPRESENTATION_CONTEXT() REPRESENTATION_CONTEXT('2D SPACE',''
  ) );
#504 = FACE_BOUND('',#505,.T.);
#505 = EDGE_LOOP('',(#506));
#506 = ORIENTED_EDGE('',*,*,#385,.T.);
#507 = ADVANCED_FACE('',(#508),#456,.T.);
#508 = FACE_BOUND('',#509,.T.);
#509 = EDGE_LOOP('',(#510,#511,#534,#561));
#510 = ORIENTED_EDGE('',*,*,#439,.F.);
#511 = ORIENTED_EDGE('',*,*,#512,.F.);
#512 = EDGE_CURVE('',#513,#440,#515,.T.);
#513 = VERTEX_POINT('',#514);
#514 = CARTESIAN_POINT('',(355.,-1.347111479062E-14,2.7495E+03));
#515 = SEAM_CURVE('',#516,(#520,#527),.PCURVE_S1.);
#516 = LINE('',#517,#518);
#517 = CARTESIAN_POINT('',(355.,-1.347111479062E-14,2.7495E+03));
#518 = VECTOR('',#519,1.);
#519 = DIRECTION('',(0.,0.,1.));
#520 = PCURVE('',#456,#521);
#521 = DEFINITIONAL_REPRESENTATION('',(#522),#526);
#522 = LINE('',#523,#524);
#523 = CARTESIAN_POINT('',(6.28318530718,-0.));
#524 = VECTOR('',#525,1.);
#525 = DIRECTION('',(0.,1.));
#526 = ( GEOMETRIC_REPRESENTATION_CONTEXT(2) 
PARAMETRIC_REPRESENTATION_CONTEXT() REPRESENTATION_CONTEXT('2D SPACE',''
  ) );
#527 = PCURVE('',#456,#528);
#528 = DEFINITIONAL_REPRESENTATION('',(#529),#533);
#529 = LINE('',#530,#531);
#530 = CARTESIAN_POINT('',(0.,-0.));
#531 = VECTOR('',#532,1.);
#532 = DIRECTION('',(0.,1.));
#533 = ( GEOMETRIC_REPRESENTATION_CONTEXT(2) 
PARAMETRIC_REPRESENTATION_CONTEXT() REPRESENTATION_CONTEXT('2D SPACE',''
  ) );
#534 = ORIENTED_EDGE('',*,*,#535,.T.);
#535 = EDGE_CURVE('',#513,#513,#536,.T.);
#536 = SURFACE_CURVE('',#537,(#542,#549),.PCURVE_S1.);
#537 = CIRCLE('',#538,55.);
#538 = AXIS2_PLACEMENT_3D('',#539,#540,#541);
#539 = CARTESIAN_POINT('',(300.,0.,2.7495E+03));
#540 = DIRECTION('',(0.,0.,1.));
#541 = DIRECTION('',(1.,0.,-0.));
#542 = PCURVE('',#456,#543);
#543 = DEFINITIONAL_REPRESENTATION('',(#544),#548);
#544 = LINE('',#545,#546);
#545 = CARTESIAN_POINT('',(0.,0.));
#546 = VECTOR('',#547,1.);
#547 = DIRECTION('',(1.,0.));
#548 = ( GEOMETRIC_REPRESENTATION_CONTEXT(2) 
PARAMETRIC_REPRESENTATION_CONTEXT() REPRESENTATION_CONTEXT('2D SPACE',''
  ) );
#549 = PCURVE('',#550,#555);
#550 = PLANE('',#551);
#551 = AXIS2_PLACEMENT_3D('',#552,#553,#554);
#552 = CARTESIAN_POINT('',(300.,0.,2.7495E+03));
#553 = DIRECTION('',(0.,0.,1.));
#554 = DIRECTION('',(1.,0.,-0.));
#555 = DEFINITIONAL_REPRESENTATION('',(#556),#560);
#556 = CIRCLE('',#557,55.);
#557 = AXIS2_PLACEMENT_2D('',#558,#559);
#558 = CARTESIAN_POINT('',(0.,0.));
#559 = DIRECTION('',(1.,0.));
#560 = ( GEOMETRIC_REPRESENTATION_CONTEXT(2) 
PARAMETRIC_REPRESENTATION_CONTEXT() REPRESENTATION_CONTEXT('2D SPACE',''
  ) );
#561 = ORIENTED_EDGE('',*,*,#512,.T.);
#562 = ADVANCED_FACE('',(#563),#493,.F.);
#563 = FACE_BOUND('',#564,.F.);
#564 = EDGE_LOOP('',(#565,#566,#589,#611));
#565 = ORIENTED_EDGE('',*,*,#476,.F.);
#566 = ORIENTED_EDGE('',*,*,#567,.F.);
#567 = EDGE_CURVE('',#568,#477,#570,.T.);
#568 = VERTEX_POINT('',#569);
#569 = CARTESIAN_POINT('',(328.,-6.858022075225E-15,2.7495E+03));
#570 = SEAM_CURVE('',#571,(#575,#582),.PCURVE_S1.);
#571 = LINE('',#572,#573);
#572 = CARTESIAN_POINT('',(328.,-6.858022075225E-15,2.7485E+03));
#573 = VECTOR('',#574,1.);
#574 = DIRECTION('',(0.,0.,1.));
#575 = PCURVE('',#493,#576);
#576 = DEFINITIONAL_REPRESENTATION('',(#577),#581);
#577 = LINE('',#578,#579);
#578 = CARTESIAN_POINT('',(6.28318530718,-0.));
#579 = VECTOR('',#580,1.);
#580 = DIRECTION('',(0.,1.));
#581 = ( GEOMETRIC_REPRESENTATION_CONTEXT(2) 
PARAMETRIC_REPRESENTATION_CONTEXT() REPRESENTATION_CONTEXT('2D SPACE',''
  ) );
#582 = PCURVE('',#493,#583);
#583 = DEFINITIONAL_REPRESENTATION('',(#584),#588);
#584 = LINE('',#585,#586);
#585 = CARTESIAN_POINT('',(0.,-0.));
#586 = VECTOR('',#587,1.);
#587 = DIRECTION('',(0.,1.));
#588 = ( GEOMETRIC_REPRESENTATION_CONTEXT(2) 
PARAMETRIC_REPRESENTATION_CONTEXT() REPRESENTATION_CONTEXT('2D SPACE',''
  ) );
#589 = ORIENTED_EDGE('',*,*,#590,.T.);
#590 = EDGE_CURVE('',#568,#568,#591,.T.);
#591 = SURFACE_CURVE('',#592,(#597,#604),.PCURVE_S1.);
#592 = CIRCLE('',#593,28.);
#593 = AXIS2_PLACEMENT_3D('',#594,#595,#596);
#594 = CARTESIAN_POINT('',(300.,0.,2.7495E+03));
#595 = DIRECTION('',(0.,0.,1.));
#596 = DIRECTION('',(1.,0.,-0.));
#597 = PCURVE('',#493,#598);
#598 = DEFINITIONAL_REPRESENTATION('',(#599),#603);
#599 = LINE('',#600,#601);
#600 = CARTESIAN_POINT('',(0.,1.));
#601 = VECTOR('',#602,1.);
#602 = DIRECTION('',(1.,0.));
#603 = ( GEOMETRIC_REPRESENTATION_CONTEXT(2) 
PARAMETRIC_REPRESENTATION_CONTEXT() REPRESENTATION_CONTEXT('2D SPACE',''
  ) );
#604 = PCURVE('',#550,#605);
#605 = DEFINITIONAL_REPRESENTATION('',(#606),#610);
#606 = CIRCLE('',#607,28.);
#607 = AXIS2_PLACEMENT_2D('',#608,#609);
#608 = CARTESIAN_POINT('',(0.,0.));
#609 = DIRECTION('',(1.,0.));
#610 = ( GEOMETRIC_REPRESENTATION_CONTEXT(2) 
PARAMETRIC_REPRESENTATION_CONTEXT() REPRESENTATION_CONTEXT('2D SPACE',''
  ) );
#611 = ORIENTED_EDGE('',*,*,#567,.T.);
#612 = ADVANCED_FACE('',(#613,#616,#651,#686,#689),#550,.F.);
#613 = FACE_BOUND('',#614,.F.);
#614 = EDGE_LOOP('',(#615));
#615 = ORIENTED_EDGE('',*,*,#535,.T.);
#616 = FACE_BOUND('',#617,.F.);
#617 = EDGE_LOOP('',(#618));
#618 = ORIENTED_EDGE('',*,*,#619,.T.);
#619 = EDGE_CURVE('',#620,#620,#622,.T.);
#620 = VERTEX_POINT('',#621);
#621 = CARTESIAN_POINT('',(261.12693304105,-21.,2.7495E+03));
#622 = SURFACE_CURVE('',#623,(#628,#639),.PCURVE_S1.);
#623 = CIRCLE('',#624,2.5);
#624 = AXIS2_PLACEMENT_3D('',#625,#626,#627);
#625 = CARTESIAN_POINT('',(263.62693304105,-21.,2.7495E+03));
#626 = DIRECTION('',(0.,0.,-1.));
#627 = DIRECTION('',(-1.,0.,-0.));
#628 = PCURVE('',#550,#629);
#629 = DEFINITIONAL_REPRESENTATION('',(#630),#638);
#630 = ( BOUNDED_CURVE() B_SPLINE_CURVE(2,(#631,#632,#633,#634,#635,#636
,#637),.UNSPECIFIED.,.T.,.F.) B_SPLINE_CURVE_WITH_KNOTS((1,2,2,2,2,1),(
    -2.094395102393,0.,2.094395102393,4.188790204786,6.28318530718,
8.377580409573),.UNSPECIFIED.) CURVE() GEOMETRIC_REPRESENTATION_ITEM() 
RATIONAL_B_SPLINE_CURVE((1.,0.5,1.,0.5,1.,0.5,1.)) REPRESENTATION_ITEM(
  '') );
#631 = CARTESIAN_POINT('',(-38.87306695894,-21.));
#632 = CARTESIAN_POINT('',(-38.87306695894,-16.66987298107));
#633 = CARTESIAN_POINT('',(-35.12306695894,-18.83493649053));
#634 = CARTESIAN_POINT('',(-31.37306695894,-21.));
#635 = CARTESIAN_POINT('',(-35.12306695894,-23.16506350946));
#636 = CARTESIAN_POINT('',(-38.87306695894,-25.33012701892));
#637 = CARTESIAN_POINT('',(-38.87306695894,-21.));
#638 = ( GEOMETRIC_REPRESENTATION_CONTEXT(2) 
PARAMETRIC_REPRESENTATION_CONTEXT() REPRESENTATION_CONTEXT('2D SPACE',''
  ) );
#639 = PCURVE('',#640,#645);
#640 = CYLINDRICAL_SURFACE('',#641,2.5);
#641 = AXIS2_PLACEMENT_3D('',#642,#643,#644);
#642 = CARTESIAN_POINT('',(263.62693304105,-21.,2.7675E+03));
#643 = DIRECTION('',(0.,0.,-1.));
#644 = DIRECTION('',(-1.,0.,-0.));
#645 = DEFINITIONAL_REPRESENTATION('',(#646),#650);
#646 = LINE('',#647,#648);
#647 = CARTESIAN_POINT('',(0.,18.));
#648 = VECTOR('',#649,1.);
#649 = DIRECTION('',(1.,0.));
#650 = ( GEOMETRIC_REPRESENTATION_CONTEXT(2) 
PARAMETRIC_REPRESENTATION_CONTEXT() REPRESENTATION_CONTEXT('2D SPACE',''
  ) );
#651 = FACE_BOUND('',#652,.F.);
#652 = EDGE_LOOP('',(#653));
#653 = ORIENTED_EDGE('',*,*,#654,.T.);
#654 = EDGE_CURVE('',#655,#655,#657,.T.);
#655 = VERTEX_POINT('',#656);
#656 = CARTESIAN_POINT('',(333.87306695894,-21.,2.7495E+03));
#657 = SURFACE_CURVE('',#658,(#663,#674),.PCURVE_S1.);
#658 = CIRCLE('',#659,2.5);
#659 = AXIS2_PLACEMENT_3D('',#660,#661,#662);
#660 = CARTESIAN_POINT('',(336.37306695894,-21.,2.7495E+03));
#661 = DIRECTION('',(0.,0.,-1.));
#662 = DIRECTION('',(-1.,0.,-0.));
#663 = PCURVE('',#550,#664);
#664 = DEFINITIONAL_REPRESENTATION('',(#665),#673);
#665 = ( BOUNDED_CURVE() B_SPLINE_CURVE(2,(#666,#667,#668,#669,#670,#671
,#672),.UNSPECIFIED.,.T.,.F.) B_SPLINE_CURVE_WITH_KNOTS((1,2,2,2,2,1),(
    -2.094395102393,0.,2.094395102393,4.188790204786,6.28318530718,
8.377580409573),.UNSPECIFIED.) CURVE() GEOMETRIC_REPRESENTATION_ITEM() 
RATIONAL_B_SPLINE_CURVE((1.,0.5,1.,0.5,1.,0.5,1.)) REPRESENTATION_ITEM(
  '') );
#666 = CARTESIAN_POINT('',(33.873066958946,-21.));
#667 = CARTESIAN_POINT('',(33.873066958946,-16.66987298107));
#668 = CARTESIAN_POINT('',(37.623066958946,-18.83493649053));
#669 = CARTESIAN_POINT('',(41.373066958946,-21.));
#670 = CARTESIAN_POINT('',(37.623066958946,-23.16506350946));
#671 = CARTESIAN_POINT('',(33.873066958946,-25.33012701892));
#672 = CARTESIAN_POINT('',(33.873066958946,-21.));
#673 = ( GEOMETRIC_REPRESENTATION_CONTEXT(2) 
PARAMETRIC_REPRESENTATION_CONTEXT() REPRESENTATION_CONTEXT('2D SPACE',''
  ) );
#674 = PCURVE('',#675,#680);
#675 = CYLINDRICAL_SURFACE('',#676,2.5);
#676 = AXIS2_PLACEMENT_3D('',#677,#678,#679);
#677 = CARTESIAN_POINT('',(336.37306695894,-21.,2.7675E+03));
#678 = DIRECTION('',(0.,0.,-1.));
#679 = DIRECTION('',(-1.,0.,-0.));
#680 = DEFINITIONAL_REPRESENTATION('',(#681),#685);
#681 = LINE('',#682,#683);
#682 = CARTESIAN_POINT('',(0.,18.));
#683 = VECTOR('',#684,1.);
#684 = DIRECTION('',(1.,0.));
#685 = ( GEOMETRIC_REPRESENTATION_CONTEXT(2) 
PARAMETRIC_REPRESENTATION_CONTEXT() REPRESENTATION_CONTEXT('2D SPACE',''
  ) );
#686 = FACE_BOUND('',#687,.F.);
#687 = EDGE_LOOP('',(#688));
#688 = ORIENTED_EDGE('',*,*,#590,.F.);
#689 = FACE_BOUND('',#690,.F.);
#690 = EDGE_LOOP('',(#691));
#691 = ORIENTED_EDGE('',*,*,#692,.T.);
#692 = EDGE_CURVE('',#693,#693,#695,.T.);
#693 = VERTEX_POINT('',#694);
#694 = CARTESIAN_POINT('',(297.5,42.,2.7495E+03));
#695 = SURFACE_CURVE('',#696,(#701,#712),.PCURVE_S1.);
#696 = CIRCLE('',#697,2.5);
#697 = AXIS2_PLACEMENT_3D('',#698,#699,#700);
#698 = CARTESIAN_POINT('',(300.,42.,2.7495E+03));
#699 = DIRECTION('',(0.,0.,-1.));
#700 = DIRECTION('',(-1.,0.,-0.));
#701 = PCURVE('',#550,#702);
#702 = DEFINITIONAL_REPRESENTATION('',(#703),#711);
#703 = ( BOUNDED_CURVE() B_SPLINE_CURVE(2,(#704,#705,#706,#707,#708,#709
,#710),.UNSPECIFIED.,.T.,.F.) B_SPLINE_CURVE_WITH_KNOTS((1,2,2,2,2,1),(
    -2.094395102393,0.,2.094395102393,4.188790204786,6.28318530718,
8.377580409573),.UNSPECIFIED.) CURVE() GEOMETRIC_REPRESENTATION_ITEM() 
RATIONAL_B_SPLINE_CURVE((1.,0.5,1.,0.5,1.,0.5,1.)) REPRESENTATION_ITEM(
  '') );
#704 = CARTESIAN_POINT('',(-2.5,42.));
#705 = CARTESIAN_POINT('',(-2.5,46.330127018922));
#706 = CARTESIAN_POINT('',(1.25,44.165063509461));
#707 = CARTESIAN_POINT('',(5.,42.));
#708 = CARTESIAN_POINT('',(1.25,39.834936490539));
#709 = CARTESIAN_POINT('',(-2.5,37.669872981078));
#710 = CARTESIAN_POINT('',(-2.5,42.));
#711 = ( GEOMETRIC_REPRESENTATION_CONTEXT(2) 
PARAMETRIC_REPRESENTATION_CONTEXT() REPRESENTATION_CONTEXT('2D SPACE',''
  ) );
#712 = PCURVE('',#713,#718);
#713 = CYLINDRICAL_SURFACE('',#714,2.5);
#714 = AXIS2_PLACEMENT_3D('',#715,#716,#717);
#715 = CARTESIAN_POINT('',(300.,42.,2.7675E+03));
#716 = DIRECTION('',(0.,0.,-1.));
#717 = DIRECTION('',(-1.,0.,-0.));
#718 = DEFINITIONAL_REPRESENTATION('',(#719),#723);
#719 = LINE('',#720,#721);
#720 = CARTESIAN_POINT('',(0.,18.));
#721 = VECTOR('',#722,1.);
#722 = DIRECTION('',(1.,0.));
#723 = ( GEOMETRIC_REPRESENTATION_CONTEXT(2) 
PARAMETRIC_REPRESENTATION_CONTEXT() REPRESENTATION_CONTEXT('2D SPACE',''
  ) );
#724 = ADVANCED_FACE('',(#725),#640,.T.);
#725 = FACE_BOUND('',#726,.T.);
#726 = EDGE_LOOP('',(#727,#760,#781,#782));
#727 = ORIENTED_EDGE('',*,*,#728,.F.);
#728 = EDGE_CURVE('',#729,#729,#731,.T.);
#729 = VERTEX_POINT('',#730);
#730 = CARTESIAN_POINT('',(261.12693304105,-21.,2.7375E+03));
#731 = SURFACE_CURVE('',#732,(#737,#744),.PCURVE_S1.);
#732 = CIRCLE('',#733,2.5);
#733 = AXIS2_PLACEMENT_3D('',#734,#735,#736);
#734 = CARTESIAN_POINT('',(263.62693304105,-21.,2.7375E+03));
#735 = DIRECTION('',(0.,0.,-1.));
#736 = DIRECTION('',(-1.,0.,-0.));
#737 = PCURVE('',#640,#738);
#738 = DEFINITIONAL_REPRESENTATION('',(#739),#743);
#739 = LINE('',#740,#741);
#740 = CARTESIAN_POINT('',(0.,30.));
#741 = VECTOR('',#742,1.);
#742 = DIRECTION('',(1.,0.));
#743 = ( GEOMETRIC_REPRESENTATION_CONTEXT(2) 
PARAMETRIC_REPRESENTATION_CONTEXT() REPRESENTATION_CONTEXT('2D SPACE',''
  ) );
#744 = PCURVE('',#745,#750);
#745 = PLANE('',#746);
#746 = AXIS2_PLACEMENT_3D('',#747,#748,#749);
#747 = CARTESIAN_POINT('',(300.,0.,2.7375E+03));
#748 = DIRECTION('',(0.,0.,1.));
#749 = DIRECTION('',(1.,0.,-0.));
#750 = DEFINITIONAL_REPRESENTATION('',(#751),#759);
#751 = ( BOUNDED_CURVE() B_SPLINE_CURVE(2,(#752,#753,#754,#755,#756,#757
,#758),.UNSPECIFIED.,.T.,.F.) B_SPLINE_CURVE_WITH_KNOTS((1,2,2,2,2,1),(
    -2.094395102393,0.,2.094395102393,4.188790204786,6.28318530718,
8.377580409573),.UNSPECIFIED.) CURVE() GEOMETRIC_REPRESENTATION_ITEM() 
RATIONAL_B_SPLINE_CURVE((1.,0.5,1.,0.5,1.,0.5,1.)) REPRESENTATION_ITEM(
  '') );
#752 = CARTESIAN_POINT('',(-38.87306695894,-21.));
#753 = CARTESIAN_POINT('',(-38.87306695894,-16.66987298107));
#754 = CARTESIAN_POINT('',(-35.12306695894,-18.83493649053));
#755 = CARTESIAN_POINT('',(-31.37306695894,-21.));
#756 = CARTESIAN_POINT('',(-35.12306695894,-23.16506350946));
#757 = CARTESIAN_POINT('',(-38.87306695894,-25.33012701892));
#758 = CARTESIAN_POINT('',(-38.87306695894,-21.));
#759 = ( GEOMETRIC_REPRESENTATION_CONTEXT(2) 
PARAMETRIC_REPRESENTATION_CONTEXT() REPRESENTATION_CONTEXT('2D SPACE',''
  ) );
#760 = ORIENTED_EDGE('',*,*,#761,.F.);
#761 = EDGE_CURVE('',#620,#729,#762,.T.);
#762 = SEAM_CURVE('',#763,(#767,#774),.PCURVE_S1.);
#763 = LINE('',#764,#765);
#764 = CARTESIAN_POINT('',(261.12693304105,-21.,2.7675E+03));
#765 = VECTOR('',#766,1.);
#766 = DIRECTION('',(0.,0.,-1.));
#767 = PCURVE('',#640,#768);
#768 = DEFINITIONAL_REPRESENTATION('',(#769),#773);
#769 = LINE('',#770,#771);
#770 = CARTESIAN_POINT('',(6.28318530718,-0.));
#771 = VECTOR('',#772,1.);
#772 = DIRECTION('',(0.,1.));
#773 = ( GEOMETRIC_REPRESENTATION_CONTEXT(2) 
PARAMETRIC_REPRESENTATION_CONTEXT() REPRESENTATION_CONTEXT('2D SPACE',''
  ) );
#774 = PCURVE('',#640,#775);
#775 = DEFINITIONAL_REPRESENTATION('',(#776),#780);
#776 = LINE('',#777,#778);
#777 = CARTESIAN_POINT('',(0.,-0.));
#778 = VECTOR('',#779,1.);
#779 = DIRECTION('',(0.,1.));
#780 = ( GEOMETRIC_REPRESENTATION_CONTEXT(2) 
PARAMETRIC_REPRESENTATION_CONTEXT() REPRESENTATION_CONTEXT('2D SPACE',''
  ) );
#781 = ORIENTED_EDGE('',*,*,#619,.T.);
#782 = ORIENTED_EDGE('',*,*,#761,.T.);
#783 = ADVANCED_FACE('',(#784),#675,.T.);
#784 = FACE_BOUND('',#785,.T.);
#785 = EDGE_LOOP('',(#786,#814,#835,#836));
#786 = ORIENTED_EDGE('',*,*,#787,.F.);
#787 = EDGE_CURVE('',#788,#788,#790,.T.);
#788 = VERTEX_POINT('',#789);
#789 = CARTESIAN_POINT('',(333.87306695894,-21.,2.7375E+03));
#790 = SURFACE_CURVE('',#791,(#796,#803),.PCURVE_S1.);
#791 = CIRCLE('',#792,2.5);
#792 = AXIS2_PLACEMENT_3D('',#793,#794,#795);
#793 = CARTESIAN_POINT('',(336.37306695894,-21.,2.7375E+03));
#794 = DIRECTION('',(0.,0.,-1.));
#795 = DIRECTION('',(-1.,0.,-0.));
#796 = PCURVE('',#675,#797);
#797 = DEFINITIONAL_REPRESENTATION('',(#798),#802);
#798 = LINE('',#799,#800);
#799 = CARTESIAN_POINT('',(0.,30.));
#800 = VECTOR('',#801,1.);
#801 = DIRECTION('',(1.,0.));
#802 = ( GEOMETRIC_REPRESENTATION_CONTEXT(2) 
PARAMETRIC_REPRESENTATION_CONTEXT() REPRESENTATION_CONTEXT('2D SPACE',''
  ) );
#803 = PCURVE('',#745,#804);
#804 = DEFINITIONAL_REPRESENTATION('',(#805),#813);
#805 = ( BOUNDED_CURVE() B_SPLINE_CURVE(2,(#806,#807,#808,#809,#810,#811
,#812),.UNSPECIFIED.,.T.,.F.) B_SPLINE_CURVE_WITH_KNOTS((1,2,2,2,2,1),(
    -2.094395102393,0.,2.094395102393,4.188790204786,6.28318530718,
8.377580409573),.UNSPECIFIED.) CURVE() GEOMETRIC_REPRESENTATION_ITEM() 
RATIONAL_B_SPLINE_CURVE((1.,0.5,1.,0.5,1.,0.5,1.)) REPRESENTATION_ITEM(
  '') );
#806 = CARTESIAN_POINT('',(33.873066958946,-21.));
#807 = CARTESIAN_POINT('',(33.873066958946,-16.66987298107));
#808 = CARTESIAN_POINT('',(37.623066958946,-18.83493649053));
#809 = CARTESIAN_POINT('',(41.373066958946,-21.));
#810 = CARTESIAN_POINT('',(37.623066958946,-23.16506350946));
#811 = CARTESIAN_POINT('',(33.873066958946,-25.33012701892));
#812 = CARTESIAN_POINT('',(33.873066958946,-21.));
#813 = ( GEOMETRIC_REPRESENTATION_CONTEXT(2) 
PARAMETRIC_REPRESENTATION_CONTEXT() REPRESENTATION_CONTEXT('2D SPACE',''
  ) );
#814 = ORIENTED_EDGE('',*,*,#815,.F.);
#815 = EDGE_CURVE('',#655,#788,#816,.T.);
#816 = SEAM_CURVE('',#817,(#821,#828),.PCURVE_S1.);
#817 = LINE('',#818,#819);
#818 = CARTESIAN_POINT('',(333.87306695894,-21.,2.7675E+03));
#819 = VECTOR('',#820,1.);
#820 = DIRECTION('',(0.,0.,-1.));
#821 = PCURVE('',#675,#822);
#822 = DEFINITIONAL_REPRESENTATION('',(#823),#827);
#823 = LINE('',#824,#825);
#824 = CARTESIAN_POINT('',(6.28318530718,-0.));
#825 = VECTOR('',#826,1.);
#826 = DIRECTION('',(0.,1.));
#827 = ( GEOMETRIC_REPRESENTATION_CONTEXT(2) 
PARAMETRIC_REPRESENTATION_CONTEXT() REPRESENTATION_CONTEXT('2D SPACE',''
  ) );
#828 = PCURVE('',#675,#829);
#829 = DEFINITIONAL_REPRESENTATION('',(#830),#834);
#830 = LINE('',#831,#832);
#831 = CARTESIAN_POINT('',(0.,-0.));
#832 = VECTOR('',#833,1.);
#833 = DIRECTION('',(0.,1.));
#834 = ( GEOMETRIC_REPRESENTATION_CONTEXT(2) 
PARAMETRIC_REPRESENTATION_CONTEXT() REPRESENTATION_CONTEXT('2D SPACE',''
  ) );
#835 = ORIENTED_EDGE('',*,*,#654,.T.);
#836 = ORIENTED_EDGE('',*,*,#815,.T.);
#837 = ADVANCED_FACE('',(#838),#713,.T.);
#838 = FACE_BOUND('',#839,.T.);
#839 = EDGE_LOOP('',(#840,#868,#889,#890));
#840 = ORIENTED_EDGE('',*,*,#841,.F.);
#841 = EDGE_CURVE('',#842,#842,#844,.T.);
#842 = VERTEX_POINT('',#843);
#843 = CARTESIAN_POINT('',(297.5,42.,2.7375E+03));
#844 = SURFACE_CURVE('',#845,(#850,#857),.PCURVE_S1.);
#845 = CIRCLE('',#846,2.5);
#846 = AXIS2_PLACEMENT_3D('',#847,#848,#849);
#847 = CARTESIAN_POINT('',(300.,42.,2.7375E+03));
#848 = DIRECTION('',(0.,0.,-1.));
#849 = DIRECTION('',(-1.,0.,-0.));
#850 = PCURVE('',#713,#851);
#851 = DEFINITIONAL_REPRESENTATION('',(#852),#856);
#852 = LINE('',#853,#854);
#853 = CARTESIAN_POINT('',(0.,30.));
#854 = VECTOR('',#855,1.);
#855 = DIRECTION('',(1.,0.));
#856 = ( GEOMETRIC_REPRESENTATION_CONTEXT(2) 
PARAMETRIC_REPRESENTATION_CONTEXT() REPRESENTATION_CONTEXT('2D SPACE',''
  ) );
#857 = PCURVE('',#745,#858);
#858 = DEFINITIONAL_REPRESENTATION('',(#859),#867);
#859 = ( BOUNDED_CURVE() B_SPLINE_CURVE(2,(#860,#861,#862,#863,#864,#865
,#866),.UNSPECIFIED.,.T.,.F.) B_SPLINE_CURVE_WITH_KNOTS((1,2,2,2,2,1),(
    -2.094395102393,0.,2.094395102393,4.188790204786,6.28318530718,
8.377580409573),.UNSPECIFIED.) CURVE() GEOMETRIC_REPRESENTATION_ITEM() 
RATIONAL_B_SPLINE_CURVE((1.,0.5,1.,0.5,1.,0.5,1.)) REPRESENTATION_ITEM(
  '') );
#860 = CARTESIAN_POINT('',(-2.5,42.));
#861 = CARTESIAN_POINT('',(-2.5,46.330127018922));
#862 = CARTESIAN_POINT('',(1.25,44.165063509461));
#863 = CARTESIAN_POINT('',(5.,42.));
#864 = CARTESIAN_POINT('',(1.25,39.834936490539));
#865 = CARTESIAN_POINT('',(-2.5,37.669872981078));
#866 = CARTESIAN_POINT('',(-2.5,42.));
#867 = ( GEOMETRIC_REPRESENTATION_CONTEXT(2) 
PARAMETRIC_REPRESENTATION_CONTEXT() REPRESENTATION_CONTEXT('2D SPACE',''
  ) );
#868 = ORIENTED_EDGE('',*,*,#869,.F.);
#869 = EDGE_CURVE('',#693,#842,#870,.T.);
#870 = SEAM_CURVE('',#871,(#875,#882),.PCURVE_S1.);
#871 = LINE('',#872,#873);
#872 = CARTESIAN_POINT('',(297.5,42.,2.7675E+03));
#873 = VECTOR('',#874,1.);
#874 = DIRECTION('',(0.,0.,-1.));
#875 = PCURVE('',#713,#876);
#876 = DEFINITIONAL_REPRESENTATION('',(#877),#881);
#877 = LINE('',#878,#879);
#878 = CARTESIAN_POINT('',(6.28318530718,-0.));
#879 = VECTOR('',#880,1.);
#880 = DIRECTION('',(0.,1.));
#881 = ( GEOMETRIC_REPRESENTATION_CONTEXT(2) 
PARAMETRIC_REPRESENTATION_CONTEXT() REPRESENTATION_CONTEXT('2D SPACE',''
  ) );
#882 = PCURVE('',#713,#883);
#883 = DEFINITIONAL_REPRESENTATION('',(#884),#888);
#884 = LINE('',#885,#886);
#885 = CARTESIAN_POINT('',(0.,-0.));
#886 = VECTOR('',#887,1.);
#887 = DIRECTION('',(0.,1.));
#888 = ( GEOMETRIC_REPRESENTATION_CONTEXT(2) 
PARAMETRIC_REPRESENTATION_CONTEXT() REPRESENTATION_CONTEXT('2D SPACE',''
  ) );
#889 = ORIENTED_EDGE('',*,*,#692,.T.);
#890 = ORIENTED_EDGE('',*,*,#869,.T.);
#891 = ADVANCED_FACE('',(#892,#923,#926,#929,#960),#745,.T.);
#892 = FACE_BOUND('',#893,.T.);
#893 = EDGE_LOOP('',(#894));
#894 = ORIENTED_EDGE('',*,*,#895,.T.);
#895 = EDGE_CURVE('',#896,#896,#898,.T.);
#896 = VERTEX_POINT('',#897);
#897 = CARTESIAN_POINT('',(355.,-1.347111479062E-14,2.7375E+03));
#898 = SURFACE_CURVE('',#899,(#904,#911),.PCURVE_S1.);
#899 = CIRCLE('',#900,55.);
#900 = AXIS2_PLACEMENT_3D('',#901,#902,#903);
#901 = CARTESIAN_POINT('',(300.,0.,2.7375E+03));
#902 = DIRECTION('',(0.,0.,1.));
#903 = DIRECTION('',(1.,0.,-0.));
#904 = PCURVE('',#745,#905);
#905 = DEFINITIONAL_REPRESENTATION('',(#906),#910);
#906 = CIRCLE('',#907,55.);
#907 = AXIS2_PLACEMENT_2D('',#908,#909);
#908 = CARTESIAN_POINT('',(0.,0.));
#909 = DIRECTION('',(1.,0.));
#910 = ( GEOMETRIC_REPRESENTATION_CONTEXT(2) 
PARAMETRIC_REPRESENTATION_CONTEXT() REPRESENTATION_CONTEXT('2D SPACE',''
  ) );
#911 = PCURVE('',#912,#917);
#912 = CYLINDRICAL_SURFACE('',#913,55.);
#913 = AXIS2_PLACEMENT_3D('',#914,#915,#916);
#914 = CARTESIAN_POINT('',(300.,0.,2.7345E+03));
#915 = DIRECTION('',(0.,0.,1.));
#916 = DIRECTION('',(1.,0.,-0.));
#917 = DEFINITIONAL_REPRESENTATION('',(#918),#922);
#918 = LINE('',#919,#920);
#919 = CARTESIAN_POINT('',(0.,3.));
#920 = VECTOR('',#921,1.);
#921 = DIRECTION('',(1.,0.));
#922 = ( GEOMETRIC_REPRESENTATION_CONTEXT(2) 
PARAMETRIC_REPRESENTATION_CONTEXT() REPRESENTATION_CONTEXT('2D SPACE',''
  ) );
#923 = FACE_BOUND('',#924,.T.);
#924 = EDGE_LOOP('',(#925));
#925 = ORIENTED_EDGE('',*,*,#728,.T.);
#926 = FACE_BOUND('',#927,.T.);
#927 = EDGE_LOOP('',(#928));
#928 = ORIENTED_EDGE('',*,*,#787,.T.);
#929 = FACE_BOUND('',#930,.T.);
#930 = EDGE_LOOP('',(#931));
#931 = ORIENTED_EDGE('',*,*,#932,.F.);
#932 = EDGE_CURVE('',#933,#933,#935,.T.);
#933 = VERTEX_POINT('',#934);
#934 = CARTESIAN_POINT('',(328.,-6.858022075225E-15,2.7375E+03));
#935 = SURFACE_CURVE('',#936,(#941,#948),.PCURVE_S1.);
#936 = CIRCLE('',#937,28.);
#937 = AXIS2_PLACEMENT_3D('',#938,#939,#940);
#938 = CARTESIAN_POINT('',(300.,0.,2.7375E+03));
#939 = DIRECTION('',(0.,0.,1.));
#940 = DIRECTION('',(1.,0.,-0.));
#941 = PCURVE('',#745,#942);
#942 = DEFINITIONAL_REPRESENTATION('',(#943),#947);
#943 = CIRCLE('',#944,28.);
#944 = AXIS2_PLACEMENT_2D('',#945,#946);
#945 = CARTESIAN_POINT('',(0.,0.));
#946 = DIRECTION('',(1.,0.));
#947 = ( GEOMETRIC_REPRESENTATION_CONTEXT(2) 
PARAMETRIC_REPRESENTATION_CONTEXT() REPRESENTATION_CONTEXT('2D SPACE',''
  ) );
#948 = PCURVE('',#949,#954);
#949 = CYLINDRICAL_SURFACE('',#950,28.);
#950 = AXIS2_PLACEMENT_3D('',#951,#952,#953);
#951 = CARTESIAN_POINT('',(300.,0.,2.7335E+03));
#952 = DIRECTION('',(0.,0.,1.));
#953 = DIRECTION('',(1.,0.,-0.));
#954 = DEFINITIONAL_REPRESENTATION('',(#955),#959);
#955 = LINE('',#956,#957);
#956 = CARTESIAN_POINT('',(0.,4.));
#957 = VECTOR('',#958,1.);
#958 = DIRECTION('',(1.,0.));
#959 = ( GEOMETRIC_REPRESENTATION_CONTEXT(2) 
PARAMETRIC_REPRESENTATION_CONTEXT() REPRESENTATION_CONTEXT('2D SPACE',''
  ) );
#960 = FACE_BOUND('',#961,.T.);
#961 = EDGE_LOOP('',(#962));
#962 = ORIENTED_EDGE('',*,*,#841,.T.);
#963 = ADVANCED_FACE('',(#964),#912,.T.);
#964 = FACE_BOUND('',#965,.T.);
#965 = EDGE_LOOP('',(#966,#967,#990,#1017));
#966 = ORIENTED_EDGE('',*,*,#895,.F.);
#967 = ORIENTED_EDGE('',*,*,#968,.F.);
#968 = EDGE_CURVE('',#969,#896,#971,.T.);
#969 = VERTEX_POINT('',#970);
#970 = CARTESIAN_POINT('',(355.,-1.347111479062E-14,2.7345E+03));
#971 = SEAM_CURVE('',#972,(#976,#983),.PCURVE_S1.);
#972 = LINE('',#973,#974);
#973 = CARTESIAN_POINT('',(355.,-1.347111479062E-14,2.7345E+03));
#974 = VECTOR('',#975,1.);
#975 = DIRECTION('',(0.,0.,1.));
#976 = PCURVE('',#912,#977);
#977 = DEFINITIONAL_REPRESENTATION('',(#978),#982);
#978 = LINE('',#979,#980);
#979 = CARTESIAN_POINT('',(6.28318530718,-0.));
#980 = VECTOR('',#981,1.);
#981 = DIRECTION('',(0.,1.));
#982 = ( GEOMETRIC_REPRESENTATION_CONTEXT(2) 
PARAMETRIC_REPRESENTATION_CONTEXT() REPRESENTATION_CONTEXT('2D SPACE',''
  ) );
#983 = PCURVE('',#912,#984);
#984 = DEFINITIONAL_REPRESENTATION('',(#985),#989);
#985 = LINE('',#986,#987);
#986 = CARTESIAN_POINT('',(0.,-0.));
#987 = VECTOR('',#988,1.);
#988 = DIRECTION('',(0.,1.));
#989 = ( GEOMETRIC_REPRESENTATION_CONTEXT(2) 
PARAMETRIC_REPRESENTATION_CONTEXT() REPRESENTATION_CONTEXT('2D SPACE',''
  ) );
#990 = ORIENTED_EDGE('',*,*,#991,.T.);
#991 = EDGE_CURVE('',#969,#969,#992,.T.);
#992 = SURFACE_CURVE('',#993,(#998,#1005),.PCURVE_S1.);
#993 = CIRCLE('',#994,55.);
#994 = AXIS2_PLACEMENT_3D('',#995,#996,#997);
#995 = CARTESIAN_POINT('',(300.,0.,2.7345E+03));
#996 = DIRECTION('',(0.,0.,1.));
#997 = DIRECTION('',(1.,0.,-0.));
#998 = PCURVE('',#912,#999);
#999 = DEFINITIONAL_REPRESENTATION('',(#1000),#1004);
#1000 = LINE('',#1001,#1002);
#1001 = CARTESIAN_POINT('',(0.,0.));
#1002 = VECTOR('',#1003,1.);
#1003 = DIRECTION('',(1.,0.));
#1004 = ( GEOMETRIC_REPRESENTATION_CONTEXT(2) 
PARAMETRIC_REPRESENTATION_CONTEXT() REPRESENTATION_CONTEXT('2D SPACE',''
  ) );
#1005 = PCURVE('',#1006,#1011);
#1006 = PLANE('',#1007);
#1007 = AXIS2_PLACEMENT_3D('',#1008,#1009,#1010);
#1008 = CARTESIAN_POINT('',(300.,0.,2.7345E+03));
#1009 = DIRECTION('',(0.,0.,1.));
#1010 = DIRECTION('',(1.,0.,-0.));
#1011 = DEFINITIONAL_REPRESENTATION('',(#1012),#1016);
#1012 = CIRCLE('',#1013,55.);
#1013 = AXIS2_PLACEMENT_2D('',#1014,#1015);
#1014 = CARTESIAN_POINT('',(0.,0.));
#1015 = DIRECTION('',(1.,0.));
#1016 = ( GEOMETRIC_REPRESENTATION_CONTEXT(2) 
PARAMETRIC_REPRESENTATION_CONTEXT() REPRESENTATION_CONTEXT('2D SPACE',''
  ) );
#1017 = ORIENTED_EDGE('',*,*,#968,.T.);
#1018 = ADVANCED_FACE('',(#1019),#949,.F.);
#1019 = FACE_BOUND('',#1020,.F.);
#1020 = EDGE_LOOP('',(#1021,#1022,#1045,#1067));
#1021 = ORIENTED_EDGE('',*,*,#932,.F.);
#1022 = ORIENTED_EDGE('',*,*,#1023,.F.);
#1023 = EDGE_CURVE('',#1024,#933,#1026,.T.);
#1024 = VERTEX_POINT('',#1025);
#1025 = CARTESIAN_POINT('',(328.,-6.858022075225E-15,2.7345E+03));
#1026 = SEAM_CURVE('',#1027,(#1031,#1038),.PCURVE_S1.);
#1027 = LINE('',#1028,#1029);
#1028 = CARTESIAN_POINT('',(328.,-6.858022075225E-15,2.7335E+03));
#1029 = VECTOR('',#1030,1.);
#1030 = DIRECTION('',(0.,0.,1.));
#1031 = PCURVE('',#949,#1032);
#1032 = DEFINITIONAL_REPRESENTATION('',(#1033),#1037);
#1033 = LINE('',#1034,#1035);
#1034 = CARTESIAN_POINT('',(6.28318530718,-0.));
#1035 = VECTOR('',#1036,1.);
#1036 = DIRECTION('',(0.,1.));
#1037 = ( GEOMETRIC_REPRESENTATION_CONTEXT(2) 
PARAMETRIC_REPRESENTATION_CONTEXT() REPRESENTATION_CONTEXT('2D SPACE',''
  ) );
#1038 = PCURVE('',#949,#1039);
#1039 = DEFINITIONAL_REPRESENTATION('',(#1040),#1044);
#1040 = LINE('',#1041,#1042);
#1041 = CARTESIAN_POINT('',(0.,-0.));
#1042 = VECTOR('',#1043,1.);
#1043 = DIRECTION('',(0.,1.));
#1044 = ( GEOMETRIC_REPRESENTATION_CONTEXT(2) 
PARAMETRIC_REPRESENTATION_CONTEXT() REPRESENTATION_CONTEXT('2D SPACE',''
  ) );
#1045 = ORIENTED_EDGE('',*,*,#1046,.T.);
#1046 = EDGE_CURVE('',#1024,#1024,#1047,.T.);
#1047 = SURFACE_CURVE('',#1048,(#1053,#1060),.PCURVE_S1.);
#1048 = CIRCLE('',#1049,28.);
#1049 = AXIS2_PLACEMENT_3D('',#1050,#1051,#1052);
#1050 = CARTESIAN_POINT('',(300.,0.,2.7345E+03));
#1051 = DIRECTION('',(0.,0.,1.));
#1052 = DIRECTION('',(1.,0.,-0.));
#1053 = PCURVE('',#949,#1054);
#1054 = DEFINITIONAL_REPRESENTATION('',(#1055),#1059);
#1055 = LINE('',#1056,#1057);
#1056 = CARTESIAN_POINT('',(0.,1.));
#1057 = VECTOR('',#1058,1.);
#1058 = DIRECTION('',(1.,0.));
#1059 = ( GEOMETRIC_REPRESENTATION_CONTEXT(2) 
PARAMETRIC_REPRESENTATION_CONTEXT() REPRESENTATION_CONTEXT('2D SPACE',''
  ) );
#1060 = PCURVE('',#1006,#1061);
#1061 = DEFINITIONAL_REPRESENTATION('',(#1062),#1066);
#1062 = CIRCLE('',#1063,28.);
#1063 = AXIS2_PLACEMENT_2D('',#1064,#1065);
#1064 = CARTESIAN_POINT('',(0.,0.));
#1065 = DIRECTION('',(1.,0.));
#1066 = ( GEOMETRIC_REPRESENTATION_CONTEXT(2) 
PARAMETRIC_REPRESENTATION_CONTEXT() REPRESENTATION_CONTEXT('2D SPACE',''
  ) );
#1067 = ORIENTED_EDGE('',*,*,#1023,.T.);
#1068 = ADVANCED_FACE('',(#1069,#1072,#1107,#1142,#1145),#1006,.F.);
#1069 = FACE_BOUND('',#1070,.F.);
#1070 = EDGE_LOOP('',(#1071));
#1071 = ORIENTED_EDGE('',*,*,#991,.T.);
#1072 = FACE_BOUND('',#1073,.F.);
#1073 = EDGE_LOOP('',(#1074));
#1074 = ORIENTED_EDGE('',*,*,#1075,.T.);
#1075 = EDGE_CURVE('',#1076,#1076,#1078,.T.);
#1076 = VERTEX_POINT('',#1077);
#1077 = CARTESIAN_POINT('',(261.12693304105,-21.,2.7345E+03));
#1078 = SURFACE_CURVE('',#1079,(#1084,#1095),.PCURVE_S1.);
#1079 = CIRCLE('',#1080,2.5);
#1080 = AXIS2_PLACEMENT_3D('',#1081,#1082,#1083);
#1081 = CARTESIAN_POINT('',(263.62693304105,-21.,2.7345E+03));
#1082 = DIRECTION('',(0.,0.,-1.));
#1083 = DIRECTION('',(-1.,0.,-0.));
#1084 = PCURVE('',#1006,#1085);
#1085 = DEFINITIONAL_REPRESENTATION('',(#1086),#1094);
#1086 = ( BOUNDED_CURVE() B_SPLINE_CURVE(2,(#1087,#1088,#1089,#1090,
#1091,#1092,#1093),.UNSPECIFIED.,.T.,.F.) B_SPLINE_CURVE_WITH_KNOTS((1,2
    ,2,2,2,1),(-2.094395102393,0.,2.094395102393,4.188790204786,
6.28318530718,8.377580409573),.UNSPECIFIED.) CURVE() 
GEOMETRIC_REPRESENTATION_ITEM() RATIONAL_B_SPLINE_CURVE((1.,0.5,1.,0.5,
1.,0.5,1.)) REPRESENTATION_ITEM('') );
#1087 = CARTESIAN_POINT('',(-38.87306695894,-21.));
#1088 = CARTESIAN_POINT('',(-38.87306695894,-16.66987298107));
#1089 = CARTESIAN_POINT('',(-35.12306695894,-18.83493649053));
#1090 = CARTESIAN_POINT('',(-31.37306695894,-21.));
#1091 = CARTESIAN_POINT('',(-35.12306695894,-23.16506350946));
#1092 = CARTESIAN_POINT('',(-38.87306695894,-25.33012701892));
#1093 = CARTESIAN_POINT('',(-38.87306695894,-21.));
#1094 = ( GEOMETRIC_REPRESENTATION_CONTEXT(2) 
PARAMETRIC_REPRESENTATION_CONTEXT() REPRESENTATION_CONTEXT('2D SPACE',''
  ) );
#1095 = PCURVE('',#1096,#1101);
#1096 = CYLINDRICAL_SURFACE('',#1097,2.5);
#1097 = AXIS2_PLACEMENT_3D('',#1098,#1099,#1100);
#1098 = CARTESIAN_POINT('',(263.62693304105,-21.,2.7675E+03));
#1099 = DIRECTION('',(0.,0.,-1.));
#1100 = DIRECTION('',(-1.,0.,-0.));
#1101 = DEFINITIONAL_REPRESENTATION('',(#1102),#1106);
#1102 = LINE('',#1103,#1104);
#1103 = CARTESIAN_POINT('',(0.,33.));
#1104 = VECTOR('',#1105,1.);
#1105 = DIRECTION('',(1.,0.));
#1106 = ( GEOMETRIC_REPRESENTATION_CONTEXT(2) 
PARAMETRIC_REPRESENTATION_CONTEXT() REPRESENTATION_CONTEXT('2D SPACE',''
  ) );
#1107 = FACE_BOUND('',#1108,.F.);
#1108 = EDGE_LOOP('',(#1109));
#1109 = ORIENTED_EDGE('',*,*,#1110,.T.);
#1110 = EDGE_CURVE('',#1111,#1111,#1113,.T.);
#1111 = VERTEX_POINT('',#1112);
#1112 = CARTESIAN_POINT('',(333.87306695894,-21.,2.7345E+03));
#1113 = SURFACE_CURVE('',#1114,(#1119,#1130),.PCURVE_S1.);
#1114 = CIRCLE('',#1115,2.5);
#1115 = AXIS2_PLACEMENT_3D('',#1116,#1117,#1118);
#1116 = CARTESIAN_POINT('',(336.37306695894,-21.,2.7345E+03));
#1117 = DIRECTION('',(0.,0.,-1.));
#1118 = DIRECTION('',(-1.,0.,-0.));
#1119 = PCURVE('',#1006,#1120);
#1120 = DEFINITIONAL_REPRESENTATION('',(#1121),#1129);
#1121 = ( BOUNDED_CURVE() B_SPLINE_CURVE(2,(#1122,#1123,#1124,#1125,
#1126,#1127,#1128),.UNSPECIFIED.,.T.,.F.) B_SPLINE_CURVE_WITH_KNOTS((1,2
    ,2,2,2,1),(-2.094395102393,0.,2.094395102393,4.188790204786,
6.28318530718,8.377580409573),.UNSPECIFIED.) CURVE() 
GEOMETRIC_REPRESENTATION_ITEM() RATIONAL_B_SPLINE_CURVE((1.,0.5,1.,0.5,
1.,0.5,1.)) REPRESENTATION_ITEM('') );
#1122 = CARTESIAN_POINT('',(33.873066958946,-21.));
#1123 = CARTESIAN_POINT('',(33.873066958946,-16.66987298107));
#1124 = CARTESIAN_POINT('',(37.623066958946,-18.83493649053));
#1125 = CARTESIAN_POINT('',(41.373066958946,-21.));
#1126 = CARTESIAN_POINT('',(37.623066958946,-23.16506350946));
#1127 = CARTESIAN_POINT('',(33.873066958946,-25.33012701892));
#1128 = CARTESIAN_POINT('',(33.873066958946,-21.));
#1129 = ( GEOMETRIC_REPRESENTATION_CONTEXT(2) 
PARAMETRIC_REPRESENTATION_CONTEXT() REPRESENTATION_CONTEXT('2D SPACE',''
  ) );
#1130 = PCURVE('',#1131,#1136);
#1131 = CYLINDRICAL_SURFACE('',#1132,2.5);
#1132 = AXIS2_PLACEMENT_3D('',#1133,#1134,#1135);
#1133 = CARTESIAN_POINT('',(336.37306695894,-21.,2.7675E+03));
#1134 = DIRECTION('',(0.,0.,-1.));
#1135 = DIRECTION('',(-1.,0.,-0.));
#1136 = DEFINITIONAL_REPRESENTATION('',(#1137),#1141);
#1137 = LINE('',#1138,#1139);
#1138 = CARTESIAN_POINT('',(0.,33.));
#1139 = VECTOR('',#1140,1.);
#1140 = DIRECTION('',(1.,0.));
#1141 = ( GEOMETRIC_REPRESENTATION_CONTEXT(2) 
PARAMETRIC_REPRESENTATION_CONTEXT() REPRESENTATION_CONTEXT('2D SPACE',''
  ) );
#1142 = FACE_BOUND('',#1143,.F.);
#1143 = EDGE_LOOP('',(#1144));
#1144 = ORIENTED_EDGE('',*,*,#1046,.F.);
#1145 = FACE_BOUND('',#1146,.F.);
#1146 = EDGE_LOOP('',(#1147));
#1147 = ORIENTED_EDGE('',*,*,#1148,.T.);
#1148 = EDGE_CURVE('',#1149,#1149,#1151,.T.);
#1149 = VERTEX_POINT('',#1150);
#1150 = CARTESIAN_POINT('',(297.5,42.,2.7345E+03));
#1151 = SURFACE_CURVE('',#1152,(#1157,#1168),.PCURVE_S1.);
#1152 = CIRCLE('',#1153,2.5);
#1153 = AXIS2_PLACEMENT_3D('',#1154,#1155,#1156);
#1154 = CARTESIAN_POINT('',(300.,42.,2.7345E+03));
#1155 = DIRECTION('',(0.,0.,-1.));
#1156 = DIRECTION('',(-1.,0.,-0.));
#1157 = PCURVE('',#1006,#1158);
#1158 = DEFINITIONAL_REPRESENTATION('',(#1159),#1167);
#1159 = ( BOUNDED_CURVE() B_SPLINE_CURVE(2,(#1160,#1161,#1162,#1163,
#1164,#1165,#1166),.UNSPECIFIED.,.T.,.F.) B_SPLINE_CURVE_WITH_KNOTS((1,2
    ,2,2,2,1),(-2.094395102393,0.,2.094395102393,4.188790204786,
6.28318530718,8.377580409573),.UNSPECIFIED.) CURVE() 
GEOMETRIC_REPRESENTATION_ITEM() RATIONAL_B_SPLINE_CURVE((1.,0.5,1.,0.5,
1.,0.5,1.)) REPRESENTATION_ITEM('') );
#1160 = CARTESIAN_POINT('',(-2.5,42.));
#1161 = CARTESIAN_POINT('',(-2.5,46.330127018922));
#1162 = CARTESIAN_POINT('',(1.25,44.165063509461));
#1163 = CARTESIAN_POINT('',(5.,42.));
#1164 = CARTESIAN_POINT('',(1.25,39.834936490539));
#1165 = CARTESIAN_POINT('',(-2.5,37.669872981078));
#1166 = CARTESIAN_POINT('',(-2.5,42.));
#1167 = ( GEOMETRIC_REPRESENTATION_CONTEXT(2) 
PARAMETRIC_REPRESENTATION_CONTEXT() REPRESENTATION_CONTEXT('2D SPACE',''
  ) );
#1168 = PCURVE('',#1169,#1174);
#1169 = CYLINDRICAL_SURFACE('',#1170,2.5);
#1170 = AXIS2_PLACEMENT_3D('',#1171,#1172,#1173);
#1171 = CARTESIAN_POINT('',(300.,42.,2.7675E+03));
#1172 = DIRECTION('',(0.,0.,-1.));
#1173 = DIRECTION('',(-1.,0.,-0.));
#1174 = DEFINITIONAL_REPRESENTATION('',(#1175),#1179);
#1175 = LINE('',#1176,#1177);
#1176 = CARTESIAN_POINT('',(0.,33.));
#1177 = VECTOR('',#1178,1.);
#1178 = DIRECTION('',(1.,0.));
#1179 = ( GEOMETRIC_REPRESENTATION_CONTEXT(2) 
PARAMETRIC_REPRESENTATION_CONTEXT() REPRESENTATION_CONTEXT('2D SPACE',''
  ) );
#1180 = ADVANCED_FACE('',(#1181),#1096,.T.);
#1181 = FACE_BOUND('',#1182,.T.);
#1182 = EDGE_LOOP('',(#1183,#1216,#1237,#1238));
#1183 = ORIENTED_EDGE('',*,*,#1184,.F.);
#1184 = EDGE_CURVE('',#1185,#1185,#1187,.T.);
#1185 = VERTEX_POINT('',#1186);
#1186 = CARTESIAN_POINT('',(261.12693304105,-21.,2.7225E+03));
#1187 = SURFACE_CURVE('',#1188,(#1193,#1200),.PCURVE_S1.);
#1188 = CIRCLE('',#1189,2.5);
#1189 = AXIS2_PLACEMENT_3D('',#1190,#1191,#1192);
#1190 = CARTESIAN_POINT('',(263.62693304105,-21.,2.7225E+03));
#1191 = DIRECTION('',(0.,0.,-1.));
#1192 = DIRECTION('',(-1.,0.,-0.));
#1193 = PCURVE('',#1096,#1194);
#1194 = DEFINITIONAL_REPRESENTATION('',(#1195),#1199);
#1195 = LINE('',#1196,#1197);
#1196 = CARTESIAN_POINT('',(0.,45.));
#1197 = VECTOR('',#1198,1.);
#1198 = DIRECTION('',(1.,0.));
#1199 = ( GEOMETRIC_REPRESENTATION_CONTEXT(2) 
PARAMETRIC_REPRESENTATION_CONTEXT() REPRESENTATION_CONTEXT('2D SPACE',''
  ) );
#1200 = PCURVE('',#1201,#1206);
#1201 = PLANE('',#1202);
#1202 = AXIS2_PLACEMENT_3D('',#1203,#1204,#1205);
#1203 = CARTESIAN_POINT('',(300.,0.,2.7225E+03));
#1204 = DIRECTION('',(0.,0.,1.));
#1205 = DIRECTION('',(1.,0.,-0.));
#1206 = DEFINITIONAL_REPRESENTATION('',(#1207),#1215);
#1207 = ( BOUNDED_CURVE() B_SPLINE_CURVE(2,(#1208,#1209,#1210,#1211,
#1212,#1213,#1214),.UNSPECIFIED.,.T.,.F.) B_SPLINE_CURVE_WITH_KNOTS((1,2
    ,2,2,2,1),(-2.094395102393,0.,2.094395102393,4.188790204786,
6.28318530718,8.377580409573),.UNSPECIFIED.) CURVE() 
GEOMETRIC_REPRESENTATION_ITEM() RATIONAL_B_SPLINE_CURVE((1.,0.5,1.,0.5,
1.,0.5,1.)) REPRESENTATION_ITEM('') );
#1208 = CARTESIAN_POINT('',(-38.87306695894,-21.));
#1209 = CARTESIAN_POINT('',(-38.87306695894,-16.66987298107));
#1210 = CARTESIAN_POINT('',(-35.12306695894,-18.83493649053));
#1211 = CARTESIAN_POINT('',(-31.37306695894,-21.));
#1212 = CARTESIAN_POINT('',(-35.12306695894,-23.16506350946));
#1213 = CARTESIAN_POINT('',(-38.87306695894,-25.33012701892));
#1214 = CARTESIAN_POINT('',(-38.87306695894,-21.));
#1215 = ( GEOMETRIC_REPRESENTATION_CONTEXT(2) 
PARAMETRIC_REPRESENTATION_CONTEXT() REPRESENTATION_CONTEXT('2D SPACE',''
  ) );
#1216 = ORIENTED_EDGE('',*,*,#1217,.F.);
#1217 = EDGE_CURVE('',#1076,#1185,#1218,.T.);
#1218 = SEAM_CURVE('',#1219,(#1223,#1230),.PCURVE_S1.);
#1219 = LINE('',#1220,#1221);
#1220 = CARTESIAN_POINT('',(261.12693304105,-21.,2.7675E+03));
#1221 = VECTOR('',#1222,1.);
#1222 = DIRECTION('',(0.,0.,-1.));
#1223 = PCURVE('',#1096,#1224);
#1224 = DEFINITIONAL_REPRESENTATION('',(#1225),#1229);
#1225 = LINE('',#1226,#1227);
#1226 = CARTESIAN_POINT('',(6.28318530718,-0.));
#1227 = VECTOR('',#1228,1.);
#1228 = DIRECTION('',(0.,1.));
#1229 = ( GEOMETRIC_REPRESENTATION_CONTEXT(2) 
PARAMETRIC_REPRESENTATION_CONTEXT() REPRESENTATION_CONTEXT('2D SPACE',''
  ) );
#1230 = PCURVE('',#1096,#1231);
#1231 = DEFINITIONAL_REPRESENTATION('',(#1232),#1236);
#1232 = LINE('',#1233,#1234);
#1233 = CARTESIAN_POINT('',(0.,-0.));
#1234 = VECTOR('',#1235,1.);
#1235 = DIRECTION('',(0.,1.));
#1236 = ( GEOMETRIC_REPRESENTATION_CONTEXT(2) 
PARAMETRIC_REPRESENTATION_CONTEXT() REPRESENTATION_CONTEXT('2D SPACE',''
  ) );
#1237 = ORIENTED_EDGE('',*,*,#1075,.T.);
#1238 = ORIENTED_EDGE('',*,*,#1217,.T.);
#1239 = ADVANCED_FACE('',(#1240),#1131,.T.);
#1240 = FACE_BOUND('',#1241,.T.);
#1241 = EDGE_LOOP('',(#1242,#1270,#1291,#1292));
#1242 = ORIENTED_EDGE('',*,*,#1243,.F.);
#1243 = EDGE_CURVE('',#1244,#1244,#1246,.T.);
#1244 = VERTEX_POINT('',#1245);
#1245 = CARTESIAN_POINT('',(333.87306695894,-21.,2.7225E+03));
#1246 = SURFACE_CURVE('',#1247,(#1252,#1259),.PCURVE_S1.);
#1247 = CIRCLE('',#1248,2.5);
#1248 = AXIS2_PLACEMENT_3D('',#1249,#1250,#1251);
#1249 = CARTESIAN_POINT('',(336.37306695894,-21.,2.7225E+03));
#1250 = DIRECTION('',(0.,0.,-1.));
#1251 = DIRECTION('',(-1.,0.,-0.));
#1252 = PCURVE('',#1131,#1253);
#1253 = DEFINITIONAL_REPRESENTATION('',(#1254),#1258);
#1254 = LINE('',#1255,#1256);
#1255 = CARTESIAN_POINT('',(0.,45.));
#1256 = VECTOR('',#1257,1.);
#1257 = DIRECTION('',(1.,0.));
#1258 = ( GEOMETRIC_REPRESENTATION_CONTEXT(2) 
PARAMETRIC_REPRESENTATION_CONTEXT() REPRESENTATION_CONTEXT('2D SPACE',''
  ) );
#1259 = PCURVE('',#1201,#1260);
#1260 = DEFINITIONAL_REPRESENTATION('',(#1261),#1269);
#1261 = ( BOUNDED_CURVE() B_SPLINE_CURVE(2,(#1262,#1263,#1264,#1265,
#1266,#1267,#1268),.UNSPECIFIED.,.T.,.F.) B_SPLINE_CURVE_WITH_KNOTS((1,2
    ,2,2,2,1),(-2.094395102393,0.,2.094395102393,4.188790204786,
6.28318530718,8.377580409573),.UNSPECIFIED.) CURVE() 
GEOMETRIC_REPRESENTATION_ITEM() RATIONAL_B_SPLINE_CURVE((1.,0.5,1.,0.5,
1.,0.5,1.)) REPRESENTATION_ITEM('') );
#1262 = CARTESIAN_POINT('',(33.873066958946,-21.));
#1263 = CARTESIAN_POINT('',(33.873066958946,-16.66987298107));
#1264 = CARTESIAN_POINT('',(37.623066958946,-18.83493649053));
#1265 = CARTESIAN_POINT('',(41.373066958946,-21.));
#1266 = CARTESIAN_POINT('',(37.623066958946,-23.16506350946));
#1267 = CARTESIAN_POINT('',(33.873066958946,-25.33012701892));
#1268 = CARTESIAN_POINT('',(33.873066958946,-21.));
#1269 = ( GEOMETRIC_REPRESENTATION_CONTEXT(2) 
PARAMETRIC_REPRESENTATION_CONTEXT() REPRESENTATION_CONTEXT('2D SPACE',''
  ) );
#1270 = ORIENTED_EDGE('',*,*,#1271,.F.);
#1271 = EDGE_CURVE('',#1111,#1244,#1272,.T.);
#1272 = SEAM_CURVE('',#1273,(#1277,#1284),.PCURVE_S1.);
#1273 = LINE('',#1274,#1275);
#1274 = CARTESIAN_POINT('',(333.87306695894,-21.,2.7675E+03));
#1275 = VECTOR('',#1276,1.);
#1276 = DIRECTION('',(0.,0.,-1.));
#1277 = PCURVE('',#1131,#1278);
#1278 = DEFINITIONAL_REPRESENTATION('',(#1279),#1283);
#1279 = LINE('',#1280,#1281);
#1280 = CARTESIAN_POINT('',(6.28318530718,-0.));
#1281 = VECTOR('',#1282,1.);
#1282 = DIRECTION('',(0.,1.));
#1283 = ( GEOMETRIC_REPRESENTATION_CONTEXT(2) 
PARAMETRIC_REPRESENTATION_CONTEXT() REPRESENTATION_CONTEXT('2D SPACE',''
  ) );
#1284 = PCURVE('',#1131,#1285);
#1285 = DEFINITIONAL_REPRESENTATION('',(#1286),#1290);
#1286 = LINE('',#1287,#1288);
#1287 = CARTESIAN_POINT('',(0.,-0.));
#1288 = VECTOR('',#1289,1.);
#1289 = DIRECTION('',(0.,1.));
#1290 = ( GEOMETRIC_REPRESENTATION_CONTEXT(2) 
PARAMETRIC_REPRESENTATION_CONTEXT() REPRESENTATION_CONTEXT('2D SPACE',''
  ) );
#1291 = ORIENTED_EDGE('',*,*,#1110,.T.);
#1292 = ORIENTED_EDGE('',*,*,#1271,.T.);
#1293 = ADVANCED_FACE('',(#1294),#1169,.T.);
#1294 = FACE_BOUND('',#1295,.T.);
#1295 = EDGE_LOOP('',(#1296,#1324,#1345,#1346));
#1296 = ORIENTED_EDGE('',*,*,#1297,.F.);
#1297 = EDGE_CURVE('',#1298,#1298,#1300,.T.);
#1298 = VERTEX_POINT('',#1299);
#1299 = CARTESIAN_POINT('',(297.5,42.,2.7225E+03));
#1300 = SURFACE_CURVE('',#1301,(#1306,#1313),.PCURVE_S1.);
#1301 = CIRCLE('',#1302,2.5);
#1302 = AXIS2_PLACEMENT_3D('',#1303,#1304,#1305);
#1303 = CARTESIAN_POINT('',(300.,42.,2.7225E+03));
#1304 = DIRECTION('',(0.,0.,-1.));
#1305 = DIRECTION('',(-1.,0.,-0.));
#1306 = PCURVE('',#1169,#1307);
#1307 = DEFINITIONAL_REPRESENTATION('',(#1308),#1312);
#1308 = LINE('',#1309,#1310);
#1309 = CARTESIAN_POINT('',(0.,45.));
#1310 = VECTOR('',#1311,1.);
#1311 = DIRECTION('',(1.,0.));
#1312 = ( GEOMETRIC_REPRESENTATION_CONTEXT(2) 
PARAMETRIC_REPRESENTATION_CONTEXT() REPRESENTATION_CONTEXT('2D SPACE',''
  ) );
#1313 = PCURVE('',#1201,#1314);
#1314 = DEFINITIONAL_REPRESENTATION('',(#1315),#1323);
#1315 = ( BOUNDED_CURVE() B_SPLINE_CURVE(2,(#1316,#1317,#1318,#1319,
#1320,#1321,#1322),.UNSPECIFIED.,.T.,.F.) B_SPLINE_CURVE_WITH_KNOTS((1,2
    ,2,2,2,1),(-2.094395102393,0.,2.094395102393,4.188790204786,
6.28318530718,8.377580409573),.UNSPECIFIED.) CURVE() 
GEOMETRIC_REPRESENTATION_ITEM() RATIONAL_B_SPLINE_CURVE((1.,0.5,1.,0.5,
1.,0.5,1.)) REPRESENTATION_ITEM('') );
#1316 = CARTESIAN_POINT('',(-2.5,42.));
#1317 = CARTESIAN_POINT('',(-2.5,46.330127018922));
#1318 = CARTESIAN_POINT('',(1.25,44.165063509461));
#1319 = CARTESIAN_POINT('',(5.,42.));
#1320 = CARTESIAN_POINT('',(1.25,39.834936490539));
#1321 = CARTESIAN_POINT('',(-2.5,37.669872981078));
#1322 = CARTESIAN_POINT('',(-2.5,42.));
#1323 = ( GEOMETRIC_REPRESENTATION_CONTEXT(2) 
PARAMETRIC_REPRESENTATION_CONTEXT() REPRESENTATION_CONTEXT('2D SPACE',''
  ) );
#1324 = ORIENTED_EDGE('',*,*,#1325,.F.);
#1325 = EDGE_CURVE('',#1149,#1298,#1326,.T.);
#1326 = SEAM_CURVE('',#1327,(#1331,#1338),.PCURVE_S1.);
#1327 = LINE('',#1328,#1329);
#1328 = CARTESIAN_POINT('',(297.5,42.,2.7675E+03));
#1329 = VECTOR('',#1330,1.);
#1330 = DIRECTION('',(0.,0.,-1.));
#1331 = PCURVE('',#1169,#1332);
#1332 = DEFINITIONAL_REPRESENTATION('',(#1333),#1337);
#1333 = LINE('',#1334,#1335);
#1334 = CARTESIAN_POINT('',(6.28318530718,-0.));
#1335 = VECTOR('',#1336,1.);
#1336 = DIRECTION('',(0.,1.));
#1337 = ( GEOMETRIC_REPRESENTATION_CONTEXT(2) 
PARAMETRIC_REPRESENTATION_CONTEXT() REPRESENTATION_CONTEXT('2D SPACE',''
  ) );
#1338 = PCURVE('',#1169,#1339);
#1339 = DEFINITIONAL_REPRESENTATION('',(#1340),#1344);
#1340 = LINE('',#1341,#1342);
#1341 = CARTESIAN_POINT('',(0.,-0.));
#1342 = VECTOR('',#1343,1.);
#1343 = DIRECTION('',(0.,1.));
#1344 = ( GEOMETRIC_REPRESENTATION_CONTEXT(2) 
PARAMETRIC_REPRESENTATION_CONTEXT() REPRESENTATION_CONTEXT('2D SPACE',''
  ) );
#1345 = ORIENTED_EDGE('',*,*,#1148,.T.);
#1346 = ORIENTED_EDGE('',*,*,#1325,.T.);
#1347 = ADVANCED_FACE('',(#1348,#1379,#1382,#1385,#1416),#1201,.T.);
#1348 = FACE_BOUND('',#1349,.T.);
#1349 = EDGE_LOOP('',(#1350));
#1350 = ORIENTED_EDGE('',*,*,#1351,.T.);
#1351 = EDGE_CURVE('',#1352,#1352,#1354,.T.);
#1352 = VERTEX_POINT('',#1353);
#1353 = CARTESIAN_POINT('',(355.,-1.347111479062E-14,2.7225E+03));
#1354 = SURFACE_CURVE('',#1355,(#1360,#1367),.PCURVE_S1.);
#1355 = CIRCLE('',#1356,55.);
#1356 = AXIS2_PLACEMENT_3D('',#1357,#1358,#1359);
#1357 = CARTESIAN_POINT('',(300.,0.,2.7225E+03));
#1358 = DIRECTION('',(0.,0.,1.));
#1359 = DIRECTION('',(1.,0.,-0.));
#1360 = PCURVE('',#1201,#1361);
#1361 = DEFINITIONAL_REPRESENTATION('',(#1362),#1366);
#1362 = CIRCLE('',#1363,55.);
#1363 = AXIS2_PLACEMENT_2D('',#1364,#1365);
#1364 = CARTESIAN_POINT('',(0.,0.));
#1365 = DIRECTION('',(1.,0.));
#1366 = ( GEOMETRIC_REPRESENTATION_CONTEXT(2) 
PARAMETRIC_REPRESENTATION_CONTEXT() REPRESENTATION_CONTEXT('2D SPACE',''
  ) );
#1367 = PCURVE('',#1368,#1373);
#1368 = CYLINDRICAL_SURFACE('',#1369,55.);
#1369 = AXIS2_PLACEMENT_3D('',#1370,#1371,#1372);
#1370 = CARTESIAN_POINT('',(300.,0.,2.7195E+03));
#1371 = DIRECTION('',(0.,0.,1.));
#1372 = DIRECTION('',(1.,0.,-0.));
#1373 = DEFINITIONAL_REPRESENTATION('',(#1374),#1378);
#1374 = LINE('',#1375,#1376);
#1375 = CARTESIAN_POINT('',(0.,3.));
#1376 = VECTOR('',#1377,1.);
#1377 = DIRECTION('',(1.,0.));
#1378 = ( GEOMETRIC_REPRESENTATION_CONTEXT(2) 
PARAMETRIC_REPRESENTATION_CONTEXT() REPRESENTATION_CONTEXT('2D SPACE',''
  ) );
#1379 = FACE_BOUND('',#1380,.T.);
#1380 = EDGE_LOOP('',(#1381));
#1381 = ORIENTED_EDGE('',*,*,#1184,.T.);
#1382 = FACE_BOUND('',#1383,.T.);
#1383 = EDGE_LOOP('',(#1384));
#1384 = ORIENTED_EDGE('',*,*,#1243,.T.);
#1385 = FACE_BOUND('',#1386,.T.);
#1386 = EDGE_LOOP('',(#1387));
#1387 = ORIENTED_EDGE('',*,*,#1388,.F.);
#1388 = EDGE_CURVE('',#1389,#1389,#1391,.T.);
#1389 = VERTEX_POINT('',#1390);
#1390 = CARTESIAN_POINT('',(328.,-6.858022075225E-15,2.7225E+03));
#1391 = SURFACE_CURVE('',#1392,(#1397,#1404),.PCURVE_S1.);
#1392 = CIRCLE('',#1393,28.);
#1393 = AXIS2_PLACEMENT_3D('',#1394,#1395,#1396);
#1394 = CARTESIAN_POINT('',(300.,0.,2.7225E+03));
#1395 = DIRECTION('',(0.,0.,1.));
#1396 = DIRECTION('',(1.,0.,-0.));
#1397 = PCURVE('',#1201,#1398);
#1398 = DEFINITIONAL_REPRESENTATION('',(#1399),#1403);
#1399 = CIRCLE('',#1400,28.);
#1400 = AXIS2_PLACEMENT_2D('',#1401,#1402);
#1401 = CARTESIAN_POINT('',(0.,0.));
#1402 = DIRECTION('',(1.,0.));
#1403 = ( GEOMETRIC_REPRESENTATION_CONTEXT(2) 
PARAMETRIC_REPRESENTATION_CONTEXT() REPRESENTATION_CONTEXT('2D SPACE',''
  ) );
#1404 = PCURVE('',#1405,#1410);
#1405 = CYLINDRICAL_SURFACE('',#1406,28.);
#1406 = AXIS2_PLACEMENT_3D('',#1407,#1408,#1409);
#1407 = CARTESIAN_POINT('',(300.,0.,2.7185E+03));
#1408 = DIRECTION('',(0.,0.,1.));
#1409 = DIRECTION('',(1.,0.,-0.));
#1410 = DEFINITIONAL_REPRESENTATION('',(#1411),#1415);
#1411 = LINE('',#1412,#1413);
#1412 = CARTESIAN_POINT('',(0.,4.));
#1413 = VECTOR('',#1414,1.);
#1414 = DIRECTION('',(1.,0.));
#1415 = ( GEOMETRIC_REPRESENTATION_CONTEXT(2) 
PARAMETRIC_REPRESENTATION_CONTEXT() REPRESENTATION_CONTEXT('2D SPACE',''
  ) );
#1416 = FACE_BOUND('',#1417,.T.);
#1417 = EDGE_LOOP('',(#1418));
#1418 = ORIENTED_EDGE('',*,*,#1297,.T.);
#1419 = ADVANCED_FACE('',(#1420),#1368,.T.);
#1420 = FACE_BOUND('',#1421,.T.);
#1421 = EDGE_LOOP('',(#1422,#1423,#1446,#1473));
#1422 = ORIENTED_EDGE('',*,*,#1351,.F.);
#1423 = ORIENTED_EDGE('',*,*,#1424,.F.);
#1424 = EDGE_CURVE('',#1425,#1352,#1427,.T.);
#1425 = VERTEX_POINT('',#1426);
#1426 = CARTESIAN_POINT('',(355.,-1.347111479062E-14,2.7195E+03));
#1427 = SEAM_CURVE('',#1428,(#1432,#1439),.PCURVE_S1.);
#1428 = LINE('',#1429,#1430);
#1429 = CARTESIAN_POINT('',(355.,-1.347111479062E-14,2.7195E+03));
#1430 = VECTOR('',#1431,1.);
#1431 = DIRECTION('',(0.,0.,1.));
#1432 = PCURVE('',#1368,#1433);
#1433 = DEFINITIONAL_REPRESENTATION('',(#1434),#1438);
#1434 = LINE('',#1435,#1436);
#1435 = CARTESIAN_POINT('',(6.28318530718,-0.));
#1436 = VECTOR('',#1437,1.);
#1437 = DIRECTION('',(0.,1.));
#1438 = ( GEOMETRIC_REPRESENTATION_CONTEXT(2) 
PARAMETRIC_REPRESENTATION_CONTEXT() REPRESENTATION_CONTEXT('2D SPACE',''
  ) );
#1439 = PCURVE('',#1368,#1440);
#1440 = DEFINITIONAL_REPRESENTATION('',(#1441),#1445);
#1441 = LINE('',#1442,#1443);
#1442 = CARTESIAN_POINT('',(0.,-0.));
#1443 = VECTOR('',#1444,1.);
#1444 = DIRECTION('',(0.,1.));
#1445 = ( GEOMETRIC_REPRESENTATION_CONTEXT(2) 
PARAMETRIC_REPRESENTATION_CONTEXT() REPRESENTATION_CONTEXT('2D SPACE',''
  ) );
#1446 = ORIENTED_EDGE('',*,*,#1447,.T.);
#1447 = EDGE_CURVE('',#1425,#1425,#1448,.T.);
#1448 = SURFACE_CURVE('',#1449,(#1454,#1461),.PCURVE_S1.);
#1449 = CIRCLE('',#1450,55.);
#1450 = AXIS2_PLACEMENT_3D('',#1451,#1452,#1453);
#1451 = CARTESIAN_POINT('',(300.,0.,2.7195E+03));
#1452 = DIRECTION('',(0.,0.,1.));
#1453 = DIRECTION('',(1.,0.,-0.));
#1454 = PCURVE('',#1368,#1455);
#1455 = DEFINITIONAL_REPRESENTATION('',(#1456),#1460);
#1456 = LINE('',#1457,#1458);
#1457 = CARTESIAN_POINT('',(0.,0.));
#1458 = VECTOR('',#1459,1.);
#1459 = DIRECTION('',(1.,0.));
#1460 = ( GEOMETRIC_REPRESENTATION_CONTEXT(2) 
PARAMETRIC_REPRESENTATION_CONTEXT() REPRESENTATION_CONTEXT('2D SPACE',''
  ) );
#1461 = PCURVE('',#1462,#1467);
#1462 = PLANE('',#1463);
#1463 = AXIS2_PLACEMENT_3D('',#1464,#1465,#1466);
#1464 = CARTESIAN_POINT('',(300.,0.,2.7195E+03));
#1465 = DIRECTION('',(0.,0.,1.));
#1466 = DIRECTION('',(1.,0.,-0.));
#1467 = DEFINITIONAL_REPRESENTATION('',(#1468),#1472);
#1468 = CIRCLE('',#1469,55.);
#1469 = AXIS2_PLACEMENT_2D('',#1470,#1471);
#1470 = CARTESIAN_POINT('',(0.,0.));
#1471 = DIRECTION('',(1.,0.));
#1472 = ( GEOMETRIC_REPRESENTATION_CONTEXT(2) 
PARAMETRIC_REPRESENTATION_CONTEXT() REPRESENTATION_CONTEXT('2D SPACE',''
  ) );
#1473 = ORIENTED_EDGE('',*,*,#1424,.T.);
#1474 = ADVANCED_FACE('',(#1475),#1405,.F.);
#1475 = FACE_BOUND('',#1476,.F.);
#1476 = EDGE_LOOP('',(#1477,#1478,#1501,#1523));
#1477 = ORIENTED_EDGE('',*,*,#1388,.F.);
#1478 = ORIENTED_EDGE('',*,*,#1479,.F.);
#1479 = EDGE_CURVE('',#1480,#1389,#1482,.T.);
#1480 = VERTEX_POINT('',#1481);
#1481 = CARTESIAN_POINT('',(328.,-6.858022075225E-15,2.7195E+03));
#1482 = SEAM_CURVE('',#1483,(#1487,#1494),.PCURVE_S1.);
#1483 = LINE('',#1484,#1485);
#1484 = CARTESIAN_POINT('',(328.,-6.858022075225E-15,2.7185E+03));
#1485 = VECTOR('',#1486,1.);
#1486 = DIRECTION('',(0.,0.,1.));
#1487 = PCURVE('',#1405,#1488);
#1488 = DEFINITIONAL_REPRESENTATION('',(#1489),#1493);
#1489 = LINE('',#1490,#1491);
#1490 = CARTESIAN_POINT('',(6.28318530718,-0.));
#1491 = VECTOR('',#1492,1.);
#1492 = DIRECTION('',(0.,1.));
#1493 = ( GEOMETRIC_REPRESENTATION_CONTEXT(2) 
PARAMETRIC_REPRESENTATION_CONTEXT() REPRESENTATION_CONTEXT('2D SPACE',''
  ) );
#1494 = PCURVE('',#1405,#1495);
#1495 = DEFINITIONAL_REPRESENTATION('',(#1496),#1500);
#1496 = LINE('',#1497,#1498);
#1497 = CARTESIAN_POINT('',(0.,-0.));
#1498 = VECTOR('',#1499,1.);
#1499 = DIRECTION('',(0.,1.));
#1500 = ( GEOMETRIC_REPRESENTATION_CONTEXT(2) 
PARAMETRIC_REPRESENTATION_CONTEXT() REPRESENTATION_CONTEXT('2D SPACE',''
  ) );
#1501 = ORIENTED_EDGE('',*,*,#1502,.T.);
#1502 = EDGE_CURVE('',#1480,#1480,#1503,.T.);
#1503 = SURFACE_CURVE('',#1504,(#1509,#1516),.PCURVE_S1.);
#1504 = CIRCLE('',#1505,28.);
#1505 = AXIS2_PLACEMENT_3D('',#1506,#1507,#1508);
#1506 = CARTESIAN_POINT('',(300.,0.,2.7195E+03));
#1507 = DIRECTION('',(0.,0.,1.));
#1508 = DIRECTION('',(1.,0.,-0.));
#1509 = PCURVE('',#1405,#1510);
#1510 = DEFINITIONAL_REPRESENTATION('',(#1511),#1515);
#1511 = LINE('',#1512,#1513);
#1512 = CARTESIAN_POINT('',(0.,1.));
#1513 = VECTOR('',#1514,1.);
#1514 = DIRECTION('',(1.,0.));
#1515 = ( GEOMETRIC_REPRESENTATION_CONTEXT(2) 
PARAMETRIC_REPRESENTATION_CONTEXT() REPRESENTATION_CONTEXT('2D SPACE',''
  ) );
#1516 = PCURVE('',#1462,#1517);
#1517 = DEFINITIONAL_REPRESENTATION('',(#1518),#1522);
#1518 = CIRCLE('',#1519,28.);
#1519 = AXIS2_PLACEMENT_2D('',#1520,#1521);
#1520 = CARTESIAN_POINT('',(0.,0.));
#1521 = DIRECTION('',(1.,0.));
#1522 = ( GEOMETRIC_REPRESENTATION_CONTEXT(2) 
PARAMETRIC_REPRESENTATION_CONTEXT() REPRESENTATION_CONTEXT('2D SPACE',''
  ) );
#1523 = ORIENTED_EDGE('',*,*,#1479,.T.);
#1524 = ADVANCED_FACE('',(#1525,#1528,#1563,#1598,#1601),#1462,.F.);
#1525 = FACE_BOUND('',#1526,.F.);
#1526 = EDGE_LOOP('',(#1527));
#1527 = ORIENTED_EDGE('',*,*,#1447,.T.);
#1528 = FACE_BOUND('',#1529,.F.);
#1529 = EDGE_LOOP('',(#1530));
#1530 = ORIENTED_EDGE('',*,*,#1531,.T.);
#1531 = EDGE_CURVE('',#1532,#1532,#1534,.T.);
#1532 = VERTEX_POINT('',#1533);
#1533 = CARTESIAN_POINT('',(261.12693304105,-21.,2.7195E+03));
#1534 = SURFACE_CURVE('',#1535,(#1540,#1551),.PCURVE_S1.);
#1535 = CIRCLE('',#1536,2.5);
#1536 = AXIS2_PLACEMENT_3D('',#1537,#1538,#1539);
#1537 = CARTESIAN_POINT('',(263.62693304105,-21.,2.7195E+03));
#1538 = DIRECTION('',(0.,0.,-1.));
#1539 = DIRECTION('',(-1.,0.,-0.));
#1540 = PCURVE('',#1462,#1541);
#1541 = DEFINITIONAL_REPRESENTATION('',(#1542),#1550);
#1542 = ( BOUNDED_CURVE() B_SPLINE_CURVE(2,(#1543,#1544,#1545,#1546,
#1547,#1548,#1549),.UNSPECIFIED.,.T.,.F.) B_SPLINE_CURVE_WITH_KNOTS((1,2
    ,2,2,2,1),(-2.094395102393,0.,2.094395102393,4.188790204786,
6.28318530718,8.377580409573),.UNSPECIFIED.) CURVE() 
GEOMETRIC_REPRESENTATION_ITEM() RATIONAL_B_SPLINE_CURVE((1.,0.5,1.,0.5,
1.,0.5,1.)) REPRESENTATION_ITEM('') );
#1543 = CARTESIAN_POINT('',(-38.87306695894,-21.));
#1544 = CARTESIAN_POINT('',(-38.87306695894,-16.66987298107));
#1545 = CARTESIAN_POINT('',(-35.12306695894,-18.83493649053));
#1546 = CARTESIAN_POINT('',(-31.37306695894,-21.));
#1547 = CARTESIAN_POINT('',(-35.12306695894,-23.16506350946));
#1548 = CARTESIAN_POINT('',(-38.87306695894,-25.33012701892));
#1549 = CARTESIAN_POINT('',(-38.87306695894,-21.));
#1550 = ( GEOMETRIC_REPRESENTATION_CONTEXT(2) 
PARAMETRIC_REPRESENTATION_CONTEXT() REPRESENTATION_CONTEXT('2D SPACE',''
  ) );
#1551 = PCURVE('',#1552,#1557);
#1552 = CYLINDRICAL_SURFACE('',#1553,2.5);
#1553 = AXIS2_PLACEMENT_3D('',#1554,#1555,#1556);
#1554 = CARTESIAN_POINT('',(263.62693304105,-21.,2.7675E+03));
#1555 = DIRECTION('',(0.,0.,-1.));
#1556 = DIRECTION('',(-1.,0.,-0.));
#1557 = DEFINITIONAL_REPRESENTATION('',(#1558),#1562);
#1558 = LINE('',#1559,#1560);
#1559 = CARTESIAN_POINT('',(0.,48.));
#1560 = VECTOR('',#1561,1.);
#1561 = DIRECTION('',(1.,0.));
#1562 = ( GEOMETRIC_REPRESENTATION_CONTEXT(2) 
PARAMETRIC_REPRESENTATION_CONTEXT() REPRESENTATION_CONTEXT('2D SPACE',''
  ) );
#1563 = FACE_BOUND('',#1564,.F.);
#1564 = EDGE_LOOP('',(#1565));
#1565 = ORIENTED_EDGE('',*,*,#1566,.T.);
#1566 = EDGE_CURVE('',#1567,#1567,#1569,.T.);
#1567 = VERTEX_POINT('',#1568);
#1568 = CARTESIAN_POINT('',(333.87306695894,-21.,2.7195E+03));
#1569 = SURFACE_CURVE('',#1570,(#1575,#1586),.PCURVE_S1.);
#1570 = CIRCLE('',#1571,2.5);
#1571 = AXIS2_PLACEMENT_3D('',#1572,#1573,#1574);
#1572 = CARTESIAN_POINT('',(336.37306695894,-21.,2.7195E+03));
#1573 = DIRECTION('',(0.,0.,-1.));
#1574 = DIRECTION('',(-1.,0.,-0.));
#1575 = PCURVE('',#1462,#1576);
#1576 = DEFINITIONAL_REPRESENTATION('',(#1577),#1585);
#1577 = ( BOUNDED_CURVE() B_SPLINE_CURVE(2,(#1578,#1579,#1580,#1581,
#1582,#1583,#1584),.UNSPECIFIED.,.T.,.F.) B_SPLINE_CURVE_WITH_KNOTS((1,2
    ,2,2,2,1),(-2.094395102393,0.,2.094395102393,4.188790204786,
6.28318530718,8.377580409573),.UNSPECIFIED.) CURVE() 
GEOMETRIC_REPRESENTATION_ITEM() RATIONAL_B_SPLINE_CURVE((1.,0.5,1.,0.5,
1.,0.5,1.)) REPRESENTATION_ITEM('') );
#1578 = CARTESIAN_POINT('',(33.873066958946,-21.));
#1579 = CARTESIAN_POINT('',(33.873066958946,-16.66987298107));
#1580 = CARTESIAN_POINT('',(37.623066958946,-18.83493649053));
#1581 = CARTESIAN_POINT('',(41.373066958946,-21.));
#1582 = CARTESIAN_POINT('',(37.623066958946,-23.16506350946));
#1583 = CARTESIAN_POINT('',(33.873066958946,-25.33012701892));
#1584 = CARTESIAN_POINT('',(33.873066958946,-21.));
#1585 = ( GEOMETRIC_REPRESENTATION_CONTEXT(2) 
PARAMETRIC_REPRESENTATION_CONTEXT() REPRESENTATION_CONTEXT('2D SPACE',''
  ) );
#1586 = PCURVE('',#1587,#1592);
#1587 = CYLINDRICAL_SURFACE('',#1588,2.5);
#1588 = AXIS2_PLACEMENT_3D('',#1589,#1590,#1591);
#1589 = CARTESIAN_POINT('',(336.37306695894,-21.,2.7675E+03));
#1590 = DIRECTION('',(0.,0.,-1.));
#1591 = DIRECTION('',(-1.,0.,-0.));
#1592 = DEFINITIONAL_REPRESENTATION('',(#1593),#1597);
#1593 = LINE('',#1594,#1595);
#1594 = CARTESIAN_POINT('',(0.,48.));
#1595 = VECTOR('',#1596,1.);
#1596 = DIRECTION('',(1.,0.));
#1597 = ( GEOMETRIC_REPRESENTATION_CONTEXT(2) 
PARAMETRIC_REPRESENTATION_CONTEXT() REPRESENTATION_CONTEXT('2D SPACE',''
  ) );
#1598 = FACE_BOUND('',#1599,.F.);
#1599 = EDGE_LOOP('',(#1600));
#1600 = ORIENTED_EDGE('',*,*,#1502,.F.);
#1601 = FACE_BOUND('',#1602,.F.);
#1602 = EDGE_LOOP('',(#1603));
#1603 = ORIENTED_EDGE('',*,*,#1604,.T.);
#1604 = EDGE_CURVE('',#1605,#1605,#1607,.T.);
#1605 = VERTEX_POINT('',#1606);
#1606 = CARTESIAN_POINT('',(297.5,42.,2.7195E+03));
#1607 = SURFACE_CURVE('',#1608,(#1613,#1624),.PCURVE_S1.);
#1608 = CIRCLE('',#1609,2.5);
#1609 = AXIS2_PLACEMENT_3D('',#1610,#1611,#1612);
#1610 = CARTESIAN_POINT('',(300.,42.,2.7195E+03));
#1611 = DIRECTION('',(0.,0.,-1.));
#1612 = DIRECTION('',(-1.,0.,-0.));
#1613 = PCURVE('',#1462,#1614);
#1614 = DEFINITIONAL_REPRESENTATION('',(#1615),#1623);
#1615 = ( BOUNDED_CURVE() B_SPLINE_CURVE(2,(#1616,#1617,#1618,#1619,
#1620,#1621,#1622),.UNSPECIFIED.,.T.,.F.) B_SPLINE_CURVE_WITH_KNOTS((1,2
    ,2,2,2,1),(-2.094395102393,0.,2.094395102393,4.188790204786,
6.28318530718,8.377580409573),.UNSPECIFIED.) CURVE() 
GEOMETRIC_REPRESENTATION_ITEM() RATIONAL_B_SPLINE_CURVE((1.,0.5,1.,0.5,
1.,0.5,1.)) REPRESENTATION_ITEM('') );
#1616 = CARTESIAN_POINT('',(-2.5,42.));
#1617 = CARTESIAN_POINT('',(-2.5,46.330127018922));
#1618 = CARTESIAN_POINT('',(1.25,44.165063509461));
#1619 = CARTESIAN_POINT('',(5.,42.));
#1620 = CARTESIAN_POINT('',(1.25,39.834936490539));
#1621 = CARTESIAN_POINT('',(-2.5,37.669872981078));
#1622 = CARTESIAN_POINT('',(-2.5,42.));
#1623 = ( GEOMETRIC_REPRESENTATION_CONTEXT(2) 
PARAMETRIC_REPRESENTATION_CONTEXT() REPRESENTATION_CONTEXT('2D SPACE',''
  ) );
#1624 = PCURVE('',#1625,#1630);
#1625 = CYLINDRICAL_SURFACE('',#1626,2.5);
#1626 = AXIS2_PLACEMENT_3D('',#1627,#1628,#1629);
#1627 = CARTESIAN_POINT('',(300.,42.,2.7675E+03));
#1628 = DIRECTION('',(0.,0.,-1.));
#1629 = DIRECTION('',(-1.,0.,-0.));
#1630 = DEFINITIONAL_REPRESENTATION('',(#1631),#1635);
#1631 = LINE('',#1632,#1633);
#1632 = CARTESIAN_POINT('',(0.,48.));
#1633 = VECTOR('',#1634,1.);
#1634 = DIRECTION('',(1.,0.));
#1635 = ( GEOMETRIC_REPRESENTATION_CONTEXT(2) 
PARAMETRIC_REPRESENTATION_CONTEXT() REPRESENTATION_CONTEXT('2D SPACE',''
  ) );
#1636 = ADVANCED_FACE('',(#1637),#1552,.T.);
#1637 = FACE_BOUND('',#1638,.T.);
#1638 = EDGE_LOOP('',(#1639,#1672,#1693,#1694));
#1639 = ORIENTED_EDGE('',*,*,#1640,.F.);
#1640 = EDGE_CURVE('',#1641,#1641,#1643,.T.);
#1641 = VERTEX_POINT('',#1642);
#1642 = CARTESIAN_POINT('',(261.12693304105,-21.,2.7075E+03));
#1643 = SURFACE_CURVE('',#1644,(#1649,#1656),.PCURVE_S1.);
#1644 = CIRCLE('',#1645,2.5);
#1645 = AXIS2_PLACEMENT_3D('',#1646,#1647,#1648);
#1646 = CARTESIAN_POINT('',(263.62693304105,-21.,2.7075E+03));
#1647 = DIRECTION('',(0.,0.,-1.));
#1648 = DIRECTION('',(-1.,0.,-0.));
#1649 = PCURVE('',#1552,#1650);
#1650 = DEFINITIONAL_REPRESENTATION('',(#1651),#1655);
#1651 = LINE('',#1652,#1653);
#1652 = CARTESIAN_POINT('',(0.,60.));
#1653 = VECTOR('',#1654,1.);
#1654 = DIRECTION('',(1.,0.));
#1655 = ( GEOMETRIC_REPRESENTATION_CONTEXT(2) 
PARAMETRIC_REPRESENTATION_CONTEXT() REPRESENTATION_CONTEXT('2D SPACE',''
  ) );
#1656 = PCURVE('',#1657,#1662);
#1657 = PLANE('',#1658);
#1658 = AXIS2_PLACEMENT_3D('',#1659,#1660,#1661);
#1659 = CARTESIAN_POINT('',(300.,0.,2.7075E+03));
#1660 = DIRECTION('',(0.,0.,1.));
#1661 = DIRECTION('',(1.,0.,-0.));
#1662 = DEFINITIONAL_REPRESENTATION('',(#1663),#1671);
#1663 = ( BOUNDED_CURVE() B_SPLINE_CURVE(2,(#1664,#1665,#1666,#1667,
#1668,#1669,#1670),.UNSPECIFIED.,.T.,.F.) B_SPLINE_CURVE_WITH_KNOTS((1,2
    ,2,2,2,1),(-2.094395102393,0.,2.094395102393,4.188790204786,
6.28318530718,8.377580409573),.UNSPECIFIED.) CURVE() 
GEOMETRIC_REPRESENTATION_ITEM() RATIONAL_B_SPLINE_CURVE((1.,0.5,1.,0.5,
1.,0.5,1.)) REPRESENTATION_ITEM('') );
#1664 = CARTESIAN_POINT('',(-38.87306695894,-21.));
#1665 = CARTESIAN_POINT('',(-38.87306695894,-16.66987298107));
#1666 = CARTESIAN_POINT('',(-35.12306695894,-18.83493649053));
#1667 = CARTESIAN_POINT('',(-31.37306695894,-21.));
#1668 = CARTESIAN_POINT('',(-35.12306695894,-23.16506350946));
#1669 = CARTESIAN_POINT('',(-38.87306695894,-25.33012701892));
#1670 = CARTESIAN_POINT('',(-38.87306695894,-21.));
#1671 = ( GEOMETRIC_REPRESENTATION_CONTEXT(2) 
PARAMETRIC_REPRESENTATION_CONTEXT() REPRESENTATION_CONTEXT('2D SPACE',''
  ) );
#1672 = ORIENTED_EDGE('',*,*,#1673,.F.);
#1673 = EDGE_CURVE('',#1532,#1641,#1674,.T.);
#1674 = SEAM_CURVE('',#1675,(#1679,#1686),.PCURVE_S1.);
#1675 = LINE('',#1676,#1677);
#1676 = CARTESIAN_POINT('',(261.12693304105,-21.,2.7675E+03));
#1677 = VECTOR('',#1678,1.);
#1678 = DIRECTION('',(0.,0.,-1.));
#1679 = PCURVE('',#1552,#1680);
#1680 = DEFINITIONAL_REPRESENTATION('',(#1681),#1685);
#1681 = LINE('',#1682,#1683);
#1682 = CARTESIAN_POINT('',(6.28318530718,-0.));
#1683 = VECTOR('',#1684,1.);
#1684 = DIRECTION('',(0.,1.));
#1685 = ( GEOMETRIC_REPRESENTATION_CONTEXT(2) 
PARAMETRIC_REPRESENTATION_CONTEXT() REPRESENTATION_CONTEXT('2D SPACE',''
  ) );
#1686 = PCURVE('',#1552,#1687);
#1687 = DEFINITIONAL_REPRESENTATION('',(#1688),#1692);
#1688 = LINE('',#1689,#1690);
#1689 = CARTESIAN_POINT('',(0.,-0.));
#1690 = VECTOR('',#1691,1.);
#1691 = DIRECTION('',(0.,1.));
#1692 = ( GEOMETRIC_REPRESENTATION_CONTEXT(2) 
PARAMETRIC_REPRESENTATION_CONTEXT() REPRESENTATION_CONTEXT('2D SPACE',''
  ) );
#1693 = ORIENTED_EDGE('',*,*,#1531,.T.);
#1694 = ORIENTED_EDGE('',*,*,#1673,.T.);
#1695 = ADVANCED_FACE('',(#1696),#1587,.T.);
#1696 = FACE_BOUND('',#1697,.T.);
#1697 = EDGE_LOOP('',(#1698,#1726,#1747,#1748));
#1698 = ORIENTED_EDGE('',*,*,#1699,.F.);
#1699 = EDGE_CURVE('',#1700,#1700,#1702,.T.);
#1700 = VERTEX_POINT('',#1701);
#1701 = CARTESIAN_POINT('',(333.87306695894,-21.,2.7075E+03));
#1702 = SURFACE_CURVE('',#1703,(#1708,#1715),.PCURVE_S1.);
#1703 = CIRCLE('',#1704,2.5);
#1704 = AXIS2_PLACEMENT_3D('',#1705,#1706,#1707);
#1705 = CARTESIAN_POINT('',(336.37306695894,-21.,2.7075E+03));
#1706 = DIRECTION('',(0.,0.,-1.));
#1707 = DIRECTION('',(-1.,0.,-0.));
#1708 = PCURVE('',#1587,#1709);
#1709 = DEFINITIONAL_REPRESENTATION('',(#1710),#1714);
#1710 = LINE('',#1711,#1712);
#1711 = CARTESIAN_POINT('',(0.,60.));
#1712 = VECTOR('',#1713,1.);
#1713 = DIRECTION('',(1.,0.));
#1714 = ( GEOMETRIC_REPRESENTATION_CONTEXT(2) 
PARAMETRIC_REPRESENTATION_CONTEXT() REPRESENTATION_CONTEXT('2D SPACE',''
  ) );
#1715 = PCURVE('',#1657,#1716);
#1716 = DEFINITIONAL_REPRESENTATION('',(#1717),#1725);
#1717 = ( BOUNDED_CURVE() B_SPLINE_CURVE(2,(#1718,#1719,#1720,#1721,
#1722,#1723,#1724),.UNSPECIFIED.,.T.,.F.) B_SPLINE_CURVE_WITH_KNOTS((1,2
    ,2,2,2,1),(-2.094395102393,0.,2.094395102393,4.188790204786,
6.28318530718,8.377580409573),.UNSPECIFIED.) CURVE() 
GEOMETRIC_REPRESENTATION_ITEM() RATIONAL_B_SPLINE_CURVE((1.,0.5,1.,0.5,
1.,0.5,1.)) REPRESENTATION_ITEM('') );
#1718 = CARTESIAN_POINT('',(33.873066958946,-21.));
#1719 = CARTESIAN_POINT('',(33.873066958946,-16.66987298107));
#1720 = CARTESIAN_POINT('',(37.623066958946,-18.83493649053));
#1721 = CARTESIAN_POINT('',(41.373066958946,-21.));
#1722 = CARTESIAN_POINT('',(37.623066958946,-23.16506350946));
#1723 = CARTESIAN_POINT('',(33.873066958946,-25.33012701892));
#1724 = CARTESIAN_POINT('',(33.873066958946,-21.));
#1725 = ( GEOMETRIC_REPRESENTATION_CONTEXT(2) 
PARAMETRIC_REPRESENTATION_CONTEXT() REPRESENTATION_CONTEXT('2D SPACE',''
  ) );
#1726 = ORIENTED_EDGE('',*,*,#1727,.F.);
#1727 = EDGE_CURVE('',#1567,#1700,#1728,.T.);
#1728 = SEAM_CURVE('',#1729,(#1733,#1740),.PCURVE_S1.);
#1729 = LINE('',#1730,#1731);
#1730 = CARTESIAN_POINT('',(333.87306695894,-21.,2.7675E+03));
#1731 = VECTOR('',#1732,1.);
#1732 = DIRECTION('',(0.,0.,-1.));
#1733 = PCURVE('',#1587,#1734);
#1734 = DEFINITIONAL_REPRESENTATION('',(#1735),#1739);
#1735 = LINE('',#1736,#1737);
#1736 = CARTESIAN_POINT('',(6.28318530718,-0.));
#1737 = VECTOR('',#1738,1.);
#1738 = DIRECTION('',(0.,1.));
#1739 = ( GEOMETRIC_REPRESENTATION_CONTEXT(2) 
PARAMETRIC_REPRESENTATION_CONTEXT() REPRESENTATION_CONTEXT('2D SPACE',''
  ) );
#1740 = PCURVE('',#1587,#1741);
#1741 = DEFINITIONAL_REPRESENTATION('',(#1742),#1746);
#1742 = LINE('',#1743,#1744);
#1743 = CARTESIAN_POINT('',(0.,-0.));
#1744 = VECTOR('',#1745,1.);
#1745 = DIRECTION('',(0.,1.));
#1746 = ( GEOMETRIC_REPRESENTATION_CONTEXT(2) 
PARAMETRIC_REPRESENTATION_CONTEXT() REPRESENTATION_CONTEXT('2D SPACE',''
  ) );
#1747 = ORIENTED_EDGE('',*,*,#1566,.T.);
#1748 = ORIENTED_EDGE('',*,*,#1727,.T.);
#1749 = ADVANCED_FACE('',(#1750),#1625,.T.);
#1750 = FACE_BOUND('',#1751,.T.);
#1751 = EDGE_LOOP('',(#1752,#1780,#1801,#1802));
#1752 = ORIENTED_EDGE('',*,*,#1753,.F.);
#1753 = EDGE_CURVE('',#1754,#1754,#1756,.T.);
#1754 = VERTEX_POINT('',#1755);
#1755 = CARTESIAN_POINT('',(297.5,42.,2.7075E+03));
#1756 = SURFACE_CURVE('',#1757,(#1762,#1769),.PCURVE_S1.);
#1757 = CIRCLE('',#1758,2.5);
#1758 = AXIS2_PLACEMENT_3D('',#1759,#1760,#1761);
#1759 = CARTESIAN_POINT('',(300.,42.,2.7075E+03));
#1760 = DIRECTION('',(0.,0.,-1.));
#1761 = DIRECTION('',(-1.,0.,-0.));
#1762 = PCURVE('',#1625,#1763);
#1763 = DEFINITIONAL_REPRESENTATION('',(#1764),#1768);
#1764 = LINE('',#1765,#1766);
#1765 = CARTESIAN_POINT('',(0.,60.));
#1766 = VECTOR('',#1767,1.);
#1767 = DIRECTION('',(1.,0.));
#1768 = ( GEOMETRIC_REPRESENTATION_CONTEXT(2) 
PARAMETRIC_REPRESENTATION_CONTEXT() REPRESENTATION_CONTEXT('2D SPACE',''
  ) );
#1769 = PCURVE('',#1657,#1770);
#1770 = DEFINITIONAL_REPRESENTATION('',(#1771),#1779);
#1771 = ( BOUNDED_CURVE() B_SPLINE_CURVE(2,(#1772,#1773,#1774,#1775,
#1776,#1777,#1778),.UNSPECIFIED.,.T.,.F.) B_SPLINE_CURVE_WITH_KNOTS((1,2
    ,2,2,2,1),(-2.094395102393,0.,2.094395102393,4.188790204786,
6.28318530718,8.377580409573),.UNSPECIFIED.) CURVE() 
GEOMETRIC_REPRESENTATION_ITEM() RATIONAL_B_SPLINE_CURVE((1.,0.5,1.,0.5,
1.,0.5,1.)) REPRESENTATION_ITEM('') );
#1772 = CARTESIAN_POINT('',(-2.5,42.));
#1773 = CARTESIAN_POINT('',(-2.5,46.330127018922));
#1774 = CARTESIAN_POINT('',(1.25,44.165063509461));
#1775 = CARTESIAN_POINT('',(5.,42.));
#1776 = CARTESIAN_POINT('',(1.25,39.834936490539));
#1777 = CARTESIAN_POINT('',(-2.5,37.669872981078));
#1778 = CARTESIAN_POINT('',(-2.5,42.));
#1779 = ( GEOMETRIC_REPRESENTATION_CONTEXT(2) 
PARAMETRIC_REPRESENTATION_CONTEXT() REPRESENTATION_CONTEXT('2D SPACE',''
  ) );
#1780 = ORIENTED_EDGE('',*,*,#1781,.F.);
#1781 = EDGE_CURVE('',#1605,#1754,#1782,.T.);
#1782 = SEAM_CURVE('',#1783,(#1787,#1794),.PCURVE_S1.);
#1783 = LINE('',#1784,#1785);
#1784 = CARTESIAN_POINT('',(297.5,42.,2.7675E+03));
#1785 = VECTOR('',#1786,1.);
#1786 = DIRECTION('',(0.,0.,-1.));
#1787 = PCURVE('',#1625,#1788);
#1788 = DEFINITIONAL_REPRESENTATION('',(#1789),#1793);
#1789 = LINE('',#1790,#1791);
#1790 = CARTESIAN_POINT('',(6.28318530718,-0.));
#1791 = VECTOR('',#1792,1.);
#1792 = DIRECTION('',(0.,1.));
#1793 = ( GEOMETRIC_REPRESENTATION_CONTEXT(2) 
PARAMETRIC_REPRESENTATION_CONTEXT() REPRESENTATION_CONTEXT('2D SPACE',''
  ) );
#1794 = PCURVE('',#1625,#1795);
#1795 = DEFINITIONAL_REPRESENTATION('',(#1796),#1800);
#1796 = LINE('',#1797,#1798);
#1797 = CARTESIAN_POINT('',(0.,-0.));
#1798 = VECTOR('',#1799,1.);
#1799 = DIRECTION('',(0.,1.));
#1800 = ( GEOMETRIC_REPRESENTATION_CONTEXT(2) 
PARAMETRIC_REPRESENTATION_CONTEXT() REPRESENTATION_CONTEXT('2D SPACE',''
  ) );
#1801 = ORIENTED_EDGE('',*,*,#1604,.T.);
#1802 = ORIENTED_EDGE('',*,*,#1781,.T.);
#1803 = ADVANCED_FACE('',(#1804,#1835,#1838,#1841,#1872),#1657,.T.);
#1804 = FACE_BOUND('',#1805,.T.);
#1805 = EDGE_LOOP('',(#1806));
#1806 = ORIENTED_EDGE('',*,*,#1807,.T.);
#1807 = EDGE_CURVE('',#1808,#1808,#1810,.T.);
#1808 = VERTEX_POINT('',#1809);
#1809 = CARTESIAN_POINT('',(355.,-1.347111479062E-14,2.7075E+03));
#1810 = SURFACE_CURVE('',#1811,(#1816,#1823),.PCURVE_S1.);
#1811 = CIRCLE('',#1812,55.);
#1812 = AXIS2_PLACEMENT_3D('',#1813,#1814,#1815);
#1813 = CARTESIAN_POINT('',(300.,0.,2.7075E+03));
#1814 = DIRECTION('',(0.,0.,1.));
#1815 = DIRECTION('',(1.,0.,-0.));
#1816 = PCURVE('',#1657,#1817);
#1817 = DEFINITIONAL_REPRESENTATION('',(#1818),#1822);
#1818 = CIRCLE('',#1819,55.);
#1819 = AXIS2_PLACEMENT_2D('',#1820,#1821);
#1820 = CARTESIAN_POINT('',(0.,0.));
#1821 = DIRECTION('',(1.,0.));
#1822 = ( GEOMETRIC_REPRESENTATION_CONTEXT(2) 
PARAMETRIC_REPRESENTATION_CONTEXT() REPRESENTATION_CONTEXT('2D SPACE',''
  ) );
#1823 = PCURVE('',#1824,#1829);
#1824 = CYLINDRICAL_SURFACE('',#1825,55.);
#1825 = AXIS2_PLACEMENT_3D('',#1826,#1827,#1828);
#1826 = CARTESIAN_POINT('',(300.,0.,2.7045E+03));
#1827 = DIRECTION('',(0.,0.,1.));
#1828 = DIRECTION('',(1.,0.,-0.));
#1829 = DEFINITIONAL_REPRESENTATION('',(#1830),#1834);
#1830 = LINE('',#1831,#1832);
#1831 = CARTESIAN_POINT('',(0.,3.));
#1832 = VECTOR('',#1833,1.);
#1833 = DIRECTION('',(1.,0.));
#1834 = ( GEOMETRIC_REPRESENTATION_CONTEXT(2) 
PARAMETRIC_REPRESENTATION_CONTEXT() REPRESENTATION_CONTEXT('2D SPACE',''
  ) );
#1835 = FACE_BOUND('',#1836,.T.);
#1836 = EDGE_LOOP('',(#1837));
#1837 = ORIENTED_EDGE('',*,*,#1640,.T.);
#1838 = FACE_BOUND('',#1839,.T.);
#1839 = EDGE_LOOP('',(#1840));
#1840 = ORIENTED_EDGE('',*,*,#1699,.T.);
#1841 = FACE_BOUND('',#1842,.T.);
#1842 = EDGE_LOOP('',(#1843));
#1843 = ORIENTED_EDGE('',*,*,#1844,.F.);
#1844 = EDGE_CURVE('',#1845,#1845,#1847,.T.);
#1845 = VERTEX_POINT('',#1846);
#1846 = CARTESIAN_POINT('',(328.,-6.858022075225E-15,2.7075E+03));
#1847 = SURFACE_CURVE('',#1848,(#1853,#1860),.PCURVE_S1.);
#1848 = CIRCLE('',#1849,28.);
#1849 = AXIS2_PLACEMENT_3D('',#1850,#1851,#1852);
#1850 = CARTESIAN_POINT('',(300.,0.,2.7075E+03));
#1851 = DIRECTION('',(0.,0.,1.));
#1852 = DIRECTION('',(1.,0.,-0.));
#1853 = PCURVE('',#1657,#1854);
#1854 = DEFINITIONAL_REPRESENTATION('',(#1855),#1859);
#1855 = CIRCLE('',#1856,28.);
#1856 = AXIS2_PLACEMENT_2D('',#1857,#1858);
#1857 = CARTESIAN_POINT('',(0.,0.));
#1858 = DIRECTION('',(1.,0.));
#1859 = ( GEOMETRIC_REPRESENTATION_CONTEXT(2) 
PARAMETRIC_REPRESENTATION_CONTEXT() REPRESENTATION_CONTEXT('2D SPACE',''
  ) );
#1860 = PCURVE('',#1861,#1866);
#1861 = CYLINDRICAL_SURFACE('',#1862,28.);
#1862 = AXIS2_PLACEMENT_3D('',#1863,#1864,#1865);
#1863 = CARTESIAN_POINT('',(300.,0.,2.7035E+03));
#1864 = DIRECTION('',(0.,0.,1.));
#1865 = DIRECTION('',(1.,0.,-0.));
#1866 = DEFINITIONAL_REPRESENTATION('',(#1867),#1871);
#1867 = LINE('',#1868,#1869);
#1868 = CARTESIAN_POINT('',(0.,4.));
#1869 = VECTOR('',#1870,1.);
#1870 = DIRECTION('',(1.,0.));
#1871 = ( GEOMETRIC_REPRESENTATION_CONTEXT(2) 
PARAMETRIC_REPRESENTATION_CONTEXT() REPRESENTATION_CONTEXT('2D SPACE',''
  ) );
#1872 = FACE_BOUND('',#1873,.T.);
#1873 = EDGE_LOOP('',(#1874));
#1874 = ORIENTED_EDGE('',*,*,#1753,.T.);
#1875 = ADVANCED_FACE('',(#1876),#1824,.T.);
#1876 = FACE_BOUND('',#1877,.T.);
#1877 = EDGE_LOOP('',(#1878,#1879,#1902,#1929));
#1878 = ORIENTED_EDGE('',*,*,#1807,.F.);
#1879 = ORIENTED_EDGE('',*,*,#1880,.F.);
#1880 = EDGE_CURVE('',#1881,#1808,#1883,.T.);
#1881 = VERTEX_POINT('',#1882);
#1882 = CARTESIAN_POINT('',(355.,-1.347111479062E-14,2.7045E+03));
#1883 = SEAM_CURVE('',#1884,(#1888,#1895),.PCURVE_S1.);
#1884 = LINE('',#1885,#1886);
#1885 = CARTESIAN_POINT('',(355.,-1.347111479062E-14,2.7045E+03));
#1886 = VECTOR('',#1887,1.);
#1887 = DIRECTION('',(0.,0.,1.));
#1888 = PCURVE('',#1824,#1889);
#1889 = DEFINITIONAL_REPRESENTATION('',(#1890),#1894);
#1890 = LINE('',#1891,#1892);
#1891 = CARTESIAN_POINT('',(6.28318530718,-0.));
#1892 = VECTOR('',#1893,1.);
#1893 = DIRECTION('',(0.,1.));
#1894 = ( GEOMETRIC_REPRESENTATION_CONTEXT(2) 
PARAMETRIC_REPRESENTATION_CONTEXT() REPRESENTATION_CONTEXT('2D SPACE',''
  ) );
#1895 = PCURVE('',#1824,#1896);
#1896 = DEFINITIONAL_REPRESENTATION('',(#1897),#1901);
#1897 = LINE('',#1898,#1899);
#1898 = CARTESIAN_POINT('',(0.,-0.));
#1899 = VECTOR('',#1900,1.);
#1900 = DIRECTION('',(0.,1.));
#1901 = ( GEOMETRIC_REPRESENTATION_CONTEXT(2) 
PARAMETRIC_REPRESENTATION_CONTEXT() REPRESENTATION_CONTEXT('2D SPACE',''
  ) );
#1902 = ORIENTED_EDGE('',*,*,#1903,.T.);
#1903 = EDGE_CURVE('',#1881,#1881,#1904,.T.);
#1904 = SURFACE_CURVE('',#1905,(#1910,#1917),.PCURVE_S1.);
#1905 = CIRCLE('',#1906,55.);
#1906 = AXIS2_PLACEMENT_3D('',#1907,#1908,#1909);
#1907 = CARTESIAN_POINT('',(300.,0.,2.7045E+03));
#1908 = DIRECTION('',(0.,0.,1.));
#1909 = DIRECTION('',(1.,0.,-0.));
#1910 = PCURVE('',#1824,#1911);
#1911 = DEFINITIONAL_REPRESENTATION('',(#1912),#1916);
#1912 = LINE('',#1913,#1914);
#1913 = CARTESIAN_POINT('',(0.,0.));
#1914 = VECTOR('',#1915,1.);
#1915 = DIRECTION('',(1.,0.));
#1916 = ( GEOMETRIC_REPRESENTATION_CONTEXT(2) 
PARAMETRIC_REPRESENTATION_CONTEXT() REPRESENTATION_CONTEXT('2D SPACE',''
  ) );
#1917 = PCURVE('',#1918,#1923);
#1918 = PLANE('',#1919);
#1919 = AXIS2_PLACEMENT_3D('',#1920,#1921,#1922);
#1920 = CARTESIAN_POINT('',(300.,0.,2.7045E+03));
#1921 = DIRECTION('',(0.,0.,1.));
#1922 = DIRECTION('',(1.,0.,-0.));
#1923 = DEFINITIONAL_REPRESENTATION('',(#1924),#1928);
#1924 = CIRCLE('',#1925,55.);
#1925 = AXIS2_PLACEMENT_2D('',#1926,#1927);
#1926 = CARTESIAN_POINT('',(0.,0.));
#1927 = DIRECTION('',(1.,0.));
#1928 = ( GEOMETRIC_REPRESENTATION_CONTEXT(2) 
PARAMETRIC_REPRESENTATION_CONTEXT() REPRESENTATION_CONTEXT('2D SPACE',''
  ) );
#1929 = ORIENTED_EDGE('',*,*,#1880,.T.);
#1930 = ADVANCED_FACE('',(#1931),#1861,.F.);
#1931 = FACE_BOUND('',#1932,.F.);
#1932 = EDGE_LOOP('',(#1933,#1934,#1957,#1979));
#1933 = ORIENTED_EDGE('',*,*,#1844,.F.);
#1934 = ORIENTED_EDGE('',*,*,#1935,.F.);
#1935 = EDGE_CURVE('',#1936,#1845,#1938,.T.);
#1936 = VERTEX_POINT('',#1937);
#1937 = CARTESIAN_POINT('',(328.,-6.858022075225E-15,2.7045E+03));
#1938 = SEAM_CURVE('',#1939,(#1943,#1950),.PCURVE_S1.);
#1939 = LINE('',#1940,#1941);
#1940 = CARTESIAN_POINT('',(328.,-6.858022075225E-15,2.7035E+03));
#1941 = VECTOR('',#1942,1.);
#1942 = DIRECTION('',(0.,0.,1.));
#1943 = PCURVE('',#1861,#1944);
#1944 = DEFINITIONAL_REPRESENTATION('',(#1945),#1949);
#1945 = LINE('',#1946,#1947);
#1946 = CARTESIAN_POINT('',(6.28318530718,-0.));
#1947 = VECTOR('',#1948,1.);
#1948 = DIRECTION('',(0.,1.));
#1949 = ( GEOMETRIC_REPRESENTATION_CONTEXT(2) 
PARAMETRIC_REPRESENTATION_CONTEXT() REPRESENTATION_CONTEXT('2D SPACE',''
  ) );
#1950 = PCURVE('',#1861,#1951);
#1951 = DEFINITIONAL_REPRESENTATION('',(#1952),#1956);
#1952 = LINE('',#1953,#1954);
#1953 = CARTESIAN_POINT('',(0.,-0.));
#1954 = VECTOR('',#1955,1.);
#1955 = DIRECTION('',(0.,1.));
#1956 = ( GEOMETRIC_REPRESENTATION_CONTEXT(2) 
PARAMETRIC_REPRESENTATION_CONTEXT() REPRESENTATION_CONTEXT('2D SPACE',''
  ) );
#1957 = ORIENTED_EDGE('',*,*,#1958,.T.);
#1958 = EDGE_CURVE('',#1936,#1936,#1959,.T.);
#1959 = SURFACE_CURVE('',#1960,(#1965,#1972),.PCURVE_S1.);
#1960 = CIRCLE('',#1961,28.);
#1961 = AXIS2_PLACEMENT_3D('',#1962,#1963,#1964);
#1962 = CARTESIAN_POINT('',(300.,0.,2.7045E+03));
#1963 = DIRECTION('',(0.,0.,1.));
#1964 = DIRECTION('',(1.,0.,-0.));
#1965 = PCURVE('',#1861,#1966);
#1966 = DEFINITIONAL_REPRESENTATION('',(#1967),#1971);
#1967 = LINE('',#1968,#1969);
#1968 = CARTESIAN_POINT('',(0.,1.));
#1969 = VECTOR('',#1970,1.);
#1970 = DIRECTION('',(1.,0.));
#1971 = ( GEOMETRIC_REPRESENTATION_CONTEXT(2) 
PARAMETRIC_REPRESENTATION_CONTEXT() REPRESENTATION_CONTEXT('2D SPACE',''
  ) );
#1972 = PCURVE('',#1918,#1973);
#1973 = DEFINITIONAL_REPRESENTATION('',(#1974),#1978);
#1974 = CIRCLE('',#1975,28.);
#1975 = AXIS2_PLACEMENT_2D('',#1976,#1977);
#1976 = CARTESIAN_POINT('',(0.,0.));
#1977 = DIRECTION('',(1.,0.));
#1978 = ( GEOMETRIC_REPRESENTATION_CONTEXT(2) 
PARAMETRIC_REPRESENTATION_CONTEXT() REPRESENTATION_CONTEXT('2D SPACE',''
  ) );
#1979 = ORIENTED_EDGE('',*,*,#1935,.T.);
#1980 = ADVANCED_FACE('',(#1981,#1984,#2019,#2054,#2057),#1918,.F.);
#1981 = FACE_BOUND('',#1982,.F.);
#1982 = EDGE_LOOP('',(#1983));
#1983 = ORIENTED_EDGE('',*,*,#1903,.T.);
#1984 = FACE_BOUND('',#1985,.F.);
#1985 = EDGE_LOOP('',(#1986));
#1986 = ORIENTED_EDGE('',*,*,#1987,.T.);
#1987 = EDGE_CURVE('',#1988,#1988,#1990,.T.);
#1988 = VERTEX_POINT('',#1989);
#1989 = CARTESIAN_POINT('',(261.12693304105,-21.,2.7045E+03));
#1990 = SURFACE_CURVE('',#1991,(#1996,#2007),.PCURVE_S1.);
#1991 = CIRCLE('',#1992,2.5);
#1992 = AXIS2_PLACEMENT_3D('',#1993,#1994,#1995);
#1993 = CARTESIAN_POINT('',(263.62693304105,-21.,2.7045E+03));
#1994 = DIRECTION('',(0.,0.,-1.));
#1995 = DIRECTION('',(-1.,0.,-0.));
#1996 = PCURVE('',#1918,#1997);
#1997 = DEFINITIONAL_REPRESENTATION('',(#1998),#2006);
#1998 = ( BOUNDED_CURVE() B_SPLINE_CURVE(2,(#1999,#2000,#2001,#2002,
#2003,#2004,#2005),.UNSPECIFIED.,.T.,.F.) B_SPLINE_CURVE_WITH_KNOTS((1,2
    ,2,2,2,1),(-2.094395102393,0.,2.094395102393,4.188790204786,
6.28318530718,8.377580409573),.UNSPECIFIED.) CURVE() 
GEOMETRIC_REPRESENTATION_ITEM() RATIONAL_B_SPLINE_CURVE((1.,0.5,1.,0.5,
1.,0.5,1.)) REPRESENTATION_ITEM('') );
#1999 = CARTESIAN_POINT('',(-38.87306695894,-21.));
#2000 = CARTESIAN_POINT('',(-38.87306695894,-16.66987298107));
#2001 = CARTESIAN_POINT('',(-35.12306695894,-18.83493649053));
#2002 = CARTESIAN_POINT('',(-31.37306695894,-21.));
#2003 = CARTESIAN_POINT('',(-35.12306695894,-23.16506350946));
#2004 = CARTESIAN_POINT('',(-38.87306695894,-25.33012701892));
#2005 = CARTESIAN_POINT('',(-38.87306695894,-21.));
#2006 = ( GEOMETRIC_REPRESENTATION_CONTEXT(2) 
PARAMETRIC_REPRESENTATION_CONTEXT() REPRESENTATION_CONTEXT('2D SPACE',''
  ) );
#2007 = PCURVE('',#2008,#2013);
#2008 = CYLINDRICAL_SURFACE('',#2009,2.5);
#2009 = AXIS2_PLACEMENT_3D('',#2010,#2011,#2012);
#2010 = CARTESIAN_POINT('',(263.62693304105,-21.,2.7675E+03));
#2011 = DIRECTION('',(0.,0.,-1.));
#2012 = DIRECTION('',(-1.,0.,-0.));
#2013 = DEFINITIONAL_REPRESENTATION('',(#2014),#2018);
#2014 = LINE('',#2015,#2016);
#2015 = CARTESIAN_POINT('',(0.,63.));
#2016 = VECTOR('',#2017,1.);
#2017 = DIRECTION('',(1.,0.));
#2018 = ( GEOMETRIC_REPRESENTATION_CONTEXT(2) 
PARAMETRIC_REPRESENTATION_CONTEXT() REPRESENTATION_CONTEXT('2D SPACE',''
  ) );
#2019 = FACE_BOUND('',#2020,.F.);
#2020 = EDGE_LOOP('',(#2021));
#2021 = ORIENTED_EDGE('',*,*,#2022,.T.);
#2022 = EDGE_CURVE('',#2023,#2023,#2025,.T.);
#2023 = VERTEX_POINT('',#2024);
#2024 = CARTESIAN_POINT('',(333.87306695894,-21.,2.7045E+03));
#2025 = SURFACE_CURVE('',#2026,(#2031,#2042),.PCURVE_S1.);
#2026 = CIRCLE('',#2027,2.5);
#2027 = AXIS2_PLACEMENT_3D('',#2028,#2029,#2030);
#2028 = CARTESIAN_POINT('',(336.37306695894,-21.,2.7045E+03));
#2029 = DIRECTION('',(0.,0.,-1.));
#2030 = DIRECTION('',(-1.,0.,-0.));
#2031 = PCURVE('',#1918,#2032);
#2032 = DEFINITIONAL_REPRESENTATION('',(#2033),#2041);
#2033 = ( BOUNDED_CURVE() B_SPLINE_CURVE(2,(#2034,#2035,#2036,#2037,
#2038,#2039,#2040),.UNSPECIFIED.,.T.,.F.) B_SPLINE_CURVE_WITH_KNOTS((1,2
    ,2,2,2,1),(-2.094395102393,0.,2.094395102393,4.188790204786,
6.28318530718,8.377580409573),.UNSPECIFIED.) CURVE() 
GEOMETRIC_REPRESENTATION_ITEM() RATIONAL_B_SPLINE_CURVE((1.,0.5,1.,0.5,
1.,0.5,1.)) REPRESENTATION_ITEM('') );
#2034 = CARTESIAN_POINT('',(33.873066958946,-21.));
#2035 = CARTESIAN_POINT('',(33.873066958946,-16.66987298107));
#2036 = CARTESIAN_POINT('',(37.623066958946,-18.83493649053));
#2037 = CARTESIAN_POINT('',(41.373066958946,-21.));
#2038 = CARTESIAN_POINT('',(37.623066958946,-23.16506350946));
#2039 = CARTESIAN_POINT('',(33.873066958946,-25.33012701892));
#2040 = CARTESIAN_POINT('',(33.873066958946,-21.));
#2041 = ( GEOMETRIC_REPRESENTATION_CONTEXT(2) 
PARAMETRIC_REPRESENTATION_CONTEXT() REPRESENTATION_CONTEXT('2D SPACE',''
  ) );
#2042 = PCURVE('',#2043,#2048);
#2043 = CYLINDRICAL_SURFACE('',#2044,2.5);
#2044 = AXIS2_PLACEMENT_3D('',#2045,#2046,#2047);
#2045 = CARTESIAN_POINT('',(336.37306695894,-21.,2.7675E+03));
#2046 = DIRECTION('',(0.,0.,-1.));
#2047 = DIRECTION('',(-1.,0.,-0.));
#2048 = DEFINITIONAL_REPRESENTATION('',(#2049),#2053);
#2049 = LINE('',#2050,#2051);
#2050 = CARTESIAN_POINT('',(0.,63.));
#2051 = VECTOR('',#2052,1.);
#2052 = DIRECTION('',(1.,0.));
#2053 = ( GEOMETRIC_REPRESENTATION_CONTEXT(2) 
PARAMETRIC_REPRESENTATION_CONTEXT() REPRESENTATION_CONTEXT('2D SPACE',''
  ) );
#2054 = FACE_BOUND('',#2055,.F.);
#2055 = EDGE_LOOP('',(#2056));
#2056 = ORIENTED_EDGE('',*,*,#1958,.F.);
#2057 = FACE_BOUND('',#2058,.F.);
#2058 = EDGE_LOOP('',(#2059));
#2059 = ORIENTED_EDGE('',*,*,#2060,.T.);
#2060 = EDGE_CURVE('',#2061,#2061,#2063,.T.);
#2061 = VERTEX_POINT('',#2062);
#2062 = CARTESIAN_POINT('',(297.5,42.,2.7045E+03));
#2063 = SURFACE_CURVE('',#2064,(#2069,#2080),.PCURVE_S1.);
#2064 = CIRCLE('',#2065,2.5);
#2065 = AXIS2_PLACEMENT_3D('',#2066,#2067,#2068);
#2066 = CARTESIAN_POINT('',(300.,42.,2.7045E+03));
#2067 = DIRECTION('',(0.,0.,-1.));
#2068 = DIRECTION('',(-1.,0.,-0.));
#2069 = PCURVE('',#1918,#2070);
#2070 = DEFINITIONAL_REPRESENTATION('',(#2071),#2079);
#2071 = ( BOUNDED_CURVE() B_SPLINE_CURVE(2,(#2072,#2073,#2074,#2075,
#2076,#2077,#2078),.UNSPECIFIED.,.T.,.F.) B_SPLINE_CURVE_WITH_KNOTS((1,2
    ,2,2,2,1),(-2.094395102393,0.,2.094395102393,4.188790204786,
6.28318530718,8.377580409573),.UNSPECIFIED.) CURVE() 
GEOMETRIC_REPRESENTATION_ITEM() RATIONAL_B_SPLINE_CURVE((1.,0.5,1.,0.5,
1.,0.5,1.)) REPRESENTATION_ITEM('') );
#2072 = CARTESIAN_POINT('',(-2.5,42.));
#2073 = CARTESIAN_POINT('',(-2.5,46.330127018922));
#2074 = CARTESIAN_POINT('',(1.25,44.165063509461));
#2075 = CARTESIAN_POINT('',(5.,42.));
#2076 = CARTESIAN_POINT('',(1.25,39.834936490539));
#2077 = CARTESIAN_POINT('',(-2.5,37.669872981078));
#2078 = CARTESIAN_POINT('',(-2.5,42.));
#2079 = ( GEOMETRIC_REPRESENTATION_CONTEXT(2) 
PARAMETRIC_REPRESENTATION_CONTEXT() REPRESENTATION_CONTEXT('2D SPACE',''
  ) );
#2080 = PCURVE('',#2081,#2086);
#2081 = CYLINDRICAL_SURFACE('',#2082,2.5);
#2082 = AXIS2_PLACEMENT_3D('',#2083,#2084,#2085);
#2083 = CARTESIAN_POINT('',(300.,42.,2.7675E+03));
#2084 = DIRECTION('',(0.,0.,-1.));
#2085 = DIRECTION('',(-1.,0.,-0.));
#2086 = DEFINITIONAL_REPRESENTATION('',(#2087),#2091);
#2087 = LINE('',#2088,#2089);
#2088 = CARTESIAN_POINT('',(0.,63.));
#2089 = VECTOR('',#2090,1.);
#2090 = DIRECTION('',(1.,0.));
#2091 = ( GEOMETRIC_REPRESENTATION_CONTEXT(2) 
PARAMETRIC_REPRESENTATION_CONTEXT() REPRESENTATION_CONTEXT('2D SPACE',''
  ) );
#2092 = ADVANCED_FACE('',(#2093),#2008,.T.);
#2093 = FACE_BOUND('',#2094,.T.);
#2094 = EDGE_LOOP('',(#2095,#2128,#2149,#2150));
#2095 = ORIENTED_EDGE('',*,*,#2096,.F.);
#2096 = EDGE_CURVE('',#2097,#2097,#2099,.T.);
#2097 = VERTEX_POINT('',#2098);
#2098 = CARTESIAN_POINT('',(261.12693304105,-21.,2.6925E+03));
#2099 = SURFACE_CURVE('',#2100,(#2105,#2112),.PCURVE_S1.);
#2100 = CIRCLE('',#2101,2.5);
#2101 = AXIS2_PLACEMENT_3D('',#2102,#2103,#2104);
#2102 = CARTESIAN_POINT('',(263.62693304105,-21.,2.6925E+03));
#2103 = DIRECTION('',(0.,0.,-1.));
#2104 = DIRECTION('',(-1.,0.,-0.));
#2105 = PCURVE('',#2008,#2106);
#2106 = DEFINITIONAL_REPRESENTATION('',(#2107),#2111);
#2107 = LINE('',#2108,#2109);
#2108 = CARTESIAN_POINT('',(0.,75.));
#2109 = VECTOR('',#2110,1.);
#2110 = DIRECTION('',(1.,0.));
#2111 = ( GEOMETRIC_REPRESENTATION_CONTEXT(2) 
PARAMETRIC_REPRESENTATION_CONTEXT() REPRESENTATION_CONTEXT('2D SPACE',''
  ) );
#2112 = PCURVE('',#2113,#2118);
#2113 = PLANE('',#2114);
#2114 = AXIS2_PLACEMENT_3D('',#2115,#2116,#2117);
#2115 = CARTESIAN_POINT('',(300.,0.,2.6925E+03));
#2116 = DIRECTION('',(0.,0.,1.));
#2117 = DIRECTION('',(1.,0.,-0.));
#2118 = DEFINITIONAL_REPRESENTATION('',(#2119),#2127);
#2119 = ( BOUNDED_CURVE() B_SPLINE_CURVE(2,(#2120,#2121,#2122,#2123,
#2124,#2125,#2126),.UNSPECIFIED.,.T.,.F.) B_SPLINE_CURVE_WITH_KNOTS((1,2
    ,2,2,2,1),(-2.094395102393,0.,2.094395102393,4.188790204786,
6.28318530718,8.377580409573),.UNSPECIFIED.) CURVE() 
GEOMETRIC_REPRESENTATION_ITEM() RATIONAL_B_SPLINE_CURVE((1.,0.5,1.,0.5,
1.,0.5,1.)) REPRESENTATION_ITEM('') );
#2120 = CARTESIAN_POINT('',(-38.87306695894,-21.));
#2121 = CARTESIAN_POINT('',(-38.87306695894,-16.66987298107));
#2122 = CARTESIAN_POINT('',(-35.12306695894,-18.83493649053));
#2123 = CARTESIAN_POINT('',(-31.37306695894,-21.));
#2124 = CARTESIAN_POINT('',(-35.12306695894,-23.16506350946));
#2125 = CARTESIAN_POINT('',(-38.87306695894,-25.33012701892));
#2126 = CARTESIAN_POINT('',(-38.87306695894,-21.));
#2127 = ( GEOMETRIC_REPRESENTATION_CONTEXT(2) 
PARAMETRIC_REPRESENTATION_CONTEXT() REPRESENTATION_CONTEXT('2D SPACE',''
  ) );
#2128 = ORIENTED_EDGE('',*,*,#2129,.F.);
#2129 = EDGE_CURVE('',#1988,#2097,#2130,.T.);
#2130 = SEAM_CURVE('',#2131,(#2135,#2142),.PCURVE_S1.);
#2131 = LINE('',#2132,#2133);
#2132 = CARTESIAN_POINT('',(261.12693304105,-21.,2.7675E+03));
#2133 = VECTOR('',#2134,1.);
#2134 = DIRECTION('',(0.,0.,-1.));
#2135 = PCURVE('',#2008,#2136);
#2136 = DEFINITIONAL_REPRESENTATION('',(#2137),#2141);
#2137 = LINE('',#2138,#2139);
#2138 = CARTESIAN_POINT('',(6.28318530718,-0.));
#2139 = VECTOR('',#2140,1.);
#2140 = DIRECTION('',(0.,1.));
#2141 = ( GEOMETRIC_REPRESENTATION_CONTEXT(2) 
PARAMETRIC_REPRESENTATION_CONTEXT() REPRESENTATION_CONTEXT('2D SPACE',''
  ) );
#2142 = PCURVE('',#2008,#2143);
#2143 = DEFINITIONAL_REPRESENTATION('',(#2144),#2148);
#2144 = LINE('',#2145,#2146);
#2145 = CARTESIAN_POINT('',(0.,-0.));
#2146 = VECTOR('',#2147,1.);
#2147 = DIRECTION('',(0.,1.));
#2148 = ( GEOMETRIC_REPRESENTATION_CONTEXT(2) 
PARAMETRIC_REPRESENTATION_CONTEXT() REPRESENTATION_CONTEXT('2D SPACE',''
  ) );
#2149 = ORIENTED_EDGE('',*,*,#1987,.T.);
#2150 = ORIENTED_EDGE('',*,*,#2129,.T.);
#2151 = ADVANCED_FACE('',(#2152),#2043,.T.);
#2152 = FACE_BOUND('',#2153,.T.);
#2153 = EDGE_LOOP('',(#2154,#2182,#2203,#2204));
#2154 = ORIENTED_EDGE('',*,*,#2155,.F.);
#2155 = EDGE_CURVE('',#2156,#2156,#2158,.T.);
#2156 = VERTEX_POINT('',#2157);
#2157 = CARTESIAN_POINT('',(333.87306695894,-21.,2.6925E+03));
#2158 = SURFACE_CURVE('',#2159,(#2164,#2171),.PCURVE_S1.);
#2159 = CIRCLE('',#2160,2.5);
#2160 = AXIS2_PLACEMENT_3D('',#2161,#2162,#2163);
#2161 = CARTESIAN_POINT('',(336.37306695894,-21.,2.6925E+03));
#2162 = DIRECTION('',(0.,0.,-1.));
#2163 = DIRECTION('',(-1.,0.,-0.));
#2164 = PCURVE('',#2043,#2165);
#2165 = DEFINITIONAL_REPRESENTATION('',(#2166),#2170);
#2166 = LINE('',#2167,#2168);
#2167 = CARTESIAN_POINT('',(0.,75.));
#2168 = VECTOR('',#2169,1.);
#2169 = DIRECTION('',(1.,0.));
#2170 = ( GEOMETRIC_REPRESENTATION_CONTEXT(2) 
PARAMETRIC_REPRESENTATION_CONTEXT() REPRESENTATION_CONTEXT('2D SPACE',''
  ) );
#2171 = PCURVE('',#2113,#2172);
#2172 = DEFINITIONAL_REPRESENTATION('',(#2173),#2181);
#2173 = ( BOUNDED_CURVE() B_SPLINE_CURVE(2,(#2174,#2175,#2176,#2177,
#2178,#2179,#2180),.UNSPECIFIED.,.T.,.F.) B_SPLINE_CURVE_WITH_KNOTS((1,2
    ,2,2,2,1),(-2.094395102393,0.,2.094395102393,4.188790204786,
6.28318530718,8.377580409573),.UNSPECIFIED.) CURVE() 
GEOMETRIC_REPRESENTATION_ITEM() RATIONAL_B_SPLINE_CURVE((1.,0.5,1.,0.5,
1.,0.5,1.)) REPRESENTATION_ITEM('') );
#2174 = CARTESIAN_POINT('',(33.873066958946,-21.));
#2175 = CARTESIAN_POINT('',(33.873066958946,-16.66987298107));
#2176 = CARTESIAN_POINT('',(37.623066958946,-18.83493649053));
#2177 = CARTESIAN_POINT('',(41.373066958946,-21.));
#2178 = CARTESIAN_POINT('',(37.623066958946,-23.16506350946));
#2179 = CARTESIAN_POINT('',(33.873066958946,-25.33012701892));
#2180 = CARTESIAN_POINT('',(33.873066958946,-21.));
#2181 = ( GEOMETRIC_REPRESENTATION_CONTEXT(2) 
PARAMETRIC_REPRESENTATION_CONTEXT() REPRESENTATION_CONTEXT('2D SPACE',''
  ) );
#2182 = ORIENTED_EDGE('',*,*,#2183,.F.);
#2183 = EDGE_CURVE('',#2023,#2156,#2184,.T.);
#2184 = SEAM_CURVE('',#2185,(#2189,#2196),.PCURVE_S1.);
#2185 = LINE('',#2186,#2187);
#2186 = CARTESIAN_POINT('',(333.87306695894,-21.,2.7675E+03));
#2187 = VECTOR('',#2188,1.);
#2188 = DIRECTION('',(0.,0.,-1.));
#2189 = PCURVE('',#2043,#2190);
#2190 = DEFINITIONAL_REPRESENTATION('',(#2191),#2195);
#2191 = LINE('',#2192,#2193);
#2192 = CARTESIAN_POINT('',(6.28318530718,-0.));
#2193 = VECTOR('',#2194,1.);
#2194 = DIRECTION('',(0.,1.));
#2195 = ( GEOMETRIC_REPRESENTATION_CONTEXT(2) 
PARAMETRIC_REPRESENTATION_CONTEXT() REPRESENTATION_CONTEXT('2D SPACE',''
  ) );
#2196 = PCURVE('',#2043,#2197);
#2197 = DEFINITIONAL_REPRESENTATION('',(#2198),#2202);
#2198 = LINE('',#2199,#2200);
#2199 = CARTESIAN_POINT('',(0.,-0.));
#2200 = VECTOR('',#2201,1.);
#2201 = DIRECTION('',(0.,1.));
#2202 = ( GEOMETRIC_REPRESENTATION_CONTEXT(2) 
PARAMETRIC_REPRESENTATION_CONTEXT() REPRESENTATION_CONTEXT('2D SPACE',''
  ) );
#2203 = ORIENTED_EDGE('',*,*,#2022,.T.);
#2204 = ORIENTED_EDGE('',*,*,#2183,.T.);
#2205 = ADVANCED_FACE('',(#2206),#2081,.T.);
#2206 = FACE_BOUND('',#2207,.T.);
#2207 = EDGE_LOOP('',(#2208,#2236,#2257,#2258));
#2208 = ORIENTED_EDGE('',*,*,#2209,.F.);
#2209 = EDGE_CURVE('',#2210,#2210,#2212,.T.);
#2210 = VERTEX_POINT('',#2211);
#2211 = CARTESIAN_POINT('',(297.5,42.,2.6925E+03));
#2212 = SURFACE_CURVE('',#2213,(#2218,#2225),.PCURVE_S1.);
#2213 = CIRCLE('',#2214,2.5);
#2214 = AXIS2_PLACEMENT_3D('',#2215,#2216,#2217);
#2215 = CARTESIAN_POINT('',(300.,42.,2.6925E+03));
#2216 = DIRECTION('',(0.,0.,-1.));
#2217 = DIRECTION('',(-1.,0.,-0.));
#2218 = PCURVE('',#2081,#2219);
#2219 = DEFINITIONAL_REPRESENTATION('',(#2220),#2224);
#2220 = LINE('',#2221,#2222);
#2221 = CARTESIAN_POINT('',(0.,75.));
#2222 = VECTOR('',#2223,1.);
#2223 = DIRECTION('',(1.,0.));
#2224 = ( GEOMETRIC_REPRESENTATION_CONTEXT(2) 
PARAMETRIC_REPRESENTATION_CONTEXT() REPRESENTATION_CONTEXT('2D SPACE',''
  ) );
#2225 = PCURVE('',#2113,#2226);
#2226 = DEFINITIONAL_REPRESENTATION('',(#2227),#2235);
#2227 = ( BOUNDED_CURVE() B_SPLINE_CURVE(2,(#2228,#2229,#2230,#2231,
#2232,#2233,#2234),.UNSPECIFIED.,.T.,.F.) B_SPLINE_CURVE_WITH_KNOTS((1,2
    ,2,2,2,1),(-2.094395102393,0.,2.094395102393,4.188790204786,
6.28318530718,8.377580409573),.UNSPECIFIED.) CURVE() 
GEOMETRIC_REPRESENTATION_ITEM() RATIONAL_B_SPLINE_CURVE((1.,0.5,1.,0.5,
1.,0.5,1.)) REPRESENTATION_ITEM('') );
#2228 = CARTESIAN_POINT('',(-2.5,42.));
#2229 = CARTESIAN_POINT('',(-2.5,46.330127018922));
#2230 = CARTESIAN_POINT('',(1.25,44.165063509461));
#2231 = CARTESIAN_POINT('',(5.,42.));
#2232 = CARTESIAN_POINT('',(1.25,39.834936490539));
#2233 = CARTESIAN_POINT('',(-2.5,37.669872981078));
#2234 = CARTESIAN_POINT('',(-2.5,42.));
#2235 = ( GEOMETRIC_REPRESENTATION_CONTEXT(2) 
PARAMETRIC_REPRESENTATION_CONTEXT() REPRESENTATION_CONTEXT('2D SPACE',''
  ) );
#2236 = ORIENTED_EDGE('',*,*,#2237,.F.);
#2237 = EDGE_CURVE('',#2061,#2210,#2238,.T.);
#2238 = SEAM_CURVE('',#2239,(#2243,#2250),.PCURVE_S1.);
#2239 = LINE('',#2240,#2241);
#2240 = CARTESIAN_POINT('',(297.5,42.,2.7675E+03));
#2241 = VECTOR('',#2242,1.);
#2242 = DIRECTION('',(0.,0.,-1.));
#2243 = PCURVE('',#2081,#2244);
#2244 = DEFINITIONAL_REPRESENTATION('',(#2245),#2249);
#2245 = LINE('',#2246,#2247);
#2246 = CARTESIAN_POINT('',(6.28318530718,-0.));
#2247 = VECTOR('',#2248,1.);
#2248 = DIRECTION('',(0.,1.));
#2249 = ( GEOMETRIC_REPRESENTATION_CONTEXT(2) 
PARAMETRIC_REPRESENTATION_CONTEXT() REPRESENTATION_CONTEXT('2D SPACE',''
  ) );
#2250 = PCURVE('',#2081,#2251);
#2251 = DEFINITIONAL_REPRESENTATION('',(#2252),#2256);
#2252 = LINE('',#2253,#2254);
#2253 = CARTESIAN_POINT('',(0.,-0.));
#2254 = VECTOR('',#2255,1.);
#2255 = DIRECTION('',(0.,1.));
#2256 = ( GEOMETRIC_REPRESENTATION_CONTEXT(2) 
PARAMETRIC_REPRESENTATION_CONTEXT() REPRESENTATION_CONTEXT('2D SPACE',''
  ) );
#2257 = ORIENTED_EDGE('',*,*,#2060,.T.);
#2258 = ORIENTED_EDGE('',*,*,#2237,.T.);
#2259 = ADVANCED_FACE('',(#2260,#2291,#2294,#2297,#2328),#2113,.T.);
#2260 = FACE_BOUND('',#2261,.T.);
#2261 = EDGE_LOOP('',(#2262));
#2262 = ORIENTED_EDGE('',*,*,#2263,.T.);
#2263 = EDGE_CURVE('',#2264,#2264,#2266,.T.);
#2264 = VERTEX_POINT('',#2265);
#2265 = CARTESIAN_POINT('',(355.,-1.347111479062E-14,2.6925E+03));
#2266 = SURFACE_CURVE('',#2267,(#2272,#2279),.PCURVE_S1.);
#2267 = CIRCLE('',#2268,55.);
#2268 = AXIS2_PLACEMENT_3D('',#2269,#2270,#2271);
#2269 = CARTESIAN_POINT('',(300.,0.,2.6925E+03));
#2270 = DIRECTION('',(0.,0.,1.));
#2271 = DIRECTION('',(1.,0.,-0.));
#2272 = PCURVE('',#2113,#2273);
#2273 = DEFINITIONAL_REPRESENTATION('',(#2274),#2278);
#2274 = CIRCLE('',#2275,55.);
#2275 = AXIS2_PLACEMENT_2D('',#2276,#2277);
#2276 = CARTESIAN_POINT('',(0.,0.));
#2277 = DIRECTION('',(1.,0.));
#2278 = ( GEOMETRIC_REPRESENTATION_CONTEXT(2) 
PARAMETRIC_REPRESENTATION_CONTEXT() REPRESENTATION_CONTEXT('2D SPACE',''
  ) );
#2279 = PCURVE('',#2280,#2285);
#2280 = CYLINDRICAL_SURFACE('',#2281,55.);
#2281 = AXIS2_PLACEMENT_3D('',#2282,#2283,#2284);
#2282 = CARTESIAN_POINT('',(300.,0.,2.6895E+03));
#2283 = DIRECTION('',(0.,0.,1.));
#2284 = DIRECTION('',(1.,0.,-0.));
#2285 = DEFINITIONAL_REPRESENTATION('',(#2286),#2290);
#2286 = LINE('',#2287,#2288);
#2287 = CARTESIAN_POINT('',(0.,3.));
#2288 = VECTOR('',#2289,1.);
#2289 = DIRECTION('',(1.,0.));
#2290 = ( GEOMETRIC_REPRESENTATION_CONTEXT(2) 
PARAMETRIC_REPRESENTATION_CONTEXT() REPRESENTATION_CONTEXT('2D SPACE',''
  ) );
#2291 = FACE_BOUND('',#2292,.T.);
#2292 = EDGE_LOOP('',(#2293));
#2293 = ORIENTED_EDGE('',*,*,#2096,.T.);
#2294 = FACE_BOUND('',#2295,.T.);
#2295 = EDGE_LOOP('',(#2296));
#2296 = ORIENTED_EDGE('',*,*,#2155,.T.);
#2297 = FACE_BOUND('',#2298,.T.);
#2298 = EDGE_LOOP('',(#2299));
#2299 = ORIENTED_EDGE('',*,*,#2300,.F.);
#2300 = EDGE_CURVE('',#2301,#2301,#2303,.T.);
#2301 = VERTEX_POINT('',#2302);
#2302 = CARTESIAN_POINT('',(328.,-6.858022075225E-15,2.6925E+03));
#2303 = SURFACE_CURVE('',#2304,(#2309,#2316),.PCURVE_S1.);
#2304 = CIRCLE('',#2305,28.);
#2305 = AXIS2_PLACEMENT_3D('',#2306,#2307,#2308);
#2306 = CARTESIAN_POINT('',(300.,0.,2.6925E+03));
#2307 = DIRECTION('',(0.,0.,1.));
#2308 = DIRECTION('',(1.,0.,-0.));
#2309 = PCURVE('',#2113,#2310);
#2310 = DEFINITIONAL_REPRESENTATION('',(#2311),#2315);
#2311 = CIRCLE('',#2312,28.);
#2312 = AXIS2_PLACEMENT_2D('',#2313,#2314);
#2313 = CARTESIAN_POINT('',(0.,0.));
#2314 = DIRECTION('',(1.,0.));
#2315 = ( GEOMETRIC_REPRESENTATION_CONTEXT(2) 
PARAMETRIC_REPRESENTATION_CONTEXT() REPRESENTATION_CONTEXT('2D SPACE',''
  ) );
#2316 = PCURVE('',#2317,#2322);
#2317 = CYLINDRICAL_SURFACE('',#2318,28.);
#2318 = AXIS2_PLACEMENT_3D('',#2319,#2320,#2321);
#2319 = CARTESIAN_POINT('',(300.,0.,2.6885E+03));
#2320 = DIRECTION('',(0.,0.,1.));
#2321 = DIRECTION('',(1.,0.,-0.));
#2322 = DEFINITIONAL_REPRESENTATION('',(#2323),#2327);
#2323 = LINE('',#2324,#2325);
#2324 = CARTESIAN_POINT('',(0.,4.));
#2325 = VECTOR('',#2326,1.);
#2326 = DIRECTION('',(1.,0.));
#2327 = ( GEOMETRIC_REPRESENTATION_CONTEXT(2) 
PARAMETRIC_REPRESENTATION_CONTEXT() REPRESENTATION_CONTEXT('2D SPACE',''
  ) );
#2328 = FACE_BOUND('',#2329,.T.);
#2329 = EDGE_LOOP('',(#2330));
#2330 = ORIENTED_EDGE('',*,*,#2209,.T.);
#2331 = ADVANCED_FACE('',(#2332),#2280,.T.);
#2332 = FACE_BOUND('',#2333,.T.);
#2333 = EDGE_LOOP('',(#2334,#2335,#2358,#2385));
#2334 = ORIENTED_EDGE('',*,*,#2263,.F.);
#2335 = ORIENTED_EDGE('',*,*,#2336,.F.);
#2336 = EDGE_CURVE('',#2337,#2264,#2339,.T.);
#2337 = VERTEX_POINT('',#2338);
#2338 = CARTESIAN_POINT('',(355.,-1.347111479062E-14,2.6895E+03));
#2339 = SEAM_CURVE('',#2340,(#2344,#2351),.PCURVE_S1.);
#2340 = LINE('',#2341,#2342);
#2341 = CARTESIAN_POINT('',(355.,-1.347111479062E-14,2.6895E+03));
#2342 = VECTOR('',#2343,1.);
#2343 = DIRECTION('',(0.,0.,1.));
#2344 = PCURVE('',#2280,#2345);
#2345 = DEFINITIONAL_REPRESENTATION('',(#2346),#2350);
#2346 = LINE('',#2347,#2348);
#2347 = CARTESIAN_POINT('',(6.28318530718,-0.));
#2348 = VECTOR('',#2349,1.);
#2349 = DIRECTION('',(0.,1.));
#2350 = ( GEOMETRIC_REPRESENTATION_CONTEXT(2) 
PARAMETRIC_REPRESENTATION_CONTEXT() REPRESENTATION_CONTEXT('2D SPACE',''
  ) );
#2351 = PCURVE('',#2280,#2352);
#2352 = DEFINITIONAL_REPRESENTATION('',(#2353),#2357);
#2353 = LINE('',#2354,#2355);
#2354 = CARTESIAN_POINT('',(0.,-0.));
#2355 = VECTOR('',#2356,1.);
#2356 = DIRECTION('',(0.,1.));
#2357 = ( GEOMETRIC_REPRESENTATION_CONTEXT(2) 
PARAMETRIC_REPRESENTATION_CONTEXT() REPRESENTATION_CONTEXT('2D SPACE',''
  ) );
#2358 = ORIENTED_EDGE('',*,*,#2359,.T.);
#2359 = EDGE_CURVE('',#2337,#2337,#2360,.T.);
#2360 = SURFACE_CURVE('',#2361,(#2366,#2373),.PCURVE_S1.);
#2361 = CIRCLE('',#2362,55.);
#2362 = AXIS2_PLACEMENT_3D('',#2363,#2364,#2365);
#2363 = CARTESIAN_POINT('',(300.,0.,2.6895E+03));
#2364 = DIRECTION('',(0.,0.,1.));
#2365 = DIRECTION('',(1.,0.,-0.));
#2366 = PCURVE('',#2280,#2367);
#2367 = DEFINITIONAL_REPRESENTATION('',(#2368),#2372);
#2368 = LINE('',#2369,#2370);
#2369 = CARTESIAN_POINT('',(0.,0.));
#2370 = VECTOR('',#2371,1.);
#2371 = DIRECTION('',(1.,0.));
#2372 = ( GEOMETRIC_REPRESENTATION_CONTEXT(2) 
PARAMETRIC_REPRESENTATION_CONTEXT() REPRESENTATION_CONTEXT('2D SPACE',''
  ) );
#2373 = PCURVE('',#2374,#2379);
#2374 = PLANE('',#2375);
#2375 = AXIS2_PLACEMENT_3D('',#2376,#2377,#2378);
#2376 = CARTESIAN_POINT('',(300.,0.,2.6895E+03));
#2377 = DIRECTION('',(0.,0.,1.));
#2378 = DIRECTION('',(1.,0.,-0.));
#2379 = DEFINITIONAL_REPRESENTATION('',(#2380),#2384);
#2380 = CIRCLE('',#2381,55.);
#2381 = AXIS2_PLACEMENT_2D('',#2382,#2383);
#2382 = CARTESIAN_POINT('',(0.,0.));
#2383 = DIRECTION('',(1.,0.));
#2384 = ( GEOMETRIC_REPRESENTATION_CONTEXT(2) 
PARAMETRIC_REPRESENTATION_CONTEXT() REPRESENTATION_CONTEXT('2D SPACE',''
  ) );
#2385 = ORIENTED_EDGE('',*,*,#2336,.T.);
#2386 = ADVANCED_FACE('',(#2387),#2317,.F.);
#2387 = FACE_BOUND('',#2388,.F.);
#2388 = EDGE_LOOP('',(#2389,#2390,#2413,#2435));
#2389 = ORIENTED_EDGE('',*,*,#2300,.F.);
#2390 = ORIENTED_EDGE('',*,*,#2391,.F.);
#2391 = EDGE_CURVE('',#2392,#2301,#2394,.T.);
#2392 = VERTEX_POINT('',#2393);
#2393 = CARTESIAN_POINT('',(328.,-6.858022075225E-15,2.6895E+03));
#2394 = SEAM_CURVE('',#2395,(#2399,#2406),.PCURVE_S1.);
#2395 = LINE('',#2396,#2397);
#2396 = CARTESIAN_POINT('',(328.,-6.858022075225E-15,2.6885E+03));
#2397 = VECTOR('',#2398,1.);
#2398 = DIRECTION('',(0.,0.,1.));
#2399 = PCURVE('',#2317,#2400);
#2400 = DEFINITIONAL_REPRESENTATION('',(#2401),#2405);
#2401 = LINE('',#2402,#2403);
#2402 = CARTESIAN_POINT('',(6.28318530718,-0.));
#2403 = VECTOR('',#2404,1.);
#2404 = DIRECTION('',(0.,1.));
#2405 = ( GEOMETRIC_REPRESENTATION_CONTEXT(2) 
PARAMETRIC_REPRESENTATION_CONTEXT() REPRESENTATION_CONTEXT('2D SPACE',''
  ) );
#2406 = PCURVE('',#2317,#2407);
#2407 = DEFINITIONAL_REPRESENTATION('',(#2408),#2412);
#2408 = LINE('',#2409,#2410);
#2409 = CARTESIAN_POINT('',(0.,-0.));
#2410 = VECTOR('',#2411,1.);
#2411 = DIRECTION('',(0.,1.));
#2412 = ( GEOMETRIC_REPRESENTATION_CONTEXT(2) 
PARAMETRIC_REPRESENTATION_CONTEXT() REPRESENTATION_CONTEXT('2D SPACE',''
  ) );
#2413 = ORIENTED_EDGE('',*,*,#2414,.T.);
#2414 = EDGE_CURVE('',#2392,#2392,#2415,.T.);
#2415 = SURFACE_CURVE('',#2416,(#2421,#2428),.PCURVE_S1.);
#2416 = CIRCLE('',#2417,28.);
#2417 = AXIS2_PLACEMENT_3D('',#2418,#2419,#2420);
#2418 = CARTESIAN_POINT('',(300.,0.,2.6895E+03));
#2419 = DIRECTION('',(0.,0.,1.));
#2420 = DIRECTION('',(1.,0.,-0.));
#2421 = PCURVE('',#2317,#2422);
#2422 = DEFINITIONAL_REPRESENTATION('',(#2423),#2427);
#2423 = LINE('',#2424,#2425);
#2424 = CARTESIAN_POINT('',(0.,1.));
#2425 = VECTOR('',#2426,1.);
#2426 = DIRECTION('',(1.,0.));
#2427 = ( GEOMETRIC_REPRESENTATION_CONTEXT(2) 
PARAMETRIC_REPRESENTATION_CONTEXT() REPRESENTATION_CONTEXT('2D SPACE',''
  ) );
#2428 = PCURVE('',#2374,#2429);
#2429 = DEFINITIONAL_REPRESENTATION('',(#2430),#2434);
#2430 = CIRCLE('',#2431,28.);
#2431 = AXIS2_PLACEMENT_2D('',#2432,#2433);
#2432 = CARTESIAN_POINT('',(0.,0.));
#2433 = DIRECTION('',(1.,0.));
#2434 = ( GEOMETRIC_REPRESENTATION_CONTEXT(2) 
PARAMETRIC_REPRESENTATION_CONTEXT() REPRESENTATION_CONTEXT('2D SPACE',''
  ) );
#2435 = ORIENTED_EDGE('',*,*,#2391,.T.);
#2436 = ADVANCED_FACE('',(#2437,#2440,#2475,#2510,#2513),#2374,.F.);
#2437 = FACE_BOUND('',#2438,.F.);
#2438 = EDGE_LOOP('',(#2439));
#2439 = ORIENTED_EDGE('',*,*,#2359,.T.);
#2440 = FACE_BOUND('',#2441,.F.);
#2441 = EDGE_LOOP('',(#2442));
#2442 = ORIENTED_EDGE('',*,*,#2443,.T.);
#2443 = EDGE_CURVE('',#2444,#2444,#2446,.T.);
#2444 = VERTEX_POINT('',#2445);
#2445 = CARTESIAN_POINT('',(261.12693304105,-21.,2.6895E+03));
#2446 = SURFACE_CURVE('',#2447,(#2452,#2463),.PCURVE_S1.);
#2447 = CIRCLE('',#2448,2.5);
#2448 = AXIS2_PLACEMENT_3D('',#2449,#2450,#2451);
#2449 = CARTESIAN_POINT('',(263.62693304105,-21.,2.6895E+03));
#2450 = DIRECTION('',(0.,0.,-1.));
#2451 = DIRECTION('',(-1.,0.,-0.));
#2452 = PCURVE('',#2374,#2453);
#2453 = DEFINITIONAL_REPRESENTATION('',(#2454),#2462);
#2454 = ( BOUNDED_CURVE() B_SPLINE_CURVE(2,(#2455,#2456,#2457,#2458,
#2459,#2460,#2461),.UNSPECIFIED.,.T.,.F.) B_SPLINE_CURVE_WITH_KNOTS((1,2
    ,2,2,2,1),(-2.094395102393,0.,2.094395102393,4.188790204786,
6.28318530718,8.377580409573),.UNSPECIFIED.) CURVE() 
GEOMETRIC_REPRESENTATION_ITEM() RATIONAL_B_SPLINE_CURVE((1.,0.5,1.,0.5,
1.,0.5,1.)) REPRESENTATION_ITEM('') );
#2455 = CARTESIAN_POINT('',(-38.87306695894,-21.));
#2456 = CARTESIAN_POINT('',(-38.87306695894,-16.66987298107));
#2457 = CARTESIAN_POINT('',(-35.12306695894,-18.83493649053));
#2458 = CARTESIAN_POINT('',(-31.37306695894,-21.));
#2459 = CARTESIAN_POINT('',(-35.12306695894,-23.16506350946));
#2460 = CARTESIAN_POINT('',(-38.87306695894,-25.33012701892));
#2461 = CARTESIAN_POINT('',(-38.87306695894,-21.));
#2462 = ( GEOMETRIC_REPRESENTATION_CONTEXT(2) 
PARAMETRIC_REPRESENTATION_CONTEXT() REPRESENTATION_CONTEXT('2D SPACE',''
  ) );
#2463 = PCURVE('',#2464,#2469);
#2464 = CYLINDRICAL_SURFACE('',#2465,2.5);
#2465 = AXIS2_PLACEMENT_3D('',#2466,#2467,#2468);
#2466 = CARTESIAN_POINT('',(263.62693304105,-21.,2.7675E+03));
#2467 = DIRECTION('',(0.,0.,-1.));
#2468 = DIRECTION('',(-1.,0.,-0.));
#2469 = DEFINITIONAL_REPRESENTATION('',(#2470),#2474);
#2470 = LINE('',#2471,#2472);
#2471 = CARTESIAN_POINT('',(0.,78.));
#2472 = VECTOR('',#2473,1.);
#2473 = DIRECTION('',(1.,0.));
#2474 = ( GEOMETRIC_REPRESENTATION_CONTEXT(2) 
PARAMETRIC_REPRESENTATION_CONTEXT() REPRESENTATION_CONTEXT('2D SPACE',''
  ) );
#2475 = FACE_BOUND('',#2476,.F.);
#2476 = EDGE_LOOP('',(#2477));
#2477 = ORIENTED_EDGE('',*,*,#2478,.T.);
#2478 = EDGE_CURVE('',#2479,#2479,#2481,.T.);
#2479 = VERTEX_POINT('',#2480);
#2480 = CARTESIAN_POINT('',(333.87306695894,-21.,2.6895E+03));
#2481 = SURFACE_CURVE('',#2482,(#2487,#2498),.PCURVE_S1.);
#2482 = CIRCLE('',#2483,2.5);
#2483 = AXIS2_PLACEMENT_3D('',#2484,#2485,#2486);
#2484 = CARTESIAN_POINT('',(336.37306695894,-21.,2.6895E+03));
#2485 = DIRECTION('',(0.,0.,-1.));
#2486 = DIRECTION('',(-1.,0.,-0.));
#2487 = PCURVE('',#2374,#2488);
#2488 = DEFINITIONAL_REPRESENTATION('',(#2489),#2497);
#2489 = ( BOUNDED_CURVE() B_SPLINE_CURVE(2,(#2490,#2491,#2492,#2493,
#2494,#2495,#2496),.UNSPECIFIED.,.T.,.F.) B_SPLINE_CURVE_WITH_KNOTS((1,2
    ,2,2,2,1),(-2.094395102393,0.,2.094395102393,4.188790204786,
6.28318530718,8.377580409573),.UNSPECIFIED.) CURVE() 
GEOMETRIC_REPRESENTATION_ITEM() RATIONAL_B_SPLINE_CURVE((1.,0.5,1.,0.5,
1.,0.5,1.)) REPRESENTATION_ITEM('') );
#2490 = CARTESIAN_POINT('',(33.873066958946,-21.));
#2491 = CARTESIAN_POINT('',(33.873066958946,-16.66987298107));
#2492 = CARTESIAN_POINT('',(37.623066958946,-18.83493649053));
#2493 = CARTESIAN_POINT('',(41.373066958946,-21.));
#2494 = CARTESIAN_POINT('',(37.623066958946,-23.16506350946));
#2495 = CARTESIAN_POINT('',(33.873066958946,-25.33012701892));
#2496 = CARTESIAN_POINT('',(33.873066958946,-21.));
#2497 = ( GEOMETRIC_REPRESENTATION_CONTEXT(2) 
PARAMETRIC_REPRESENTATION_CONTEXT() REPRESENTATION_CONTEXT('2D SPACE',''
  ) );
#2498 = PCURVE('',#2499,#2504);
#2499 = CYLINDRICAL_SURFACE('',#2500,2.5);
#2500 = AXIS2_PLACEMENT_3D('',#2501,#2502,#2503);
#2501 = CARTESIAN_POINT('',(336.37306695894,-21.,2.7675E+03));
#2502 = DIRECTION('',(0.,0.,-1.));
#2503 = DIRECTION('',(-1.,0.,-0.));
#2504 = DEFINITIONAL_REPRESENTATION('',(#2505),#2509);
#2505 = LINE('',#2506,#2507);
#2506 = CARTESIAN_POINT('',(0.,78.));
#2507 = VECTOR('',#2508,1.);
#2508 = DIRECTION('',(1.,0.));
#2509 = ( GEOMETRIC_REPRESENTATION_CONTEXT(2) 
PARAMETRIC_REPRESENTATION_CONTEXT() REPRESENTATION_CONTEXT('2D SPACE',''
  ) );
#2510 = FACE_BOUND('',#2511,.F.);
#2511 = EDGE_LOOP('',(#2512));
#2512 = ORIENTED_EDGE('',*,*,#2414,.F.);
#2513 = FACE_BOUND('',#2514,.F.);
#2514 = EDGE_LOOP('',(#2515));
#2515 = ORIENTED_EDGE('',*,*,#2516,.T.);
#2516 = EDGE_CURVE('',#2517,#2517,#2519,.T.);
#2517 = VERTEX_POINT('',#2518);
#2518 = CARTESIAN_POINT('',(297.5,42.,2.6895E+03));
#2519 = SURFACE_CURVE('',#2520,(#2525,#2536),.PCURVE_S1.);
#2520 = CIRCLE('',#2521,2.5);
#2521 = AXIS2_PLACEMENT_3D('',#2522,#2523,#2524);
#2522 = CARTESIAN_POINT('',(300.,42.,2.6895E+03));
#2523 = DIRECTION('',(0.,0.,-1.));
#2524 = DIRECTION('',(-1.,0.,-0.));
#2525 = PCURVE('',#2374,#2526);
#2526 = DEFINITIONAL_REPRESENTATION('',(#2527),#2535);
#2527 = ( BOUNDED_CURVE() B_SPLINE_CURVE(2,(#2528,#2529,#2530,#2531,
#2532,#2533,#2534),.UNSPECIFIED.,.T.,.F.) B_SPLINE_CURVE_WITH_KNOTS((1,2
    ,2,2,2,1),(-2.094395102393,0.,2.094395102393,4.188790204786,
6.28318530718,8.377580409573),.UNSPECIFIED.) CURVE() 
GEOMETRIC_REPRESENTATION_ITEM() RATIONAL_B_SPLINE_CURVE((1.,0.5,1.,0.5,
1.,0.5,1.)) REPRESENTATION_ITEM('') );
#2528 = CARTESIAN_POINT('',(-2.5,42.));
#2529 = CARTESIAN_POINT('',(-2.5,46.330127018922));
#2530 = CARTESIAN_POINT('',(1.25,44.165063509461));
#2531 = CARTESIAN_POINT('',(5.,42.));
#2532 = CARTESIAN_POINT('',(1.25,39.834936490539));
#2533 = CARTESIAN_POINT('',(-2.5,37.669872981078));
#2534 = CARTESIAN_POINT('',(-2.5,42.));
#2535 = ( GEOMETRIC_REPRESENTATION_CONTEXT(2) 
PARAMETRIC_REPRESENTATION_CONTEXT() REPRESENTATION_CONTEXT('2D SPACE',''
  ) );
#2536 = PCURVE('',#2537,#2542);
#2537 = CYLINDRICAL_SURFACE('',#2538,2.5);
#2538 = AXIS2_PLACEMENT_3D('',#2539,#2540,#2541);
#2539 = CARTESIAN_POINT('',(300.,42.,2.7675E+03));
#2540 = DIRECTION('',(0.,0.,-1.));
#2541 = DIRECTION('',(-1.,0.,-0.));
#2542 = DEFINITIONAL_REPRESENTATION('',(#2543),#2547);
#2543 = LINE('',#2544,#2545);
#2544 = CARTESIAN_POINT('',(0.,78.));
#2545 = VECTOR('',#2546,1.);
#2546 = DIRECTION('',(1.,0.));
#2547 = ( GEOMETRIC_REPRESENTATION_CONTEXT(2) 
PARAMETRIC_REPRESENTATION_CONTEXT() REPRESENTATION_CONTEXT('2D SPACE',''
  ) );
#2548 = ADVANCED_FACE('',(#2549),#2464,.T.);
#2549 = FACE_BOUND('',#2550,.T.);
#2550 = EDGE_LOOP('',(#2551,#2584,#2605,#2606));
#2551 = ORIENTED_EDGE('',*,*,#2552,.F.);
#2552 = EDGE_CURVE('',#2553,#2553,#2555,.T.);
#2553 = VERTEX_POINT('',#2554);
#2554 = CARTESIAN_POINT('',(261.12693304105,-21.,2.6775E+03));
#2555 = SURFACE_CURVE('',#2556,(#2561,#2568),.PCURVE_S1.);
#2556 = CIRCLE('',#2557,2.5);
#2557 = AXIS2_PLACEMENT_3D('',#2558,#2559,#2560);
#2558 = CARTESIAN_POINT('',(263.62693304105,-21.,2.6775E+03));
#2559 = DIRECTION('',(0.,0.,-1.));
#2560 = DIRECTION('',(-1.,0.,-0.));
#2561 = PCURVE('',#2464,#2562);
#2562 = DEFINITIONAL_REPRESENTATION('',(#2563),#2567);
#2563 = LINE('',#2564,#2565);
#2564 = CARTESIAN_POINT('',(0.,90.));
#2565 = VECTOR('',#2566,1.);
#2566 = DIRECTION('',(1.,0.));
#2567 = ( GEOMETRIC_REPRESENTATION_CONTEXT(2) 
PARAMETRIC_REPRESENTATION_CONTEXT() REPRESENTATION_CONTEXT('2D SPACE',''
  ) );
#2568 = PCURVE('',#2569,#2574);
#2569 = PLANE('',#2570);
#2570 = AXIS2_PLACEMENT_3D('',#2571,#2572,#2573);
#2571 = CARTESIAN_POINT('',(300.,0.,2.6775E+03));
#2572 = DIRECTION('',(0.,0.,1.));
#2573 = DIRECTION('',(1.,0.,-0.));
#2574 = DEFINITIONAL_REPRESENTATION('',(#2575),#2583);
#2575 = ( BOUNDED_CURVE() B_SPLINE_CURVE(2,(#2576,#2577,#2578,#2579,
#2580,#2581,#2582),.UNSPECIFIED.,.T.,.F.) B_SPLINE_CURVE_WITH_KNOTS((1,2
    ,2,2,2,1),(-2.094395102393,0.,2.094395102393,4.188790204786,
6.28318530718,8.377580409573),.UNSPECIFIED.) CURVE() 
GEOMETRIC_REPRESENTATION_ITEM() RATIONAL_B_SPLINE_CURVE((1.,0.5,1.,0.5,
1.,0.5,1.)) REPRESENTATION_ITEM('') );
#2576 = CARTESIAN_POINT('',(-38.87306695894,-21.));
#2577 = CARTESIAN_POINT('',(-38.87306695894,-16.66987298107));
#2578 = CARTESIAN_POINT('',(-35.12306695894,-18.83493649053));
#2579 = CARTESIAN_POINT('',(-31.37306695894,-21.));
#2580 = CARTESIAN_POINT('',(-35.12306695894,-23.16506350946));
#2581 = CARTESIAN_POINT('',(-38.87306695894,-25.33012701892));
#2582 = CARTESIAN_POINT('',(-38.87306695894,-21.));
#2583 = ( GEOMETRIC_REPRESENTATION_CONTEXT(2) 
PARAMETRIC_REPRESENTATION_CONTEXT() REPRESENTATION_CONTEXT('2D SPACE',''
  ) );
#2584 = ORIENTED_EDGE('',*,*,#2585,.F.);
#2585 = EDGE_CURVE('',#2444,#2553,#2586,.T.);
#2586 = SEAM_CURVE('',#2587,(#2591,#2598),.PCURVE_S1.);
#2587 = LINE('',#2588,#2589);
#2588 = CARTESIAN_POINT('',(261.12693304105,-21.,2.7675E+03));
#2589 = VECTOR('',#2590,1.);
#2590 = DIRECTION('',(0.,0.,-1.));
#2591 = PCURVE('',#2464,#2592);
#2592 = DEFINITIONAL_REPRESENTATION('',(#2593),#2597);
#2593 = LINE('',#2594,#2595);
#2594 = CARTESIAN_POINT('',(6.28318530718,-0.));
#2595 = VECTOR('',#2596,1.);
#2596 = DIRECTION('',(0.,1.));
#2597 = ( GEOMETRIC_REPRESENTATION_CONTEXT(2) 
PARAMETRIC_REPRESENTATION_CONTEXT() REPRESENTATION_CONTEXT('2D SPACE',''
  ) );
#2598 = PCURVE('',#2464,#2599);
#2599 = DEFINITIONAL_REPRESENTATION('',(#2600),#2604);
#2600 = LINE('',#2601,#2602);
#2601 = CARTESIAN_POINT('',(0.,-0.));
#2602 = VECTOR('',#2603,1.);
#2603 = DIRECTION('',(0.,1.));
#2604 = ( GEOMETRIC_REPRESENTATION_CONTEXT(2) 
PARAMETRIC_REPRESENTATION_CONTEXT() REPRESENTATION_CONTEXT('2D SPACE',''
  ) );
#2605 = ORIENTED_EDGE('',*,*,#2443,.T.);
#2606 = ORIENTED_EDGE('',*,*,#2585,.T.);
#2607 = ADVANCED_FACE('',(#2608),#2499,.T.);
#2608 = FACE_BOUND('',#2609,.T.);
#2609 = EDGE_LOOP('',(#2610,#2638,#2659,#2660));
#2610 = ORIENTED_EDGE('',*,*,#2611,.F.);
#2611 = EDGE_CURVE('',#2612,#2612,#2614,.T.);
#2612 = VERTEX_POINT('',#2613);
#2613 = CARTESIAN_POINT('',(333.87306695894,-21.,2.6775E+03));
#2614 = SURFACE_CURVE('',#2615,(#2620,#2627),.PCURVE_S1.);
#2615 = CIRCLE('',#2616,2.5);
#2616 = AXIS2_PLACEMENT_3D('',#2617,#2618,#2619);
#2617 = CARTESIAN_POINT('',(336.37306695894,-21.,2.6775E+03));
#2618 = DIRECTION('',(0.,0.,-1.));
#2619 = DIRECTION('',(-1.,0.,-0.));
#2620 = PCURVE('',#2499,#2621);
#2621 = DEFINITIONAL_REPRESENTATION('',(#2622),#2626);
#2622 = LINE('',#2623,#2624);
#2623 = CARTESIAN_POINT('',(0.,90.));
#2624 = VECTOR('',#2625,1.);
#2625 = DIRECTION('',(1.,0.));
#2626 = ( GEOMETRIC_REPRESENTATION_CONTEXT(2) 
PARAMETRIC_REPRESENTATION_CONTEXT() REPRESENTATION_CONTEXT('2D SPACE',''
  ) );
#2627 = PCURVE('',#2569,#2628);
#2628 = DEFINITIONAL_REPRESENTATION('',(#2629),#2637);
#2629 = ( BOUNDED_CURVE() B_SPLINE_CURVE(2,(#2630,#2631,#2632,#2633,
#2634,#2635,#2636),.UNSPECIFIED.,.T.,.F.) B_SPLINE_CURVE_WITH_KNOTS((1,2
    ,2,2,2,1),(-2.094395102393,0.,2.094395102393,4.188790204786,
6.28318530718,8.377580409573),.UNSPECIFIED.) CURVE() 
GEOMETRIC_REPRESENTATION_ITEM() RATIONAL_B_SPLINE_CURVE((1.,0.5,1.,0.5,
1.,0.5,1.)) REPRESENTATION_ITEM('') );
#2630 = CARTESIAN_POINT('',(33.873066958946,-21.));
#2631 = CARTESIAN_POINT('',(33.873066958946,-16.66987298107));
#2632 = CARTESIAN_POINT('',(37.623066958946,-18.83493649053));
#2633 = CARTESIAN_POINT('',(41.373066958946,-21.));
#2634 = CARTESIAN_POINT('',(37.623066958946,-23.16506350946));
#2635 = CARTESIAN_POINT('',(33.873066958946,-25.33012701892));
#2636 = CARTESIAN_POINT('',(33.873066958946,-21.));
#2637 = ( GEOMETRIC_REPRESENTATION_CONTEXT(2) 
PARAMETRIC_REPRESENTATION_CONTEXT() REPRESENTATION_CONTEXT('2D SPACE',''
  ) );
#2638 = ORIENTED_EDGE('',*,*,#2639,.F.);
#2639 = EDGE_CURVE('',#2479,#2612,#2640,.T.);
#2640 = SEAM_CURVE('',#2641,(#2645,#2652),.PCURVE_S1.);
#2641 = LINE('',#2642,#2643);
#2642 = CARTESIAN_POINT('',(333.87306695894,-21.,2.7675E+03));
#2643 = VECTOR('',#2644,1.);
#2644 = DIRECTION('',(0.,0.,-1.));
#2645 = PCURVE('',#2499,#2646);
#2646 = DEFINITIONAL_REPRESENTATION('',(#2647),#2651);
#2647 = LINE('',#2648,#2649);
#2648 = CARTESIAN_POINT('',(6.28318530718,-0.));
#2649 = VECTOR('',#2650,1.);
#2650 = DIRECTION('',(0.,1.));
#2651 = ( GEOMETRIC_REPRESENTATION_CONTEXT(2) 
PARAMETRIC_REPRESENTATION_CONTEXT() REPRESENTATION_CONTEXT('2D SPACE',''
  ) );
#2652 = PCURVE('',#2499,#2653);
#2653 = DEFINITIONAL_REPRESENTATION('',(#2654),#2658);
#2654 = LINE('',#2655,#2656);
#2655 = CARTESIAN_POINT('',(0.,-0.));
#2656 = VECTOR('',#2657,1.);
#2657 = DIRECTION('',(0.,1.));
#2658 = ( GEOMETRIC_REPRESENTATION_CONTEXT(2) 
PARAMETRIC_REPRESENTATION_CONTEXT() REPRESENTATION_CONTEXT('2D SPACE',''
  ) );
#2659 = ORIENTED_EDGE('',*,*,#2478,.T.);
#2660 = ORIENTED_EDGE('',*,*,#2639,.T.);
#2661 = ADVANCED_FACE('',(#2662),#2537,.T.);
#2662 = FACE_BOUND('',#2663,.T.);
#2663 = EDGE_LOOP('',(#2664,#2692,#2713,#2714));
#2664 = ORIENTED_EDGE('',*,*,#2665,.F.);
#2665 = EDGE_CURVE('',#2666,#2666,#2668,.T.);
#2666 = VERTEX_POINT('',#2667);
#2667 = CARTESIAN_POINT('',(297.5,42.,2.6775E+03));
#2668 = SURFACE_CURVE('',#2669,(#2674,#2681),.PCURVE_S1.);
#2669 = CIRCLE('',#2670,2.5);
#2670 = AXIS2_PLACEMENT_3D('',#2671,#2672,#2673);
#2671 = CARTESIAN_POINT('',(300.,42.,2.6775E+03));
#2672 = DIRECTION('',(0.,0.,-1.));
#2673 = DIRECTION('',(-1.,0.,-0.));
#2674 = PCURVE('',#2537,#2675);
#2675 = DEFINITIONAL_REPRESENTATION('',(#2676),#2680);
#2676 = LINE('',#2677,#2678);
#2677 = CARTESIAN_POINT('',(0.,90.));
#2678 = VECTOR('',#2679,1.);
#2679 = DIRECTION('',(1.,0.));
#2680 = ( GEOMETRIC_REPRESENTATION_CONTEXT(2) 
PARAMETRIC_REPRESENTATION_CONTEXT() REPRESENTATION_CONTEXT('2D SPACE',''
  ) );
#2681 = PCURVE('',#2569,#2682);
#2682 = DEFINITIONAL_REPRESENTATION('',(#2683),#2691);
#2683 = ( BOUNDED_CURVE() B_SPLINE_CURVE(2,(#2684,#2685,#2686,#2687,
#2688,#2689,#2690),.UNSPECIFIED.,.T.,.F.) B_SPLINE_CURVE_WITH_KNOTS((1,2
    ,2,2,2,1),(-2.094395102393,0.,2.094395102393,4.188790204786,
6.28318530718,8.377580409573),.UNSPECIFIED.) CURVE() 
GEOMETRIC_REPRESENTATION_ITEM() RATIONAL_B_SPLINE_CURVE((1.,0.5,1.,0.5,
1.,0.5,1.)) REPRESENTATION_ITEM('') );
#2684 = CARTESIAN_POINT('',(-2.5,42.));
#2685 = CARTESIAN_POINT('',(-2.5,46.330127018922));
#2686 = CARTESIAN_POINT('',(1.25,44.165063509461));
#2687 = CARTESIAN_POINT('',(5.,42.));
#2688 = CARTESIAN_POINT('',(1.25,39.834936490539));
#2689 = CARTESIAN_POINT('',(-2.5,37.669872981078));
#2690 = CARTESIAN_POINT('',(-2.5,42.));
#2691 = ( GEOMETRIC_REPRESENTATION_CONTEXT(2) 
PARAMETRIC_REPRESENTATION_CONTEXT() REPRESENTATION_CONTEXT('2D SPACE',''
  ) );
#2692 = ORIENTED_EDGE('',*,*,#2693,.F.);
#2693 = EDGE_CURVE('',#2517,#2666,#2694,.T.);
#2694 = SEAM_CURVE('',#2695,(#2699,#2706),.PCURVE_S1.);
#2695 = LINE('',#2696,#2697);
#2696 = CARTESIAN_POINT('',(297.5,42.,2.7675E+03));
#2697 = VECTOR('',#2698,1.);
#2698 = DIRECTION('',(0.,0.,-1.));
#2699 = PCURVE('',#2537,#2700);
#2700 = DEFINITIONAL_REPRESENTATION('',(#2701),#2705);
#2701 = LINE('',#2702,#2703);
#2702 = CARTESIAN_POINT('',(6.28318530718,-0.));
#2703 = VECTOR('',#2704,1.);
#2704 = DIRECTION('',(0.,1.));
#2705 = ( GEOMETRIC_REPRESENTATION_CONTEXT(2) 
PARAMETRIC_REPRESENTATION_CONTEXT() REPRESENTATION_CONTEXT('2D SPACE',''
  ) );
#2706 = PCURVE('',#2537,#2707);
#2707 = DEFINITIONAL_REPRESENTATION('',(#2708),#2712);
#2708 = LINE('',#2709,#2710);
#2709 = CARTESIAN_POINT('',(0.,-0.));
#2710 = VECTOR('',#2711,1.);
#2711 = DIRECTION('',(0.,1.));
#2712 = ( GEOMETRIC_REPRESENTATION_CONTEXT(2) 
PARAMETRIC_REPRESENTATION_CONTEXT() REPRESENTATION_CONTEXT('2D SPACE',''
  ) );
#2713 = ORIENTED_EDGE('',*,*,#2516,.T.);
#2714 = ORIENTED_EDGE('',*,*,#2693,.T.);
#2715 = ADVANCED_FACE('',(#2716,#2747,#2750,#2753,#2784),#2569,.T.);
#2716 = FACE_BOUND('',#2717,.T.);
#2717 = EDGE_LOOP('',(#2718));
#2718 = ORIENTED_EDGE('',*,*,#2719,.T.);
#2719 = EDGE_CURVE('',#2720,#2720,#2722,.T.);
#2720 = VERTEX_POINT('',#2721);
#2721 = CARTESIAN_POINT('',(355.,-1.347111479062E-14,2.6775E+03));
#2722 = SURFACE_CURVE('',#2723,(#2728,#2735),.PCURVE_S1.);
#2723 = CIRCLE('',#2724,55.);
#2724 = AXIS2_PLACEMENT_3D('',#2725,#2726,#2727);
#2725 = CARTESIAN_POINT('',(300.,0.,2.6775E+03));
#2726 = DIRECTION('',(0.,0.,1.));
#2727 = DIRECTION('',(1.,0.,-0.));
#2728 = PCURVE('',#2569,#2729);
#2729 = DEFINITIONAL_REPRESENTATION('',(#2730),#2734);
#2730 = CIRCLE('',#2731,55.);
#2731 = AXIS2_PLACEMENT_2D('',#2732,#2733);
#2732 = CARTESIAN_POINT('',(0.,0.));
#2733 = DIRECTION('',(1.,0.));
#2734 = ( GEOMETRIC_REPRESENTATION_CONTEXT(2) 
PARAMETRIC_REPRESENTATION_CONTEXT() REPRESENTATION_CONTEXT('2D SPACE',''
  ) );
#2735 = PCURVE('',#2736,#2741);
#2736 = CYLINDRICAL_SURFACE('',#2737,55.);
#2737 = AXIS2_PLACEMENT_3D('',#2738,#2739,#2740);
#2738 = CARTESIAN_POINT('',(300.,0.,2.6745E+03));
#2739 = DIRECTION('',(0.,0.,1.));
#2740 = DIRECTION('',(1.,0.,-0.));
#2741 = DEFINITIONAL_REPRESENTATION('',(#2742),#2746);
#2742 = LINE('',#2743,#2744);
#2743 = CARTESIAN_POINT('',(0.,3.));
#2744 = VECTOR('',#2745,1.);
#2745 = DIRECTION('',(1.,0.));
#2746 = ( GEOMETRIC_REPRESENTATION_CONTEXT(2) 
PARAMETRIC_REPRESENTATION_CONTEXT() REPRESENTATION_CONTEXT('2D SPACE',''
  ) );
#2747 = FACE_BOUND('',#2748,.T.);
#2748 = EDGE_LOOP('',(#2749));
#2749 = ORIENTED_EDGE('',*,*,#2552,.T.);
#2750 = FACE_BOUND('',#2751,.T.);
#2751 = EDGE_LOOP('',(#2752));
#2752 = ORIENTED_EDGE('',*,*,#2611,.T.);
#2753 = FACE_BOUND('',#2754,.T.);
#2754 = EDGE_LOOP('',(#2755));
#2755 = ORIENTED_EDGE('',*,*,#2756,.F.);
#2756 = EDGE_CURVE('',#2757,#2757,#2759,.T.);
#2757 = VERTEX_POINT('',#2758);
#2758 = CARTESIAN_POINT('',(328.,-6.858022075225E-15,2.6775E+03));
#2759 = SURFACE_CURVE('',#2760,(#2765,#2772),.PCURVE_S1.);
#2760 = CIRCLE('',#2761,28.);
#2761 = AXIS2_PLACEMENT_3D('',#2762,#2763,#2764);
#2762 = CARTESIAN_POINT('',(300.,0.,2.6775E+03));
#2763 = DIRECTION('',(0.,0.,1.));
#2764 = DIRECTION('',(1.,0.,-0.));
#2765 = PCURVE('',#2569,#2766);
#2766 = DEFINITIONAL_REPRESENTATION('',(#2767),#2771);
#2767 = CIRCLE('',#2768,28.);
#2768 = AXIS2_PLACEMENT_2D('',#2769,#2770);
#2769 = CARTESIAN_POINT('',(0.,0.));
#2770 = DIRECTION('',(1.,0.));
#2771 = ( GEOMETRIC_REPRESENTATION_CONTEXT(2) 
PARAMETRIC_REPRESENTATION_CONTEXT() REPRESENTATION_CONTEXT('2D SPACE',''
  ) );
#2772 = PCURVE('',#2773,#2778);
#2773 = CYLINDRICAL_SURFACE('',#2774,28.);
#2774 = AXIS2_PLACEMENT_3D('',#2775,#2776,#2777);
#2775 = CARTESIAN_POINT('',(300.,0.,2.6735E+03));
#2776 = DIRECTION('',(0.,0.,1.));
#2777 = DIRECTION('',(1.,0.,-0.));
#2778 = DEFINITIONAL_REPRESENTATION('',(#2779),#2783);
#2779 = LINE('',#2780,#2781);
#2780 = CARTESIAN_POINT('',(0.,4.));
#2781 = VECTOR('',#2782,1.);
#2782 = DIRECTION('',(1.,0.));
#2783 = ( GEOMETRIC_REPRESENTATION_CONTEXT(2) 
PARAMETRIC_REPRESENTATION_CONTEXT() REPRESENTATION_CONTEXT('2D SPACE',''
  ) );
#2784 = FACE_BOUND('',#2785,.T.);
#2785 = EDGE_LOOP('',(#2786));
#2786 = ORIENTED_EDGE('',*,*,#2665,.T.);
#2787 = ADVANCED_FACE('',(#2788),#2736,.T.);
#2788 = FACE_BOUND('',#2789,.T.);
#2789 = EDGE_LOOP('',(#2790,#2791,#2814,#2841));
#2790 = ORIENTED_EDGE('',*,*,#2719,.F.);
#2791 = ORIENTED_EDGE('',*,*,#2792,.F.);
#2792 = EDGE_CURVE('',#2793,#2720,#2795,.T.);
#2793 = VERTEX_POINT('',#2794);
#2794 = CARTESIAN_POINT('',(355.,-1.347111479062E-14,2.6745E+03));
#2795 = SEAM_CURVE('',#2796,(#2800,#2807),.PCURVE_S1.);
#2796 = LINE('',#2797,#2798);
#2797 = CARTESIAN_POINT('',(355.,-1.347111479062E-14,2.6745E+03));
#2798 = VECTOR('',#2799,1.);
#2799 = DIRECTION('',(0.,0.,1.));
#2800 = PCURVE('',#2736,#2801);
#2801 = DEFINITIONAL_REPRESENTATION('',(#2802),#2806);
#2802 = LINE('',#2803,#2804);
#2803 = CARTESIAN_POINT('',(6.28318530718,-0.));
#2804 = VECTOR('',#2805,1.);
#2805 = DIRECTION('',(0.,1.));
#2806 = ( GEOMETRIC_REPRESENTATION_CONTEXT(2) 
PARAMETRIC_REPRESENTATION_CONTEXT() REPRESENTATION_CONTEXT('2D SPACE',''
  ) );
#2807 = PCURVE('',#2736,#2808);
#2808 = DEFINITIONAL_REPRESENTATION('',(#2809),#2813);
#2809 = LINE('',#2810,#2811);
#2810 = CARTESIAN_POINT('',(0.,-0.));
#2811 = VECTOR('',#2812,1.);
#2812 = DIRECTION('',(0.,1.));
#2813 = ( GEOMETRIC_REPRESENTATION_CONTEXT(2) 
PARAMETRIC_REPRESENTATION_CONTEXT() REPRESENTATION_CONTEXT('2D SPACE',''
  ) );
#2814 = ORIENTED_EDGE('',*,*,#2815,.T.);
#2815 = EDGE_CURVE('',#2793,#2793,#2816,.T.);
#2816 = SURFACE_CURVE('',#2817,(#2822,#2829),.PCURVE_S1.);
#2817 = CIRCLE('',#2818,55.);
#2818 = AXIS2_PLACEMENT_3D('',#2819,#2820,#2821);
#2819 = CARTESIAN_POINT('',(300.,0.,2.6745E+03));
#2820 = DIRECTION('',(0.,0.,1.));
#2821 = DIRECTION('',(1.,0.,-0.));
#2822 = PCURVE('',#2736,#2823);
#2823 = DEFINITIONAL_REPRESENTATION('',(#2824),#2828);
#2824 = LINE('',#2825,#2826);
#2825 = CARTESIAN_POINT('',(0.,0.));
#2826 = VECTOR('',#2827,1.);
#2827 = DIRECTION('',(1.,0.));
#2828 = ( GEOMETRIC_REPRESENTATION_CONTEXT(2) 
PARAMETRIC_REPRESENTATION_CONTEXT() REPRESENTATION_CONTEXT('2D SPACE',''
  ) );
#2829 = PCURVE('',#2830,#2835);
#2830 = PLANE('',#2831);
#2831 = AXIS2_PLACEMENT_3D('',#2832,#2833,#2834);
#2832 = CARTESIAN_POINT('',(300.,0.,2.6745E+03));
#2833 = DIRECTION('',(0.,0.,1.));
#2834 = DIRECTION('',(1.,0.,-0.));
#2835 = DEFINITIONAL_REPRESENTATION('',(#2836),#2840);
#2836 = CIRCLE('',#2837,55.);
#2837 = AXIS2_PLACEMENT_2D('',#2838,#2839);
#2838 = CARTESIAN_POINT('',(0.,0.));
#2839 = DIRECTION('',(1.,0.));
#2840 = ( GEOMETRIC_REPRESENTATION_CONTEXT(2) 
PARAMETRIC_REPRESENTATION_CONTEXT() REPRESENTATION_CONTEXT('2D SPACE',''
  ) );
#2841 = ORIENTED_EDGE('',*,*,#2792,.T.);
#2842 = ADVANCED_FACE('',(#2843),#2773,.F.);
#2843 = FACE_BOUND('',#2844,.F.);
#2844 = EDGE_LOOP('',(#2845,#2846,#2869,#2891));
#2845 = ORIENTED_EDGE('',*,*,#2756,.F.);
#2846 = ORIENTED_EDGE('',*,*,#2847,.F.);
#2847 = EDGE_CURVE('',#2848,#2757,#2850,.T.);
#2848 = VERTEX_POINT('',#2849);
#2849 = CARTESIAN_POINT('',(328.,-6.858022075225E-15,2.6745E+03));
#2850 = SEAM_CURVE('',#2851,(#2855,#2862),.PCURVE_S1.);
#2851 = LINE('',#2852,#2853);
#2852 = CARTESIAN_POINT('',(328.,-6.858022075225E-15,2.6735E+03));
#2853 = VECTOR('',#2854,1.);
#2854 = DIRECTION('',(0.,0.,1.));
#2855 = PCURVE('',#2773,#2856);
#2856 = DEFINITIONAL_REPRESENTATION('',(#2857),#2861);
#2857 = LINE('',#2858,#2859);
#2858 = CARTESIAN_POINT('',(6.28318530718,-0.));
#2859 = VECTOR('',#2860,1.);
#2860 = DIRECTION('',(0.,1.));
#2861 = ( GEOMETRIC_REPRESENTATION_CONTEXT(2) 
PARAMETRIC_REPRESENTATION_CONTEXT() REPRESENTATION_CONTEXT('2D SPACE',''
  ) );
#2862 = PCURVE('',#2773,#2863);
#2863 = DEFINITIONAL_REPRESENTATION('',(#2864),#2868);
#2864 = LINE('',#2865,#2866);
#2865 = CARTESIAN_POINT('',(0.,-0.));
#2866 = VECTOR('',#2867,1.);
#2867 = DIRECTION('',(0.,1.));
#2868 = ( GEOMETRIC_REPRESENTATION_CONTEXT(2) 
PARAMETRIC_REPRESENTATION_CONTEXT() REPRESENTATION_CONTEXT('2D SPACE',''
  ) );
#2869 = ORIENTED_EDGE('',*,*,#2870,.T.);
#2870 = EDGE_CURVE('',#2848,#2848,#2871,.T.);
#2871 = SURFACE_CURVE('',#2872,(#2877,#2884),.PCURVE_S1.);
#2872 = CIRCLE('',#2873,28.);
#2873 = AXIS2_PLACEMENT_3D('',#2874,#2875,#2876);
#2874 = CARTESIAN_POINT('',(300.,0.,2.6745E+03));
#2875 = DIRECTION('',(0.,0.,1.));
#2876 = DIRECTION('',(1.,0.,-0.));
#2877 = PCURVE('',#2773,#2878);
#2878 = DEFINITIONAL_REPRESENTATION('',(#2879),#2883);
#2879 = LINE('',#2880,#2881);
#2880 = CARTESIAN_POINT('',(0.,1.));
#2881 = VECTOR('',#2882,1.);
#2882 = DIRECTION('',(1.,0.));
#2883 = ( GEOMETRIC_REPRESENTATION_CONTEXT(2) 
PARAMETRIC_REPRESENTATION_CONTEXT() REPRESENTATION_CONTEXT('2D SPACE',''
  ) );
#2884 = PCURVE('',#2830,#2885);
#2885 = DEFINITIONAL_REPRESENTATION('',(#2886),#2890);
#2886 = CIRCLE('',#2887,28.);
#2887 = AXIS2_PLACEMENT_2D('',#2888,#2889);
#2888 = CARTESIAN_POINT('',(0.,0.));
#2889 = DIRECTION('',(1.,0.));
#2890 = ( GEOMETRIC_REPRESENTATION_CONTEXT(2) 
PARAMETRIC_REPRESENTATION_CONTEXT() REPRESENTATION_CONTEXT('2D SPACE',''
  ) );
#2891 = ORIENTED_EDGE('',*,*,#2847,.T.);
#2892 = ADVANCED_FACE('',(#2893,#2896,#2931,#2966,#2969),#2830,.F.);
#2893 = FACE_BOUND('',#2894,.F.);
#2894 = EDGE_LOOP('',(#2895));
#2895 = ORIENTED_EDGE('',*,*,#2815,.T.);
#2896 = FACE_BOUND('',#2897,.F.);
#2897 = EDGE_LOOP('',(#2898));
#2898 = ORIENTED_EDGE('',*,*,#2899,.T.);
#2899 = EDGE_CURVE('',#2900,#2900,#2902,.T.);
#2900 = VERTEX_POINT('',#2901);
#2901 = CARTESIAN_POINT('',(261.12693304105,-21.,2.6745E+03));
#2902 = SURFACE_CURVE('',#2903,(#2908,#2919),.PCURVE_S1.);
#2903 = CIRCLE('',#2904,2.5);
#2904 = AXIS2_PLACEMENT_3D('',#2905,#2906,#2907);
#2905 = CARTESIAN_POINT('',(263.62693304105,-21.,2.6745E+03));
#2906 = DIRECTION('',(0.,0.,-1.));
#2907 = DIRECTION('',(-1.,0.,-0.));
#2908 = PCURVE('',#2830,#2909);
#2909 = DEFINITIONAL_REPRESENTATION('',(#2910),#2918);
#2910 = ( BOUNDED_CURVE() B_SPLINE_CURVE(2,(#2911,#2912,#2913,#2914,
#2915,#2916,#2917),.UNSPECIFIED.,.T.,.F.) B_SPLINE_CURVE_WITH_KNOTS((1,2
    ,2,2,2,1),(-2.094395102393,0.,2.094395102393,4.188790204786,
6.28318530718,8.377580409573),.UNSPECIFIED.) CURVE() 
GEOMETRIC_REPRESENTATION_ITEM() RATIONAL_B_SPLINE_CURVE((1.,0.5,1.,0.5,
1.,0.5,1.)) REPRESENTATION_ITEM('') );
#2911 = CARTESIAN_POINT('',(-38.87306695894,-21.));
#2912 = CARTESIAN_POINT('',(-38.87306695894,-16.66987298107));
#2913 = CARTESIAN_POINT('',(-35.12306695894,-18.83493649053));
#2914 = CARTESIAN_POINT('',(-31.37306695894,-21.));
#2915 = CARTESIAN_POINT('',(-35.12306695894,-23.16506350946));
#2916 = CARTESIAN_POINT('',(-38.87306695894,-25.33012701892));
#2917 = CARTESIAN_POINT('',(-38.87306695894,-21.));
#2918 = ( GEOMETRIC_REPRESENTATION_CONTEXT(2) 
PARAMETRIC_REPRESENTATION_CONTEXT() REPRESENTATION_CONTEXT('2D SPACE',''
  ) );
#2919 = PCURVE('',#2920,#2925);
#2920 = CYLINDRICAL_SURFACE('',#2921,2.5);
#2921 = AXIS2_PLACEMENT_3D('',#2922,#2923,#2924);
#2922 = CARTESIAN_POINT('',(263.62693304105,-21.,2.7675E+03));
#2923 = DIRECTION('',(0.,0.,-1.));
#2924 = DIRECTION('',(-1.,0.,-0.));
#2925 = DEFINITIONAL_REPRESENTATION('',(#2926),#2930);
#2926 = LINE('',#2927,#2928);
#2927 = CARTESIAN_POINT('',(0.,93.));
#2928 = VECTOR('',#2929,1.);
#2929 = DIRECTION('',(1.,0.));
#2930 = ( GEOMETRIC_REPRESENTATION_CONTEXT(2) 
PARAMETRIC_REPRESENTATION_CONTEXT() REPRESENTATION_CONTEXT('2D SPACE',''
  ) );
#2931 = FACE_BOUND('',#2932,.F.);
#2932 = EDGE_LOOP('',(#2933));
#2933 = ORIENTED_EDGE('',*,*,#2934,.T.);
#2934 = EDGE_CURVE('',#2935,#2935,#2937,.T.);
#2935 = VERTEX_POINT('',#2936);
#2936 = CARTESIAN_POINT('',(333.87306695894,-21.,2.6745E+03));
#2937 = SURFACE_CURVE('',#2938,(#2943,#2954),.PCURVE_S1.);
#2938 = CIRCLE('',#2939,2.5);
#2939 = AXIS2_PLACEMENT_3D('',#2940,#2941,#2942);
#2940 = CARTESIAN_POINT('',(336.37306695894,-21.,2.6745E+03));
#2941 = DIRECTION('',(0.,0.,-1.));
#2942 = DIRECTION('',(-1.,0.,-0.));
#2943 = PCURVE('',#2830,#2944);
#2944 = DEFINITIONAL_REPRESENTATION('',(#2945),#2953);
#2945 = ( BOUNDED_CURVE() B_SPLINE_CURVE(2,(#2946,#2947,#2948,#2949,
#2950,#2951,#2952),.UNSPECIFIED.,.T.,.F.) B_SPLINE_CURVE_WITH_KNOTS((1,2
    ,2,2,2,1),(-2.094395102393,0.,2.094395102393,4.188790204786,
6.28318530718,8.377580409573),.UNSPECIFIED.) CURVE() 
GEOMETRIC_REPRESENTATION_ITEM() RATIONAL_B_SPLINE_CURVE((1.,0.5,1.,0.5,
1.,0.5,1.)) REPRESENTATION_ITEM('') );
#2946 = CARTESIAN_POINT('',(33.873066958946,-21.));
#2947 = CARTESIAN_POINT('',(33.873066958946,-16.66987298107));
#2948 = CARTESIAN_POINT('',(37.623066958946,-18.83493649053));
#2949 = CARTESIAN_POINT('',(41.373066958946,-21.));
#2950 = CARTESIAN_POINT('',(37.623066958946,-23.16506350946));
#2951 = CARTESIAN_POINT('',(33.873066958946,-25.33012701892));
#2952 = CARTESIAN_POINT('',(33.873066958946,-21.));
#2953 = ( GEOMETRIC_REPRESENTATION_CONTEXT(2) 
PARAMETRIC_REPRESENTATION_CONTEXT() REPRESENTATION_CONTEXT('2D SPACE',''
  ) );
#2954 = PCURVE('',#2955,#2960);
#2955 = CYLINDRICAL_SURFACE('',#2956,2.5);
#2956 = AXIS2_PLACEMENT_3D('',#2957,#2958,#2959);
#2957 = CARTESIAN_POINT('',(336.37306695894,-21.,2.7675E+03));
#2958 = DIRECTION('',(0.,0.,-1.));
#2959 = DIRECTION('',(-1.,0.,-0.));
#2960 = DEFINITIONAL_REPRESENTATION('',(#2961),#2965);
#2961 = LINE('',#2962,#2963);
#2962 = CARTESIAN_POINT('',(0.,93.));
#2963 = VECTOR('',#2964,1.);
#2964 = DIRECTION('',(1.,0.));
#2965 = ( GEOMETRIC_REPRESENTATION_CONTEXT(2) 
PARAMETRIC_REPRESENTATION_CONTEXT() REPRESENTATION_CONTEXT('2D SPACE',''
  ) );
#2966 = FACE_BOUND('',#2967,.F.);
#2967 = EDGE_LOOP('',(#2968));
#2968 = ORIENTED_EDGE('',*,*,#2870,.F.);
#2969 = FACE_BOUND('',#2970,.F.);
#2970 = EDGE_LOOP('',(#2971));
#2971 = ORIENTED_EDGE('',*,*,#2972,.T.);
#2972 = EDGE_CURVE('',#2973,#2973,#2975,.T.);
#2973 = VERTEX_POINT('',#2974);
#2974 = CARTESIAN_POINT('',(297.5,42.,2.6745E+03));
#2975 = SURFACE_CURVE('',#2976,(#2981,#2992),.PCURVE_S1.);
#2976 = CIRCLE('',#2977,2.5);
#2977 = AXIS2_PLACEMENT_3D('',#2978,#2979,#2980);
#2978 = CARTESIAN_POINT('',(300.,42.,2.6745E+03));
#2979 = DIRECTION('',(0.,0.,-1.));
#2980 = DIRECTION('',(-1.,0.,-0.));
#2981 = PCURVE('',#2830,#2982);
#2982 = DEFINITIONAL_REPRESENTATION('',(#2983),#2991);
#2983 = ( BOUNDED_CURVE() B_SPLINE_CURVE(2,(#2984,#2985,#2986,#2987,
#2988,#2989,#2990),.UNSPECIFIED.,.T.,.F.) B_SPLINE_CURVE_WITH_KNOTS((1,2
    ,2,2,2,1),(-2.094395102393,0.,2.094395102393,4.188790204786,
6.28318530718,8.377580409573),.UNSPECIFIED.) CURVE() 
GEOMETRIC_REPRESENTATION_ITEM() RATIONAL_B_SPLINE_CURVE((1.,0.5,1.,0.5,
1.,0.5,1.)) REPRESENTATION_ITEM('') );
#2984 = CARTESIAN_POINT('',(-2.5,42.));
#2985 = CARTESIAN_POINT('',(-2.5,46.330127018922));
#2986 = CARTESIAN_POINT('',(1.25,44.165063509461));
#2987 = CARTESIAN_POINT('',(5.,42.));
#2988 = CARTESIAN_POINT('',(1.25,39.834936490539));
#2989 = CARTESIAN_POINT('',(-2.5,37.669872981078));
#2990 = CARTESIAN_POINT('',(-2.5,42.));
#2991 = ( GEOMETRIC_REPRESENTATION_CONTEXT(2) 
PARAMETRIC_REPRESENTATION_CONTEXT() REPRESENTATION_CONTEXT('2D SPACE',''
  ) );
#2992 = PCURVE('',#2993,#2998);
#2993 = CYLINDRICAL_SURFACE('',#2994,2.5);
#2994 = AXIS2_PLACEMENT_3D('',#2995,#2996,#2997);
#2995 = CARTESIAN_POINT('',(300.,42.,2.7675E+03));
#2996 = DIRECTION('',(0.,0.,-1.));
#2997 = DIRECTION('',(-1.,0.,-0.));
#2998 = DEFINITIONAL_REPRESENTATION('',(#2999),#3003);
#2999 = LINE('',#3000,#3001);
#3000 = CARTESIAN_POINT('',(0.,93.));
#3001 = VECTOR('',#3002,1.);
#3002 = DIRECTION('',(1.,0.));
#3003 = ( GEOMETRIC_REPRESENTATION_CONTEXT(2) 
PARAMETRIC_REPRESENTATION_CONTEXT() REPRESENTATION_CONTEXT('2D SPACE',''
  ) );
#3004 = ADVANCED_FACE('',(#3005),#2920,.T.);
#3005 = FACE_BOUND('',#3006,.T.);
#3006 = EDGE_LOOP('',(#3007,#3040,#3061,#3062));
#3007 = ORIENTED_EDGE('',*,*,#3008,.F.);
#3008 = EDGE_CURVE('',#3009,#3009,#3011,.T.);
#3009 = VERTEX_POINT('',#3010);
#3010 = CARTESIAN_POINT('',(261.12693304105,-21.,2.6625E+03));
#3011 = SURFACE_CURVE('',#3012,(#3017,#3024),.PCURVE_S1.);
#3012 = CIRCLE('',#3013,2.5);
#3013 = AXIS2_PLACEMENT_3D('',#3014,#3015,#3016);
#3014 = CARTESIAN_POINT('',(263.62693304105,-21.,2.6625E+03));
#3015 = DIRECTION('',(0.,0.,-1.));
#3016 = DIRECTION('',(-1.,0.,-0.));
#3017 = PCURVE('',#2920,#3018);
#3018 = DEFINITIONAL_REPRESENTATION('',(#3019),#3023);
#3019 = LINE('',#3020,#3021);
#3020 = CARTESIAN_POINT('',(0.,105.));
#3021 = VECTOR('',#3022,1.);
#3022 = DIRECTION('',(1.,0.));
#3023 = ( GEOMETRIC_REPRESENTATION_CONTEXT(2) 
PARAMETRIC_REPRESENTATION_CONTEXT() REPRESENTATION_CONTEXT('2D SPACE',''
  ) );
#3024 = PCURVE('',#3025,#3030);
#3025 = PLANE('',#3026);
#3026 = AXIS2_PLACEMENT_3D('',#3027,#3028,#3029);
#3027 = CARTESIAN_POINT('',(300.,0.,2.6625E+03));
#3028 = DIRECTION('',(0.,0.,1.));
#3029 = DIRECTION('',(1.,0.,-0.));
#3030 = DEFINITIONAL_REPRESENTATION('',(#3031),#3039);
#3031 = ( BOUNDED_CURVE() B_SPLINE_CURVE(2,(#3032,#3033,#3034,#3035,
#3036,#3037,#3038),.UNSPECIFIED.,.T.,.F.) B_SPLINE_CURVE_WITH_KNOTS((1,2
    ,2,2,2,1),(-2.094395102393,0.,2.094395102393,4.188790204786,
6.28318530718,8.377580409573),.UNSPECIFIED.) CURVE() 
GEOMETRIC_REPRESENTATION_ITEM() RATIONAL_B_SPLINE_CURVE((1.,0.5,1.,0.5,
1.,0.5,1.)) REPRESENTATION_ITEM('') );
#3032 = CARTESIAN_POINT('',(-38.87306695894,-21.));
#3033 = CARTESIAN_POINT('',(-38.87306695894,-16.66987298107));
#3034 = CARTESIAN_POINT('',(-35.12306695894,-18.83493649053));
#3035 = CARTESIAN_POINT('',(-31.37306695894,-21.));
#3036 = CARTESIAN_POINT('',(-35.12306695894,-23.16506350946));
#3037 = CARTESIAN_POINT('',(-38.87306695894,-25.33012701892));
#3038 = CARTESIAN_POINT('',(-38.87306695894,-21.));
#3039 = ( GEOMETRIC_REPRESENTATION_CONTEXT(2) 
PARAMETRIC_REPRESENTATION_CONTEXT() REPRESENTATION_CONTEXT('2D SPACE',''
  ) );
#3040 = ORIENTED_EDGE('',*,*,#3041,.F.);
#3041 = EDGE_CURVE('',#2900,#3009,#3042,.T.);
#3042 = SEAM_CURVE('',#3043,(#3047,#3054),.PCURVE_S1.);
#3043 = LINE('',#3044,#3045);
#3044 = CARTESIAN_POINT('',(261.12693304105,-21.,2.7675E+03));
#3045 = VECTOR('',#3046,1.);
#3046 = DIRECTION('',(0.,0.,-1.));
#3047 = PCURVE('',#2920,#3048);
#3048 = DEFINITIONAL_REPRESENTATION('',(#3049),#3053);
#3049 = LINE('',#3050,#3051);
#3050 = CARTESIAN_POINT('',(6.28318530718,-0.));
#3051 = VECTOR('',#3052,1.);
#3052 = DIRECTION('',(0.,1.));
#3053 = ( GEOMETRIC_REPRESENTATION_CONTEXT(2) 
PARAMETRIC_REPRESENTATION_CONTEXT() REPRESENTATION_CONTEXT('2D SPACE',''
  ) );
#3054 = PCURVE('',#2920,#3055);
#3055 = DEFINITIONAL_REPRESENTATION('',(#3056),#3060);
#3056 = LINE('',#3057,#3058);
#3057 = CARTESIAN_POINT('',(0.,-0.));
#3058 = VECTOR('',#3059,1.);
#3059 = DIRECTION('',(0.,1.));
#3060 = ( GEOMETRIC_REPRESENTATION_CONTEXT(2) 
PARAMETRIC_REPRESENTATION_CONTEXT() REPRESENTATION_CONTEXT('2D SPACE',''
  ) );
#3061 = ORIENTED_EDGE('',*,*,#2899,.T.);
#3062 = ORIENTED_EDGE('',*,*,#3041,.T.);
#3063 = ADVANCED_FACE('',(#3064),#2955,.T.);
#3064 = FACE_BOUND('',#3065,.T.);
#3065 = EDGE_LOOP('',(#3066,#3094,#3115,#3116));
#3066 = ORIENTED_EDGE('',*,*,#3067,.F.);
#3067 = EDGE_CURVE('',#3068,#3068,#3070,.T.);
#3068 = VERTEX_POINT('',#3069);
#3069 = CARTESIAN_POINT('',(333.87306695894,-21.,2.6625E+03));
#3070 = SURFACE_CURVE('',#3071,(#3076,#3083),.PCURVE_S1.);
#3071 = CIRCLE('',#3072,2.5);
#3072 = AXIS2_PLACEMENT_3D('',#3073,#3074,#3075);
#3073 = CARTESIAN_POINT('',(336.37306695894,-21.,2.6625E+03));
#3074 = DIRECTION('',(0.,0.,-1.));
#3075 = DIRECTION('',(-1.,0.,-0.));
#3076 = PCURVE('',#2955,#3077);
#3077 = DEFINITIONAL_REPRESENTATION('',(#3078),#3082);
#3078 = LINE('',#3079,#3080);
#3079 = CARTESIAN_POINT('',(0.,105.));
#3080 = VECTOR('',#3081,1.);
#3081 = DIRECTION('',(1.,0.));
#3082 = ( GEOMETRIC_REPRESENTATION_CONTEXT(2) 
PARAMETRIC_REPRESENTATION_CONTEXT() REPRESENTATION_CONTEXT('2D SPACE',''
  ) );
#3083 = PCURVE('',#3025,#3084);
#3084 = DEFINITIONAL_REPRESENTATION('',(#3085),#3093);
#3085 = ( BOUNDED_CURVE() B_SPLINE_CURVE(2,(#3086,#3087,#3088,#3089,
#3090,#3091,#3092),.UNSPECIFIED.,.T.,.F.) B_SPLINE_CURVE_WITH_KNOTS((1,2
    ,2,2,2,1),(-2.094395102393,0.,2.094395102393,4.188790204786,
6.28318530718,8.377580409573),.UNSPECIFIED.) CURVE() 
GEOMETRIC_REPRESENTATION_ITEM() RATIONAL_B_SPLINE_CURVE((1.,0.5,1.,0.5,
1.,0.5,1.)) REPRESENTATION_ITEM('') );
#3086 = CARTESIAN_POINT('',(33.873066958946,-21.));
#3087 = CARTESIAN_POINT('',(33.873066958946,-16.66987298107));
#3088 = CARTESIAN_POINT('',(37.623066958946,-18.83493649053));
#3089 = CARTESIAN_POINT('',(41.373066958946,-21.));
#3090 = CARTESIAN_POINT('',(37.623066958946,-23.16506350946));
#3091 = CARTESIAN_POINT('',(33.873066958946,-25.33012701892));
#3092 = CARTESIAN_POINT('',(33.873066958946,-21.));
#3093 = ( GEOMETRIC_REPRESENTATION_CONTEXT(2) 
PARAMETRIC_REPRESENTATION_CONTEXT() REPRESENTATION_CONTEXT('2D SPACE',''
  ) );
#3094 = ORIENTED_EDGE('',*,*,#3095,.F.);
#3095 = EDGE_CURVE('',#2935,#3068,#3096,.T.);
#3096 = SEAM_CURVE('',#3097,(#3101,#3108),.PCURVE_S1.);
#3097 = LINE('',#3098,#3099);
#3098 = CARTESIAN_POINT('',(333.87306695894,-21.,2.7675E+03));
#3099 = VECTOR('',#3100,1.);
#3100 = DIRECTION('',(0.,0.,-1.));
#3101 = PCURVE('',#2955,#3102);
#3102 = DEFINITIONAL_REPRESENTATION('',(#3103),#3107);
#3103 = LINE('',#3104,#3105);
#3104 = CARTESIAN_POINT('',(6.28318530718,-0.));
#3105 = VECTOR('',#3106,1.);
#3106 = DIRECTION('',(0.,1.));
#3107 = ( GEOMETRIC_REPRESENTATION_CONTEXT(2) 
PARAMETRIC_REPRESENTATION_CONTEXT() REPRESENTATION_CONTEXT('2D SPACE',''
  ) );
#3108 = PCURVE('',#2955,#3109);
#3109 = DEFINITIONAL_REPRESENTATION('',(#3110),#3114);
#3110 = LINE('',#3111,#3112);
#3111 = CARTESIAN_POINT('',(0.,-0.));
#3112 = VECTOR('',#3113,1.);
#3113 = DIRECTION('',(0.,1.));
#3114 = ( GEOMETRIC_REPRESENTATION_CONTEXT(2) 
PARAMETRIC_REPRESENTATION_CONTEXT() REPRESENTATION_CONTEXT('2D SPACE',''
  ) );
#3115 = ORIENTED_EDGE('',*,*,#2934,.T.);
#3116 = ORIENTED_EDGE('',*,*,#3095,.T.);
#3117 = ADVANCED_FACE('',(#3118),#2993,.T.);
#3118 = FACE_BOUND('',#3119,.T.);
#3119 = EDGE_LOOP('',(#3120,#3148,#3169,#3170));
#3120 = ORIENTED_EDGE('',*,*,#3121,.F.);
#3121 = EDGE_CURVE('',#3122,#3122,#3124,.T.);
#3122 = VERTEX_POINT('',#3123);
#3123 = CARTESIAN_POINT('',(297.5,42.,2.6625E+03));
#3124 = SURFACE_CURVE('',#3125,(#3130,#3137),.PCURVE_S1.);
#3125 = CIRCLE('',#3126,2.5);
#3126 = AXIS2_PLACEMENT_3D('',#3127,#3128,#3129);
#3127 = CARTESIAN_POINT('',(300.,42.,2.6625E+03));
#3128 = DIRECTION('',(0.,0.,-1.));
#3129 = DIRECTION('',(-1.,0.,-0.));
#3130 = PCURVE('',#2993,#3131);
#3131 = DEFINITIONAL_REPRESENTATION('',(#3132),#3136);
#3132 = LINE('',#3133,#3134);
#3133 = CARTESIAN_POINT('',(0.,105.));
#3134 = VECTOR('',#3135,1.);
#3135 = DIRECTION('',(1.,0.));
#3136 = ( GEOMETRIC_REPRESENTATION_CONTEXT(2) 
PARAMETRIC_REPRESENTATION_CONTEXT() REPRESENTATION_CONTEXT('2D SPACE',''
  ) );
#3137 = PCURVE('',#3025,#3138);
#3138 = DEFINITIONAL_REPRESENTATION('',(#3139),#3147);
#3139 = ( BOUNDED_CURVE() B_SPLINE_CURVE(2,(#3140,#3141,#3142,#3143,
#3144,#3145,#3146),.UNSPECIFIED.,.T.,.F.) B_SPLINE_CURVE_WITH_KNOTS((1,2
    ,2,2,2,1),(-2.094395102393,0.,2.094395102393,4.188790204786,
6.28318530718,8.377580409573),.UNSPECIFIED.) CURVE() 
GEOMETRIC_REPRESENTATION_ITEM() RATIONAL_B_SPLINE_CURVE((1.,0.5,1.,0.5,
1.,0.5,1.)) REPRESENTATION_ITEM('') );
#3140 = CARTESIAN_POINT('',(-2.5,42.));
#3141 = CARTESIAN_POINT('',(-2.5,46.330127018922));
#3142 = CARTESIAN_POINT('',(1.25,44.165063509461));
#3143 = CARTESIAN_POINT('',(5.,42.));
#3144 = CARTESIAN_POINT('',(1.25,39.834936490539));
#3145 = CARTESIAN_POINT('',(-2.5,37.669872981078));
#3146 = CARTESIAN_POINT('',(-2.5,42.));
#3147 = ( GEOMETRIC_REPRESENTATION_CONTEXT(2) 
PARAMETRIC_REPRESENTATION_CONTEXT() REPRESENTATION_CONTEXT('2D SPACE',''
  ) );
#3148 = ORIENTED_EDGE('',*,*,#3149,.F.);
#3149 = EDGE_CURVE('',#2973,#3122,#3150,.T.);
#3150 = SEAM_CURVE('',#3151,(#3155,#3162),.PCURVE_S1.);
#3151 = LINE('',#3152,#3153);
#3152 = CARTESIAN_POINT('',(297.5,42.,2.7675E+03));
#3153 = VECTOR('',#3154,1.);
#3154 = DIRECTION('',(0.,0.,-1.));
#3155 = PCURVE('',#2993,#3156);
#3156 = DEFINITIONAL_REPRESENTATION('',(#3157),#3161);
#3157 = LINE('',#3158,#3159);
#3158 = CARTESIAN_POINT('',(6.28318530718,-0.));
#3159 = VECTOR('',#3160,1.);
#3160 = DIRECTION('',(0.,1.));
#3161 = ( GEOMETRIC_REPRESENTATION_CONTEXT(2) 
PARAMETRIC_REPRESENTATION_CONTEXT() REPRESENTATION_CONTEXT('2D SPACE',''
  ) );
#3162 = PCURVE('',#2993,#3163);
#3163 = DEFINITIONAL_REPRESENTATION('',(#3164),#3168);
#3164 = LINE('',#3165,#3166);
#3165 = CARTESIAN_POINT('',(0.,-0.));
#3166 = VECTOR('',#3167,1.);
#3167 = DIRECTION('',(0.,1.));
#3168 = ( GEOMETRIC_REPRESENTATION_CONTEXT(2) 
PARAMETRIC_REPRESENTATION_CONTEXT() REPRESENTATION_CONTEXT('2D SPACE',''
  ) );
#3169 = ORIENTED_EDGE('',*,*,#2972,.T.);
#3170 = ORIENTED_EDGE('',*,*,#3149,.T.);
#3171 = ADVANCED_FACE('',(#3172,#3203,#3206,#3209,#3240),#3025,.T.);
#3172 = FACE_BOUND('',#3173,.T.);
#3173 = EDGE_LOOP('',(#3174));
#3174 = ORIENTED_EDGE('',*,*,#3175,.T.);
#3175 = EDGE_CURVE('',#3176,#3176,#3178,.T.);
#3176 = VERTEX_POINT('',#3177);
#3177 = CARTESIAN_POINT('',(355.,-1.347111479062E-14,2.6625E+03));
#3178 = SURFACE_CURVE('',#3179,(#3184,#3191),.PCURVE_S1.);
#3179 = CIRCLE('',#3180,55.);
#3180 = AXIS2_PLACEMENT_3D('',#3181,#3182,#3183);
#3181 = CARTESIAN_POINT('',(300.,0.,2.6625E+03));
#3182 = DIRECTION('',(0.,0.,1.));
#3183 = DIRECTION('',(1.,0.,-0.));
#3184 = PCURVE('',#3025,#3185);
#3185 = DEFINITIONAL_REPRESENTATION('',(#3186),#3190);
#3186 = CIRCLE('',#3187,55.);
#3187 = AXIS2_PLACEMENT_2D('',#3188,#3189);
#3188 = CARTESIAN_POINT('',(0.,0.));
#3189 = DIRECTION('',(1.,0.));
#3190 = ( GEOMETRIC_REPRESENTATION_CONTEXT(2) 
PARAMETRIC_REPRESENTATION_CONTEXT() REPRESENTATION_CONTEXT('2D SPACE',''
  ) );
#3191 = PCURVE('',#3192,#3197);
#3192 = CYLINDRICAL_SURFACE('',#3193,55.);
#3193 = AXIS2_PLACEMENT_3D('',#3194,#3195,#3196);
#3194 = CARTESIAN_POINT('',(300.,0.,2.6595E+03));
#3195 = DIRECTION('',(0.,0.,1.));
#3196 = DIRECTION('',(1.,0.,-0.));
#3197 = DEFINITIONAL_REPRESENTATION('',(#3198),#3202);
#3198 = LINE('',#3199,#3200);
#3199 = CARTESIAN_POINT('',(0.,3.));
#3200 = VECTOR('',#3201,1.);
#3201 = DIRECTION('',(1.,0.));
#3202 = ( GEOMETRIC_REPRESENTATION_CONTEXT(2) 
PARAMETRIC_REPRESENTATION_CONTEXT() REPRESENTATION_CONTEXT('2D SPACE',''
  ) );
#3203 = FACE_BOUND('',#3204,.T.);
#3204 = EDGE_LOOP('',(#3205));
#3205 = ORIENTED_EDGE('',*,*,#3008,.T.);
#3206 = FACE_BOUND('',#3207,.T.);
#3207 = EDGE_LOOP('',(#3208));
#3208 = ORIENTED_EDGE('',*,*,#3067,.T.);
#3209 = FACE_BOUND('',#3210,.T.);
#3210 = EDGE_LOOP('',(#3211));
#3211 = ORIENTED_EDGE('',*,*,#3212,.F.);
#3212 = EDGE_CURVE('',#3213,#3213,#3215,.T.);
#3213 = VERTEX_POINT('',#3214);
#3214 = CARTESIAN_POINT('',(328.,-6.858022075225E-15,2.6625E+03));
#3215 = SURFACE_CURVE('',#3216,(#3221,#3228),.PCURVE_S1.);
#3216 = CIRCLE('',#3217,28.);
#3217 = AXIS2_PLACEMENT_3D('',#3218,#3219,#3220);
#3218 = CARTESIAN_POINT('',(300.,0.,2.6625E+03));
#3219 = DIRECTION('',(0.,0.,1.));
#3220 = DIRECTION('',(1.,0.,-0.));
#3221 = PCURVE('',#3025,#3222);
#3222 = DEFINITIONAL_REPRESENTATION('',(#3223),#3227);
#3223 = CIRCLE('',#3224,28.);
#3224 = AXIS2_PLACEMENT_2D('',#3225,#3226);
#3225 = CARTESIAN_POINT('',(0.,0.));
#3226 = DIRECTION('',(1.,0.));
#3227 = ( GEOMETRIC_REPRESENTATION_CONTEXT(2) 
PARAMETRIC_REPRESENTATION_CONTEXT() REPRESENTATION_CONTEXT('2D SPACE',''
  ) );
#3228 = PCURVE('',#3229,#3234);
#3229 = CYLINDRICAL_SURFACE('',#3230,28.);
#3230 = AXIS2_PLACEMENT_3D('',#3231,#3232,#3233);
#3231 = CARTESIAN_POINT('',(300.,0.,2.6585E+03));
#3232 = DIRECTION('',(0.,0.,1.));
#3233 = DIRECTION('',(1.,0.,-0.));
#3234 = DEFINITIONAL_REPRESENTATION('',(#3235),#3239);
#3235 = LINE('',#3236,#3237);
#3236 = CARTESIAN_POINT('',(0.,4.));
#3237 = VECTOR('',#3238,1.);
#3238 = DIRECTION('',(1.,0.));
#3239 = ( GEOMETRIC_REPRESENTATION_CONTEXT(2) 
PARAMETRIC_REPRESENTATION_CONTEXT() REPRESENTATION_CONTEXT('2D SPACE',''
  ) );
#3240 = FACE_BOUND('',#3241,.T.);
#3241 = EDGE_LOOP('',(#3242));
#3242 = ORIENTED_EDGE('',*,*,#3121,.T.);
#3243 = ADVANCED_FACE('',(#3244),#3192,.T.);
#3244 = FACE_BOUND('',#3245,.T.);
#3245 = EDGE_LOOP('',(#3246,#3247,#3270,#3297));
#3246 = ORIENTED_EDGE('',*,*,#3175,.F.);
#3247 = ORIENTED_EDGE('',*,*,#3248,.F.);
#3248 = EDGE_CURVE('',#3249,#3176,#3251,.T.);
#3249 = VERTEX_POINT('',#3250);
#3250 = CARTESIAN_POINT('',(355.,-1.347111479062E-14,2.6595E+03));
#3251 = SEAM_CURVE('',#3252,(#3256,#3263),.PCURVE_S1.);
#3252 = LINE('',#3253,#3254);
#3253 = CARTESIAN_POINT('',(355.,-1.347111479062E-14,2.6595E+03));
#3254 = VECTOR('',#3255,1.);
#3255 = DIRECTION('',(0.,0.,1.));
#3256 = PCURVE('',#3192,#3257);
#3257 = DEFINITIONAL_REPRESENTATION('',(#3258),#3262);
#3258 = LINE('',#3259,#3260);
#3259 = CARTESIAN_POINT('',(6.28318530718,-0.));
#3260 = VECTOR('',#3261,1.);
#3261 = DIRECTION('',(0.,1.));
#3262 = ( GEOMETRIC_REPRESENTATION_CONTEXT(2) 
PARAMETRIC_REPRESENTATION_CONTEXT() REPRESENTATION_CONTEXT('2D SPACE',''
  ) );
#3263 = PCURVE('',#3192,#3264);
#3264 = DEFINITIONAL_REPRESENTATION('',(#3265),#3269);
#3265 = LINE('',#3266,#3267);
#3266 = CARTESIAN_POINT('',(0.,-0.));
#3267 = VECTOR('',#3268,1.);
#3268 = DIRECTION('',(0.,1.));
#3269 = ( GEOMETRIC_REPRESENTATION_CONTEXT(2) 
PARAMETRIC_REPRESENTATION_CONTEXT() REPRESENTATION_CONTEXT('2D SPACE',''
  ) );
#3270 = ORIENTED_EDGE('',*,*,#3271,.T.);
#3271 = EDGE_CURVE('',#3249,#3249,#3272,.T.);
#3272 = SURFACE_CURVE('',#3273,(#3278,#3285),.PCURVE_S1.);
#3273 = CIRCLE('',#3274,55.);
#3274 = AXIS2_PLACEMENT_3D('',#3275,#3276,#3277);
#3275 = CARTESIAN_POINT('',(300.,0.,2.6595E+03));
#3276 = DIRECTION('',(0.,0.,1.));
#3277 = DIRECTION('',(1.,0.,-0.));
#3278 = PCURVE('',#3192,#3279);
#3279 = DEFINITIONAL_REPRESENTATION('',(#3280),#3284);
#3280 = LINE('',#3281,#3282);
#3281 = CARTESIAN_POINT('',(0.,0.));
#3282 = VECTOR('',#3283,1.);
#3283 = DIRECTION('',(1.,0.));
#3284 = ( GEOMETRIC_REPRESENTATION_CONTEXT(2) 
PARAMETRIC_REPRESENTATION_CONTEXT() REPRESENTATION_CONTEXT('2D SPACE',''
  ) );
#3285 = PCURVE('',#3286,#3291);
#3286 = PLANE('',#3287);
#3287 = AXIS2_PLACEMENT_3D('',#3288,#3289,#3290);
#3288 = CARTESIAN_POINT('',(300.,0.,2.6595E+03));
#3289 = DIRECTION('',(0.,0.,1.));
#3290 = DIRECTION('',(1.,0.,-0.));
#3291 = DEFINITIONAL_REPRESENTATION('',(#3292),#3296);
#3292 = CIRCLE('',#3293,55.);
#3293 = AXIS2_PLACEMENT_2D('',#3294,#3295);
#3294 = CARTESIAN_POINT('',(0.,0.));
#3295 = DIRECTION('',(1.,0.));
#3296 = ( GEOMETRIC_REPRESENTATION_CONTEXT(2) 
PARAMETRIC_REPRESENTATION_CONTEXT() REPRESENTATION_CONTEXT('2D SPACE',''
  ) );
#3297 = ORIENTED_EDGE('',*,*,#3248,.T.);
#3298 = ADVANCED_FACE('',(#3299),#3229,.F.);
#3299 = FACE_BOUND('',#3300,.F.);
#3300 = EDGE_LOOP('',(#3301,#3302,#3325,#3347));
#3301 = ORIENTED_EDGE('',*,*,#3212,.F.);
#3302 = ORIENTED_EDGE('',*,*,#3303,.F.);
#3303 = EDGE_CURVE('',#3304,#3213,#3306,.T.);
#3304 = VERTEX_POINT('',#3305);
#3305 = CARTESIAN_POINT('',(328.,-6.858022075225E-15,2.6595E+03));
#3306 = SEAM_CURVE('',#3307,(#3311,#3318),.PCURVE_S1.);
#3307 = LINE('',#3308,#3309);
#3308 = CARTESIAN_POINT('',(328.,-6.858022075225E-15,2.6585E+03));
#3309 = VECTOR('',#3310,1.);
#3310 = DIRECTION('',(0.,0.,1.));
#3311 = PCURVE('',#3229,#3312);
#3312 = DEFINITIONAL_REPRESENTATION('',(#3313),#3317);
#3313 = LINE('',#3314,#3315);
#3314 = CARTESIAN_POINT('',(6.28318530718,-0.));
#3315 = VECTOR('',#3316,1.);
#3316 = DIRECTION('',(0.,1.));
#3317 = ( GEOMETRIC_REPRESENTATION_CONTEXT(2) 
PARAMETRIC_REPRESENTATION_CONTEXT() REPRESENTATION_CONTEXT('2D SPACE',''
  ) );
#3318 = PCURVE('',#3229,#3319);
#3319 = DEFINITIONAL_REPRESENTATION('',(#3320),#3324);
#3320 = LINE('',#3321,#3322);
#3321 = CARTESIAN_POINT('',(0.,-0.));
#3322 = VECTOR('',#3323,1.);
#3323 = DIRECTION('',(0.,1.));
#3324 = ( GEOMETRIC_REPRESENTATION_CONTEXT(2) 
PARAMETRIC_REPRESENTATION_CONTEXT() REPRESENTATION_CONTEXT('2D SPACE',''
  ) );
#3325 = ORIENTED_EDGE('',*,*,#3326,.T.);
#3326 = EDGE_CURVE('',#3304,#3304,#3327,.T.);
#3327 = SURFACE_CURVE('',#3328,(#3333,#3340),.PCURVE_S1.);
#3328 = CIRCLE('',#3329,28.);
#3329 = AXIS2_PLACEMENT_3D('',#3330,#3331,#3332);
#3330 = CARTESIAN_POINT('',(300.,0.,2.6595E+03));
#3331 = DIRECTION('',(0.,0.,1.));
#3332 = DIRECTION('',(1.,0.,-0.));
#3333 = PCURVE('',#3229,#3334);
#3334 = DEFINITIONAL_REPRESENTATION('',(#3335),#3339);
#3335 = LINE('',#3336,#3337);
#3336 = CARTESIAN_POINT('',(0.,1.));
#3337 = VECTOR('',#3338,1.);
#3338 = DIRECTION('',(1.,0.));
#3339 = ( GEOMETRIC_REPRESENTATION_CONTEXT(2) 
PARAMETRIC_REPRESENTATION_CONTEXT() REPRESENTATION_CONTEXT('2D SPACE',''
  ) );
#3340 = PCURVE('',#3286,#3341);
#3341 = DEFINITIONAL_REPRESENTATION('',(#3342),#3346);
#3342 = CIRCLE('',#3343,28.);
#3343 = AXIS2_PLACEMENT_2D('',#3344,#3345);
#3344 = CARTESIAN_POINT('',(0.,0.));
#3345 = DIRECTION('',(1.,0.));
#3346 = ( GEOMETRIC_REPRESENTATION_CONTEXT(2) 
PARAMETRIC_REPRESENTATION_CONTEXT() REPRESENTATION_CONTEXT('2D SPACE',''
  ) );
#3347 = ORIENTED_EDGE('',*,*,#3303,.T.);
#3348 = ADVANCED_FACE('',(#3349,#3352),#3286,.F.);
#3349 = FACE_BOUND('',#3350,.F.);
#3350 = EDGE_LOOP('',(#3351));
#3351 = ORIENTED_EDGE('',*,*,#3271,.T.);
#3352 = FACE_BOUND('',#3353,.F.);
#3353 = EDGE_LOOP('',(#3354));
#3354 = ORIENTED_EDGE('',*,*,#3326,.F.);
#3355 = ( GEOMETRIC_REPRESENTATION_CONTEXT(3) 
GLOBAL_UNCERTAINTY_ASSIGNED_CONTEXT((#3359)) 
GLOBAL_UNIT_ASSIGNED_CONTEXT((#3356,#3357,#3358)) REPRESENTATION_CONTEXT
('Context #1','3D Context with UNIT and UNCERTAINTY') );
#3356 = ( LENGTH_UNIT() NAMED_UNIT(*) SI_UNIT(.MILLI.,.METRE.) );
#3357 = ( NAMED_UNIT(*) PLANE_ANGLE_UNIT() SI_UNIT($,.RADIAN.) );
#3358 = ( NAMED_UNIT(*) SI_UNIT($,.STERADIAN.) SOLID_ANGLE_UNIT() );
#3359 = UNCERTAINTY_MEASURE_WITH_UNIT(LENGTH_MEASURE(1.E-07),#3356,
  'distance_accuracy_value','confusion accuracy');
#3360 = CONTEXT_DEPENDENT_SHAPE_REPRESENTATION(#3361,#3363);
#3361 = ( REPRESENTATION_RELATIONSHIP('','',#64,#10) 
REPRESENTATION_RELATIONSHIP_WITH_TRANSFORMATION(#3362) 
SHAPE_REPRESENTATION_RELATIONSHIP() );
#3362 = ITEM_DEFINED_TRANSFORMATION('','',#11,#15);
#3363 = PRODUCT_DEFINITION_SHAPE('Placement','Placement of an item',
  #3364);
#3364 = NEXT_ASSEMBLY_USAGE_OCCURRENCE('12','=>[0:1:1:2]','',#5,#59,$);
#3365 = PRODUCT_RELATED_PRODUCT_CATEGORY('part',$,(#61));
#3366 = SHAPE_DEFINITION_REPRESENTATION(#3367,#3373);
#3367 = PRODUCT_DEFINITION_SHAPE('','',#3368);
#3368 = PRODUCT_DEFINITION('design','',#3369,#3372);
#3369 = PRODUCT_DEFINITION_FORMATION('','',#3370);
#3370 = PRODUCT('COMPOUND','COMPOUND','',(#3371));
#3371 = PRODUCT_CONTEXT('',#2,'mechanical');
#3372 = PRODUCT_DEFINITION_CONTEXT('part definition',#2,'design');
#3373 = ADVANCED_BREP_SHAPE_REPRESENTATION('',(#11,#3374),#3472);
#3374 = MANIFOLD_SOLID_BREP('',#3375);
#3375 = CLOSED_SHELL('',(#3376,#3464,#3468));
#3376 = ADVANCED_FACE('',(#3377),#3390,.T.);
#3377 = FACE_BOUND('',#3378,.T.);
#3378 = EDGE_LOOP('',(#3379,#3413,#3436,#3463));
#3379 = ORIENTED_EDGE('',*,*,#3380,.F.);
#3380 = EDGE_CURVE('',#3381,#3381,#3383,.T.);
#3381 = VERTEX_POINT('',#3382);
#3382 = CARTESIAN_POINT('',(9.,-2.204364238465E-15,22.5));
#3383 = SURFACE_CURVE('',#3384,(#3389,#3401),.PCURVE_S1.);
#3384 = CIRCLE('',#3385,9.);
#3385 = AXIS2_PLACEMENT_3D('',#3386,#3387,#3388);
#3386 = CARTESIAN_POINT('',(0.,0.,22.5));
#3387 = DIRECTION('',(0.,0.,1.));
#3388 = DIRECTION('',(1.,0.,-0.));
#3389 = PCURVE('',#3390,#3395);
#3390 = CYLINDRICAL_SURFACE('',#3391,9.);
#3391 = AXIS2_PLACEMENT_3D('',#3392,#3393,#3394);
#3392 = CARTESIAN_POINT('',(0.,0.,-22.5));
#3393 = DIRECTION('',(0.,0.,1.));
#3394 = DIRECTION('',(1.,0.,-0.));
#3395 = DEFINITIONAL_REPRESENTATION('',(#3396),#3400);
#3396 = LINE('',#3397,#3398);
#3397 = CARTESIAN_POINT('',(0.,45.));
#3398 = VECTOR('',#3399,1.);
#3399 = DIRECTION('',(1.,0.));
#3400 = ( GEOMETRIC_REPRESENTATION_CONTEXT(2) 
PARAMETRIC_REPRESENTATION_CONTEXT() REPRESENTATION_CONTEXT('2D SPACE',''
  ) );
#3401 = PCURVE('',#3402,#3407);
#3402 = PLANE('',#3403);
#3403 = AXIS2_PLACEMENT_3D('',#3404,#3405,#3406);
#3404 = CARTESIAN_POINT('',(0.,0.,22.5));
#3405 = DIRECTION('',(0.,0.,1.));
#3406 = DIRECTION('',(1.,0.,-0.));
#3407 = DEFINITIONAL_REPRESENTATION('',(#3408),#3412);
#3408 = CIRCLE('',#3409,9.);
#3409 = AXIS2_PLACEMENT_2D('',#3410,#3411);
#3410 = CARTESIAN_POINT('',(0.,0.));
#3411 = DIRECTION('',(1.,0.));
#3412 = ( GEOMETRIC_REPRESENTATION_CONTEXT(2) 
PARAMETRIC_REPRESENTATION_CONTEXT() REPRESENTATION_CONTEXT('2D SPACE',''
  ) );
#3413 = ORIENTED_EDGE('',*,*,#3414,.F.);
#3414 = EDGE_CURVE('',#3415,#3381,#3417,.T.);
#3415 = VERTEX_POINT('',#3416);
#3416 = CARTESIAN_POINT('',(9.,-2.204364238465E-15,-22.5));
#3417 = SEAM_CURVE('',#3418,(#3422,#3429),.PCURVE_S1.);
#3418 = LINE('',#3419,#3420);
#3419 = CARTESIAN_POINT('',(9.,-2.204364238465E-15,-22.5));
#3420 = VECTOR('',#3421,1.);
#3421 = DIRECTION('',(0.,0.,1.));
#3422 = PCURVE('',#3390,#3423);
#3423 = DEFINITIONAL_REPRESENTATION('',(#3424),#3428);
#3424 = LINE('',#3425,#3426);
#3425 = CARTESIAN_POINT('',(6.28318530718,-0.));
#3426 = VECTOR('',#3427,1.);
#3427 = DIRECTION('',(0.,1.));
#3428 = ( GEOMETRIC_REPRESENTATION_CONTEXT(2) 
PARAMETRIC_REPRESENTATION_CONTEXT() REPRESENTATION_CONTEXT('2D SPACE',''
  ) );
#3429 = PCURVE('',#3390,#3430);
#3430 = DEFINITIONAL_REPRESENTATION('',(#3431),#3435);
#3431 = LINE('',#3432,#3433);
#3432 = CARTESIAN_POINT('',(0.,-0.));
#3433 = VECTOR('',#3434,1.);
#3434 = DIRECTION('',(0.,1.));
#3435 = ( GEOMETRIC_REPRESENTATION_CONTEXT(2) 
PARAMETRIC_REPRESENTATION_CONTEXT() REPRESENTATION_CONTEXT('2D SPACE',''
  ) );
#3436 = ORIENTED_EDGE('',*,*,#3437,.T.);
#3437 = EDGE_CURVE('',#3415,#3415,#3438,.T.);
#3438 = SURFACE_CURVE('',#3439,(#3444,#3451),.PCURVE_S1.);
#3439 = CIRCLE('',#3440,9.);
#3440 = AXIS2_PLACEMENT_3D('',#3441,#3442,#3443);
#3441 = CARTESIAN_POINT('',(0.,0.,-22.5));
#3442 = DIRECTION('',(0.,0.,1.));
#3443 = DIRECTION('',(1.,0.,-0.));
#3444 = PCURVE('',#3390,#3445);
#3445 = DEFINITIONAL_REPRESENTATION('',(#3446),#3450);
#3446 = LINE('',#3447,#3448);
#3447 = CARTESIAN_POINT('',(0.,0.));
#3448 = VECTOR('',#3449,1.);
#3449 = DIRECTION('',(1.,0.));
#3450 = ( GEOMETRIC_REPRESENTATION_CONTEXT(2) 
PARAMETRIC_REPRESENTATION_CONTEXT() REPRESENTATION_CONTEXT('2D SPACE',''
  ) );
#3451 = PCURVE('',#3452,#3457);
#3452 = PLANE('',#3453);
#3453 = AXIS2_PLACEMENT_3D('',#3454,#3455,#3456);
#3454 = CARTESIAN_POINT('',(0.,0.,-22.5));
#3455 = DIRECTION('',(0.,0.,1.));
#3456 = DIRECTION('',(1.,0.,-0.));
#3457 = DEFINITIONAL_REPRESENTATION('',(#3458),#3462);
#3458 = CIRCLE('',#3459,9.);
#3459 = AXIS2_PLACEMENT_2D('',#3460,#3461);
#3460 = CARTESIAN_POINT('',(0.,0.));
#3461 = DIRECTION('',(1.,0.));
#3462 = ( GEOMETRIC_REPRESENTATION_CONTEXT(2) 
PARAMETRIC_REPRESENTATION_CONTEXT() REPRESENTATION_CONTEXT('2D SPACE',''
  ) );
#3463 = ORIENTED_EDGE('',*,*,#3414,.T.);
#3464 = ADVANCED_FACE('',(#3465),#3402,.T.);
#3465 = FACE_BOUND('',#3466,.T.);
#3466 = EDGE_LOOP('',(#3467));
#3467 = ORIENTED_EDGE('',*,*,#3380,.T.);
#3468 = ADVANCED_FACE('',(#3469),#3452,.F.);
#3469 = FACE_BOUND('',#3470,.T.);
#3470 = EDGE_LOOP('',(#3471));
#3471 = ORIENTED_EDGE('',*,*,#3437,.F.);
#3472 = ( GEOMETRIC_REPRESENTATION_CONTEXT(3) 
GLOBAL_UNCERTAINTY_ASSIGNED_CONTEXT((#3476)) 
GLOBAL_UNIT_ASSIGNED_CONTEXT((#3473,#3474,#3475)) REPRESENTATION_CONTEXT
('Context #1','3D Context with UNIT and UNCERTAINTY') );
#3473 = ( LENGTH_UNIT() NAMED_UNIT(*) SI_UNIT(.MILLI.,.METRE.) );
#3474 = ( NAMED_UNIT(*) PLANE_ANGLE_UNIT() SI_UNIT($,.RADIAN.) );
#3475 = ( NAMED_UNIT(*) SI_UNIT($,.STERADIAN.) SOLID_ANGLE_UNIT() );
#3476 = UNCERTAINTY_MEASURE_WITH_UNIT(LENGTH_MEASURE(1.E-07),#3473,
  'distance_accuracy_value','confusion accuracy');
#3477 = CONTEXT_DEPENDENT_SHAPE_REPRESENTATION(#3478,#3480);
#3478 = ( REPRESENTATION_RELATIONSHIP('','',#3373,#10) 
REPRESENTATION_RELATIONSHIP_WITH_TRANSFORMATION(#3479) 
SHAPE_REPRESENTATION_RELATIONSHIP() );
#3479 = ITEM_DEFINED_TRANSFORMATION('','',#11,#19);
#3480 = PRODUCT_DEFINITION_SHAPE('Placement','Placement of an item',
  #3481);
#3481 = NEXT_ASSEMBLY_USAGE_OCCURRENCE('13','=>[0:1:1:3]','',#5,#3368,$
  );
#3482 = PRODUCT_RELATED_PRODUCT_CATEGORY('part',$,(#3370));
#3483 = SHAPE_DEFINITION_REPRESENTATION(#3484,#3490);
#3484 = PRODUCT_DEFINITION_SHAPE('','',#3485);
#3485 = PRODUCT_DEFINITION('design','',#3486,#3489);
#3486 = PRODUCT_DEFINITION_FORMATION('','',#3487);
#3487 = PRODUCT('COMPOUND','COMPOUND','',(#3488));
#3488 = PRODUCT_CONTEXT('',#2,'mechanical');
#3489 = PRODUCT_DEFINITION_CONTEXT('part definition',#2,'design');
#3490 = ADVANCED_BREP_SHAPE_REPRESENTATION('',(#11,#3491),#3737);
#3491 = BREP_WITH_VOIDS('',#3492,(#3614));
#3492 = CLOSED_SHELL('',(#3493,#3555,#3610));
#3493 = ADVANCED_FACE('',(#3494),#3507,.T.);
#3494 = FACE_BOUND('',#3495,.T.);
#3495 = EDGE_LOOP('',(#3496,#3530,#3554));
#3496 = ORIENTED_EDGE('',*,*,#3497,.F.);
#3497 = EDGE_CURVE('',#3498,#3498,#3500,.T.);
#3498 = VERTEX_POINT('',#3499);
#3499 = CARTESIAN_POINT('',(510.,-2.449293598295E-15,2.741830343737E+03)
  );
#3500 = SURFACE_CURVE('',#3501,(#3506,#3518),.PCURVE_S1.);
#3501 = CIRCLE('',#3502,10.);
#3502 = AXIS2_PLACEMENT_3D('',#3503,#3504,#3505);
#3503 = CARTESIAN_POINT('',(500.,0.,2.741830343737E+03));
#3504 = DIRECTION('',(0.,0.,1.));
#3505 = DIRECTION('',(0.,-1.,0.));
#3506 = PCURVE('',#3507,#3512);
#3507 = SPHERICAL_SURFACE('',#3508,75.);
#3508 = AXIS2_PLACEMENT_3D('',#3509,#3510,#3511);
#3509 = CARTESIAN_POINT('',(500.,0.,2.6675E+03));
#3510 = DIRECTION('',(0.,0.,1.));
#3511 = DIRECTION('',(1.,0.,-0.));
#3512 = DEFINITIONAL_REPRESENTATION('',(#3513),#3517);
#3513 = LINE('',#3514,#3515);
#3514 = CARTESIAN_POINT('',(-1.570796326795,1.437064737385));
#3515 = VECTOR('',#3516,1.);
#3516 = DIRECTION('',(1.,0.));
#3517 = ( GEOMETRIC_REPRESENTATION_CONTEXT(2) 
PARAMETRIC_REPRESENTATION_CONTEXT() REPRESENTATION_CONTEXT('2D SPACE',''
  ) );
#3518 = PCURVE('',#3519,#3524);
#3519 = CYLINDRICAL_SURFACE('',#3520,10.);
#3520 = AXIS2_PLACEMENT_3D('',#3521,#3522,#3523);
#3521 = CARTESIAN_POINT('',(500.,0.,2.7385E+03));
#3522 = DIRECTION('',(0.,0.,1.));
#3523 = DIRECTION('',(1.,0.,-0.));
#3524 = DEFINITIONAL_REPRESENTATION('',(#3525),#3529);
#3525 = LINE('',#3526,#3527);
#3526 = CARTESIAN_POINT('',(-1.570796326795,3.330343736593));
#3527 = VECTOR('',#3528,1.);
#3528 = DIRECTION('',(1.,0.));
#3529 = ( GEOMETRIC_REPRESENTATION_CONTEXT(2) 
PARAMETRIC_REPRESENTATION_CONTEXT() REPRESENTATION_CONTEXT('2D SPACE',''
  ) );
#3530 = ORIENTED_EDGE('',*,*,#3531,.F.);
#3531 = EDGE_CURVE('',#3532,#3498,#3534,.T.);
#3532 = VERTEX_POINT('',#3533);
#3533 = CARTESIAN_POINT('',(500.,-1.124819836996E-30,2.5925E+03));
#3534 = SEAM_CURVE('',#3535,(#3540,#3547),.PCURVE_S1.);
#3535 = CIRCLE('',#3536,75.);
#3536 = AXIS2_PLACEMENT_3D('',#3537,#3538,#3539);
#3537 = CARTESIAN_POINT('',(500.,0.,2.6675E+03));
#3538 = DIRECTION('',(-2.449293598295E-16,-1.,0.));
#3539 = DIRECTION('',(1.,-2.449293598295E-16,0.));
#3540 = PCURVE('',#3507,#3541);
#3541 = DEFINITIONAL_REPRESENTATION('',(#3542),#3546);
#3542 = LINE('',#3543,#3544);
#3543 = CARTESIAN_POINT('',(6.28318530718,-6.28318530718));
#3544 = VECTOR('',#3545,1.);
#3545 = DIRECTION('',(0.,1.));
#3546 = ( GEOMETRIC_REPRESENTATION_CONTEXT(2) 
PARAMETRIC_REPRESENTATION_CONTEXT() REPRESENTATION_CONTEXT('2D SPACE',''
  ) );
#3547 = PCURVE('',#3507,#3548);
#3548 = DEFINITIONAL_REPRESENTATION('',(#3549),#3553);
#3549 = LINE('',#3550,#3551);
#3550 = CARTESIAN_POINT('',(0.,-6.28318530718));
#3551 = VECTOR('',#3552,1.);
#3552 = DIRECTION('',(0.,1.));
#3553 = ( GEOMETRIC_REPRESENTATION_CONTEXT(2) 
PARAMETRIC_REPRESENTATION_CONTEXT() REPRESENTATION_CONTEXT('2D SPACE',''
  ) );
#3554 = ORIENTED_EDGE('',*,*,#3531,.T.);
#3555 = ADVANCED_FACE('',(#3556),#3519,.T.);
#3556 = FACE_BOUND('',#3557,.T.);
#3557 = EDGE_LOOP('',(#3558,#3581,#3608,#3609));
#3558 = ORIENTED_EDGE('',*,*,#3559,.T.);
#3559 = EDGE_CURVE('',#3498,#3560,#3562,.T.);
#3560 = VERTEX_POINT('',#3561);
#3561 = CARTESIAN_POINT('',(510.,-2.449293598295E-15,2.7545E+03));
#3562 = SEAM_CURVE('',#3563,(#3567,#3574),.PCURVE_S1.);
#3563 = LINE('',#3564,#3565);
#3564 = CARTESIAN_POINT('',(510.,-2.449293598295E-15,2.7385E+03));
#3565 = VECTOR('',#3566,1.);
#3566 = DIRECTION('',(0.,0.,1.));
#3567 = PCURVE('',#3519,#3568);
#3568 = DEFINITIONAL_REPRESENTATION('',(#3569),#3573);
#3569 = LINE('',#3570,#3571);
#3570 = CARTESIAN_POINT('',(6.28318530718,-0.));
#3571 = VECTOR('',#3572,1.);
#3572 = DIRECTION('',(0.,1.));
#3573 = ( GEOMETRIC_REPRESENTATION_CONTEXT(2) 
PARAMETRIC_REPRESENTATION_CONTEXT() REPRESENTATION_CONTEXT('2D SPACE',''
  ) );
#3574 = PCURVE('',#3519,#3575);
#3575 = DEFINITIONAL_REPRESENTATION('',(#3576),#3580);
#3576 = LINE('',#3577,#3578);
#3577 = CARTESIAN_POINT('',(0.,-0.));
#3578 = VECTOR('',#3579,1.);
#3579 = DIRECTION('',(0.,1.));
#3580 = ( GEOMETRIC_REPRESENTATION_CONTEXT(2) 
PARAMETRIC_REPRESENTATION_CONTEXT() REPRESENTATION_CONTEXT('2D SPACE',''
  ) );
#3581 = ORIENTED_EDGE('',*,*,#3582,.F.);
#3582 = EDGE_CURVE('',#3560,#3560,#3583,.T.);
#3583 = SURFACE_CURVE('',#3584,(#3589,#3596),.PCURVE_S1.);
#3584 = CIRCLE('',#3585,10.);
#3585 = AXIS2_PLACEMENT_3D('',#3586,#3587,#3588);
#3586 = CARTESIAN_POINT('',(500.,0.,2.7545E+03));
#3587 = DIRECTION('',(0.,0.,1.));
#3588 = DIRECTION('',(1.,0.,-0.));
#3589 = PCURVE('',#3519,#3590);
#3590 = DEFINITIONAL_REPRESENTATION('',(#3591),#3595);
#3591 = LINE('',#3592,#3593);
#3592 = CARTESIAN_POINT('',(0.,16.));
#3593 = VECTOR('',#3594,1.);
#3594 = DIRECTION('',(1.,0.));
#3595 = ( GEOMETRIC_REPRESENTATION_CONTEXT(2) 
PARAMETRIC_REPRESENTATION_CONTEXT() REPRESENTATION_CONTEXT('2D SPACE',''
  ) );
#3596 = PCURVE('',#3597,#3602);
#3597 = PLANE('',#3598);
#3598 = AXIS2_PLACEMENT_3D('',#3599,#3600,#3601);
#3599 = CARTESIAN_POINT('',(500.,0.,2.7545E+03));
#3600 = DIRECTION('',(0.,0.,1.));
#3601 = DIRECTION('',(1.,0.,-0.));
#3602 = DEFINITIONAL_REPRESENTATION('',(#3603),#3607);
#3603 = CIRCLE('',#3604,10.);
#3604 = AXIS2_PLACEMENT_2D('',#3605,#3606);
#3605 = CARTESIAN_POINT('',(0.,0.));
#3606 = DIRECTION('',(1.,0.));
#3607 = ( GEOMETRIC_REPRESENTATION_CONTEXT(2) 
PARAMETRIC_REPRESENTATION_CONTEXT() REPRESENTATION_CONTEXT('2D SPACE',''
  ) );
#3608 = ORIENTED_EDGE('',*,*,#3559,.F.);
#3609 = ORIENTED_EDGE('',*,*,#3497,.T.);
#3610 = ADVANCED_FACE('',(#3611),#3597,.T.);
#3611 = FACE_BOUND('',#3612,.T.);
#3612 = EDGE_LOOP('',(#3613));
#3613 = ORIENTED_EDGE('',*,*,#3582,.T.);
#3614 = ORIENTED_CLOSED_SHELL('',*,#3615,.F.);
#3615 = CLOSED_SHELL('',(#3616,#3678,#3733));
#3616 = ADVANCED_FACE('',(#3617),#3630,.T.);
#3617 = FACE_BOUND('',#3618,.T.);
#3618 = EDGE_LOOP('',(#3619,#3653,#3677));
#3619 = ORIENTED_EDGE('',*,*,#3620,.F.);
#3620 = EDGE_CURVE('',#3621,#3621,#3623,.T.);
#3621 = VERTEX_POINT('',#3622);
#3622 = CARTESIAN_POINT('',(509.99999999999,-2.449293598294E-15,
    2.740316550317E+03));
#3623 = SURFACE_CURVE('',#3624,(#3629,#3641),.PCURVE_S1.);
#3624 = CIRCLE('',#3625,10.);
#3625 = AXIS2_PLACEMENT_3D('',#3626,#3627,#3628);
#3626 = CARTESIAN_POINT('',(500.,0.,2.740316550317E+03));
#3627 = DIRECTION('',(0.,0.,1.));
#3628 = DIRECTION('',(0.,-1.,0.));
#3629 = PCURVE('',#3630,#3635);
#3630 = SPHERICAL_SURFACE('',#3631,73.5);
#3631 = AXIS2_PLACEMENT_3D('',#3632,#3633,#3634);
#3632 = CARTESIAN_POINT('',(500.,0.,2.6675E+03));
#3633 = DIRECTION('',(0.,0.,1.));
#3634 = DIRECTION('',(1.,0.,-0.));
#3635 = DEFINITIONAL_REPRESENTATION('',(#3636),#3640);
#3636 = LINE('',#3637,#3638);
#3637 = CARTESIAN_POINT('',(-1.570796326795,1.434318623421));
#3638 = VECTOR('',#3639,1.);
#3639 = DIRECTION('',(1.,0.));
#3640 = ( GEOMETRIC_REPRESENTATION_CONTEXT(2) 
PARAMETRIC_REPRESENTATION_CONTEXT() REPRESENTATION_CONTEXT('2D SPACE',''
  ) );
#3641 = PCURVE('',#3642,#3647);
#3642 = CYLINDRICAL_SURFACE('',#3643,10.);
#3643 = AXIS2_PLACEMENT_3D('',#3644,#3645,#3646);
#3644 = CARTESIAN_POINT('',(500.,0.,2.7385E+03));
#3645 = DIRECTION('',(0.,0.,1.));
#3646 = DIRECTION('',(1.,0.,-0.));
#3647 = DEFINITIONAL_REPRESENTATION('',(#3648),#3652);
#3648 = LINE('',#3649,#3650);
#3649 = CARTESIAN_POINT('',(-1.570796326795,1.816550316532));
#3650 = VECTOR('',#3651,1.);
#3651 = DIRECTION('',(1.,0.));
#3652 = ( GEOMETRIC_REPRESENTATION_CONTEXT(2) 
PARAMETRIC_REPRESENTATION_CONTEXT() REPRESENTATION_CONTEXT('2D SPACE',''
  ) );
#3653 = ORIENTED_EDGE('',*,*,#3654,.F.);
#3654 = EDGE_CURVE('',#3655,#3621,#3657,.T.);
#3655 = VERTEX_POINT('',#3656);
#3656 = CARTESIAN_POINT('',(500.,-1.102323440256E-30,2.594E+03));
#3657 = SEAM_CURVE('',#3658,(#3663,#3670),.PCURVE_S1.);
#3658 = CIRCLE('',#3659,73.5);
#3659 = AXIS2_PLACEMENT_3D('',#3660,#3661,#3662);
#3660 = CARTESIAN_POINT('',(500.,0.,2.6675E+03));
#3661 = DIRECTION('',(-2.449293598295E-16,-1.,0.));
#3662 = DIRECTION('',(1.,-2.449293598295E-16,0.));
#3663 = PCURVE('',#3630,#3664);
#3664 = DEFINITIONAL_REPRESENTATION('',(#3665),#3669);
#3665 = LINE('',#3666,#3667);
#3666 = CARTESIAN_POINT('',(6.28318530718,-6.28318530718));
#3667 = VECTOR('',#3668,1.);
#3668 = DIRECTION('',(0.,1.));
#3669 = ( GEOMETRIC_REPRESENTATION_CONTEXT(2) 
PARAMETRIC_REPRESENTATION_CONTEXT() REPRESENTATION_CONTEXT('2D SPACE',''
  ) );
#3670 = PCURVE('',#3630,#3671);
#3671 = DEFINITIONAL_REPRESENTATION('',(#3672),#3676);
#3672 = LINE('',#3673,#3674);
#3673 = CARTESIAN_POINT('',(0.,-6.28318530718));
#3674 = VECTOR('',#3675,1.);
#3675 = DIRECTION('',(0.,1.));
#3676 = ( GEOMETRIC_REPRESENTATION_CONTEXT(2) 
PARAMETRIC_REPRESENTATION_CONTEXT() REPRESENTATION_CONTEXT('2D SPACE',''
  ) );
#3677 = ORIENTED_EDGE('',*,*,#3654,.T.);
#3678 = ADVANCED_FACE('',(#3679),#3642,.F.);
#3679 = FACE_BOUND('',#3680,.F.);
#3680 = EDGE_LOOP('',(#3681,#3682,#3705,#3732));
#3681 = ORIENTED_EDGE('',*,*,#3620,.F.);
#3682 = ORIENTED_EDGE('',*,*,#3683,.F.);
#3683 = EDGE_CURVE('',#3684,#3621,#3686,.T.);
#3684 = VERTEX_POINT('',#3685);
#3685 = CARTESIAN_POINT('',(510.,-2.449293598295E-15,2.7385E+03));
#3686 = SEAM_CURVE('',#3687,(#3691,#3698),.PCURVE_S1.);
#3687 = LINE('',#3688,#3689);
#3688 = CARTESIAN_POINT('',(510.,-2.449293598295E-15,2.7385E+03));
#3689 = VECTOR('',#3690,1.);
#3690 = DIRECTION('',(0.,0.,1.));
#3691 = PCURVE('',#3642,#3692);
#3692 = DEFINITIONAL_REPRESENTATION('',(#3693),#3697);
#3693 = LINE('',#3694,#3695);
#3694 = CARTESIAN_POINT('',(6.28318530718,-0.));
#3695 = VECTOR('',#3696,1.);
#3696 = DIRECTION('',(0.,1.));
#3697 = ( GEOMETRIC_REPRESENTATION_CONTEXT(2) 
PARAMETRIC_REPRESENTATION_CONTEXT() REPRESENTATION_CONTEXT('2D SPACE',''
  ) );
#3698 = PCURVE('',#3642,#3699);
#3699 = DEFINITIONAL_REPRESENTATION('',(#3700),#3704);
#3700 = LINE('',#3701,#3702);
#3701 = CARTESIAN_POINT('',(0.,-0.));
#3702 = VECTOR('',#3703,1.);
#3703 = DIRECTION('',(0.,1.));
#3704 = ( GEOMETRIC_REPRESENTATION_CONTEXT(2) 
PARAMETRIC_REPRESENTATION_CONTEXT() REPRESENTATION_CONTEXT('2D SPACE',''
  ) );
#3705 = ORIENTED_EDGE('',*,*,#3706,.T.);
#3706 = EDGE_CURVE('',#3684,#3684,#3707,.T.);
#3707 = SURFACE_CURVE('',#3708,(#3713,#3720),.PCURVE_S1.);
#3708 = CIRCLE('',#3709,10.);
#3709 = AXIS2_PLACEMENT_3D('',#3710,#3711,#3712);
#3710 = CARTESIAN_POINT('',(500.,0.,2.7385E+03));
#3711 = DIRECTION('',(0.,0.,1.));
#3712 = DIRECTION('',(1.,0.,-0.));
#3713 = PCURVE('',#3642,#3714);
#3714 = DEFINITIONAL_REPRESENTATION('',(#3715),#3719);
#3715 = LINE('',#3716,#3717);
#3716 = CARTESIAN_POINT('',(0.,0.));
#3717 = VECTOR('',#3718,1.);
#3718 = DIRECTION('',(1.,0.));
#3719 = ( GEOMETRIC_REPRESENTATION_CONTEXT(2) 
PARAMETRIC_REPRESENTATION_CONTEXT() REPRESENTATION_CONTEXT('2D SPACE',''
  ) );
#3720 = PCURVE('',#3721,#3726);
#3721 = PLANE('',#3722);
#3722 = AXIS2_PLACEMENT_3D('',#3723,#3724,#3725);
#3723 = CARTESIAN_POINT('',(500.,0.,2.7385E+03));
#3724 = DIRECTION('',(0.,0.,1.));
#3725 = DIRECTION('',(1.,0.,-0.));
#3726 = DEFINITIONAL_REPRESENTATION('',(#3727),#3731);
#3727 = CIRCLE('',#3728,10.);
#3728 = AXIS2_PLACEMENT_2D('',#3729,#3730);
#3729 = CARTESIAN_POINT('',(0.,0.));
#3730 = DIRECTION('',(1.,0.));
#3731 = ( GEOMETRIC_REPRESENTATION_CONTEXT(2) 
PARAMETRIC_REPRESENTATION_CONTEXT() REPRESENTATION_CONTEXT('2D SPACE',''
  ) );
#3732 = ORIENTED_EDGE('',*,*,#3683,.T.);
#3733 = ADVANCED_FACE('',(#3734),#3721,.T.);
#3734 = FACE_BOUND('',#3735,.F.);
#3735 = EDGE_LOOP('',(#3736));
#3736 = ORIENTED_EDGE('',*,*,#3706,.F.);
#3737 = ( GEOMETRIC_REPRESENTATION_CONTEXT(3) 
GLOBAL_UNCERTAINTY_ASSIGNED_CONTEXT((#3741)) 
GLOBAL_UNIT_ASSIGNED_CONTEXT((#3738,#3739,#3740)) REPRESENTATION_CONTEXT
('Context #1','3D Context with UNIT and UNCERTAINTY') );
#3738 = ( LENGTH_UNIT() NAMED_UNIT(*) SI_UNIT(.MILLI.,.METRE.) );
#3739 = ( NAMED_UNIT(*) PLANE_ANGLE_UNIT() SI_UNIT($,.RADIAN.) );
#3740 = ( NAMED_UNIT(*) SI_UNIT($,.STERADIAN.) SOLID_ANGLE_UNIT() );
#3741 = UNCERTAINTY_MEASURE_WITH_UNIT(LENGTH_MEASURE(1.E-07),#3738,
  'distance_accuracy_value','confusion accuracy');
#3742 = CONTEXT_DEPENDENT_SHAPE_REPRESENTATION(#3743,#3745);
#3743 = ( REPRESENTATION_RELATIONSHIP('','',#3490,#10) 
REPRESENTATION_RELATIONSHIP_WITH_TRANSFORMATION(#3744) 
SHAPE_REPRESENTATION_RELATIONSHIP() );
#3744 = ITEM_DEFINED_TRANSFORMATION('','',#11,#23);
#3745 = PRODUCT_DEFINITION_SHAPE('Placement','Placement of an item',
  #3746);
#3746 = NEXT_ASSEMBLY_USAGE_OCCURRENCE('14','=>[0:1:1:4]','',#5,#3485,$
  );
#3747 = PRODUCT_RELATED_PRODUCT_CATEGORY('part',$,(#3487));
#3748 = SHAPE_DEFINITION_REPRESENTATION(#3749,#3755);
#3749 = PRODUCT_DEFINITION_SHAPE('','',#3750);
#3750 = PRODUCT_DEFINITION('design','',#3751,#3754);
#3751 = PRODUCT_DEFINITION_FORMATION('','',#3752);
#3752 = PRODUCT('SOLID','SOLID','',(#3753));
#3753 = PRODUCT_CONTEXT('',#2,'mechanical');
#3754 = PRODUCT_DEFINITION_CONTEXT('part definition',#2,'design');
#3755 = ADVANCED_BREP_SHAPE_REPRESENTATION('',(#11,#3756),#3904);
#3756 = MANIFOLD_SOLID_BREP('',#3757);
#3757 = CLOSED_SHELL('',(#3758,#3870,#3900));
#3758 = ADVANCED_FACE('',(#3759),#3774,.T.);
#3759 = FACE_BOUND('',#3760,.T.);
#3760 = EDGE_LOOP('',(#3761,#3797,#3820,#3847,#3848));
#3761 = ORIENTED_EDGE('',*,*,#3762,.F.);
#3762 = EDGE_CURVE('',#3763,#3765,#3767,.T.);
#3763 = VERTEX_POINT('',#3764);
#3764 = CARTESIAN_POINT('',(497.5,-6.123233995737E-16,2.671830127019E+03
    ));
#3765 = VERTEX_POINT('',#3766);
#3766 = CARTESIAN_POINT('',(502.5,-6.123233995737E-16,2.671830127019E+03
    ));
#3767 = SURFACE_CURVE('',#3768,(#3773,#3785),.PCURVE_S1.);
#3768 = CIRCLE('',#3769,2.5);
#3769 = AXIS2_PLACEMENT_3D('',#3770,#3771,#3772);
#3770 = CARTESIAN_POINT('',(500.,0.,2.671830127019E+03));
#3771 = DIRECTION('',(0.,0.,-1.));
#3772 = DIRECTION('',(0.,1.,0.));
#3773 = PCURVE('',#3774,#3779);
#3774 = CYLINDRICAL_SURFACE('',#3775,2.5);
#3775 = AXIS2_PLACEMENT_3D('',#3776,#3777,#3778);
#3776 = CARTESIAN_POINT('',(500.,0.,2.7545E+03));
#3777 = DIRECTION('',(0.,0.,-1.));
#3778 = DIRECTION('',(-1.,0.,-0.));
#3779 = DEFINITIONAL_REPRESENTATION('',(#3780),#3784);
#3780 = LINE('',#3781,#3782);
#3781 = CARTESIAN_POINT('',(-4.712388980385,82.669872981078));
#3782 = VECTOR('',#3783,1.);
#3783 = DIRECTION('',(1.,0.));
#3784 = ( GEOMETRIC_REPRESENTATION_CONTEXT(2) 
PARAMETRIC_REPRESENTATION_CONTEXT() REPRESENTATION_CONTEXT('2D SPACE',''
  ) );
#3785 = PCURVE('',#3786,#3791);
#3786 = SPHERICAL_SURFACE('',#3787,5.);
#3787 = AXIS2_PLACEMENT_3D('',#3788,#3789,#3790);
#3788 = CARTESIAN_POINT('',(500.,0.,2.6675E+03));
#3789 = DIRECTION('',(0.,0.,1.));
#3790 = DIRECTION('',(1.,0.,-0.));
#3791 = DEFINITIONAL_REPRESENTATION('',(#3792),#3796);
#3792 = LINE('',#3793,#3794);
#3793 = CARTESIAN_POINT('',(7.853981633974,1.047197551197));
#3794 = VECTOR('',#3795,1.);
#3795 = DIRECTION('',(-1.,0.));
#3796 = ( GEOMETRIC_REPRESENTATION_CONTEXT(2) 
PARAMETRIC_REPRESENTATION_CONTEXT() REPRESENTATION_CONTEXT('2D SPACE',''
  ) );
#3797 = ORIENTED_EDGE('',*,*,#3798,.F.);
#3798 = EDGE_CURVE('',#3799,#3763,#3801,.T.);
#3799 = VERTEX_POINT('',#3800);
#3800 = CARTESIAN_POINT('',(497.5,-6.123233995737E-16,2.7545E+03));
#3801 = SEAM_CURVE('',#3802,(#3806,#3813),.PCURVE_S1.);
#3802 = LINE('',#3803,#3804);
#3803 = CARTESIAN_POINT('',(497.5,-6.123233995737E-16,2.7545E+03));
#3804 = VECTOR('',#3805,1.);
#3805 = DIRECTION('',(0.,0.,-1.));
#3806 = PCURVE('',#3774,#3807);
#3807 = DEFINITIONAL_REPRESENTATION('',(#3808),#3812);
#3808 = LINE('',#3809,#3810);
#3809 = CARTESIAN_POINT('',(6.28318530718,-0.));
#3810 = VECTOR('',#3811,1.);
#3811 = DIRECTION('',(0.,1.));
#3812 = ( GEOMETRIC_REPRESENTATION_CONTEXT(2) 
PARAMETRIC_REPRESENTATION_CONTEXT() REPRESENTATION_CONTEXT('2D SPACE',''
  ) );
#3813 = PCURVE('',#3774,#3814);
#3814 = DEFINITIONAL_REPRESENTATION('',(#3815),#3819);
#3815 = LINE('',#3816,#3817);
#3816 = CARTESIAN_POINT('',(0.,-0.));
#3817 = VECTOR('',#3818,1.);
#3818 = DIRECTION('',(0.,1.));
#3819 = ( GEOMETRIC_REPRESENTATION_CONTEXT(2) 
PARAMETRIC_REPRESENTATION_CONTEXT() REPRESENTATION_CONTEXT('2D SPACE',''
  ) );
#3820 = ORIENTED_EDGE('',*,*,#3821,.T.);
#3821 = EDGE_CURVE('',#3799,#3799,#3822,.T.);
#3822 = SURFACE_CURVE('',#3823,(#3828,#3835),.PCURVE_S1.);
#3823 = CIRCLE('',#3824,2.5);
#3824 = AXIS2_PLACEMENT_3D('',#3825,#3826,#3827);
#3825 = CARTESIAN_POINT('',(500.,0.,2.7545E+03));
#3826 = DIRECTION('',(0.,0.,-1.));
#3827 = DIRECTION('',(-1.,0.,-0.));
#3828 = PCURVE('',#3774,#3829);
#3829 = DEFINITIONAL_REPRESENTATION('',(#3830),#3834);
#3830 = LINE('',#3831,#3832);
#3831 = CARTESIAN_POINT('',(0.,0.));
#3832 = VECTOR('',#3833,1.);
#3833 = DIRECTION('',(1.,0.));
#3834 = ( GEOMETRIC_REPRESENTATION_CONTEXT(2) 
PARAMETRIC_REPRESENTATION_CONTEXT() REPRESENTATION_CONTEXT('2D SPACE',''
  ) );
#3835 = PCURVE('',#3836,#3841);
#3836 = PLANE('',#3837);
#3837 = AXIS2_PLACEMENT_3D('',#3838,#3839,#3840);
#3838 = CARTESIAN_POINT('',(500.,0.,2.7545E+03));
#3839 = DIRECTION('',(0.,0.,-1.));
#3840 = DIRECTION('',(-1.,0.,-0.));
#3841 = DEFINITIONAL_REPRESENTATION('',(#3842),#3846);
#3842 = CIRCLE('',#3843,2.5);
#3843 = AXIS2_PLACEMENT_2D('',#3844,#3845);
#3844 = CARTESIAN_POINT('',(0.,0.));
#3845 = DIRECTION('',(1.,0.));
#3846 = ( GEOMETRIC_REPRESENTATION_CONTEXT(2) 
PARAMETRIC_REPRESENTATION_CONTEXT() REPRESENTATION_CONTEXT('2D SPACE',''
  ) );
#3847 = ORIENTED_EDGE('',*,*,#3798,.T.);
#3848 = ORIENTED_EDGE('',*,*,#3849,.F.);
#3849 = EDGE_CURVE('',#3765,#3763,#3850,.T.);
#3850 = SURFACE_CURVE('',#3851,(#3856,#3863),.PCURVE_S1.);
#3851 = CIRCLE('',#3852,2.5);
#3852 = AXIS2_PLACEMENT_3D('',#3853,#3854,#3855);
#3853 = CARTESIAN_POINT('',(500.,0.,2.671830127019E+03));
#3854 = DIRECTION('',(0.,0.,-1.));
#3855 = DIRECTION('',(0.,1.,0.));
#3856 = PCURVE('',#3774,#3857);
#3857 = DEFINITIONAL_REPRESENTATION('',(#3858),#3862);
#3858 = LINE('',#3859,#3860);
#3859 = CARTESIAN_POINT('',(1.570796326795,82.669872981078));
#3860 = VECTOR('',#3861,1.);
#3861 = DIRECTION('',(1.,0.));
#3862 = ( GEOMETRIC_REPRESENTATION_CONTEXT(2) 
PARAMETRIC_REPRESENTATION_CONTEXT() REPRESENTATION_CONTEXT('2D SPACE',''
  ) );
#3863 = PCURVE('',#3786,#3864);
#3864 = DEFINITIONAL_REPRESENTATION('',(#3865),#3869);
#3865 = LINE('',#3866,#3867);
#3866 = CARTESIAN_POINT('',(7.853981633974,1.047197551197));
#3867 = VECTOR('',#3868,1.);
#3868 = DIRECTION('',(-1.,0.));
#3869 = ( GEOMETRIC_REPRESENTATION_CONTEXT(2) 
PARAMETRIC_REPRESENTATION_CONTEXT() REPRESENTATION_CONTEXT('2D SPACE',''
  ) );
#3870 = ADVANCED_FACE('',(#3871),#3786,.T.);
#3871 = FACE_BOUND('',#3872,.T.);
#3872 = EDGE_LOOP('',(#3873,#3874,#3898,#3899));
#3873 = ORIENTED_EDGE('',*,*,#3762,.T.);
#3874 = ORIENTED_EDGE('',*,*,#3875,.F.);
#3875 = EDGE_CURVE('',#3876,#3765,#3878,.T.);
#3876 = VERTEX_POINT('',#3877);
#3877 = CARTESIAN_POINT('',(500.,-7.498798913309E-32,2.6625E+03));
#3878 = SEAM_CURVE('',#3879,(#3884,#3891),.PCURVE_S1.);
#3879 = CIRCLE('',#3880,5.);
#3880 = AXIS2_PLACEMENT_3D('',#3881,#3882,#3883);
#3881 = CARTESIAN_POINT('',(500.,0.,2.6675E+03));
#3882 = DIRECTION('',(-2.449293598295E-16,-1.,0.));
#3883 = DIRECTION('',(1.,-2.449293598295E-16,0.));
#3884 = PCURVE('',#3786,#3885);
#3885 = DEFINITIONAL_REPRESENTATION('',(#3886),#3890);
#3886 = LINE('',#3887,#3888);
#3887 = CARTESIAN_POINT('',(6.28318530718,-6.28318530718));
#3888 = VECTOR('',#3889,1.);
#3889 = DIRECTION('',(0.,1.));
#3890 = ( GEOMETRIC_REPRESENTATION_CONTEXT(2) 
PARAMETRIC_REPRESENTATION_CONTEXT() REPRESENTATION_CONTEXT('2D SPACE',''
  ) );
#3891 = PCURVE('',#3786,#3892);
#3892 = DEFINITIONAL_REPRESENTATION('',(#3893),#3897);
#3893 = LINE('',#3894,#3895);
#3894 = CARTESIAN_POINT('',(0.,-6.28318530718));
#3895 = VECTOR('',#3896,1.);
#3896 = DIRECTION('',(0.,1.));
#3897 = ( GEOMETRIC_REPRESENTATION_CONTEXT(2) 
PARAMETRIC_REPRESENTATION_CONTEXT() REPRESENTATION_CONTEXT('2D SPACE',''
  ) );
#3898 = ORIENTED_EDGE('',*,*,#3875,.T.);
#3899 = ORIENTED_EDGE('',*,*,#3849,.T.);
#3900 = ADVANCED_FACE('',(#3901),#3836,.F.);
#3901 = FACE_BOUND('',#3902,.T.);
#3902 = EDGE_LOOP('',(#3903));
#3903 = ORIENTED_EDGE('',*,*,#3821,.F.);
#3904 = ( GEOMETRIC_REPRESENTATION_CONTEXT(3) 
GLOBAL_UNCERTAINTY_ASSIGNED_CONTEXT((#3908)) 
GLOBAL_UNIT_ASSIGNED_CONTEXT((#3905,#3906,#3907)) REPRESENTATION_CONTEXT
('Context #1','3D Context with UNIT and UNCERTAINTY') );
#3905 = ( LENGTH_UNIT() NAMED_UNIT(*) SI_UNIT(.MILLI.,.METRE.) );
#3906 = ( NAMED_UNIT(*) PLANE_ANGLE_UNIT() SI_UNIT($,.RADIAN.) );
#3907 = ( NAMED_UNIT(*) SI_UNIT($,.STERADIAN.) SOLID_ANGLE_UNIT() );
#3908 = UNCERTAINTY_MEASURE_WITH_UNIT(LENGTH_MEASURE(1.E-07),#3905,
  'distance_accuracy_value','confusion accuracy');
#3909 = CONTEXT_DEPENDENT_SHAPE_REPRESENTATION(#3910,#3912);
#3910 = ( REPRESENTATION_RELATIONSHIP('','',#3755,#10) 
REPRESENTATION_RELATIONSHIP_WITH_TRANSFORMATION(#3911) 
SHAPE_REPRESENTATION_RELATIONSHIP() );
#3911 = ITEM_DEFINED_TRANSFORMATION('','',#11,#27);
#3912 = PRODUCT_DEFINITION_SHAPE('Placement','Placement of an item',
  #3913);
#3913 = NEXT_ASSEMBLY_USAGE_OCCURRENCE('15','=>[0:1:1:5]','',#5,#3750,$
  );
#3914 = PRODUCT_RELATED_PRODUCT_CATEGORY('part',$,(#3752));
#3915 = SHAPE_DEFINITION_REPRESENTATION(#3916,#3922);
#3916 = PRODUCT_DEFINITION_SHAPE('','',#3917);
#3917 = PRODUCT_DEFINITION('design','',#3918,#3921);
#3918 = PRODUCT_DEFINITION_FORMATION('','',#3919);
#3919 = PRODUCT('SOLID','SOLID','',(#3920));
#3920 = PRODUCT_CONTEXT('',#2,'mechanical');
#3921 = PRODUCT_DEFINITION_CONTEXT('part definition',#2,'design');
#3922 = ADVANCED_BREP_SHAPE_REPRESENTATION('',(#11,#3923),#6859);
#3923 = MANIFOLD_SOLID_BREP('',#3924);
#3924 = CLOSED_SHELL('',(#3925,#4013,#4048,#4052,#4650,#4654,#4743,#4832
    ,#5056,#5375,#5694,#5851,#5855,#5862,#5869,#6019,#6228,#6486,#6587,
    #6664,#6741,#6796,#6851,#6855));
#3925 = ADVANCED_FACE('',(#3926),#3939,.T.);
#3926 = FACE_BOUND('',#3927,.T.);
#3927 = EDGE_LOOP('',(#3928,#3962,#3985,#4012));
#3928 = ORIENTED_EDGE('',*,*,#3929,.F.);
#3929 = EDGE_CURVE('',#3930,#3930,#3932,.T.);
#3930 = VERTEX_POINT('',#3931);
#3931 = CARTESIAN_POINT('',(595.15,-1.959434878636E-15,2.9625E+03));
#3932 = SURFACE_CURVE('',#3933,(#3938,#3950),.PCURVE_S1.);
#3933 = CIRCLE('',#3934,8.);
#3934 = AXIS2_PLACEMENT_3D('',#3935,#3936,#3937);
#3935 = CARTESIAN_POINT('',(587.15,0.,2.9625E+03));
#3936 = DIRECTION('',(0.,0.,1.));
#3937 = DIRECTION('',(1.,0.,-0.));
#3938 = PCURVE('',#3939,#3944);
#3939 = CYLINDRICAL_SURFACE('',#3940,8.);
#3940 = AXIS2_PLACEMENT_3D('',#3941,#3942,#3943);
#3941 = CARTESIAN_POINT('',(587.15,0.,2.8125E+03));
#3942 = DIRECTION('',(0.,0.,1.));
#3943 = DIRECTION('',(1.,0.,-0.));
#3944 = DEFINITIONAL_REPRESENTATION('',(#3945),#3949);
#3945 = LINE('',#3946,#3947);
#3946 = CARTESIAN_POINT('',(0.,150.));
#3947 = VECTOR('',#3948,1.);
#3948 = DIRECTION('',(1.,0.));
#3949 = ( GEOMETRIC_REPRESENTATION_CONTEXT(2) 
PARAMETRIC_REPRESENTATION_CONTEXT() REPRESENTATION_CONTEXT('2D SPACE',''
  ) );
#3950 = PCURVE('',#3951,#3956);
#3951 = PLANE('',#3952);
#3952 = AXIS2_PLACEMENT_3D('',#3953,#3954,#3955);
#3953 = CARTESIAN_POINT('',(587.15,0.,2.9625E+03));
#3954 = DIRECTION('',(0.,0.,1.));
#3955 = DIRECTION('',(1.,0.,-0.));
#3956 = DEFINITIONAL_REPRESENTATION('',(#3957),#3961);
#3957 = CIRCLE('',#3958,8.);
#3958 = AXIS2_PLACEMENT_2D('',#3959,#3960);
#3959 = CARTESIAN_POINT('',(0.,0.));
#3960 = DIRECTION('',(1.,0.));
#3961 = ( GEOMETRIC_REPRESENTATION_CONTEXT(2) 
PARAMETRIC_REPRESENTATION_CONTEXT() REPRESENTATION_CONTEXT('2D SPACE',''
  ) );
#3962 = ORIENTED_EDGE('',*,*,#3963,.F.);
#3963 = EDGE_CURVE('',#3964,#3930,#3966,.T.);
#3964 = VERTEX_POINT('',#3965);
#3965 = CARTESIAN_POINT('',(595.15,-1.959434878636E-15,2.8125E+03));
#3966 = SEAM_CURVE('',#3967,(#3971,#3978),.PCURVE_S1.);
#3967 = LINE('',#3968,#3969);
#3968 = CARTESIAN_POINT('',(595.15,-1.959434878636E-15,2.8125E+03));
#3969 = VECTOR('',#3970,1.);
#3970 = DIRECTION('',(0.,0.,1.));
#3971 = PCURVE('',#3939,#3972);
#3972 = DEFINITIONAL_REPRESENTATION('',(#3973),#3977);
#3973 = LINE('',#3974,#3975);
#3974 = CARTESIAN_POINT('',(6.28318530718,-0.));
#3975 = VECTOR('',#3976,1.);
#3976 = DIRECTION('',(0.,1.));
#3977 = ( GEOMETRIC_REPRESENTATION_CONTEXT(2) 
PARAMETRIC_REPRESENTATION_CONTEXT() REPRESENTATION_CONTEXT('2D SPACE',''
  ) );
#3978 = PCURVE('',#3939,#3979);
#3979 = DEFINITIONAL_REPRESENTATION('',(#3980),#3984);
#3980 = LINE('',#3981,#3982);
#3981 = CARTESIAN_POINT('',(0.,-0.));
#3982 = VECTOR('',#3983,1.);
#3983 = DIRECTION('',(0.,1.));
#3984 = ( GEOMETRIC_REPRESENTATION_CONTEXT(2) 
PARAMETRIC_REPRESENTATION_CONTEXT() REPRESENTATION_CONTEXT('2D SPACE',''
  ) );
#3985 = ORIENTED_EDGE('',*,*,#3986,.T.);
#3986 = EDGE_CURVE('',#3964,#3964,#3987,.T.);
#3987 = SURFACE_CURVE('',#3988,(#3993,#4000),.PCURVE_S1.);
#3988 = CIRCLE('',#3989,8.);
#3989 = AXIS2_PLACEMENT_3D('',#3990,#3991,#3992);
#3990 = CARTESIAN_POINT('',(587.15,0.,2.8125E+03));
#3991 = DIRECTION('',(0.,0.,1.));
#3992 = DIRECTION('',(1.,0.,-0.));
#3993 = PCURVE('',#3939,#3994);
#3994 = DEFINITIONAL_REPRESENTATION('',(#3995),#3999);
#3995 = LINE('',#3996,#3997);
#3996 = CARTESIAN_POINT('',(0.,0.));
#3997 = VECTOR('',#3998,1.);
#3998 = DIRECTION('',(1.,0.));
#3999 = ( GEOMETRIC_REPRESENTATION_CONTEXT(2) 
PARAMETRIC_REPRESENTATION_CONTEXT() REPRESENTATION_CONTEXT('2D SPACE',''
  ) );
#4000 = PCURVE('',#4001,#4006);
#4001 = PLANE('',#4002);
#4002 = AXIS2_PLACEMENT_3D('',#4003,#4004,#4005);
#4003 = CARTESIAN_POINT('',(587.15,0.,2.8125E+03));
#4004 = DIRECTION('',(0.,0.,1.));
#4005 = DIRECTION('',(1.,0.,-0.));
#4006 = DEFINITIONAL_REPRESENTATION('',(#4007),#4011);
#4007 = CIRCLE('',#4008,8.);
#4008 = AXIS2_PLACEMENT_2D('',#4009,#4010);
#4009 = CARTESIAN_POINT('',(0.,0.));
#4010 = DIRECTION('',(1.,0.));
#4011 = ( GEOMETRIC_REPRESENTATION_CONTEXT(2) 
PARAMETRIC_REPRESENTATION_CONTEXT() REPRESENTATION_CONTEXT('2D SPACE',''
  ) );
#4012 = ORIENTED_EDGE('',*,*,#3963,.T.);
#4013 = ADVANCED_FACE('',(#4014,#4045),#3951,.F.);
#4014 = FACE_BOUND('',#4015,.F.);
#4015 = EDGE_LOOP('',(#4016));
#4016 = ORIENTED_EDGE('',*,*,#4017,.T.);
#4017 = EDGE_CURVE('',#4018,#4018,#4020,.T.);
#4018 = VERTEX_POINT('',#4019);
#4019 = CARTESIAN_POINT('',(609.15,-5.388445916248E-15,2.9625E+03));
#4020 = SURFACE_CURVE('',#4021,(#4026,#4033),.PCURVE_S1.);
#4021 = CIRCLE('',#4022,22.);
#4022 = AXIS2_PLACEMENT_3D('',#4023,#4024,#4025);
#4023 = CARTESIAN_POINT('',(587.15,0.,2.9625E+03));
#4024 = DIRECTION('',(0.,0.,1.));
#4025 = DIRECTION('',(1.,0.,-0.));
#4026 = PCURVE('',#3951,#4027);
#4027 = DEFINITIONAL_REPRESENTATION('',(#4028),#4032);
#4028 = CIRCLE('',#4029,22.);
#4029 = AXIS2_PLACEMENT_2D('',#4030,#4031);
#4030 = CARTESIAN_POINT('',(0.,0.));
#4031 = DIRECTION('',(1.,0.));
#4032 = ( GEOMETRIC_REPRESENTATION_CONTEXT(2) 
PARAMETRIC_REPRESENTATION_CONTEXT() REPRESENTATION_CONTEXT('2D SPACE',''
  ) );
#4033 = PCURVE('',#4034,#4039);
#4034 = CYLINDRICAL_SURFACE('',#4035,22.);
#4035 = AXIS2_PLACEMENT_3D('',#4036,#4037,#4038);
#4036 = CARTESIAN_POINT('',(587.15,0.,2.9625E+03));
#4037 = DIRECTION('',(0.,0.,1.));
#4038 = DIRECTION('',(1.,0.,-0.));
#4039 = DEFINITIONAL_REPRESENTATION('',(#4040),#4044);
#4040 = LINE('',#4041,#4042);
#4041 = CARTESIAN_POINT('',(0.,0.));
#4042 = VECTOR('',#4043,1.);
#4043 = DIRECTION('',(1.,0.));
#4044 = ( GEOMETRIC_REPRESENTATION_CONTEXT(2) 
PARAMETRIC_REPRESENTATION_CONTEXT() REPRESENTATION_CONTEXT('2D SPACE',''
  ) );
#4045 = FACE_BOUND('',#4046,.F.);
#4046 = EDGE_LOOP('',(#4047));
#4047 = ORIENTED_EDGE('',*,*,#3929,.F.);
#4048 = ADVANCED_FACE('',(#4049),#4001,.F.);
#4049 = FACE_BOUND('',#4050,.T.);
#4050 = EDGE_LOOP('',(#4051));
#4051 = ORIENTED_EDGE('',*,*,#3986,.F.);
#4052 = ADVANCED_FACE('',(#4053,#4107,#4281,#4455),#4034,.T.);
#4053 = FACE_BOUND('',#4054,.T.);
#4054 = EDGE_LOOP('',(#4055,#4078,#4105,#4106));
#4055 = ORIENTED_EDGE('',*,*,#4056,.T.);
#4056 = EDGE_CURVE('',#4018,#4057,#4059,.T.);
#4057 = VERTEX_POINT('',#4058);
#4058 = CARTESIAN_POINT('',(609.15,-5.388445916248E-15,3.0025E+03));
#4059 = SEAM_CURVE('',#4060,(#4064,#4071),.PCURVE_S1.);
#4060 = LINE('',#4061,#4062);
#4061 = CARTESIAN_POINT('',(609.15,-5.388445916248E-15,2.9625E+03));
#4062 = VECTOR('',#4063,1.);
#4063 = DIRECTION('',(0.,0.,1.));
#4064 = PCURVE('',#4034,#4065);
#4065 = DEFINITIONAL_REPRESENTATION('',(#4066),#4070);
#4066 = LINE('',#4067,#4068);
#4067 = CARTESIAN_POINT('',(6.28318530718,-0.));
#4068 = VECTOR('',#4069,1.);
#4069 = DIRECTION('',(0.,1.));
#4070 = ( GEOMETRIC_REPRESENTATION_CONTEXT(2) 
PARAMETRIC_REPRESENTATION_CONTEXT() REPRESENTATION_CONTEXT('2D SPACE',''
  ) );
#4071 = PCURVE('',#4034,#4072);
#4072 = DEFINITIONAL_REPRESENTATION('',(#4073),#4077);
#4073 = LINE('',#4074,#4075);
#4074 = CARTESIAN_POINT('',(0.,-0.));
#4075 = VECTOR('',#4076,1.);
#4076 = DIRECTION('',(0.,1.));
#4077 = ( GEOMETRIC_REPRESENTATION_CONTEXT(2) 
PARAMETRIC_REPRESENTATION_CONTEXT() REPRESENTATION_CONTEXT('2D SPACE',''
  ) );
#4078 = ORIENTED_EDGE('',*,*,#4079,.F.);
#4079 = EDGE_CURVE('',#4057,#4057,#4080,.T.);
#4080 = SURFACE_CURVE('',#4081,(#4086,#4093),.PCURVE_S1.);
#4081 = CIRCLE('',#4082,22.);
#4082 = AXIS2_PLACEMENT_3D('',#4083,#4084,#4085);
#4083 = CARTESIAN_POINT('',(587.15,0.,3.0025E+03));
#4084 = DIRECTION('',(0.,0.,1.));
#4085 = DIRECTION('',(1.,0.,-0.));
#4086 = PCURVE('',#4034,#4087);
#4087 = DEFINITIONAL_REPRESENTATION('',(#4088),#4092);
#4088 = LINE('',#4089,#4090);
#4089 = CARTESIAN_POINT('',(0.,40.));
#4090 = VECTOR('',#4091,1.);
#4091 = DIRECTION('',(1.,0.));
#4092 = ( GEOMETRIC_REPRESENTATION_CONTEXT(2) 
PARAMETRIC_REPRESENTATION_CONTEXT() REPRESENTATION_CONTEXT('2D SPACE',''
  ) );
#4093 = PCURVE('',#4094,#4099);
#4094 = PLANE('',#4095);
#4095 = AXIS2_PLACEMENT_3D('',#4096,#4097,#4098);
#4096 = CARTESIAN_POINT('',(587.15,0.,3.0025E+03));
#4097 = DIRECTION('',(0.,0.,1.));
#4098 = DIRECTION('',(1.,0.,-0.));
#4099 = DEFINITIONAL_REPRESENTATION('',(#4100),#4104);
#4100 = CIRCLE('',#4101,22.);
#4101 = AXIS2_PLACEMENT_2D('',#4102,#4103);
#4102 = CARTESIAN_POINT('',(0.,0.));
#4103 = DIRECTION('',(1.,0.));
#4104 = ( GEOMETRIC_REPRESENTATION_CONTEXT(2) 
PARAMETRIC_REPRESENTATION_CONTEXT() REPRESENTATION_CONTEXT('2D SPACE',''
  ) );
#4105 = ORIENTED_EDGE('',*,*,#4056,.F.);
#4106 = ORIENTED_EDGE('',*,*,#4017,.T.);
#4107 = FACE_BOUND('',#4108,.T.);
#4108 = EDGE_LOOP('',(#4109));
#4109 = ORIENTED_EDGE('',*,*,#4110,.F.);
#4110 = EDGE_CURVE('',#4111,#4111,#4113,.T.);
#4111 = VERTEX_POINT('',#4112);
#4112 = CARTESIAN_POINT('',(604.82914419618,13.093810006658,2.9925E+03)
  );
#4113 = SURFACE_CURVE('',#4114,(#4166,#4221),.PCURVE_S1.);
#4114 = B_SPLINE_CURVE_WITH_KNOTS('',8,(#4115,#4116,#4117,#4118,#4119,
    #4120,#4121,#4122,#4123,#4124,#4125,#4126,#4127,#4128,#4129,#4130,
    #4131,#4132,#4133,#4134,#4135,#4136,#4137,#4138,#4139,#4140,#4141,
    #4142,#4143,#4144,#4145,#4146,#4147,#4148,#4149,#4150,#4151,#4152,
    #4153,#4154,#4155,#4156,#4157,#4158,#4159,#4160,#4161,#4162,#4163,
    #4164,#4165),.UNSPECIFIED.,.T.,.F.,(9,7,7,7,7,7,7,9),(0.,
    0.154978669064,0.286453095901,0.41150541533,0.569072877577,
    0.707449316819,0.827659859053,1.),.UNSPECIFIED.);
#4115 = CARTESIAN_POINT('',(604.82914419618,13.093810006658,2.9925E+03)
  );
#4116 = CARTESIAN_POINT('',(604.82914419618,13.093810006658,
    2.992760624779E+03));
#4117 = CARTESIAN_POINT('',(604.84774573682,13.068693984642,
    2.993020842844E+03));
#4118 = CARTESIAN_POINT('',(604.88484705195,13.018601613844,
    2.993278719406E+03));
#4119 = CARTESIAN_POINT('',(604.94065191451,12.942834488034,
    2.993532117956E+03));
#4120 = CARTESIAN_POINT('',(605.01551199419,12.840099837883,
    2.993778212059E+03));
#4121 = CARTESIAN_POINT('',(605.10973968575,12.708616773004,
    2.994013174691E+03));
#4122 = CARTESIAN_POINT('',(605.22335511503,12.546291538054,
    2.994231733842E+03));
#4123 = CARTESIAN_POINT('',(605.46803066217,12.185637622337,
    2.994591326808E+03));
#4124 = CARTESIAN_POINT('',(605.59822156889,11.990032970911,
    2.994745543183E+03));
#4125 = CARTESIAN_POINT('',(605.74325999466,11.766576434978,
    2.994875285381E+03));
#4126 = CARTESIAN_POINT('',(605.89831825447,11.519940192113,
    2.994970338634E+03));
#4127 = CARTESIAN_POINT('',(606.05745001126,11.25699621108,
    2.99502390702E+03));
#4128 = CARTESIAN_POINT('',(606.21488483652,10.986166260884,
    2.995032713726E+03));
#4129 = CARTESIAN_POINT('',(606.36563671442,10.716635348973,
    2.994997145779E+03));
#4130 = CARTESIAN_POINT('',(606.63913950049,10.210392764422,
    2.994849467138E+03));
#4131 = CARTESIAN_POINT('',(606.75871224811,9.980469447405,
    2.994743441916E+03));
#4132 = CARTESIAN_POINT('',(606.86428296609,9.770158983563,
    2.994609920115E+03));
#4133 = CARTESIAN_POINT('',(606.9562666095,9.581164667658,
    2.994454506828E+03));
#4134 = CARTESIAN_POINT('',(607.03535428504,9.414405390207,
    2.994282118794E+03));
#4135 = CARTESIAN_POINT('',(607.10233204172,9.270184741487,
    2.99409712265E+03));
#4136 = CARTESIAN_POINT('',(607.15801930075,9.148292422774,
    2.99390340149E+03));
#4137 = CARTESIAN_POINT('',(607.26022323881,8.921777663904,
    2.993453619931E+03));
#4138 = CARTESIAN_POINT('',(607.30118492493,8.82856977063,
    2.993191831301E+03));
#4139 = CARTESIAN_POINT('',(607.32766539915,8.767281802695,
    2.992923392812E+03));
#4140 = CARTESIAN_POINT('',(607.34061515103,8.737057733415,
    2.992651419788E+03));
#4141 = CARTESIAN_POINT('',(607.34046524105,8.737461169676,
    2.992378483629E+03));
#4142 = CARTESIAN_POINT('',(607.32715760352,8.768535386078,
    2.992106995708E+03));
#4143 = CARTESIAN_POINT('',(607.30011602034,8.830828459141,
    2.991839571756E+03));
#4144 = CARTESIAN_POINT('',(607.22126993845,9.008461615895,
    2.991351458102E+03));
#4145 = CARTESIAN_POINT('',(607.17270165756,9.116823208404,
    2.991127927232E+03));
#4146 = CARTESIAN_POINT('',(607.11153389352,9.251382938133,
    2.990912240906E+03));
#4147 = CARTESIAN_POINT('',(607.03667375951,9.41288677563,
    2.990708263417E+03));
#4148 = CARTESIAN_POINT('',(606.94692645178,9.601686789062,
    2.990520768183E+03));
#4149 = CARTESIAN_POINT('',(606.84102862366,9.817536212016,
    2.990355568051E+03));
#4150 = CARTESIAN_POINT('',(606.71786104178,10.05926491866,
    2.990219772582E+03));
#4151 = CARTESIAN_POINT('',(606.45477981506,10.554306917017,
    2.990037733216E+03));
#4152 = CARTESIAN_POINT('',(606.32106233003,10.798405761829,
    2.989983371138E+03));
#4153 = CARTESIAN_POINT('',(606.17885359104,11.049178227292,
    2.989965291896E+03));
#4154 = CARTESIAN_POINT('',(606.03210119638,11.298494881533,
    2.989985996241E+03));
#4155 = CARTESIAN_POINT('',(605.88560924138,11.53837558274,
    2.990044584963E+03));
#4156 = CARTESIAN_POINT('',(605.74465731216,11.761825645578,
    2.990136851895E+03));
#4157 = CARTESIAN_POINT('',(605.61403834631,11.963442220142,
    2.990255312779E+03));
#4158 = CARTESIAN_POINT('',(605.33023887311,12.392365011777,
    2.990581099526E+03));
#4159 = CARTESIAN_POINT('',(605.18580440325,12.602015088045,
    2.990811610949E+03));
#4160 = CARTESIAN_POINT('',(605.06582801448,12.770896106445,
    2.991067585563E+03));
#4161 = CARTESIAN_POINT('',(604.97060517068,12.902143489319,
    2.991340366337E+03));
#4162 = CARTESIAN_POINT('',(604.8997460011,12.998482712296,
    2.991623828878E+03));
#4163 = CARTESIAN_POINT('',(604.85271554677,13.061984461045,
    2.991913630398E+03));
#4164 = CARTESIAN_POINT('',(604.82914419618,13.093810006658,
    2.992206620289E+03));
#4165 = CARTESIAN_POINT('',(604.82914419618,13.093810006658,2.9925E+03)
  );
#4166 = PCURVE('',#4034,#4167);
#4167 = DEFINITIONAL_REPRESENTATION('',(#4168),#4220);
#4168 = B_SPLINE_CURVE_WITH_KNOTS('',8,(#4169,#4170,#4171,#4172,#4173,
    #4174,#4175,#4176,#4177,#4178,#4179,#4180,#4181,#4182,#4183,#4184,
    #4185,#4186,#4187,#4188,#4189,#4190,#4191,#4192,#4193,#4194,#4195,
    #4196,#4197,#4198,#4199,#4200,#4201,#4202,#4203,#4204,#4205,#4206,
    #4207,#4208,#4209,#4210,#4211,#4212,#4213,#4214,#4215,#4216,#4217,
    #4218,#4219),.UNSPECIFIED.,.T.,.F.,(9,7,7,7,7,7,7,9),(0.,
    0.154978669064,0.286453095901,0.41150541533,0.569072877577,
    0.707449316819,0.827659859053,1.),.UNSPECIFIED.);
#4169 = CARTESIAN_POINT('',(0.637481140052,30.));
#4170 = CARTESIAN_POINT('',(0.637481140052,30.260624779235));
#4171 = CARTESIAN_POINT('',(0.636060489642,30.520842844436));
#4172 = CARTESIAN_POINT('',(0.633227042932,30.77871940588));
#4173 = CARTESIAN_POINT('',(0.628949782121,31.032117955713));
#4174 = CARTESIAN_POINT('',(0.623171951782,31.278212058957));
#4175 = CARTESIAN_POINT('',(0.615819727605,31.513174691034));
#4176 = CARTESIAN_POINT('',(0.606814494762,31.731733841906));
#4177 = CARTESIAN_POINT('',(0.587004583525,32.091326807897));
#4178 = CARTESIAN_POINT('',(0.576324553779,32.24554318315));
#4179 = CARTESIAN_POINT('',(0.564216818707,32.375285380568));
#4180 = CARTESIAN_POINT('',(0.550977551753,32.470338634401));
#4181 = CARTESIAN_POINT('',(0.537011506956,32.523907019916));
#4182 = CARTESIAN_POINT('',(0.522775468587,32.532713725837));
#4183 = CARTESIAN_POINT('',(0.50873946181,32.497145779271));
#4184 = CARTESIAN_POINT('',(0.482584909703,32.349467138303));
#4185 = CARTESIAN_POINT('',(0.470806512282,32.243441916085));
#4186 = CARTESIAN_POINT('',(0.460111808794,32.109920114593));
#4187 = CARTESIAN_POINT('',(0.45055886982,31.954506828221));
#4188 = CARTESIAN_POINT('',(0.442170211484,31.782118794198));
#4189 = CARTESIAN_POINT('',(0.434942532771,31.597122650146));
#4190 = CARTESIAN_POINT('',(0.428851211141,31.403401489912));
#4191 = CARTESIAN_POINT('',(0.417555543414,30.953619930889));
#4192 = CARTESIAN_POINT('',(0.412927969684,30.691831300766));
#4193 = CARTESIAN_POINT('',(0.409893262021,30.423392812132));
#4194 = CARTESIAN_POINT('',(0.408398607751,30.151419787724));
#4195 = CARTESIAN_POINT('',(0.408418172176,29.87848362862));
#4196 = CARTESIAN_POINT('',(0.409954725814,29.606995707655));
#4197 = CARTESIAN_POINT('',(0.413041411681,29.339571756347));
#4198 = CARTESIAN_POINT('',(0.421875306188,28.851458101968));
#4199 = CARTESIAN_POINT('',(0.427272918354,28.627927232016));
#4200 = CARTESIAN_POINT('',(0.433991373771,28.412240905508));
#4201 = CARTESIAN_POINT('',(0.44208229775,28.208263417205));
#4202 = CARTESIAN_POINT('',(0.451583283985,28.020768183484));
#4203 = CARTESIAN_POINT('',(0.462509967625,27.855568050925));
#4204 = CARTESIAN_POINT('',(0.474839892156,27.719772581864));
#4205 = CARTESIAN_POINT('',(0.500321951636,27.537733215857));
#4206 = CARTESIAN_POINT('',(0.512972052625,27.483371137738));
#4207 = CARTESIAN_POINT('',(0.526073704197,27.465291896));
#4208 = CARTESIAN_POINT('',(0.539220275605,27.485996240762));
#4209 = CARTESIAN_POINT('',(0.551993518919,27.544584962501));
#4210 = CARTESIAN_POINT('',(0.564000764505,27.636851895209));
#4211 = CARTESIAN_POINT('',(0.574919807884,27.755312778513));
#4212 = CARTESIAN_POINT('',(0.598297629107,28.081099526163));
#4213 = CARTESIAN_POINT('',(0.609867727008,28.311610948762));
#4214 = CARTESIAN_POINT('',(0.619282892012,28.567585562658));
#4215 = CARTESIAN_POINT('',(0.626653137595,28.840366336703));
#4216 = CARTESIAN_POINT('',(0.632089082916,29.123828877511));
#4217 = CARTESIAN_POINT('',(0.635680961673,29.413630398392));
#4218 = CARTESIAN_POINT('',(0.637481140052,29.706620288676));
#4219 = CARTESIAN_POINT('',(0.637481140052,30.));
#4220 = ( GEOMETRIC_REPRESENTATION_CONTEXT(2) 
PARAMETRIC_REPRESENTATION_CONTEXT() REPRESENTATION_CONTEXT('2D SPACE',''
  ) );
#4221 = PCURVE('',#4222,#4227);
#4222 = CYLINDRICAL_SURFACE('',#4223,2.5);
#4223 = AXIS2_PLACEMENT_3D('',#4224,#4225,#4226);
#4224 = CARTESIAN_POINT('',(587.15,0.,2.9925E+03));
#4225 = DIRECTION('',(0.866025403784,0.5,0.));
#4226 = DIRECTION('',(-0.5,0.866025403784,0.));
#4227 = DEFINITIONAL_REPRESENTATION('',(#4228),#4280);
#4228 = B_SPLINE_CURVE_WITH_KNOTS('',8,(#4229,#4230,#4231,#4232,#4233,
    #4234,#4235,#4236,#4237,#4238,#4239,#4240,#4241,#4242,#4243,#4244,
    #4245,#4246,#4247,#4248,#4249,#4250,#4251,#4252,#4253,#4254,#4255,
    #4256,#4257,#4258,#4259,#4260,#4261,#4262,#4263,#4264,#4265,#4266,
    #4267,#4268,#4269,#4270,#4271,#4272,#4273,#4274,#4275,#4276,#4277,
    #4278,#4279),.UNSPECIFIED.,.F.,.F.,(9,7,7,7,7,7,7,9),(0.,
    0.154978669064,0.286453095901,0.41150541533,0.569072877577,
    0.707449316819,0.827659859053,1.),.UNSPECIFIED.);
#4229 = CARTESIAN_POINT('',(0.,21.857492994394));
#4230 = CARTESIAN_POINT('',(0.104249911694,21.857492994394));
#4231 = CARTESIAN_POINT('',(0.20833667973,21.861044390126));
#4232 = CARTESIAN_POINT('',(0.313215442461,21.86812888615));
#4233 = CARTESIAN_POINT('',(0.419729492524,21.878573751875));
#4234 = CARTESIAN_POINT('',(0.52870648722,21.89203715753));
#4235 = CARTESIAN_POINT('',(0.640999285002,21.907899199722));
#4236 = CARTESIAN_POINT('',(0.757561259553,21.925130430267));
#4237 = CARTESIAN_POINT('',(0.983215123715,21.95669871191));
#4238 = CARTESIAN_POINT('',(1.094808142686,21.971645018764));
#4239 = CARTESIAN_POINT('',(1.211574208991,21.985523712042));
#4240 = CARTESIAN_POINT('',(1.331721342565,21.996489982665));
#4241 = CARTESIAN_POINT('',(1.453968537792,22.002830136075));
#4242 = CARTESIAN_POINT('',(1.57720866864,22.003757719096));
#4243 = CARTESIAN_POINT('',(1.700385171724,21.999547219069));
#4244 = CARTESIAN_POINT('',(1.937915764788,21.983286287538));
#4245 = CARTESIAN_POINT('',(2.048771887743,21.971877666068));
#4246 = CARTESIAN_POINT('',(2.155433369804,21.958149357817));
#4247 = CARTESIAN_POINT('',(2.258379924555,21.94331237179));
#4248 = CARTESIAN_POINT('',(2.357972500084,21.92842466921));
#4249 = CARTESIAN_POINT('',(2.454483532016,21.914318783619));
#4250 = CARTESIAN_POINT('',(2.548094151025,21.901599205252));
#4251 = CARTESIAN_POINT('',(2.75340198184,21.876853032542));
#4252 = CARTESIAN_POINT('',(2.864666655634,21.865722946664));
#4253 = CARTESIAN_POINT('',(2.973824071272,21.858011726077));
#4254 = CARTESIAN_POINT('',(3.081770675156,21.854114505536));
#4255 = CARTESIAN_POINT('',(3.189345799535,21.854186397821));
#4256 = CARTESIAN_POINT('',(3.297386680686,21.858198753855));
#4257 = CARTESIAN_POINT('',(3.406779207374,21.86592659239));
#4258 = CARTESIAN_POINT('',(3.61677103306,21.886460460868));
#4259 = CARTESIAN_POINT('',(3.717298126742,21.898579892051));
#4260 = CARTESIAN_POINT('',(3.820622246605,21.912886919362));
#4261 = CARTESIAN_POINT('',(3.927202242655,21.928808060331));
#4262 = CARTESIAN_POINT('',(4.037555537614,21.945484618625));
#4263 = CARTESIAN_POINT('',(4.152281519837,21.961699120744));
#4264 = CARTESIAN_POINT('',(4.272134549549,21.975897219243));
#4265 = CARTESIAN_POINT('',(4.507771254741,21.995583192821));
#4266 = CARTESIAN_POINT('',(4.62034532151,22.001829876258));
#4267 = CARTESIAN_POINT('',(4.734249793343,22.004059728385));
#4268 = CARTESIAN_POINT('',(4.848221656911,22.001626753667));
#4269 = CARTESIAN_POINT('',(4.961073084145,21.994701349787));
#4270 = CARTESIAN_POINT('',(5.07152568951,21.98435842979));
#4271 = CARTESIAN_POINT('',(5.177942314655,21.972047374426));
#4272 = CARTESIAN_POINT('',(5.421145342725,21.940731216877));
#4273 = CARTESIAN_POINT('',(5.556260779363,21.920472334928));
#4274 = CARTESIAN_POINT('',(5.685256691191,21.901010243595));
#4275 = CARTESIAN_POINT('',(5.809503123506,21.884168533286));
#4276 = CARTESIAN_POINT('',(5.930256616082,21.870972303828));
#4277 = CARTESIAN_POINT('',(6.048636942132,21.861993610003));
#4278 = CARTESIAN_POINT('',(6.16583342265,21.857492994394));
#4279 = CARTESIAN_POINT('',(6.28318530718,21.857492994394));
#4280 = ( GEOMETRIC_REPRESENTATION_CONTEXT(2) 
PARAMETRIC_REPRESENTATION_CONTEXT() REPRESENTATION_CONTEXT('2D SPACE',''
  ) );
#4281 = FACE_BOUND('',#4282,.T.);
#4282 = EDGE_LOOP('',(#4283));
#4283 = ORIENTED_EDGE('',*,*,#4284,.F.);
#4284 = EDGE_CURVE('',#4285,#4285,#4287,.T.);
#4285 = VERTEX_POINT('',#4286);
#4286 = CARTESIAN_POINT('',(566.97085580381,8.763682987736,2.9925E+03));
#4287 = SURFACE_CURVE('',#4288,(#4340,#4395),.PCURVE_S1.);
#4288 = B_SPLINE_CURVE_WITH_KNOTS('',8,(#4289,#4290,#4291,#4292,#4293,
    #4294,#4295,#4296,#4297,#4298,#4299,#4300,#4301,#4302,#4303,#4304,
    #4305,#4306,#4307,#4308,#4309,#4310,#4311,#4312,#4313,#4314,#4315,
    #4316,#4317,#4318,#4319,#4320,#4321,#4322,#4323,#4324,#4325,#4326,
    #4327,#4328,#4329,#4330,#4331,#4332,#4333,#4334,#4335,#4336,#4337,
    #4338,#4339),.UNSPECIFIED.,.T.,.F.,(9,7,7,7,7,7,7,9),(0.,
    0.15497866862,0.286453095081,0.411505414152,0.569072878785,
    0.70744931764,0.827659859537,1.),.UNSPECIFIED.);
#4289 = CARTESIAN_POINT('',(566.97085580381,8.763682987736,2.9925E+03));
#4290 = CARTESIAN_POINT('',(566.97085580381,8.763682987736,
    2.992760624779E+03));
#4291 = CARTESIAN_POINT('',(566.9833061466,8.792350405484,
    2.993020842844E+03));
#4292 = CARTESIAN_POINT('',(567.00813675468,8.849527272306,
    2.993278719406E+03));
#4293 = CARTESIAN_POINT('',(567.04585057912,8.935739263841,
    2.993532117956E+03));
#4294 = CARTESIAN_POINT('',(567.09739135616,9.051937319648,
    2.993778212059E+03));
#4295 = CARTESIAN_POINT('',(567.16414518473,9.199282426718,
    2.994013174691E+03));
#4296 = CARTESIAN_POINT('',(567.24791524724,9.378838892213,
    2.994231733842E+03));
#4297 = CARTESIAN_POINT('',(567.43791292665,9.771061089573,
    2.994591326808E+03));
#4298 = CARTESIAN_POINT('',(567.54221607052,9.981612047852,
    2.994745543183E+03));
#4299 = CARTESIAN_POINT('',(567.6632158944,10.218947277064,
    2.994875285381E+03));
#4300 = CARTESIAN_POINT('',(567.79928001631,10.476549790553,
    2.994970338634E+03));
#4301 = CARTESIAN_POINT('',(567.94743030527,10.745833924994,
    2.99502390702E+03));
#4302 = CARTESIAN_POINT('',(568.10325850961,11.017591458212,
    2.995032713726E+03));
#4303 = CARTESIAN_POINT('',(568.26130318748,11.282911870095,
    2.994997145779E+03));
#4304 = CARTESIAN_POINT('',(568.56297073314,11.772893523116,
    2.994849467138E+03));
#4305 = CARTESIAN_POINT('',(568.70230379279,11.991408218663,
    2.994743441916E+03));
#4306 = CARTESIAN_POINT('',(568.83165263817,12.187990374254,
    2.994609920115E+03));
#4307 = CARTESIAN_POINT('',(568.94933469521,12.362147704132,
    2.994454506828E+03));
#4308 = CARTESIAN_POINT('',(569.05420862803,12.514019279002,
    2.994282118794E+03));
#4309 = CARTESIAN_POINT('',(569.14561849523,12.644134042133,
    2.99409712265E+03));
#4310 = CARTESIAN_POINT('',(569.22333671025,12.753306782478,
    2.99390340149E+03));
#4311 = CARTESIAN_POINT('',(569.36840227819,12.955075370664,
    2.993453619926E+03));
#4312 = CARTESIAN_POINT('',(569.42864183457,13.037153172542,
    2.993191831315E+03));
#4313 = CARTESIAN_POINT('',(569.46847853771,13.090729924186,
    2.992923392797E+03));
#4314 = CARTESIAN_POINT('',(569.48817847479,13.117056774572,
    2.992651419788E+03));
#4315 = CARTESIAN_POINT('',(569.48790404129,13.116725227208,
    2.992378483644E+03));
#4316 = CARTESIAN_POINT('',(569.46764679851,13.089663365883,
    2.992106995693E+03));
#4317 = CARTESIAN_POINT('',(569.42722020884,13.03509813475,
    2.991839571761E+03));
#4318 = CARTESIAN_POINT('',(569.31280842238,12.877998844973,
    2.991351458102E+03));
#4319 = CARTESIAN_POINT('',(569.24324867092,12.781756683647,
    2.991127927232E+03));
#4320 = CARTESIAN_POINT('',(569.15730040867,12.661503981229,
    2.990912240906E+03));
#4321 = CARTESIAN_POINT('',(569.05486404959,12.515921284701,
    2.990708263417E+03));
#4322 = CARTESIAN_POINT('',(568.9362320956,12.343797829563,
    2.990520768183E+03));
#4323 = CARTESIAN_POINT('',(568.80224992599,12.144162908728,
    2.990355568051E+03));
#4324 = CARTESIAN_POINT('',(568.65449051614,11.916632300584,
    2.990219772582E+03));
#4325 = CARTESIAN_POINT('',(568.35731218299,11.441276275804,
    2.990037733216E+03));
#4326 = CARTESIAN_POINT('',(568.21277512486,11.203424114426,
    2.989983371138E+03));
#4327 = CARTESIAN_POINT('',(568.0667041687,10.9548815011,
    2.989965291896E+03));
#4328 = CARTESIAN_POINT('',(567.92416580986,10.703131872125,
    2.989985996241E+03));
#4329 = CARTESIAN_POINT('',(567.78966900625,10.456325767054,
    2.990044584963E+03));
#4330 = CARTESIAN_POINT('',(567.66663153996,10.22253278421,
    2.990136851895E+03));
#4331 = CARTESIAN_POINT('',(567.55733594749,10.008605154284,
    2.990255312779E+03));
#4332 = CARTESIAN_POINT('',(567.32777765027,9.5483662051,
    2.990581099526E+03));
#4333 = CARTESIAN_POINT('',(567.21843259325,9.318457246882,
    2.990811610949E+03));
#4334 = CARTESIAN_POINT('',(567.13216553548,9.130114137151,
    2.991067585563E+03));
#4335 = CARTESIAN_POINT('',(567.06611338963,8.982025043967,
    2.991340366337E+03));
#4336 = CARTESIAN_POINT('',(567.01811075994,8.872489591533,
    2.991623828878E+03));
#4337 = CARTESIAN_POINT('',(566.9866318595,8.800009148957,
    2.991913630398E+03));
#4338 = CARTESIAN_POINT('',(566.97085580381,8.763682987736,
    2.992206620289E+03));
#4339 = CARTESIAN_POINT('',(566.97085580381,8.763682987736,2.9925E+03));
#4340 = PCURVE('',#4034,#4341);
#4341 = DEFINITIONAL_REPRESENTATION('',(#4342),#4394);
#4342 = B_SPLINE_CURVE_WITH_KNOTS('',8,(#4343,#4344,#4345,#4346,#4347,
    #4348,#4349,#4350,#4351,#4352,#4353,#4354,#4355,#4356,#4357,#4358,
    #4359,#4360,#4361,#4362,#4363,#4364,#4365,#4366,#4367,#4368,#4369,
    #4370,#4371,#4372,#4373,#4374,#4375,#4376,#4377,#4378,#4379,#4380,
    #4381,#4382,#4383,#4384,#4385,#4386,#4387,#4388,#4389,#4390,#4391,
    #4392,#4393),.UNSPECIFIED.,.T.,.F.,(9,7,7,7,7,7,7,9),(0.,
    0.15497866862,0.286453095081,0.411505414152,0.569072878785,
    0.70744931764,0.827659859537,1.),.UNSPECIFIED.);
#4343 = CARTESIAN_POINT('',(2.731876242445,30.));
#4344 = CARTESIAN_POINT('',(2.731876242445,30.260624779237));
#4345 = CARTESIAN_POINT('',(2.730455592036,30.520842844434));
#4346 = CARTESIAN_POINT('',(2.727622145326,30.77871940588));
#4347 = CARTESIAN_POINT('',(2.723344884514,31.032117955714));
#4348 = CARTESIAN_POINT('',(2.717567054175,31.278212058957));
#4349 = CARTESIAN_POINT('',(2.710214829998,31.513174691033));
#4350 = CARTESIAN_POINT('',(2.701209597155,31.731733841906));
#4351 = CARTESIAN_POINT('',(2.681399685918,32.091326807898));
#4352 = CARTESIAN_POINT('',(2.670719656173,32.245543183149));
#4353 = CARTESIAN_POINT('',(2.6586119211,32.375285380569));
#4354 = CARTESIAN_POINT('',(2.645372654146,32.4703386344));
#4355 = CARTESIAN_POINT('',(2.631406609349,32.523907019917));
#4356 = CARTESIAN_POINT('',(2.61717057098,32.532713725836));
#4357 = CARTESIAN_POINT('',(2.603134564203,32.497145779271));
#4358 = CARTESIAN_POINT('',(2.576980012097,32.349467138303));
#4359 = CARTESIAN_POINT('',(2.565201614676,32.243441916085));
#4360 = CARTESIAN_POINT('',(2.554506911188,32.109920114592));
#4361 = CARTESIAN_POINT('',(2.544953972213,31.95450682822));
#4362 = CARTESIAN_POINT('',(2.536565313877,31.782118794198));
#4363 = CARTESIAN_POINT('',(2.529337635164,31.597122650146));
#4364 = CARTESIAN_POINT('',(2.523246313534,31.403401489911));
#4365 = CARTESIAN_POINT('',(2.511950645694,30.953619926374));
#4366 = CARTESIAN_POINT('',(2.507323072273,30.691831314787));
#4367 = CARTESIAN_POINT('',(2.504288364369,30.423392796595));
#4368 = CARTESIAN_POINT('',(2.502793710006,30.151419787822));
#4369 = CARTESIAN_POINT('',(2.502813274621,29.87848364415));
#4370 = CARTESIAN_POINT('',(2.504349828314,29.606995693417));
#4371 = CARTESIAN_POINT('',(2.50743651399,29.339571761011));
#4372 = CARTESIAN_POINT('',(2.516270408582,28.851458101968));
#4373 = CARTESIAN_POINT('',(2.521668020747,28.627927232016));
#4374 = CARTESIAN_POINT('',(2.528386476164,28.412240905508));
#4375 = CARTESIAN_POINT('',(2.536477400144,28.208263417205));
#4376 = CARTESIAN_POINT('',(2.545978386378,28.020768183484));
#4377 = CARTESIAN_POINT('',(2.556905070018,27.855568050925));
#4378 = CARTESIAN_POINT('',(2.569234994549,27.719772581864));
#4379 = CARTESIAN_POINT('',(2.594717054029,27.537733215857));
#4380 = CARTESIAN_POINT('',(2.607367155018,27.483371137738));
#4381 = CARTESIAN_POINT('',(2.62046880659,27.465291896001));
#4382 = CARTESIAN_POINT('',(2.633615377998,27.485996240763));
#4383 = CARTESIAN_POINT('',(2.646388621312,27.5445849625));
#4384 = CARTESIAN_POINT('',(2.658395866899,27.63685189521));
#4385 = CARTESIAN_POINT('',(2.669314910277,27.755312778513));
#4386 = CARTESIAN_POINT('',(2.6926927315,28.081099526163));
#4387 = CARTESIAN_POINT('',(2.704262829401,28.311610948762));
#4388 = CARTESIAN_POINT('',(2.713677994405,28.567585562658));
#4389 = CARTESIAN_POINT('',(2.721048239988,28.840366336703));
#4390 = CARTESIAN_POINT('',(2.726484185309,29.123828877512));
#4391 = CARTESIAN_POINT('',(2.730076064066,29.413630398392));
#4392 = CARTESIAN_POINT('',(2.731876242445,29.706620288676));
#4393 = CARTESIAN_POINT('',(2.731876242445,30.));
#4394 = ( GEOMETRIC_REPRESENTATION_CONTEXT(2) 
PARAMETRIC_REPRESENTATION_CONTEXT() REPRESENTATION_CONTEXT('2D SPACE',''
  ) );
#4395 = PCURVE('',#4396,#4401);
#4396 = CYLINDRICAL_SURFACE('',#4397,2.5);
#4397 = AXIS2_PLACEMENT_3D('',#4398,#4399,#4400);
#4398 = CARTESIAN_POINT('',(587.15,0.,2.9925E+03));
#4399 = DIRECTION('',(-0.866025403784,0.5,0.));
#4400 = DIRECTION('',(-0.5,-0.866025403784,0.));
#4401 = DEFINITIONAL_REPRESENTATION('',(#4402),#4454);
#4402 = B_SPLINE_CURVE_WITH_KNOTS('',8,(#4403,#4404,#4405,#4406,#4407,
    #4408,#4409,#4410,#4411,#4412,#4413,#4414,#4415,#4416,#4417,#4418,
    #4419,#4420,#4421,#4422,#4423,#4424,#4425,#4426,#4427,#4428,#4429,
    #4430,#4431,#4432,#4433,#4434,#4435,#4436,#4437,#4438,#4439,#4440,
    #4441,#4442,#4443,#4444,#4445,#4446,#4447,#4448,#4449,#4450,#4451,
    #4452,#4453),.UNSPECIFIED.,.F.,.F.,(9,7,7,7,7,7,7,9),(0.,
    0.15497866862,0.286453095081,0.411505414152,0.569072878785,
    0.70744931764,0.827659859537,1.),.UNSPECIFIED.);
#4403 = CARTESIAN_POINT('',(0.,21.857492994394));
#4404 = CARTESIAN_POINT('',(0.104249911695,21.857492994394));
#4405 = CARTESIAN_POINT('',(0.208336679729,21.861044390125));
#4406 = CARTESIAN_POINT('',(0.313215442461,21.86812888615));
#4407 = CARTESIAN_POINT('',(0.419729492524,21.878573751875));
#4408 = CARTESIAN_POINT('',(0.528706487221,21.89203715753));
#4409 = CARTESIAN_POINT('',(0.640999285001,21.907899199722));
#4410 = CARTESIAN_POINT('',(0.757561259553,21.925130430267));
#4411 = CARTESIAN_POINT('',(0.983215123715,21.956698711911));
#4412 = CARTESIAN_POINT('',(1.094808142686,21.971645018763));
#4413 = CARTESIAN_POINT('',(1.211574208992,21.985523712042));
#4414 = CARTESIAN_POINT('',(1.331721342565,21.996489982665));
#4415 = CARTESIAN_POINT('',(1.453968537792,22.002830136075));
#4416 = CARTESIAN_POINT('',(1.577208668641,22.003757719096));
#4417 = CARTESIAN_POINT('',(1.700385171724,21.999547219069));
#4418 = CARTESIAN_POINT('',(1.937915764788,21.983286287538));
#4419 = CARTESIAN_POINT('',(2.048771887743,21.971877666068));
#4420 = CARTESIAN_POINT('',(2.155433369804,21.958149357817));
#4421 = CARTESIAN_POINT('',(2.258379924556,21.94331237179));
#4422 = CARTESIAN_POINT('',(2.357972500084,21.92842466921));
#4423 = CARTESIAN_POINT('',(2.454483532016,21.914318783619));
#4424 = CARTESIAN_POINT('',(2.548094151025,21.901599205252));
#4425 = CARTESIAN_POINT('',(2.753401983901,21.876853032294));
#4426 = CARTESIAN_POINT('',(2.864666649428,21.86572294709));
#4427 = CARTESIAN_POINT('',(2.973824077989,21.85801172599));
#4428 = CARTESIAN_POINT('',(3.081770675196,21.854114505224));
#4429 = CARTESIAN_POINT('',(3.189345792817,21.854186397924));
#4430 = CARTESIAN_POINT('',(3.297386686805,21.858198754113));
#4431 = CARTESIAN_POINT('',(3.406779205367,21.865926592193));
#4432 = CARTESIAN_POINT('',(3.61677103306,21.886460460868));
#4433 = CARTESIAN_POINT('',(3.717298126742,21.898579892051));
#4434 = CARTESIAN_POINT('',(3.820622246605,21.912886919362));
#4435 = CARTESIAN_POINT('',(3.927202242655,21.928808060331));
#4436 = CARTESIAN_POINT('',(4.037555537614,21.945484618625));
#4437 = CARTESIAN_POINT('',(4.152281519837,21.961699120744));
#4438 = CARTESIAN_POINT('',(4.272134549549,21.975897219243));
#4439 = CARTESIAN_POINT('',(4.507771254741,21.995583192821));
#4440 = CARTESIAN_POINT('',(4.620345321511,22.001829876258));
#4441 = CARTESIAN_POINT('',(4.734249793341,22.004059728386));
#4442 = CARTESIAN_POINT('',(4.848221656914,22.001626753666));
#4443 = CARTESIAN_POINT('',(4.961073084143,21.994701349788));
#4444 = CARTESIAN_POINT('',(5.071525689511,21.98435842979));
#4445 = CARTESIAN_POINT('',(5.177942314655,21.972047374426));
#4446 = CARTESIAN_POINT('',(5.421145342725,21.940731216877));
#4447 = CARTESIAN_POINT('',(5.556260779363,21.920472334928));
#4448 = CARTESIAN_POINT('',(5.685256691189,21.901010243595));
#4449 = CARTESIAN_POINT('',(5.809503123509,21.884168533286));
#4450 = CARTESIAN_POINT('',(5.930256616081,21.870972303829));
#4451 = CARTESIAN_POINT('',(6.048636942133,21.861993610002));
#4452 = CARTESIAN_POINT('',(6.16583342265,21.857492994394));
#4453 = CARTESIAN_POINT('',(6.28318530718,21.857492994394));
#4454 = ( GEOMETRIC_REPRESENTATION_CONTEXT(2) 
PARAMETRIC_REPRESENTATION_CONTEXT() REPRESENTATION_CONTEXT('2D SPACE',''
  ) );
#4455 = FACE_BOUND('',#4456,.T.);
#4456 = EDGE_LOOP('',(#4457));
#4457 = ORIENTED_EDGE('',*,*,#4458,.F.);
#4458 = EDGE_CURVE('',#4459,#4459,#4461,.T.);
#4459 = VERTEX_POINT('',#4460);
#4460 = CARTESIAN_POINT('',(587.15,-22.,2.99E+03));
#4461 = SURFACE_CURVE('',#4462,(#4521,#4583),.PCURVE_S1.);
#4462 = B_SPLINE_CURVE_WITH_KNOTS('',8,(#4463,#4464,#4465,#4466,#4467,
    #4468,#4469,#4470,#4471,#4472,#4473,#4474,#4475,#4476,#4477,#4478,
    #4479,#4480,#4481,#4482,#4483,#4484,#4485,#4486,#4487,#4488,#4489,
    #4490,#4491,#4492,#4493,#4494,#4495,#4496,#4497,#4498,#4499,#4500,
    #4501,#4502,#4503,#4504,#4505,#4506,#4507,#4508,#4509,#4510,#4511,
    #4512,#4513,#4514,#4515,#4516,#4517,#4518,#4519,#4520),
  .UNSPECIFIED.,.T.,.F.,(9,7,7,7,7,7,7,7,9),(0.,0.137165892149,
    0.280708713053,0.45263808251,0.598492444293,0.69259283182,
    0.7961025079,0.900389091447,1.),.UNSPECIFIED.);
#4463 = CARTESIAN_POINT('',(587.15,-22.,2.99E+03));
#4464 = CARTESIAN_POINT('',(587.44203607507,-22.,2.99E+03));
#4465 = CARTESIAN_POINT('',(587.72688484124,-21.99556955292,
    2.990038986992E+03));
#4466 = CARTESIAN_POINT('',(587.99872982637,-21.98709063214,
    2.990113605489E+03));
#4467 = CARTESIAN_POINT('',(588.2526034952,-21.97541985585,
    2.990219661742E+03));
#4468 = CARTESIAN_POINT('',(588.48447052213,-21.96172886524,
    2.990352146749E+03));
#4469 = CARTESIAN_POINT('',(588.69138775605,-21.9472561052,
    2.99050527378E+03));
#4470 = CARTESIAN_POINT('',(588.87170586821,-21.93306831742,
    2.990672527316E+03));
#4471 = CARTESIAN_POINT('',(589.18598912996,-21.90618098783,
    2.991029011701E+03));
#4472 = CARTESIAN_POINT('',(589.32133778392,-21.89324522874,
    2.991223358707E+03));
#4473 = CARTESIAN_POINT('',(589.43234085193,-21.88178180123,
    2.991426376461E+03));
#4474 = CARTESIAN_POINT('',(589.51998795289,-21.87224175887,
    2.991635540159E+03));
#4475 = CARTESIAN_POINT('',(589.58512250305,-21.86491356068,
    2.991848919397E+03));
#4476 = CARTESIAN_POINT('',(589.62835602117,-21.85996855532,
    2.992064976197E+03));
#4477 = CARTESIAN_POINT('',(589.65,-21.85749299439,2.992282405898E+03));
#4478 = CARTESIAN_POINT('',(589.65,-21.85749299439,2.992760624784E+03));
#4479 = CARTESIAN_POINT('',(589.61894812007,-21.86104438984,
    2.99302084283E+03));
#4480 = CARTESIAN_POINT('',(589.55701618559,-21.86812888676,
    2.993278719421E+03));
#4481 = CARTESIAN_POINT('',(589.46349750955,-21.87857375163,
    2.993532117957E+03));
#4482 = CARTESIAN_POINT('',(589.33709665723,-21.89203715692,
    2.993778212044E+03));
#4483 = CARTESIAN_POINT('',(589.17611511898,-21.90789920052,
    2.994013174704E+03));
#4484 = CARTESIAN_POINT('',(588.97872964229,-21.92513042993,
    2.994231733838E+03));
#4485 = CARTESIAN_POINT('',(588.54405641117,-21.95669871191,
    2.994591326808E+03));
#4486 = CARTESIAN_POINT('',(588.30956236057,-21.97164501876,
    2.994745543183E+03));
#4487 = CARTESIAN_POINT('',(588.04352411093,-21.98552371204,
    2.994875285381E+03));
#4488 = CARTESIAN_POINT('',(587.7524017292,-21.99648998266,
    2.994970338634E+03));
#4489 = CARTESIAN_POINT('',(587.44511968347,-22.00283013607,
    2.99502390702E+03));
#4490 = CARTESIAN_POINT('',(587.13185665386,-22.00375771909,
    2.995032713726E+03));
#4491 = CARTESIAN_POINT('',(586.82306009809,-21.99954721906,
    2.994997145779E+03));
#4492 = CARTESIAN_POINT('',(586.3380899144,-21.98583638157,
    2.9948726266E+03));
#4493 = CARTESIAN_POINT('',(586.1522897851,-21.97870242657,
    2.994806724357E+03));
#4494 = CARTESIAN_POINT('',(585.97266879898,-21.97001143962,
    2.994724212794E+03));
#4495 = CARTESIAN_POINT('',(585.80094944109,-21.96005698202,
    2.994625776945E+03));
#4496 = CARTESIAN_POINT('',(585.6387604446,-21.94920702994,
    2.99451231157E+03));
#4497 = CARTESIAN_POINT('',(585.48761192979,-21.93787872966,
    2.994384908025E+03));
#4498 = CARTESIAN_POINT('',(585.34886801405,-21.92650695797,
    2.994244841692E+03));
#4499 = CARTESIAN_POINT('',(585.08605165771,-21.90340647872,
    2.993927151291E+03));
#4500 = CARTESIAN_POINT('',(584.96479619835,-21.89175295394,
    2.993747127069E+03));
#4501 = CARTESIAN_POINT('',(584.86154977369,-21.88109873886,
    2.993555404225E+03));
#4502 = CARTESIAN_POINT('',(584.77761275477,-21.87197100961,
    2.993354103735E+03));
#4503 = CARTESIAN_POINT('',(584.71397915987,-21.86481112509,
    2.993145500937E+03));
#4504 = CARTESIAN_POINT('',(584.67132608073,-21.85993196786,
    2.992931979267E+03));
#4505 = CARTESIAN_POINT('',(584.65,-21.85749299439,2.992715987426E+03));
#4506 = CARTESIAN_POINT('',(584.65,-21.85749299439,2.992282391447E+03));
#4507 = CARTESIAN_POINT('',(584.67164680687,-21.85996887641,
    2.992064961764E+03));
#4508 = CARTESIAN_POINT('',(584.71488114714,-21.86491398239,
    2.991848911438E+03));
#4509 = CARTESIAN_POINT('',(584.78001383511,-21.87224193027,
    2.991635539118E+03));
#4510 = CARTESIAN_POINT('',(584.86765822647,-21.88178167033,
    2.991426379202E+03));
#4511 = CARTESIAN_POINT('',(584.97866018316,-21.89324504435,
    2.9912233614E+03));
#4512 = CARTESIAN_POINT('',(585.11401019777,-21.90618093031,
    2.991029012463E+03));
#4513 = CARTESIAN_POINT('',(585.42822894735,-21.93306274081,
    2.990672601253E+03));
#4514 = CARTESIAN_POINT('',(585.60854177854,-21.94725112754,
    2.990505322017E+03));
#4515 = CARTESIAN_POINT('',(585.81550830097,-21.96172883415,
    2.990352137277E+03));
#4516 = CARTESIAN_POINT('',(586.04745711206,-21.97542527769,
    2.990219607374E+03));
#4517 = CARTESIAN_POINT('',(586.30141135553,-21.98709790492,
    2.99011354157E+03));
#4518 = CARTESIAN_POINT('',(586.5732961333,-21.99557386605,
    2.990038949017E+03));
#4519 = CARTESIAN_POINT('',(586.8581061699,-22.,2.99E+03));
#4520 = CARTESIAN_POINT('',(587.15,-22.,2.99E+03));
#4521 = PCURVE('',#4034,#4522);
#4522 = DEFINITIONAL_REPRESENTATION('',(#4523),#4582);
#4523 = B_SPLINE_CURVE_WITH_KNOTS('',8,(#4524,#4525,#4526,#4527,#4528,
    #4529,#4530,#4531,#4532,#4533,#4534,#4535,#4536,#4537,#4538,#4539,
    #4540,#4541,#4542,#4543,#4544,#4545,#4546,#4547,#4548,#4549,#4550,
    #4551,#4552,#4553,#4554,#4555,#4556,#4557,#4558,#4559,#4560,#4561,
    #4562,#4563,#4564,#4565,#4566,#4567,#4568,#4569,#4570,#4571,#4572,
    #4573,#4574,#4575,#4576,#4577,#4578,#4579,#4580,#4581),
  .UNSPECIFIED.,.T.,.F.,(9,7,7,7,7,7,7,7,9),(0.,0.137165892149,
    0.280708713053,0.45263808251,0.598492444293,0.69259283182,
    0.7961025079,0.900389091447,1.),.UNSPECIFIED.);
#4524 = CARTESIAN_POINT('',(4.712388980385,27.5));
#4525 = CARTESIAN_POINT('',(4.725663347434,27.5));
#4526 = CARTESIAN_POINT('',(4.738611023142,27.53898699184));
#4527 = CARTESIAN_POINT('',(4.750971157938,27.613605489118));
#4528 = CARTESIAN_POINT('',(4.762520864797,27.719661741909));
#4529 = CARTESIAN_POINT('',(4.77307727501,27.852146749401));
#4530 = CARTESIAN_POINT('',(4.782504986974,28.005273780062));
#4531 = CARTESIAN_POINT('',(4.790726401465,28.172527315814));
#4532 = CARTESIAN_POINT('',(4.805064187259,28.529011700869));
#4533 = CARTESIAN_POINT('',(4.81124412792,28.723358707345));
#4534 = CARTESIAN_POINT('',(4.816316373468,28.926376460954));
#4535 = CARTESIAN_POINT('',(4.820323806421,29.135540159338));
#4536 = CARTESIAN_POINT('',(4.823303139714,29.348919396725));
#4537 = CARTESIAN_POINT('',(4.825281113644,29.564976197371));
#4538 = CARTESIAN_POINT('',(4.826271344838,29.782405898175));
#4539 = CARTESIAN_POINT('',(4.826271344838,30.260624784217));
#4540 = CARTESIAN_POINT('',(4.824850694589,30.520842829993));
#4541 = CARTESIAN_POINT('',(4.822017247365,30.778719420795));
#4542 = CARTESIAN_POINT('',(4.817739987053,31.032117956512));
#4543 = CARTESIAN_POINT('',(4.811962156915,31.278212043984));
#4544 = CARTESIAN_POINT('',(4.804609931912,31.513174703706));
#4545 = CARTESIAN_POINT('',(4.795604699757,31.731733838125));
#4546 = CARTESIAN_POINT('',(4.775794788311,32.091326807897));
#4547 = CARTESIAN_POINT('',(4.765114758566,32.245543183152));
#4548 = CARTESIAN_POINT('',(4.753007023493,32.375285380564));
#4549 = CARTESIAN_POINT('',(4.739767756539,32.470338634405));
#4550 = CARTESIAN_POINT('',(4.725801711742,32.523907019914));
#4551 = CARTESIAN_POINT('',(4.711565673374,32.532713725837));
#4552 = CARTESIAN_POINT('',(4.697529666596,32.497145779271));
#4553 = CARTESIAN_POINT('',(4.675476759415,32.372626600021));
#4554 = CARTESIAN_POINT('',(4.667025507879,32.306724356859));
#4555 = CARTESIAN_POINT('',(4.658852029964,32.224212793527));
#4556 = CARTESIAN_POINT('',(4.651034164749,32.12577694471));
#4557 = CARTESIAN_POINT('',(4.643645961896,32.012311569983));
#4558 = CARTESIAN_POINT('',(4.636756591705,31.8849080248));
#4559 = CARTESIAN_POINT('',(4.630429012096,31.744841692077));
#4560 = CARTESIAN_POINT('',(4.618436756563,31.427151290963));
#4561 = CARTESIAN_POINT('',(4.612899937467,31.247127069496));
#4562 = CARTESIAN_POINT('',(4.608182148497,31.055404224755));
#4563 = CARTESIAN_POINT('',(4.604344406685,30.854103734652));
#4564 = CARTESIAN_POINT('',(4.60143372809,30.645500937416));
#4565 = CARTESIAN_POINT('',(4.599482297976,30.431979266961));
#4566 = CARTESIAN_POINT('',(4.598506615931,30.215987426442));
#4567 = CARTESIAN_POINT('',(4.598506615931,29.782391447395));
#4568 = CARTESIAN_POINT('',(4.599496976483,29.564961763542));
#4569 = CARTESIAN_POINT('',(4.601474988094,29.348911438167));
#4570 = CARTESIAN_POINT('',(4.604454235992,29.135539117512));
#4571 = CARTESIAN_POINT('',(4.608461544997,28.92637920222));
#4572 = CARTESIAN_POINT('',(4.613533740088,28.723361400228));
#4573 = CARTESIAN_POINT('',(4.619713742841,28.529012463405));
#4574 = CARTESIAN_POINT('',(4.634048585552,28.17260125304));
#4575 = CARTESIAN_POINT('',(4.642269763057,28.005322017306));
#4576 = CARTESIAN_POINT('',(4.651699726301,27.852137277063));
#4577 = CARTESIAN_POINT('',(4.662259859741,27.719607373938));
#4578 = CARTESIAN_POINT('',(4.673813225795,27.613541570258));
#4579 = CARTESIAN_POINT('',(4.686175163648,27.53894901705));
#4580 = CARTESIAN_POINT('',(4.699121079017,27.5));
#4581 = CARTESIAN_POINT('',(4.712388980385,27.5));
#4582 = ( GEOMETRIC_REPRESENTATION_CONTEXT(2) 
PARAMETRIC_REPRESENTATION_CONTEXT() REPRESENTATION_CONTEXT('2D SPACE',''
  ) );
#4583 = PCURVE('',#4584,#4589);
#4584 = CYLINDRICAL_SURFACE('',#4585,2.5);
#4585 = AXIS2_PLACEMENT_3D('',#4586,#4587,#4588);
#4586 = CARTESIAN_POINT('',(587.15,0.,2.9925E+03));
#4587 = DIRECTION('',(0.,-1.,0.));
#4588 = DIRECTION('',(0.,-0.,-1.));
#4589 = DEFINITIONAL_REPRESENTATION('',(#4590),#4649);
#4590 = B_SPLINE_CURVE_WITH_KNOTS('',8,(#4591,#4592,#4593,#4594,#4595,
    #4596,#4597,#4598,#4599,#4600,#4601,#4602,#4603,#4604,#4605,#4606,
    #4607,#4608,#4609,#4610,#4611,#4612,#4613,#4614,#4615,#4616,#4617,
    #4618,#4619,#4620,#4621,#4622,#4623,#4624,#4625,#4626,#4627,#4628,
    #4629,#4630,#4631,#4632,#4633,#4634,#4635,#4636,#4637,#4638,#4639,
    #4640,#4641,#4642,#4643,#4644,#4645,#4646,#4647,#4648),
  .UNSPECIFIED.,.F.,.F.,(9,7,7,7,7,7,7,7,9),(0.,0.137165892149,
    0.280708713053,0.45263808251,0.598492444293,0.69259283182,
    0.7961025079,0.900389091447,1.),.UNSPECIFIED.);
#4591 = CARTESIAN_POINT('',(0.,22.));
#4592 = CARTESIAN_POINT('',(0.116814430031,22.));
#4593 = CARTESIAN_POINT('',(0.230753872194,21.995569552926));
#4594 = CARTESIAN_POINT('',(0.341920956478,21.987090632143));
#4595 = CARTESIAN_POINT('',(0.450255498978,21.975419855851));
#4596 = CARTESIAN_POINT('',(0.555558056823,21.961728865242));
#4597 = CARTESIAN_POINT('',(0.657458694448,21.947256105209));
#4598 = CARTESIAN_POINT('',(0.755340828225,21.933068317425));
#4599 = CARTESIAN_POINT('',(0.945437681605,21.906180987831));
#4600 = CARTESIAN_POINT('',(1.039553592752,21.893245228744));
#4601 = CARTESIAN_POINT('',(1.131230128868,21.881781801234));
#4602 = CARTESIAN_POINT('',(1.221000011572,21.872241758879));
#4603 = CARTESIAN_POINT('',(1.309358997038,21.864913560688));
#4604 = CARTESIAN_POINT('',(1.396786937207,21.859968555322));
#4605 = CARTESIAN_POINT('',(1.483758686065,21.857492994394));
#4606 = CARTESIAN_POINT('',(1.675046240482,21.857492994394));
#4607 = CARTESIAN_POINT('',(1.779133000191,21.861044389841));
#4608 = CARTESIAN_POINT('',(1.884011776504,21.868128886769));
#4609 = CARTESIAN_POINT('',(1.990525819041,21.878573751639));
#4610 = CARTESIAN_POINT('',(2.099502806777,21.892037156923));
#4611 = CARTESIAN_POINT('',(2.211795618734,21.907899200522));
#4612 = CARTESIAN_POINT('',(2.328357583975,21.925130429935));
#4613 = CARTESIAN_POINT('',(2.55401145051,21.95669871191));
#4614 = CARTESIAN_POINT('',(2.665604469482,21.971645018764));
#4615 = CARTESIAN_POINT('',(2.782370535786,21.985523712041));
#4616 = CARTESIAN_POINT('',(2.902517669359,21.996489982666));
#4617 = CARTESIAN_POINT('',(3.024764864588,22.002830136075));
#4618 = CARTESIAN_POINT('',(3.148004995435,22.003757719096));
#4619 = CARTESIAN_POINT('',(3.271181498519,21.999547219069));
#4620 = CARTESIAN_POINT('',(3.471461744201,21.985836381572));
#4621 = CARTESIAN_POINT('',(3.550002499566,21.978702426573));
#4622 = CARTESIAN_POINT('',(3.628540077303,21.970011439625));
#4623 = CARTESIAN_POINT('',(3.707076547496,21.960056982021));
#4624 = CARTESIAN_POINT('',(3.785615381441,21.949207029949));
#4625 = CARTESIAN_POINT('',(3.864158463607,21.937878729667));
#4626 = CARTESIAN_POINT('',(3.942703039096,21.926506957978));
#4627 = CARTESIAN_POINT('',(4.107627083733,21.903406478729));
#4628 = CARTESIAN_POINT('',(4.194027773549,21.891752953947));
#4629 = CARTESIAN_POINT('',(4.280425371815,21.88109873886));
#4630 = CARTESIAN_POINT('',(4.36681676768,21.871971009616));
#4631 = CARTESIAN_POINT('',(4.453205678493,21.86481112509));
#4632 = CARTESIAN_POINT('',(4.539597449703,21.859931967862));
#4633 = CARTESIAN_POINT('',(4.625994009808,21.857492994394));
#4634 = CARTESIAN_POINT('',(4.799432401427,21.857492994394));
#4635 = CARTESIAN_POINT('',(4.886404130541,21.859968876411));
#4636 = CARTESIAN_POINT('',(4.973829702693,21.864913982394));
#4637 = CARTESIAN_POINT('',(5.062185973173,21.872241930274));
#4638 = CARTESIAN_POINT('',(5.151954075683,21.881781670339));
#4639 = CARTESIAN_POINT('',(5.24363037513,21.893245044356));
#4640 = CARTESIAN_POINT('',(5.337747218949,21.906180930317));
#4641 = CARTESIAN_POINT('',(5.527805051606,21.933062740815));
#4642 = CARTESIAN_POINT('',(5.625693511096,21.947251127549));
#4643 = CARTESIAN_POINT('',(5.727622896318,21.961728834158));
#4644 = CARTESIAN_POINT('',(5.832960585602,21.975425277693));
#4645 = CARTESIAN_POINT('',(5.941324330276,21.987097904924));
#4646 = CARTESIAN_POINT('',(6.052503835805,21.995573866056));
#4647 = CARTESIAN_POINT('',(6.166427775142,22.));
#4648 = CARTESIAN_POINT('',(6.28318530718,22.));
#4649 = ( GEOMETRIC_REPRESENTATION_CONTEXT(2) 
PARAMETRIC_REPRESENTATION_CONTEXT() REPRESENTATION_CONTEXT('2D SPACE',''
  ) );
#4650 = ADVANCED_FACE('',(#4651),#4094,.T.);
#4651 = FACE_BOUND('',#4652,.T.);
#4652 = EDGE_LOOP('',(#4653));
#4653 = ORIENTED_EDGE('',*,*,#4079,.T.);
#4654 = ADVANCED_FACE('',(#4655),#4222,.T.);
#4655 = FACE_BOUND('',#4656,.T.);
#4656 = EDGE_LOOP('',(#4657,#4658,#4681,#4742));
#4657 = ORIENTED_EDGE('',*,*,#4110,.T.);
#4658 = ORIENTED_EDGE('',*,*,#4659,.T.);
#4659 = EDGE_CURVE('',#4111,#4660,#4662,.T.);
#4660 = VERTEX_POINT('',#4661);
#4661 = CARTESIAN_POINT('',(627.59263406879,26.236317012306,2.9925E+03)
  );
#4662 = SEAM_CURVE('',#4663,(#4667,#4674),.PCURVE_S1.);
#4663 = LINE('',#4664,#4665);
#4664 = CARTESIAN_POINT('',(585.9,2.165063509461,2.9925E+03));
#4665 = VECTOR('',#4666,1.);
#4666 = DIRECTION('',(0.866025403784,0.5,-1.232595164408E-32));
#4667 = PCURVE('',#4222,#4668);
#4668 = DEFINITIONAL_REPRESENTATION('',(#4669),#4673);
#4669 = LINE('',#4670,#4671);
#4670 = CARTESIAN_POINT('',(0.,-0.));
#4671 = VECTOR('',#4672,1.);
#4672 = DIRECTION('',(0.,1.));
#4673 = ( GEOMETRIC_REPRESENTATION_CONTEXT(2) 
PARAMETRIC_REPRESENTATION_CONTEXT() REPRESENTATION_CONTEXT('2D SPACE',''
  ) );
#4674 = PCURVE('',#4222,#4675);
#4675 = DEFINITIONAL_REPRESENTATION('',(#4676),#4680);
#4676 = LINE('',#4677,#4678);
#4677 = CARTESIAN_POINT('',(6.28318530718,-0.));
#4678 = VECTOR('',#4679,1.);
#4679 = DIRECTION('',(0.,1.));
#4680 = ( GEOMETRIC_REPRESENTATION_CONTEXT(2) 
PARAMETRIC_REPRESENTATION_CONTEXT() REPRESENTATION_CONTEXT('2D SPACE',''
  ) );
#4681 = ORIENTED_EDGE('',*,*,#4682,.F.);
#4682 = EDGE_CURVE('',#4660,#4660,#4683,.T.);
#4683 = SURFACE_CURVE('',#4684,(#4689,#4696),.PCURVE_S1.);
#4684 = CIRCLE('',#4685,2.5);
#4685 = AXIS2_PLACEMENT_3D('',#4686,#4687,#4688);
#4686 = CARTESIAN_POINT('',(628.84263406872,24.071253502803,2.9925E+03)
  );
#4687 = DIRECTION('',(0.866025403784,0.5,0.));
#4688 = DIRECTION('',(-0.5,0.866025403784,0.));
#4689 = PCURVE('',#4222,#4690);
#4690 = DEFINITIONAL_REPRESENTATION('',(#4691),#4695);
#4691 = LINE('',#4692,#4693);
#4692 = CARTESIAN_POINT('',(0.,48.142507005606));
#4693 = VECTOR('',#4694,1.);
#4694 = DIRECTION('',(1.,0.));
#4695 = ( GEOMETRIC_REPRESENTATION_CONTEXT(2) 
PARAMETRIC_REPRESENTATION_CONTEXT() REPRESENTATION_CONTEXT('2D SPACE',''
  ) );
#4696 = PCURVE('',#4697,#4702);
#4697 = SPHERICAL_SURFACE('',#4698,22.);
#4698 = AXIS2_PLACEMENT_3D('',#4699,#4700,#4701);
#4699 = CARTESIAN_POINT('',(647.77177826491,35.,2.9925E+03));
#4700 = DIRECTION('',(0.,0.,1.));
#4701 = DIRECTION('',(1.,0.,-0.));
#4702 = DEFINITIONAL_REPRESENTATION('',(#4703),#4741);
#4703 = B_SPLINE_CURVE_WITH_KNOTS('',8,(#4704,#4705,#4706,#4707,#4708,
    #4709,#4710,#4711,#4712,#4713,#4714,#4715,#4716,#4717,#4718,#4719,
    #4720,#4721,#4722,#4723,#4724,#4725,#4726,#4727,#4728,#4729,#4730,
    #4731,#4732,#4733,#4734,#4735,#4736,#4737,#4738,#4739,#4740),
  .UNSPECIFIED.,.T.,.F.,(9,7,7,7,7,9),(0.,0.785398163397,2.159844949343,
    3.190680038802,4.736932672991,6.28318530718),.UNSPECIFIED.);
#4704 = CARTESIAN_POINT('',(3.551309064735,0.));
#4705 = CARTESIAN_POINT('',(3.551309064735,1.11562239119E-02));
#4706 = CARTESIAN_POINT('',(3.552552701126,2.231244285389E-02));
#4707 = CARTESIAN_POINT('',(3.555039883079,3.330694440544E-02));
#4708 = CARTESIAN_POINT('',(3.558747169977,4.397796252029E-02));
#4709 = CARTESIAN_POINT('',(3.563627336877,5.416816887925E-02));
#4710 = CARTESIAN_POINT('',(3.56960976755,6.372910156576E-02));
#4711 = CARTESIAN_POINT('',(3.576601675086,7.252553106439E-02));
#4712 = CARTESIAN_POINT('',(3.598294981348,9.428967048817E-02));
#4713 = CARTESIAN_POINT('',(3.614845658706,0.105437837328));
#4714 = CARTESIAN_POINT('',(3.633537220838,0.113253193969));
#4715 = CARTESIAN_POINT('',(3.6535806473,0.117268651056));
#4716 = CARTESIAN_POINT('',(3.674038191049,0.117244716682));
#4717 = CARTESIAN_POINT('',(3.693930730547,0.113228238437));
#4718 = CARTESIAN_POINT('',(3.712377469409,0.105521694576));
#4719 = CARTESIAN_POINT('',(3.740855629083,8.645481760244E-02));
#4720 = CARTESIAN_POINT('',(3.751837985687,7.648960388046E-02));
#4721 = CARTESIAN_POINT('',(3.761290966906,6.494209794419E-02));
#4722 = CARTESIAN_POINT('',(3.768956886003,5.208690861196E-02));
#4723 = CARTESIAN_POINT('',(3.774642805774,3.824750011577E-02));
#4724 = CARTESIAN_POINT('',(3.778225547049,2.377881952714E-02));
#4725 = CARTESIAN_POINT('',(3.77965164198,9.049232675303E-03));
#4726 = CARTESIAN_POINT('',(3.777867032537,-2.751360145223E-02));
#4727 = CARTESIAN_POINT('',(3.771981482674,-4.921634369968E-02));
#4728 = CARTESIAN_POINT('',(3.76133656296,-6.945094712245E-02));
#4729 = CARTESIAN_POINT('',(3.746346485419,-8.700237189493E-02));
#4730 = CARTESIAN_POINT('',(3.727763404406,-0.100798451899));
#4731 = CARTESIAN_POINT('',(3.706707752989,-0.11005116564));
#4732 = CARTESIAN_POINT('',(3.684484661954,-0.114390447426));
#4733 = CARTESIAN_POINT('',(3.640284294573,-0.113305385036));
#4734 = CARTESIAN_POINT('',(3.618307165003,-0.107881046638));
#4735 = CARTESIAN_POINT('',(3.59774332029,-9.760742315814E-02));
#4736 = CARTESIAN_POINT('',(3.579874256047,-8.291896294139E-02));
#4737 = CARTESIAN_POINT('',(3.565770357976,-6.465711143326E-02));
#4738 = CARTESIAN_POINT('',(3.556129198807,-4.392766271724E-02));
#4739 = CARTESIAN_POINT('',(3.551309064735,-2.196381582654E-02));
#4740 = CARTESIAN_POINT('',(3.551309064735,0.));
#4741 = ( GEOMETRIC_REPRESENTATION_CONTEXT(2) 
PARAMETRIC_REPRESENTATION_CONTEXT() REPRESENTATION_CONTEXT('2D SPACE',''
  ) );
#4742 = ORIENTED_EDGE('',*,*,#4659,.F.);
#4743 = ADVANCED_FACE('',(#4744),#4396,.T.);
#4744 = FACE_BOUND('',#4745,.T.);
#4745 = EDGE_LOOP('',(#4746,#4747,#4770,#4831));
#4746 = ORIENTED_EDGE('',*,*,#4284,.T.);
#4747 = ORIENTED_EDGE('',*,*,#4748,.T.);
#4748 = EDGE_CURVE('',#4285,#4749,#4751,.T.);
#4749 = VERTEX_POINT('',#4750);
#4750 = CARTESIAN_POINT('',(544.20736593127,21.906189993342,2.9925E+03)
  );
#4751 = SEAM_CURVE('',#4752,(#4756,#4763),.PCURVE_S1.);
#4752 = LINE('',#4753,#4754);
#4753 = CARTESIAN_POINT('',(585.9,-2.165063509461,2.9925E+03));
#4754 = VECTOR('',#4755,1.);
#4755 = DIRECTION('',(-0.866025403784,0.5,1.232595164408E-32));
#4756 = PCURVE('',#4396,#4757);
#4757 = DEFINITIONAL_REPRESENTATION('',(#4758),#4762);
#4758 = LINE('',#4759,#4760);
#4759 = CARTESIAN_POINT('',(0.,-0.));
#4760 = VECTOR('',#4761,1.);
#4761 = DIRECTION('',(0.,1.));
#4762 = ( GEOMETRIC_REPRESENTATION_CONTEXT(2) 
PARAMETRIC_REPRESENTATION_CONTEXT() REPRESENTATION_CONTEXT('2D SPACE',''
  ) );
#4763 = PCURVE('',#4396,#4764);
#4764 = DEFINITIONAL_REPRESENTATION('',(#4765),#4769);
#4765 = LINE('',#4766,#4767);
#4766 = CARTESIAN_POINT('',(6.28318530718,-0.));
#4767 = VECTOR('',#4768,1.);
#4768 = DIRECTION('',(0.,1.));
#4769 = ( GEOMETRIC_REPRESENTATION_CONTEXT(2) 
PARAMETRIC_REPRESENTATION_CONTEXT() REPRESENTATION_CONTEXT('2D SPACE',''
  ) );
#4770 = ORIENTED_EDGE('',*,*,#4771,.F.);
#4771 = EDGE_CURVE('',#4749,#4749,#4772,.T.);
#4772 = SURFACE_CURVE('',#4773,(#4778,#4785),.PCURVE_S1.);
#4773 = CIRCLE('',#4774,2.5);
#4774 = AXIS2_PLACEMENT_3D('',#4775,#4776,#4777);
#4775 = CARTESIAN_POINT('',(545.45736593127,24.071253502803,2.9925E+03)
  );
#4776 = DIRECTION('',(-0.866025403784,0.5,0.));
#4777 = DIRECTION('',(-0.5,-0.866025403784,0.));
#4778 = PCURVE('',#4396,#4779);
#4779 = DEFINITIONAL_REPRESENTATION('',(#4780),#4784);
#4780 = LINE('',#4781,#4782);
#4781 = CARTESIAN_POINT('',(0.,48.142507005606));
#4782 = VECTOR('',#4783,1.);
#4783 = DIRECTION('',(1.,0.));
#4784 = ( GEOMETRIC_REPRESENTATION_CONTEXT(2) 
PARAMETRIC_REPRESENTATION_CONTEXT() REPRESENTATION_CONTEXT('2D SPACE',''
  ) );
#4785 = PCURVE('',#4786,#4791);
#4786 = SPHERICAL_SURFACE('',#4787,22.);
#4787 = AXIS2_PLACEMENT_3D('',#4788,#4789,#4790);
#4788 = CARTESIAN_POINT('',(526.52822173508,35.,2.9925E+03));
#4789 = DIRECTION('',(0.,0.,1.));
#4790 = DIRECTION('',(1.,0.,-0.));
#4791 = DEFINITIONAL_REPRESENTATION('',(#4792),#4830);
#4792 = B_SPLINE_CURVE_WITH_KNOTS('',8,(#4793,#4794,#4795,#4796,#4797,
    #4798,#4799,#4800,#4801,#4802,#4803,#4804,#4805,#4806,#4807,#4808,
    #4809,#4810,#4811,#4812,#4813,#4814,#4815,#4816,#4817,#4818,#4819,
    #4820,#4821,#4822,#4823,#4824,#4825,#4826,#4827,#4828,#4829),
  .UNSPECIFIED.,.T.,.F.,(9,7,7,7,7,9),(0.,0.785398163398,2.159844949343,
    3.190680038802,4.736932672991,6.28318530718),.UNSPECIFIED.);
#4793 = CARTESIAN_POINT('',(5.645704167128,0.));
#4794 = CARTESIAN_POINT('',(5.645704167128,1.11562239119E-02));
#4795 = CARTESIAN_POINT('',(5.646947803519,2.231244285389E-02));
#4796 = CARTESIAN_POINT('',(5.649434985472,3.330694440544E-02));
#4797 = CARTESIAN_POINT('',(5.65314227237,4.397796252029E-02));
#4798 = CARTESIAN_POINT('',(5.658022439271,5.416816887925E-02));
#4799 = CARTESIAN_POINT('',(5.664004869943,6.372910156576E-02));
#4800 = CARTESIAN_POINT('',(5.670996777479,7.252553106439E-02));
#4801 = CARTESIAN_POINT('',(5.692690083741,9.428967048817E-02));
#4802 = CARTESIAN_POINT('',(5.709240761096,0.105437837328));
#4803 = CARTESIAN_POINT('',(5.727932323236,0.11325319397));
#4804 = CARTESIAN_POINT('',(5.747975749699,0.117268651055));
#4805 = CARTESIAN_POINT('',(5.768433293448,0.117244716682));
#4806 = CARTESIAN_POINT('',(5.788325832937,0.113228238437));
#4807 = CARTESIAN_POINT('',(5.806772571803,0.105521694576));
#4808 = CARTESIAN_POINT('',(5.835250731477,8.645481760244E-02));
#4809 = CARTESIAN_POINT('',(5.846233088081,7.648960388046E-02));
#4810 = CARTESIAN_POINT('',(5.855686069297,6.494209794419E-02));
#4811 = CARTESIAN_POINT('',(5.863351988396,5.208690861198E-02));
#4812 = CARTESIAN_POINT('',(5.869037908168,3.824750011579E-02));
#4813 = CARTESIAN_POINT('',(5.872620649442,2.377881952714E-02));
#4814 = CARTESIAN_POINT('',(5.874046744373,9.049232675303E-03));
#4815 = CARTESIAN_POINT('',(5.87226213493,-2.751360145223E-02));
#4816 = CARTESIAN_POINT('',(5.866376585067,-4.921634369985E-02));
#4817 = CARTESIAN_POINT('',(5.855731665342,-6.945094712171E-02));
#4818 = CARTESIAN_POINT('',(5.84074158781,-8.700237189623E-02));
#4819 = CARTESIAN_POINT('',(5.822158506806,-0.100798451898));
#4820 = CARTESIAN_POINT('',(5.801102855385,-0.110051165641));
#4821 = CARTESIAN_POINT('',(5.778879764347,-0.114390447426));
#4822 = CARTESIAN_POINT('',(5.734679396966,-0.113305385036));
#4823 = CARTESIAN_POINT('',(5.712702267392,-0.107881046638));
#4824 = CARTESIAN_POINT('',(5.692138422684,-9.760742315774E-02));
#4825 = CARTESIAN_POINT('',(5.674269358424,-8.291896294202E-02));
#4826 = CARTESIAN_POINT('',(5.660165460366,-6.465711143298E-02));
#4827 = CARTESIAN_POINT('',(5.650524301201,-4.392766271732E-02));
#4828 = CARTESIAN_POINT('',(5.645704167128,-2.196381582654E-02));
#4829 = CARTESIAN_POINT('',(5.645704167128,0.));
#4830 = ( GEOMETRIC_REPRESENTATION_CONTEXT(2) 
PARAMETRIC_REPRESENTATION_CONTEXT() REPRESENTATION_CONTEXT('2D SPACE',''
  ) );
#4831 = ORIENTED_EDGE('',*,*,#4748,.F.);
#4832 = ADVANCED_FACE('',(#4833),#4584,.T.);
#4833 = FACE_BOUND('',#4834,.T.);
#4834 = EDGE_LOOP('',(#4835,#4836,#4859,#4908,#4934,#4983,#5006,#5033,
    #5034,#5055));
#4835 = ORIENTED_EDGE('',*,*,#4458,.T.);
#4836 = ORIENTED_EDGE('',*,*,#4837,.T.);
#4837 = EDGE_CURVE('',#4459,#4838,#4840,.T.);
#4838 = VERTEX_POINT('',#4839);
#4839 = CARTESIAN_POINT('',(587.15,-48.1425070056,2.99E+03));
#4840 = SEAM_CURVE('',#4841,(#4845,#4852),.PCURVE_S1.);
#4841 = LINE('',#4842,#4843);
#4842 = CARTESIAN_POINT('',(587.15,0.,2.99E+03));
#4843 = VECTOR('',#4844,1.);
#4844 = DIRECTION('',(0.,-1.,0.));
#4845 = PCURVE('',#4584,#4846);
#4846 = DEFINITIONAL_REPRESENTATION('',(#4847),#4851);
#4847 = LINE('',#4848,#4849);
#4848 = CARTESIAN_POINT('',(0.,-0.));
#4849 = VECTOR('',#4850,1.);
#4850 = DIRECTION('',(0.,1.));
#4851 = ( GEOMETRIC_REPRESENTATION_CONTEXT(2) 
PARAMETRIC_REPRESENTATION_CONTEXT() REPRESENTATION_CONTEXT('2D SPACE',''
  ) );
#4852 = PCURVE('',#4584,#4853);
#4853 = DEFINITIONAL_REPRESENTATION('',(#4854),#4858);
#4854 = LINE('',#4855,#4856);
#4855 = CARTESIAN_POINT('',(6.28318530718,-0.));
#4856 = VECTOR('',#4857,1.);
#4857 = DIRECTION('',(0.,1.));
#4858 = ( GEOMETRIC_REPRESENTATION_CONTEXT(2) 
PARAMETRIC_REPRESENTATION_CONTEXT() REPRESENTATION_CONTEXT('2D SPACE',''
  ) );
#4859 = ORIENTED_EDGE('',*,*,#4860,.F.);
#4860 = EDGE_CURVE('',#4861,#4838,#4863,.T.);
#4861 = VERTEX_POINT('',#4862);
#4862 = CARTESIAN_POINT('',(587.15,-48.1425070056,2.995E+03));
#4863 = SURFACE_CURVE('',#4864,(#4869,#4876),.PCURVE_S1.);
#4864 = CIRCLE('',#4865,2.5);
#4865 = AXIS2_PLACEMENT_3D('',#4866,#4867,#4868);
#4866 = CARTESIAN_POINT('',(587.15,-48.1425070056,2.9925E+03));
#4867 = DIRECTION('',(0.,-1.,0.));
#4868 = DIRECTION('',(0.,-0.,-1.));
#4869 = PCURVE('',#4584,#4870);
#4870 = DEFINITIONAL_REPRESENTATION('',(#4871),#4875);
#4871 = LINE('',#4872,#4873);
#4872 = CARTESIAN_POINT('',(0.,48.142507005606));
#4873 = VECTOR('',#4874,1.);
#4874 = DIRECTION('',(1.,0.));
#4875 = ( GEOMETRIC_REPRESENTATION_CONTEXT(2) 
PARAMETRIC_REPRESENTATION_CONTEXT() REPRESENTATION_CONTEXT('2D SPACE',''
  ) );
#4876 = PCURVE('',#4877,#4882);
#4877 = SPHERICAL_SURFACE('',#4878,22.);
#4878 = AXIS2_PLACEMENT_3D('',#4879,#4880,#4881);
#4879 = CARTESIAN_POINT('',(587.15,-70.,2.9925E+03));
#4880 = DIRECTION('',(0.,0.,1.));
#4881 = DIRECTION('',(1.,0.,-0.));
#4882 = DEFINITIONAL_REPRESENTATION('',(#4883),#4907);
#4883 = B_SPLINE_CURVE_WITH_KNOTS('',8,(#4884,#4885,#4886,#4887,#4888,
    #4889,#4890,#4891,#4892,#4893,#4894,#4895,#4896,#4897,#4898,#4899,
    #4900,#4901,#4902,#4903,#4904,#4905,#4906),.UNSPECIFIED.,.F.,.F.,(9,
    7,7,9),(3.14159265359,3.926990816987,5.105088062083,6.28318530718),
  .UNSPECIFIED.);
#4884 = CARTESIAN_POINT('',(1.570796326795,0.113882364453));
#4885 = CARTESIAN_POINT('',(1.582025287322,0.113882364453));
#4886 = CARTESIAN_POINT('',(1.59325422231,0.112622495865));
#4887 = CARTESIAN_POINT('',(1.604314028606,0.110102674267));
#4888 = CARTESIAN_POINT('',(1.615035217574,0.106349959819));
#4889 = CARTESIAN_POINT('',(1.625255193866,0.101418155089));
#4890 = CARTESIAN_POINT('',(1.634824086305,9.538600459831E-02));
#4891 = CARTESIAN_POINT('',(1.643609130888,8.835399609986E-02));
#4892 = CARTESIAN_POINT('',(1.6633303184,6.856841480552E-02));
#4893 = CARTESIAN_POINT('',(1.673145750121,5.471212642973E-02));
#4894 = CARTESIAN_POINT('',(1.680562899953,3.92681005132E-02));
#4895 = CARTESIAN_POINT('',(1.685302203435,2.272232563448E-02));
#4896 = CARTESIAN_POINT('',(1.687202778095,5.616995139929E-03));
#4897 = CARTESIAN_POINT('',(1.686225673418,-1.1483268779E-02));
#4898 = CARTESIAN_POINT('',(1.682450951678,-2.802532180522E-02));
#4899 = CARTESIAN_POINT('',(1.669701900179,-5.897562147197E-02));
#4900 = CARTESIAN_POINT('',(1.660727523229,-7.338388653935E-02));
#4901 = CARTESIAN_POINT('',(1.649350706291,-8.62166072792E-02));
#4902 = CARTESIAN_POINT('',(1.635885430649,-9.701008611836E-02));
#4903 = CARTESIAN_POINT('',(1.620755493715,-0.105378166369));
#4904 = CARTESIAN_POINT('',(1.604483206356,-0.111047614212));
#4905 = CARTESIAN_POINT('',(1.587639767586,-0.113882364453));
#4906 = CARTESIAN_POINT('',(1.570796326795,-0.113882364453));
#4907 = ( GEOMETRIC_REPRESENTATION_CONTEXT(2) 
PARAMETRIC_REPRESENTATION_CONTEXT() REPRESENTATION_CONTEXT('2D SPACE',''
  ) );
#4908 = ORIENTED_EDGE('',*,*,#4909,.T.);
#4909 = EDGE_CURVE('',#4861,#4910,#4912,.T.);
#4910 = VERTEX_POINT('',#4911);
#4911 = CARTESIAN_POINT('',(587.15,-50.15686516701,2.995E+03));
#4912 = SURFACE_CURVE('',#4913,(#4917,#4923),.PCURVE_S1.);
#4913 = LINE('',#4914,#4915);
#4914 = CARTESIAN_POINT('',(587.15,0.,2.995E+03));
#4915 = VECTOR('',#4916,1.);
#4916 = DIRECTION('',(0.,-1.,0.));
#4917 = PCURVE('',#4584,#4918);
#4918 = DEFINITIONAL_REPRESENTATION('',(#4919),#4922);
#4919 = B_SPLINE_CURVE_WITH_KNOTS('',1,(#4920,#4921),.UNSPECIFIED.,.F.,
  .F.,(2,2),(43.6,70.0000006),.PIECEWISE_BEZIER_KNOTS.);
#4920 = CARTESIAN_POINT('',(3.14159265359,43.6));
#4921 = CARTESIAN_POINT('',(3.14159265359,70.0000006));
#4922 = ( GEOMETRIC_REPRESENTATION_CONTEXT(2) 
PARAMETRIC_REPRESENTATION_CONTEXT() REPRESENTATION_CONTEXT('2D SPACE',''
  ) );
#4923 = PCURVE('',#4924,#4929);
#4924 = PLANE('',#4925);
#4925 = AXIS2_PLACEMENT_3D('',#4926,#4927,#4928);
#4926 = CARTESIAN_POINT('',(587.15,-92.,2.965E+03));
#4927 = DIRECTION('',(1.,0.,-0.));
#4928 = DIRECTION('',(0.,0.,1.));
#4929 = DEFINITIONAL_REPRESENTATION('',(#4930),#4933);
#4930 = B_SPLINE_CURVE_WITH_KNOTS('',1,(#4931,#4932),.UNSPECIFIED.,.F.,
  .F.,(2,2),(43.6,70.0000006),.PIECEWISE_BEZIER_KNOTS.);
#4931 = CARTESIAN_POINT('',(30.,-48.4));
#4932 = CARTESIAN_POINT('',(30.,-21.9999994));
#4933 = ( GEOMETRIC_REPRESENTATION_CONTEXT(2) 
PARAMETRIC_REPRESENTATION_CONTEXT() REPRESENTATION_CONTEXT('2D SPACE',''
  ) );
#4934 = ORIENTED_EDGE('',*,*,#4935,.T.);
#4935 = EDGE_CURVE('',#4910,#4936,#4938,.T.);
#4936 = VERTEX_POINT('',#4937);
#4937 = CARTESIAN_POINT('',(587.15,-50.15686516701,2.99E+03));
#4938 = SURFACE_CURVE('',#4939,(#4944,#4951),.PCURVE_S1.);
#4939 = CIRCLE('',#4940,2.5);
#4940 = AXIS2_PLACEMENT_3D('',#4941,#4942,#4943);
#4941 = CARTESIAN_POINT('',(587.15,-50.15686516701,2.9925E+03));
#4942 = DIRECTION('',(0.,-1.,0.));
#4943 = DIRECTION('',(0.,-0.,-1.));
#4944 = PCURVE('',#4584,#4945);
#4945 = DEFINITIONAL_REPRESENTATION('',(#4946),#4950);
#4946 = LINE('',#4947,#4948);
#4947 = CARTESIAN_POINT('',(0.,50.156865167016));
#4948 = VECTOR('',#4949,1.);
#4949 = DIRECTION('',(1.,0.));
#4950 = ( GEOMETRIC_REPRESENTATION_CONTEXT(2) 
PARAMETRIC_REPRESENTATION_CONTEXT() REPRESENTATION_CONTEXT('2D SPACE',''
  ) );
#4951 = PCURVE('',#4952,#4957);
#4952 = SPHERICAL_SURFACE('',#4953,20.);
#4953 = AXIS2_PLACEMENT_3D('',#4954,#4955,#4956);
#4954 = CARTESIAN_POINT('',(587.15,-70.,2.9925E+03));
#4955 = DIRECTION('',(0.,0.,1.));
#4956 = DIRECTION('',(1.,0.,-0.));
#4957 = DEFINITIONAL_REPRESENTATION('',(#4958),#4982);
#4958 = B_SPLINE_CURVE_WITH_KNOTS('',8,(#4959,#4960,#4961,#4962,#4963,
    #4964,#4965,#4966,#4967,#4968,#4969,#4970,#4971,#4972,#4973,#4974,
    #4975,#4976,#4977,#4978,#4979,#4980,#4981),.UNSPECIFIED.,.F.,.F.,(9,
    7,7,9),(3.14159265359,3.926990816987,5.105088062083,6.28318530718),
  .UNSPECIFIED.);
#4959 = CARTESIAN_POINT('',(1.570796326795,0.125327831168));
#4960 = CARTESIAN_POINT('',(1.58316518525,0.125327831168));
#4961 = CARTESIAN_POINT('',(1.595534012578,0.12394007142));
#4962 = CARTESIAN_POINT('',(1.607715541429,0.121164443334));
#4963 = CARTESIAN_POINT('',(1.619522029081,0.117031018778));
#4964 = CARTESIAN_POINT('',(1.630773718511,0.111599531505));
#4965 = CARTESIAN_POINT('',(1.641305476185,0.10495727908));
#4966 = CARTESIAN_POINT('',(1.650971606557,9.721544530369E-02));
#4967 = CARTESIAN_POINT('',(1.672664698385,7.543643990449E-02));
#4968 = CARTESIAN_POINT('',(1.683455552581,6.018714125816E-02));
#4969 = CARTESIAN_POINT('',(1.691604663831,4.319429710952E-02));
#4970 = CARTESIAN_POINT('',(1.696809070535,2.499313126865E-02));
#4971 = CARTESIAN_POINT('',(1.698895996684,6.178639766046E-03));
#4972 = CARTESIAN_POINT('',(1.697823775652,-1.263051502194E-02));
#4973 = CARTESIAN_POINT('',(1.693677895458,-3.082763857794E-02));
#4974 = CARTESIAN_POINT('',(1.679667641293,-6.487974326149E-02));
#4975 = CARTESIAN_POINT('',(1.669803203687,-8.073474879079E-02));
#4976 = CARTESIAN_POINT('',(1.657293318241,-9.485971157625E-02));
#4977 = CARTESIAN_POINT('',(1.642479194102,-0.106743963083));
#4978 = CARTESIAN_POINT('',(1.62582363727,-0.115960345233));
#4979 = CARTESIAN_POINT('',(1.60790289888,-0.122205312445));
#4980 = CARTESIAN_POINT('',(1.589349614478,-0.125327831168));
#4981 = CARTESIAN_POINT('',(1.570796326795,-0.125327831168));
#4982 = ( GEOMETRIC_REPRESENTATION_CONTEXT(2) 
PARAMETRIC_REPRESENTATION_CONTEXT() REPRESENTATION_CONTEXT('2D SPACE',''
  ) );
#4983 = ORIENTED_EDGE('',*,*,#4984,.T.);
#4984 = EDGE_CURVE('',#4936,#4985,#4987,.T.);
#4985 = VERTEX_POINT('',#4986);
#4986 = CARTESIAN_POINT('',(587.15,-70.,2.99E+03));
#4987 = SEAM_CURVE('',#4988,(#4992,#4999),.PCURVE_S1.);
#4988 = LINE('',#4989,#4990);
#4989 = CARTESIAN_POINT('',(587.15,0.,2.99E+03));
#4990 = VECTOR('',#4991,1.);
#4991 = DIRECTION('',(0.,-1.,0.));
#4992 = PCURVE('',#4584,#4993);
#4993 = DEFINITIONAL_REPRESENTATION('',(#4994),#4998);
#4994 = LINE('',#4995,#4996);
#4995 = CARTESIAN_POINT('',(0.,-0.));
#4996 = VECTOR('',#4997,1.);
#4997 = DIRECTION('',(0.,1.));
#4998 = ( GEOMETRIC_REPRESENTATION_CONTEXT(2) 
PARAMETRIC_REPRESENTATION_CONTEXT() REPRESENTATION_CONTEXT('2D SPACE',''
  ) );
#4999 = PCURVE('',#4584,#5000);
#5000 = DEFINITIONAL_REPRESENTATION('',(#5001),#5005);
#5001 = LINE('',#5002,#5003);
#5002 = CARTESIAN_POINT('',(6.28318530718,-0.));
#5003 = VECTOR('',#5004,1.);
#5004 = DIRECTION('',(0.,1.));
#5005 = ( GEOMETRIC_REPRESENTATION_CONTEXT(2) 
PARAMETRIC_REPRESENTATION_CONTEXT() REPRESENTATION_CONTEXT('2D SPACE',''
  ) );
#5006 = ORIENTED_EDGE('',*,*,#5007,.F.);
#5007 = EDGE_CURVE('',#4985,#4985,#5008,.T.);
#5008 = SURFACE_CURVE('',#5009,(#5014,#5021),.PCURVE_S1.);
#5009 = CIRCLE('',#5010,2.5);
#5010 = AXIS2_PLACEMENT_3D('',#5011,#5012,#5013);
#5011 = CARTESIAN_POINT('',(587.15,-70.,2.9925E+03));
#5012 = DIRECTION('',(0.,-1.,0.));
#5013 = DIRECTION('',(0.,-0.,-1.));
#5014 = PCURVE('',#4584,#5015);
#5015 = DEFINITIONAL_REPRESENTATION('',(#5016),#5020);
#5016 = LINE('',#5017,#5018);
#5017 = CARTESIAN_POINT('',(0.,70.));
#5018 = VECTOR('',#5019,1.);
#5019 = DIRECTION('',(1.,0.));
#5020 = ( GEOMETRIC_REPRESENTATION_CONTEXT(2) 
PARAMETRIC_REPRESENTATION_CONTEXT() REPRESENTATION_CONTEXT('2D SPACE',''
  ) );
#5021 = PCURVE('',#5022,#5027);
#5022 = PLANE('',#5023);
#5023 = AXIS2_PLACEMENT_3D('',#5024,#5025,#5026);
#5024 = CARTESIAN_POINT('',(587.15,-70.,2.9925E+03));
#5025 = DIRECTION('',(0.,-1.,0.));
#5026 = DIRECTION('',(0.,-0.,-1.));
#5027 = DEFINITIONAL_REPRESENTATION('',(#5028),#5032);
#5028 = CIRCLE('',#5029,2.5);
#5029 = AXIS2_PLACEMENT_2D('',#5030,#5031);
#5030 = CARTESIAN_POINT('',(0.,0.));
#5031 = DIRECTION('',(1.,0.));
#5032 = ( GEOMETRIC_REPRESENTATION_CONTEXT(2) 
PARAMETRIC_REPRESENTATION_CONTEXT() REPRESENTATION_CONTEXT('2D SPACE',''
  ) );
#5033 = ORIENTED_EDGE('',*,*,#4984,.F.);
#5034 = ORIENTED_EDGE('',*,*,#5035,.F.);
#5035 = EDGE_CURVE('',#4838,#4936,#5036,.T.);
#5036 = SURFACE_CURVE('',#5037,(#5041,#5048),.PCURVE_S1.);
#5037 = LINE('',#5038,#5039);
#5038 = CARTESIAN_POINT('',(587.15,0.,2.99E+03));
#5039 = VECTOR('',#5040,1.);
#5040 = DIRECTION('',(0.,-1.,0.));
#5041 = PCURVE('',#4584,#5042);
#5042 = DEFINITIONAL_REPRESENTATION('',(#5043),#5047);
#5043 = LINE('',#5044,#5045);
#5044 = CARTESIAN_POINT('',(0.,-0.));
#5045 = VECTOR('',#5046,1.);
#5046 = DIRECTION('',(0.,1.));
#5047 = ( GEOMETRIC_REPRESENTATION_CONTEXT(2) 
PARAMETRIC_REPRESENTATION_CONTEXT() REPRESENTATION_CONTEXT('2D SPACE',''
  ) );
#5048 = PCURVE('',#4924,#5049);
#5049 = DEFINITIONAL_REPRESENTATION('',(#5050),#5054);
#5050 = LINE('',#5051,#5052);
#5051 = CARTESIAN_POINT('',(25.,-92.));
#5052 = VECTOR('',#5053,1.);
#5053 = DIRECTION('',(0.,1.));
#5054 = ( GEOMETRIC_REPRESENTATION_CONTEXT(2) 
PARAMETRIC_REPRESENTATION_CONTEXT() REPRESENTATION_CONTEXT('2D SPACE',''
  ) );
#5055 = ORIENTED_EDGE('',*,*,#4837,.F.);
#5056 = ADVANCED_FACE('',(#5057,#5372),#4697,.T.);
#5057 = FACE_BOUND('',#5058,.T.);
#5058 = EDGE_LOOP('',(#5059,#5171));
#5059 = ORIENTED_EDGE('',*,*,#5060,.T.);
#5060 = EDGE_CURVE('',#5061,#5063,#5065,.T.);
#5061 = VERTEX_POINT('',#5062);
#5062 = CARTESIAN_POINT('',(658.77177826491,32.052558883258,
    2.973676807102E+03));
#5063 = VERTEX_POINT('',#5064);
#5064 = CARTESIAN_POINT('',(658.77177826491,32.052558883258,
    3.011323192898E+03));
#5065 = SURFACE_CURVE('',#5066,(#5071,#5159),.PCURVE_S1.);
#5066 = CIRCLE('',#5067,19.052558883258);
#5067 = AXIS2_PLACEMENT_3D('',#5068,#5069,#5070);
#5068 = CARTESIAN_POINT('',(658.77177826491,35.,2.9925E+03));
#5069 = DIRECTION('',(1.,0.,0.));
#5070 = DIRECTION('',(0.,-0.154700538379,-0.987961407862));
#5071 = PCURVE('',#4697,#5072);
#5072 = DEFINITIONAL_REPRESENTATION('',(#5073),#5158);
#5073 = B_SPLINE_CURVE_WITH_KNOTS('',8,(#5074,#5075,#5076,#5077,#5078,
    #5079,#5080,#5081,#5082,#5083,#5084,#5085,#5086,#5087,#5088,#5089,
    #5090,#5091,#5092,#5093,#5094,#5095,#5096,#5097,#5098,#5099,#5100,
    #5101,#5102,#5103,#5104,#5105,#5106,#5107,#5108,#5109,#5110,#5111,
    #5112,#5113,#5114,#5115,#5116,#5117,#5118,#5119,#5120,#5121,#5122,
    #5123,#5124,#5125,#5126,#5127,#5128,#5129,#5130,#5131,#5132,#5133,
    #5134,#5135,#5136,#5137,#5138,#5139,#5140,#5141,#5142,#5143,#5144,
    #5145,#5146,#5147,#5148,#5149,#5150,#5151,#5152,#5153,#5154,#5155,
    #5156,#5157),.UNSPECIFIED.,.F.,.F.,(9,6,7,7,7,7,7,7,7,7,7,6,9),(0.,
    0.1553243355,0.351673876349,0.535751570895,0.88089724817,
    1.182899715785,1.711404034111,2.107782272856,2.405065951914,
    2.850991470502,3.073954229796,3.29691698909,3.452241324589),
  .UNSPECIFIED.);
#5074 = CARTESIAN_POINT('',(6.021385919381,-1.026708220113));
#5075 = CARTESIAN_POINT('',(6.052384205404,-1.031733332137));
#5076 = CARTESIAN_POINT('',(6.084078671936,-1.036094045974));
#5077 = CARTESIAN_POINT('',(6.116387571352,-1.039765636581));
#5078 = CARTESIAN_POINT('',(6.149211385133,-1.042726385973));
#5079 = CARTESIAN_POINT('',(6.182434333765,-1.044958956824));
#5080 = CARTESIAN_POINT('',(6.2159279338,-1.046451365022));
#5081 = CARTESIAN_POINT('',(6.292067513497,-1.048140830144));
#5082 = CARTESIAN_POINT('',(6.368207121855,-1.046005120669));
#5083 = CARTESIAN_POINT('',(6.410445034078,-1.043620273963));
#5084 = CARTESIAN_POINT('',(6.452136219522,-1.040058286474));
#5085 = CARTESIAN_POINT('',(6.493029271672,-1.035349909385));
#5086 = CARTESIAN_POINT('',(6.532912924979,-1.02953850027));
#5087 = CARTESIAN_POINT('',(6.571624617429,-1.022675897585));
#5088 = CARTESIAN_POINT('',(6.64412838073,-1.007452900953));
#5089 = CARTESIAN_POINT('',(6.678076742169,-0.999212928233));
#5090 = CARTESIAN_POINT('',(6.710793549777,-0.990145716707));
#5091 = CARTESIAN_POINT('',(6.742216182813,-0.980301891204));
#5092 = CARTESIAN_POINT('',(6.772314894879,-0.969733246865));
#5093 = CARTESIAN_POINT('',(6.801086338147,-0.958490732999));
#5094 = CARTESIAN_POINT('',(6.828546011653,-0.946623149335));
#5095 = CARTESIAN_POINT('',(6.903805081535,-0.910839310021));
#5096 = CARTESIAN_POINT('',(6.9483779486,-0.885466543903));
#5097 = CARTESIAN_POINT('',(6.988633296399,-0.858362381937));
#5098 = CARTESIAN_POINT('',(7.024931696609,-0.829796175425));
#5099 = CARTESIAN_POINT('',(7.057664207631,-0.799990710154));
#5100 = CARTESIAN_POINT('',(7.087197120799,-0.769127872278));
#5101 = CARTESIAN_POINT('',(7.113861376342,-0.737359571051));
#5102 = CARTESIAN_POINT('',(7.15902398967,-0.676332268378));
#5103 = CARTESIAN_POINT('',(7.178126447096,-0.647256009663));
#5104 = CARTESIAN_POINT('',(7.195450588878,-0.617667382366));
#5105 = CARTESIAN_POINT('',(7.211168129127,-0.58763609547));
#5106 = CARTESIAN_POINT('',(7.225426627141,-0.557220472951));
#5107 = CARTESIAN_POINT('',(7.238352058451,-0.526470046773));
#5108 = CARTESIAN_POINT('',(7.250052299116,-0.495427489627));
#5109 = CARTESIAN_POINT('',(7.279111028179,-0.409359454511));
#5110 = CARTESIAN_POINT('',(7.29413182877,-0.353808236211));
#5111 = CARTESIAN_POINT('',(7.306173615454,-0.297675796332));
#5112 = CARTESIAN_POINT('',(7.315578595456,-0.241110839229));
#5113 = CARTESIAN_POINT('',(7.322581247415,-0.184234124921));
#5114 = CARTESIAN_POINT('',(7.327333285326,-0.127150415334));
#5115 = CARTESIAN_POINT('',(7.329914925606,-6.995558052192E-02));
#5116 = CARTESIAN_POINT('',(7.33065174394,3.016318241143E-02));
#5117 = CARTESIAN_POINT('',(7.329752175603,7.308014994789E-02));
#5118 = CARTESIAN_POINT('',(7.327641443317,0.115965961825));
#5119 = CARTESIAN_POINT('',(7.324301318903,0.158780608883));
#5120 = CARTESIAN_POINT('',(7.319691604536,0.20148272059));
#5121 = CARTESIAN_POINT('',(7.313748369872,0.244027623586));
#5122 = CARTESIAN_POINT('',(7.306379984067,0.28636489294));
#5123 = CARTESIAN_POINT('',(7.290771661696,0.359988273447));
#5124 = CARTESIAN_POINT('',(7.283210137548,0.391391080986));
#5125 = CARTESIAN_POINT('',(7.274723365134,0.422618860925));
#5126 = CARTESIAN_POINT('',(7.265247650393,0.453643765829));
#5127 = CARTESIAN_POINT('',(7.254706932383,0.484434363962));
#5128 = CARTESIAN_POINT('',(7.243010750391,0.514954544133));
#5129 = CARTESIAN_POINT('',(7.230051856151,0.545162020054));
#5130 = CARTESIAN_POINT('',(7.19418089359,0.619773055401));
#5131 = CARTESIAN_POINT('',(7.169531986852,0.663722794552));
#5132 = CARTESIAN_POINT('',(7.14132903171,0.706685455106));
#5133 = CARTESIAN_POINT('',(7.109046614247,0.748450466244));
#5134 = CARTESIAN_POINT('',(7.072042080409,0.78874821347));
#5135 = CARTESIAN_POINT('',(7.029551255732,0.827235755052));
#5136 = CARTESIAN_POINT('',(6.98068400117,0.863448237));
#5137 = CARTESIAN_POINT('',(6.896824197464,0.913487079044));
#5138 = CARTESIAN_POINT('',(6.867111129076,0.929453387362));
#5139 = CARTESIAN_POINT('',(6.835555194865,0.944634120128));
#5140 = CARTESIAN_POINT('',(6.802088094217,0.958950049968));
#5141 = CARTESIAN_POINT('',(6.766665054009,0.972315210412));
#5142 = CARTESIAN_POINT('',(6.72928292447,0.984638567324));
#5143 = CARTESIAN_POINT('',(6.689999179806,0.995827797827));
#5144 = CARTESIAN_POINT('',(6.607887610679,1.015763864674));
#5145 = CARTESIAN_POINT('',(6.565059762366,1.024510698695));
#5146 = CARTESIAN_POINT('',(6.52058921529,1.031949222106));
#5147 = CARTESIAN_POINT('',(6.474676894813,1.037997531368));
#5148 = CARTESIAN_POINT('',(6.427603909034,1.042584825751));
#5149 = CARTESIAN_POINT('',(6.379731013228,1.045659971234));
#5150 = CARTESIAN_POINT('',(6.297829429353,1.048268681865));
#5151 = CARTESIAN_POINT('',(6.2159279338,1.046451365022));
#5152 = CARTESIAN_POINT('',(6.182434333765,1.044958956824));
#5153 = CARTESIAN_POINT('',(6.149211385133,1.042726385973));
#5154 = CARTESIAN_POINT('',(6.116387571352,1.039765636581));
#5155 = CARTESIAN_POINT('',(6.084078671936,1.036094045974));
#5156 = CARTESIAN_POINT('',(6.052384205404,1.031733332137));
#5157 = CARTESIAN_POINT('',(6.021385919381,1.026708220113));
#5158 = ( GEOMETRIC_REPRESENTATION_CONTEXT(2) 
PARAMETRIC_REPRESENTATION_CONTEXT() REPRESENTATION_CONTEXT('2D SPACE',''
  ) );
#5159 = PCURVE('',#5160,#5165);
#5160 = PLANE('',#5161);
#5161 = AXIS2_PLACEMENT_3D('',#5162,#5163,#5164);
#5162 = CARTESIAN_POINT('',(658.77177826491,32.052558883258,2.965E+03));
#5163 = DIRECTION('',(1.,0.,-0.));
#5164 = DIRECTION('',(0.,0.,1.));
#5165 = DEFINITIONAL_REPRESENTATION('',(#5166),#5170);
#5166 = CIRCLE('',#5167,19.052558883258);
#5167 = AXIS2_PLACEMENT_2D('',#5168,#5169);
#5168 = CARTESIAN_POINT('',(27.5,-2.947441116742));
#5169 = DIRECTION('',(-0.987961407862,0.154700538379));
#5170 = ( GEOMETRIC_REPRESENTATION_CONTEXT(2) 
PARAMETRIC_REPRESENTATION_CONTEXT() REPRESENTATION_CONTEXT('2D SPACE',''
  ) );
#5171 = ORIENTED_EDGE('',*,*,#5172,.F.);
#5172 = EDGE_CURVE('',#5061,#5063,#5173,.T.);
#5173 = SURFACE_CURVE('',#5174,(#5179,#5360),.PCURVE_S1.);
#5174 = CIRCLE('',#5175,21.801664864485);
#5175 = AXIS2_PLACEMENT_3D('',#5176,#5177,#5178);
#5176 = CARTESIAN_POINT('',(647.77177826491,32.052558883258,2.9925E+03)
  );
#5177 = DIRECTION('',(-0.,1.,0.));
#5178 = DIRECTION('',(0.,0.,1.));
#5179 = PCURVE('',#4697,#5180);
#5180 = DEFINITIONAL_REPRESENTATION('',(#5181),#5359);
#5181 = B_SPLINE_CURVE_WITH_KNOTS('',8,(#5182,#5183,#5184,#5185,#5186,
    #5187,#5188,#5189,#5190,#5191,#5192,#5193,#5194,#5195,#5196,#5197,
    #5198,#5199,#5200,#5201,#5202,#5203,#5204,#5205,#5206,#5207,#5208,
    #5209,#5210,#5211,#5212,#5213,#5214,#5215,#5216,#5217,#5218,#5219,
    #5220,#5221,#5222,#5223,#5224,#5225,#5226,#5227,#5228,#5229,#5230,
    #5231,#5232,#5233,#5234,#5235,#5236,#5237,#5238,#5239,#5240,#5241,
    #5242,#5243,#5244,#5245,#5246,#5247,#5248,#5249,#5250,#5251,#5252,
    #5253,#5254,#5255,#5256,#5257,#5258,#5259,#5260,#5261,#5262,#5263,
    #5264,#5265,#5266,#5267,#5268,#5269,#5270,#5271,#5272,#5273,#5274,
    #5275,#5276,#5277,#5278,#5279,#5280,#5281,#5282,#5283,#5284,#5285,
    #5286,#5287,#5288,#5289,#5290,#5291,#5292,#5293,#5294,#5295,#5296,
    #5297,#5298,#5299,#5300,#5301,#5302,#5303,#5304,#5305,#5306,#5307,
    #5308,#5309,#5310,#5311,#5312,#5313,#5314,#5315,#5316,#5317,#5318,
    #5319,#5320,#5321,#5322,#5323,#5324,#5325,#5326,#5327,#5328,#5329,
    #5330,#5331,#5332,#5333,#5334,#5335,#5336,#5337,#5338,#5339,#5340,
    #5341,#5342,#5343,#5344,#5345,#5346,#5347,#5348,#5349,#5350,#5351,
    #5352,#5353,#5354,#5355,#5356,#5357,#5358),.UNSPECIFIED.,.F.,.F.,(9,
    7,7,7,7,7,7,7,7,7,7,7,7,7,7,7,7,7,7,7,7,7,7,7,7,9),(2.612733567717,
    2.875190494301,2.998217178637,3.057808228862,3.116468168927,
    3.174211547429,3.231052685642,3.28700568107,3.39716314082,
    3.610593219084,3.810683917457,4.185853976907,4.842401580943,
    5.33481228397,5.704120311241,5.842610821467,5.963790017915,
    6.069821814807,6.162599637088,6.243780231584,6.279296741675,
    6.345890198097,6.404159472467,6.506130702613,6.659087547833,
    6.812044393052),.UNSPECIFIED.);
#5182 = CARTESIAN_POINT('',(6.02138591938,-1.026708220113));
#5183 = CARTESIAN_POINT('',(6.007351040527,-1.058397460572));
#5184 = CARTESIAN_POINT('',(5.991328287038,-1.089950467236));
#5185 = CARTESIAN_POINT('',(5.972868780424,-1.121335552827));
#5186 = CARTESIAN_POINT('',(5.951359613839,-1.152507648191));
#5187 = CARTESIAN_POINT('',(5.925952256155,-1.183408210623));
#5188 = CARTESIAN_POINT('',(5.895356345415,-1.213937601807));
#5189 = CARTESIAN_POINT('',(5.857625403786,-1.243958235647));
#5190 = CARTESIAN_POINT('',(5.785870992661,-1.286822113841));
#5191 = CARTESIAN_POINT('',(5.760526680914,-1.300318219695));
#5192 = CARTESIAN_POINT('',(5.732327091995,-1.313596609929));
#5193 = CARTESIAN_POINT('',(5.700765802874,-1.326614292665));
#5194 = CARTESIAN_POINT('',(5.665198257673,-1.33931476253));
#5195 = CARTESIAN_POINT('',(5.624832379513,-1.351623770475));
#5196 = CARTESIAN_POINT('',(5.578619277794,-1.363436771667));
#5197 = CARTESIAN_POINT('',(5.499679955964,-1.380018161943));
#5198 = CARTESIAN_POINT('',(5.472286260656,-1.38527822865));
#5199 = CARTESIAN_POINT('',(5.443130603977,-1.390370912967));
#5200 = CARTESIAN_POINT('',(5.412082588955,-1.395277385541));
#5201 = CARTESIAN_POINT('',(5.379012556031,-1.399976137635));
#5202 = CARTESIAN_POINT('',(5.343802743363,-1.404442870226));
#5203 = CARTESIAN_POINT('',(5.306365886222,-1.408650801836));
#5204 = CARTESIAN_POINT('',(5.227596853368,-1.416430729155));
#5205 = CARTESIAN_POINT('',(5.186334688857,-1.420011649163));
#5206 = CARTESIAN_POINT('',(5.142855450008,-1.423286963774));
#5207 = CARTESIAN_POINT('',(5.09718286437,-1.426228084719));
#5208 = CARTESIAN_POINT('',(5.049415926424,-1.4288057107));
#5209 = CARTESIAN_POINT('',(4.999757694931,-1.430992015831));
#5210 = CARTESIAN_POINT('',(4.948525194693,-1.432763420661));
#5211 = CARTESIAN_POINT('',(4.844523629726,-1.435421695616));
#5212 = CARTESIAN_POINT('',(4.791791118199,-1.436321944235));
#5213 = CARTESIAN_POINT('',(4.738295799197,-1.436787665104));
#5214 = CARTESIAN_POINT('',(4.684491512465,-1.436808765758));
#5215 = CARTESIAN_POINT('',(4.630880150949,-1.436383624618));
#5216 = CARTESIAN_POINT('',(4.577947609133,-1.435519499697));
#5217 = CARTESIAN_POINT('',(4.526105177453,-1.434231231501));
#5218 = CARTESIAN_POINT('',(4.426039681044,-1.43087238492));
#5219 = CARTESIAN_POINT('',(4.377772667867,-1.428814353216));
#5220 = CARTESIAN_POINT('',(4.331187690326,-1.426383358512));
#5221 = CARTESIAN_POINT('',(4.286513042696,-1.423603111605));
#5222 = CARTESIAN_POINT('',(4.243879058029,-1.420499854952));
#5223 = CARTESIAN_POINT('',(4.203333455241,-1.417100233806));
#5224 = CARTESIAN_POINT('',(4.164867618401,-1.413429790529));
#5225 = CARTESIAN_POINT('',(4.092568460326,-1.405656465241));
#5226 = CARTESIAN_POINT('',(4.058672188099,-1.401561226489));
#5227 = CARTESIAN_POINT('',(4.026698681795,-1.397249717535));
#5228 = CARTESIAN_POINT('',(3.996565629351,-1.392743234883));
#5229 = CARTESIAN_POINT('',(3.968171596829,-1.388061077645));
#5230 = CARTESIAN_POINT('',(3.941408334311,-1.383220410593));
#5231 = CARTESIAN_POINT('',(3.916168096023,-1.378236374603));
#5232 = CARTESIAN_POINT('',(3.845446173362,-1.363054394597));
#5233 = CARTESIAN_POINT('',(3.804043139893,-1.352482851013));
#5234 = CARTESIAN_POINT('',(3.76733758352,-1.341510425816));
#5235 = CARTESIAN_POINT('',(3.734583071226,-1.330213354433));
#5236 = CARTESIAN_POINT('',(3.705186204415,-1.318648078808));
#5237 = CARTESIAN_POINT('',(3.678657006388,-1.306858443444));
#5238 = CARTESIAN_POINT('',(3.654598555315,-1.294878712745));
#5239 = CARTESIAN_POINT('',(3.590221552064,-1.259210499817));
#5240 = CARTESIAN_POINT('',(3.555804460456,-1.235074127408));
#5241 = CARTESIAN_POINT('',(3.527048028061,-1.210526703845));
#5242 = CARTESIAN_POINT('',(3.502564890874,-1.18567119914));
#5243 = CARTESIAN_POINT('',(3.481422250879,-1.160579225121));
#5244 = CARTESIAN_POINT('',(3.462956890603,-1.135298530043));
#5245 = CARTESIAN_POINT('',(3.446681930187,-1.109864921576));
#5246 = CARTESIAN_POINT('',(3.4186754913,-1.06034258871));
#5247 = CARTESIAN_POINT('',(3.406723617341,-1.036269169976));
#5248 = CARTESIAN_POINT('',(3.396066610592,-1.012106725163));
#5249 = CARTESIAN_POINT('',(3.386489697262,-0.987870528273));
#5250 = CARTESIAN_POINT('',(3.37783009987,-0.963572097784));
#5251 = CARTESIAN_POINT('',(3.369959305209,-0.93922051412));
#5252 = CARTESIAN_POINT('',(3.362775257843,-0.914822962321));
#5253 = CARTESIAN_POINT('',(3.343854559395,-0.844564831651));
#5254 = CARTESIAN_POINT('',(3.333634723396,-0.79860347437));
#5255 = CARTESIAN_POINT('',(3.324983527524,-0.752540115872));
#5256 = CARTESIAN_POINT('',(3.317581380985,-0.706397281936));
#5257 = CARTESIAN_POINT('',(3.311197323552,-0.660191487723));
#5258 = CARTESIAN_POINT('',(3.305668678501,-0.613934564096));
#5259 = CARTESIAN_POINT('',(3.300871015217,-0.567635827166));
#5260 = CARTESIAN_POINT('',(3.289428490399,-0.440219547792));
#5261 = CARTESIAN_POINT('',(3.284096787914,-0.359030950722));
#5262 = CARTESIAN_POINT('',(3.28020939317,-0.277776317012));
#5263 = CARTESIAN_POINT('',(3.277531069431,-0.196477740191));
#5264 = CARTESIAN_POINT('',(3.275913209998,-0.115152999931));
#5265 = CARTESIAN_POINT('',(3.275293492252,-3.381646638613E-02));
#5266 = CARTESIAN_POINT('',(3.275664858685,4.751783891653E-02));
#5267 = CARTESIAN_POINT('',(3.278178443267,0.189821030035));
#5268 = CARTESIAN_POINT('',(3.279854727854,0.250797873818));
#5269 = CARTESIAN_POINT('',(3.28216096576,0.311757738033));
#5270 = CARTESIAN_POINT('',(3.285153685139,0.372693177263));
#5271 = CARTESIAN_POINT('',(3.288917505024,0.433595507254));
#5272 = CARTESIAN_POINT('',(3.293581056871,0.494453528138));
#5273 = CARTESIAN_POINT('',(3.299328908638,0.555252605077));
#5274 = CARTESIAN_POINT('',(3.311843878277,0.661506488451));
#5275 = CARTESIAN_POINT('',(3.317997004199,0.706997415032));
#5276 = CARTESIAN_POINT('',(3.325073955222,0.752431956323));
#5277 = CARTESIAN_POINT('',(3.333254370771,0.797797114517));
#5278 = CARTESIAN_POINT('',(3.342773183507,0.843076213835));
#5279 = CARTESIAN_POINT('',(3.353977391565,0.888244702501));
#5280 = CARTESIAN_POINT('',(3.367349195682,0.933268867696));
#5281 = CARTESIAN_POINT('',(3.389953068161,0.994891090134));
#5282 = CARTESIAN_POINT('',(3.39654915635,1.011667896395));
#5283 = CARTESIAN_POINT('',(3.403623958844,1.028412101595));
#5284 = CARTESIAN_POINT('',(3.411233577376,1.045119721609));
#5285 = CARTESIAN_POINT('',(3.419444297298,1.061786040272));
#5286 = CARTESIAN_POINT('',(3.428335997439,1.07840535189));
#5287 = CARTESIAN_POINT('',(3.438007569303,1.094970540839));
#5288 = CARTESIAN_POINT('',(3.457839024918,1.125911710961));
#5289 = CARTESIAN_POINT('',(3.467786779323,1.140302509892));
#5290 = CARTESIAN_POINT('',(3.478511735666,1.154638776239));
#5291 = CARTESIAN_POINT('',(3.490113778321,1.168913207636));
#5292 = CARTESIAN_POINT('',(3.502713307149,1.183116912691));
#5293 = CARTESIAN_POINT('',(3.51645724931,1.197238944907));
#5294 = CARTESIAN_POINT('',(3.531529047983,1.211265443854));
#5295 = CARTESIAN_POINT('',(3.562722116255,1.237351583114));
#5296 = CARTESIAN_POINT('',(3.578476728067,1.249437916805));
#5297 = CARTESIAN_POINT('',(3.595587609056,1.261424746074));
#5298 = CARTESIAN_POINT('',(3.614244903406,1.273297133813));
#5299 = CARTESIAN_POINT('',(3.634677903672,1.285036611746));
#5300 = CARTESIAN_POINT('',(3.657168459703,1.296620010563));
#5301 = CARTESIAN_POINT('',(3.682067835126,1.308017416619));
#5302 = CARTESIAN_POINT('',(3.734092788181,1.328963481311));
#5303 = CARTESIAN_POINT('',(3.760551013929,1.338565149484));
#5304 = CARTESIAN_POINT('',(3.78948277306,1.347966727611));
#5305 = CARTESIAN_POINT('',(3.821232124832,1.357135309279));
#5306 = CARTESIAN_POINT('',(3.856201994127,1.366030003259));
#5307 = CARTESIAN_POINT('',(3.894855869737,1.374599881451));
#5308 = CARTESIAN_POINT('',(3.937714466522,1.382779640926));
#5309 = CARTESIAN_POINT('',(4.02683205061,1.397234270854));
#5310 = CARTESIAN_POINT('',(4.071996332248,1.403619440338));
#5311 = CARTESIAN_POINT('',(4.1210488251,1.409590397955));
#5312 = CARTESIAN_POINT('',(4.174270422398,1.415084183189));
#5313 = CARTESIAN_POINT('',(4.231850095497,1.42002923252));
#5314 = CARTESIAN_POINT('',(4.29379597986,1.424345162417));
#5315 = CARTESIAN_POINT('',(4.359712553606,1.427953771292));
#5316 = CARTESIAN_POINT('',(4.459088865837,1.432034682495));
#5317 = CARTESIAN_POINT('',(4.489949141323,1.433129368606));
#5318 = CARTESIAN_POINT('',(4.521361464016,1.434071503043));
#5319 = CARTESIAN_POINT('',(4.55324916917,1.434856416721));
#5320 = CARTESIAN_POINT('',(4.585522938299,1.435480236033));
#5321 = CARTESIAN_POINT('',(4.618082998797,1.43594006628));
#5322 = CARTESIAN_POINT('',(4.650822775868,1.4362341153));
#5323 = CARTESIAN_POINT('',(4.745155035917,1.436601086025));
#5324 = CARTESIAN_POINT('',(4.806927171604,1.436255383223));
#5325 = CARTESIAN_POINT('',(4.868236132053,1.435320503228));
#5326 = CARTESIAN_POINT('',(4.928343020711,1.433806401338));
#5327 = CARTESIAN_POINT('',(4.986587961866,1.431738343574));
#5328 = CARTESIAN_POINT('',(5.042514163266,1.429152208613));
#5329 = CARTESIAN_POINT('',(5.095838993651,1.426088206046));
#5330 = CARTESIAN_POINT('',(5.19068359155,1.419524578312));
#5331 = CARTESIAN_POINT('',(5.232845813348,1.416127280181));
#5332 = CARTESIAN_POINT('',(5.27281546096,1.41242333965));
#5333 = CARTESIAN_POINT('',(5.31058270658,1.408440976826));
#5334 = CARTESIAN_POINT('',(5.346199764337,1.404207057778));
#5335 = CARTESIAN_POINT('',(5.379756219645,1.399746221214));
#5336 = CARTESIAN_POINT('',(5.411358978089,1.395080679627));
#5337 = CARTESIAN_POINT('',(5.493212816116,1.381742130272));
#5338 = CARTESIAN_POINT('',(5.539673475715,1.372687886396));
#5339 = CARTESIAN_POINT('',(5.581126305544,1.363174040423));
#5340 = CARTESIAN_POINT('',(5.618268499962,1.353284858439));
#5341 = CARTESIAN_POINT('',(5.651697420213,1.343083949013));
#5342 = CARTESIAN_POINT('',(5.681922117228,1.332621480534));
#5343 = CARTESIAN_POINT('',(5.709367355149,1.321936989776));
#5344 = CARTESIAN_POINT('',(5.771922624153,1.294750398662));
#5345 = CARTESIAN_POINT('',(5.804003676676,1.278010611752));
#5346 = CARTESIAN_POINT('',(5.831835313998,1.26095051144));
#5347 = CARTESIAN_POINT('',(5.856268637599,1.243638358805));
#5348 = CARTESIAN_POINT('',(5.877916352383,1.226122864364));
#5349 = CARTESIAN_POINT('',(5.897248011633,1.208439874492));
#5350 = CARTESIAN_POINT('',(5.914625094205,1.190616826376));
#5351 = CARTESIAN_POINT('',(5.946044723304,1.154733475417));
#5352 = CARTESIAN_POINT('',(5.960087254212,1.136673174709));
#5353 = CARTESIAN_POINT('',(5.972749458648,1.118515673099));
#5354 = CARTESIAN_POINT('',(5.984243249215,1.100276462029));
#5355 = CARTESIAN_POINT('',(5.994733376191,1.081967466563));
#5356 = CARTESIAN_POINT('',(6.0043520567,1.063598205268));
#5357 = CARTESIAN_POINT('',(6.013206555168,1.045176341001));
#5358 = CARTESIAN_POINT('',(6.02138591938,1.026708220113));
#5359 = ( GEOMETRIC_REPRESENTATION_CONTEXT(2) 
PARAMETRIC_REPRESENTATION_CONTEXT() REPRESENTATION_CONTEXT('2D SPACE',''
  ) );
#5360 = PCURVE('',#5361,#5366);
#5361 = PLANE('',#5362);
#5362 = AXIS2_PLACEMENT_3D('',#5363,#5364,#5365);
#5363 = CARTESIAN_POINT('',(614.77177826491,32.052558883258,2.965E+03));
#5364 = DIRECTION('',(-0.,1.,0.));
#5365 = DIRECTION('',(0.,0.,1.));
#5366 = DEFINITIONAL_REPRESENTATION('',(#5367),#5371);
#5367 = CIRCLE('',#5368,21.801664864485);
#5368 = AXIS2_PLACEMENT_2D('',#5369,#5370);
#5369 = CARTESIAN_POINT('',(27.5,33.));
#5370 = DIRECTION('',(1.,0.));
#5371 = ( GEOMETRIC_REPRESENTATION_CONTEXT(2) 
PARAMETRIC_REPRESENTATION_CONTEXT() REPRESENTATION_CONTEXT('2D SPACE',''
  ) );
#5372 = FACE_BOUND('',#5373,.T.);
#5373 = EDGE_LOOP('',(#5374));
#5374 = ORIENTED_EDGE('',*,*,#4682,.T.);
#5375 = ADVANCED_FACE('',(#5376,#5691),#4786,.T.);
#5376 = FACE_BOUND('',#5377,.T.);
#5377 = EDGE_LOOP('',(#5378,#5583));
#5378 = ORIENTED_EDGE('',*,*,#5379,.T.);
#5379 = EDGE_CURVE('',#5380,#5382,#5384,.T.);
#5380 = VERTEX_POINT('',#5381);
#5381 = CARTESIAN_POINT('',(537.52822173508,37.947441116742,
    2.973676807102E+03));
#5382 = VERTEX_POINT('',#5383);
#5383 = CARTESIAN_POINT('',(537.52822173508,37.947441116742,
    3.011323192898E+03));
#5384 = SURFACE_CURVE('',#5385,(#5390,#5571),.PCURVE_S1.);
#5385 = CIRCLE('',#5386,21.801664864485);
#5386 = AXIS2_PLACEMENT_3D('',#5387,#5388,#5389);
#5387 = CARTESIAN_POINT('',(526.52822173508,37.947441116742,2.9925E+03)
  );
#5388 = DIRECTION('',(-0.,1.,0.));
#5389 = DIRECTION('',(0.,0.,1.));
#5390 = PCURVE('',#4786,#5391);
#5391 = DEFINITIONAL_REPRESENTATION('',(#5392),#5570);
#5392 = B_SPLINE_CURVE_WITH_KNOTS('',8,(#5393,#5394,#5395,#5396,#5397,
    #5398,#5399,#5400,#5401,#5402,#5403,#5404,#5405,#5406,#5407,#5408,
    #5409,#5410,#5411,#5412,#5413,#5414,#5415,#5416,#5417,#5418,#5419,
    #5420,#5421,#5422,#5423,#5424,#5425,#5426,#5427,#5428,#5429,#5430,
    #5431,#5432,#5433,#5434,#5435,#5436,#5437,#5438,#5439,#5440,#5441,
    #5442,#5443,#5444,#5445,#5446,#5447,#5448,#5449,#5450,#5451,#5452,
    #5453,#5454,#5455,#5456,#5457,#5458,#5459,#5460,#5461,#5462,#5463,
    #5464,#5465,#5466,#5467,#5468,#5469,#5470,#5471,#5472,#5473,#5474,
    #5475,#5476,#5477,#5478,#5479,#5480,#5481,#5482,#5483,#5484,#5485,
    #5486,#5487,#5488,#5489,#5490,#5491,#5492,#5493,#5494,#5495,#5496,
    #5497,#5498,#5499,#5500,#5501,#5502,#5503,#5504,#5505,#5506,#5507,
    #5508,#5509,#5510,#5511,#5512,#5513,#5514,#5515,#5516,#5517,#5518,
    #5519,#5520,#5521,#5522,#5523,#5524,#5525,#5526,#5527,#5528,#5529,
    #5530,#5531,#5532,#5533,#5534,#5535,#5536,#5537,#5538,#5539,#5540,
    #5541,#5542,#5543,#5544,#5545,#5546,#5547,#5548,#5549,#5550,#5551,
    #5552,#5553,#5554,#5555,#5556,#5557,#5558,#5559,#5560,#5561,#5562,
    #5563,#5564,#5565,#5566,#5567,#5568,#5569),.UNSPECIFIED.,.F.,.F.,(9,
    7,7,7,7,7,7,7,7,7,7,7,7,7,7,7,7,7,7,7,7,7,7,7,7,9),(2.61273356772,
    2.875190494303,2.998217178639,3.057808228864,3.116468168929,
    3.174211547431,3.231052685644,3.287005681072,3.397163140821,
    3.610593219086,3.810683917458,4.185853976907,4.842401580943,
    5.33481228397,5.70412031124,5.842610821466,5.963790017914,
    6.069821814806,6.162599637087,6.243780231582,6.279296741674,
    6.345890198096,6.404159472465,6.506130702611,6.659087547831,
    6.81204439305),.UNSPECIFIED.);
#5393 = CARTESIAN_POINT('',(6.54498469498,-1.026708220115));
#5394 = CARTESIAN_POINT('',(6.559019573833,-1.058397460575));
#5395 = CARTESIAN_POINT('',(6.575042327319,-1.089950467239));
#5396 = CARTESIAN_POINT('',(6.593501833921,-1.121335552822));
#5397 = CARTESIAN_POINT('',(6.615011000536,-1.152507648204));
#5398 = CARTESIAN_POINT('',(6.640418358191,-1.18340821062));
#5399 = CARTESIAN_POINT('',(6.671014268948,-1.213937601809));
#5400 = CARTESIAN_POINT('',(6.708745210576,-1.243958235649));
#5401 = CARTESIAN_POINT('',(6.780499621701,-1.286822113843));
#5402 = CARTESIAN_POINT('',(6.805843933445,-1.300318219698));
#5403 = CARTESIAN_POINT('',(6.834043522388,-1.31359660993));
#5404 = CARTESIAN_POINT('',(6.865604811456,-1.326614292671));
#5405 = CARTESIAN_POINT('',(6.901172356719,-1.339314762527));
#5406 = CARTESIAN_POINT('',(6.941538234844,-1.351623770478));
#5407 = CARTESIAN_POINT('',(6.987751336571,-1.363436771668));
#5408 = CARTESIAN_POINT('',(7.066690658402,-1.380018161944));
#5409 = CARTESIAN_POINT('',(7.09408435371,-1.385278228651));
#5410 = CARTESIAN_POINT('',(7.12324001039,-1.390370912969));
#5411 = CARTESIAN_POINT('',(7.154288025412,-1.395277385542));
#5412 = CARTESIAN_POINT('',(7.187358058336,-1.399976137637));
#5413 = CARTESIAN_POINT('',(7.222567871005,-1.404442870227));
#5414 = CARTESIAN_POINT('',(7.260004728146,-1.408650801837));
#5415 = CARTESIAN_POINT('',(7.338773761001,-1.416430729156));
#5416 = CARTESIAN_POINT('',(7.380035925513,-1.420011649164));
#5417 = CARTESIAN_POINT('',(7.423515164363,-1.423286963775));
#5418 = CARTESIAN_POINT('',(7.469187750002,-1.426228084719));
#5419 = CARTESIAN_POINT('',(7.516954687948,-1.4288057107));
#5420 = CARTESIAN_POINT('',(7.56661291944,-1.430992015832));
#5421 = CARTESIAN_POINT('',(7.617845419679,-1.432763420661));
#5422 = CARTESIAN_POINT('',(7.721846984646,-1.435421695617));
#5423 = CARTESIAN_POINT('',(7.774579496173,-1.436321944235));
#5424 = CARTESIAN_POINT('',(7.828074815177,-1.436787665103));
#5425 = CARTESIAN_POINT('',(7.881879101908,-1.436808765758));
#5426 = CARTESIAN_POINT('',(7.935490463421,-1.436383624618));
#5427 = CARTESIAN_POINT('',(7.988423005239,-1.435519499696));
#5428 = CARTESIAN_POINT('',(8.040265436918,-1.4342312315));
#5429 = CARTESIAN_POINT('',(8.140330933326,-1.430872384919));
#5430 = CARTESIAN_POINT('',(8.188597946502,-1.428814353216));
#5431 = CARTESIAN_POINT('',(8.235182924045,-1.426383358512));
#5432 = CARTESIAN_POINT('',(8.279857571673,-1.423603111604));
#5433 = CARTESIAN_POINT('',(8.322491556339,-1.420499854951));
#5434 = CARTESIAN_POINT('',(8.363037159127,-1.417100233805));
#5435 = CARTESIAN_POINT('',(8.401502995967,-1.413429790528));
#5436 = CARTESIAN_POINT('',(8.473802154041,-1.40565646524));
#5437 = CARTESIAN_POINT('',(8.507698426267,-1.401561226488));
#5438 = CARTESIAN_POINT('',(8.539671932571,-1.397249717534));
#5439 = CARTESIAN_POINT('',(8.569804985015,-1.392743234882));
#5440 = CARTESIAN_POINT('',(8.598199017536,-1.388061077644));
#5441 = CARTESIAN_POINT('',(8.624962280054,-1.383220410592));
#5442 = CARTESIAN_POINT('',(8.650202518341,-1.378236374602));
#5443 = CARTESIAN_POINT('',(8.720924441002,-1.363054394596));
#5444 = CARTESIAN_POINT('',(8.762327474469,-1.352482851012));
#5445 = CARTESIAN_POINT('',(8.799033030841,-1.341510425812));
#5446 = CARTESIAN_POINT('',(8.831787543138,-1.330213354428));
#5447 = CARTESIAN_POINT('',(8.861184409935,-1.318648078808));
#5448 = CARTESIAN_POINT('',(8.887713607975,-1.306858443442));
#5449 = CARTESIAN_POINT('',(8.911772059047,-1.294878712744));
#5450 = CARTESIAN_POINT('',(8.976149062297,-1.259210499816));
#5451 = CARTESIAN_POINT('',(9.010566153909,-1.235074127407));
#5452 = CARTESIAN_POINT('',(9.039322586277,-1.210526703843));
#5453 = CARTESIAN_POINT('',(9.063805723497,-1.185671199141));
#5454 = CARTESIAN_POINT('',(9.084948363457,-1.160579225121));
#5455 = CARTESIAN_POINT('',(9.10341372376,-1.135298530043));
#5456 = CARTESIAN_POINT('',(9.119688684173,-1.109864921575));
#5457 = CARTESIAN_POINT('',(9.14769512306,-1.060342588709));
#5458 = CARTESIAN_POINT('',(9.159646997019,-1.036269169975));
#5459 = CARTESIAN_POINT('',(9.170304003767,-1.012106725161));
#5460 = CARTESIAN_POINT('',(9.179880917099,-0.987870528271));
#5461 = CARTESIAN_POINT('',(9.188540514491,-0.963572097783));
#5462 = CARTESIAN_POINT('',(9.19641130915,-0.939220514118));
#5463 = CARTESIAN_POINT('',(9.203595356516,-0.91482296232));
#5464 = CARTESIAN_POINT('',(9.222516054965,-0.84456483165));
#5465 = CARTESIAN_POINT('',(9.232735890961,-0.798603474371));
#5466 = CARTESIAN_POINT('',(9.241387086822,-0.752540115868));
#5467 = CARTESIAN_POINT('',(9.248789233366,-0.706397281942));
#5468 = CARTESIAN_POINT('',(9.255173290793,-0.66019148772));
#5469 = CARTESIAN_POINT('',(9.260701935855,-0.613934564096));
#5470 = CARTESIAN_POINT('',(9.265499599143,-0.567635827165));
#5471 = CARTESIAN_POINT('',(9.27694212396,-0.440219547792));
#5472 = CARTESIAN_POINT('',(9.28227382644,-0.359030950722));
#5473 = CARTESIAN_POINT('',(9.286161221194,-0.277776317012));
#5474 = CARTESIAN_POINT('',(9.288839544902,-0.196477740192));
#5475 = CARTESIAN_POINT('',(9.290457404365,-0.11515299993));
#5476 = CARTESIAN_POINT('',(9.291077122104,-3.381646638627E-02));
#5477 = CARTESIAN_POINT('',(9.290705755674,4.751783891649E-02));
#5478 = CARTESIAN_POINT('',(9.288192171092,0.189821030035));
#5479 = CARTESIAN_POINT('',(9.286515886502,0.250797873818));
#5480 = CARTESIAN_POINT('',(9.284209648594,0.311757738034));
#5481 = CARTESIAN_POINT('',(9.281216929199,0.37269317726));
#5482 = CARTESIAN_POINT('',(9.277453109327,0.433595507254));
#5483 = CARTESIAN_POINT('',(9.272789557484,0.494453528137));
#5484 = CARTESIAN_POINT('',(9.267041705722,0.555252605077));
#5485 = CARTESIAN_POINT('',(9.254526736083,0.66150648845));
#5486 = CARTESIAN_POINT('',(9.248373610161,0.706997415032));
#5487 = CARTESIAN_POINT('',(9.241296659132,0.752431956315));
#5488 = CARTESIAN_POINT('',(9.233116243567,0.797797114523));
#5489 = CARTESIAN_POINT('',(9.223597430849,0.84307621383));
#5490 = CARTESIAN_POINT('',(9.212393222793,0.8882447025));
#5491 = CARTESIAN_POINT('',(9.199021418678,0.933268867695));
#5492 = CARTESIAN_POINT('',(9.176417546198,0.994891090133));
#5493 = CARTESIAN_POINT('',(9.16982145801,1.011667896394));
#5494 = CARTESIAN_POINT('',(9.162746655516,1.028412101594));
#5495 = CARTESIAN_POINT('',(9.155137036984,1.045119721608));
#5496 = CARTESIAN_POINT('',(9.146926317061,1.061786040271));
#5497 = CARTESIAN_POINT('',(9.138034616921,1.078405351889));
#5498 = CARTESIAN_POINT('',(9.128363045057,1.094970540838));
#5499 = CARTESIAN_POINT('',(9.108531589442,1.12591171096));
#5500 = CARTESIAN_POINT('',(9.098583835037,1.14030250989));
#5501 = CARTESIAN_POINT('',(9.087858878694,1.154638776238));
#5502 = CARTESIAN_POINT('',(9.076256836039,1.168913207635));
#5503 = CARTESIAN_POINT('',(9.063657307211,1.18311691269));
#5504 = CARTESIAN_POINT('',(9.04991336505,1.197238944906));
#5505 = CARTESIAN_POINT('',(9.034841566378,1.211265443853));
#5506 = CARTESIAN_POINT('',(9.003648498106,1.237351583113));
#5507 = CARTESIAN_POINT('',(8.987893886293,1.249437916804));
#5508 = CARTESIAN_POINT('',(8.970783005308,1.261424746074));
#5509 = CARTESIAN_POINT('',(8.952125710957,1.273297133812));
#5510 = CARTESIAN_POINT('',(8.931692710689,1.285036611744));
#5511 = CARTESIAN_POINT('',(8.909202154659,1.296620010562));
#5512 = CARTESIAN_POINT('',(8.884302779236,1.308017416618));
#5513 = CARTESIAN_POINT('',(8.832277826181,1.32896348131));
#5514 = CARTESIAN_POINT('',(8.805819600436,1.338565149483));
#5515 = CARTESIAN_POINT('',(8.776887841281,1.347966727611));
#5516 = CARTESIAN_POINT('',(8.745138489533,1.357135309279));
#5517 = CARTESIAN_POINT('',(8.710168620222,1.366030003254));
#5518 = CARTESIAN_POINT('',(8.671514744629,1.37459988145));
#5519 = CARTESIAN_POINT('',(8.628656147843,1.382779640925));
#5520 = CARTESIAN_POINT('',(8.539538563756,1.397234270853));
#5521 = CARTESIAN_POINT('',(8.494374282117,1.403619440337));
#5522 = CARTESIAN_POINT('',(8.445321789251,1.409590397947));
#5523 = CARTESIAN_POINT('',(8.392100191967,1.41508418319));
#5524 = CARTESIAN_POINT('',(8.334520518861,1.420029232514));
#5525 = CARTESIAN_POINT('',(8.272574634507,1.424345162418));
#5526 = CARTESIAN_POINT('',(8.206658060764,1.427953771291));
#5527 = CARTESIAN_POINT('',(8.107281748534,1.432034682495));
#5528 = CARTESIAN_POINT('',(8.076421473049,1.433129368605));
#5529 = CARTESIAN_POINT('',(8.045009150356,1.434071503042));
#5530 = CARTESIAN_POINT('',(8.013121445201,1.434856416721));
#5531 = CARTESIAN_POINT('',(7.980847676073,1.435480236033));
#5532 = CARTESIAN_POINT('',(7.948287615575,1.43594006628));
#5533 = CARTESIAN_POINT('',(7.915547838504,1.4362341153));
#5534 = CARTESIAN_POINT('',(7.821215578455,1.436601086025));
#5535 = CARTESIAN_POINT('',(7.759443442762,1.436255383228));
#5536 = CARTESIAN_POINT('',(7.698134482322,1.435320503218));
#5537 = CARTESIAN_POINT('',(7.638027593647,1.433806401353));
#5538 = CARTESIAN_POINT('',(7.579782652493,1.43173834356));
#5539 = CARTESIAN_POINT('',(7.523856451101,1.429152208617));
#5540 = CARTESIAN_POINT('',(7.47053162072,1.426088206046));
#5541 = CARTESIAN_POINT('',(7.375687022819,1.419524578313));
#5542 = CARTESIAN_POINT('',(7.333524801022,1.416127280182));
#5543 = CARTESIAN_POINT('',(7.293555153408,1.412423339651));
#5544 = CARTESIAN_POINT('',(7.255787907789,1.408440976827));
#5545 = CARTESIAN_POINT('',(7.220170850033,1.404207057779));
#5546 = CARTESIAN_POINT('',(7.186614394722,1.399746221215));
#5547 = CARTESIAN_POINT('',(7.155011636278,1.395080679628));
#5548 = CARTESIAN_POINT('',(7.07315779825,1.381742130273));
#5549 = CARTESIAN_POINT('',(7.026697138645,1.372687886397));
#5550 = CARTESIAN_POINT('',(6.985244308824,1.363174040433));
#5551 = CARTESIAN_POINT('',(6.948102114353,1.353284858427));
#5552 = CARTESIAN_POINT('',(6.914673194153,1.343083949027));
#5553 = CARTESIAN_POINT('',(6.884448497132,1.332621480533));
#5554 = CARTESIAN_POINT('',(6.857003259214,1.321936989777));
#5555 = CARTESIAN_POINT('',(6.79444799021,1.294750398664));
#5556 = CARTESIAN_POINT('',(6.762366937684,1.278010611755));
#5557 = CARTESIAN_POINT('',(6.734535300356,1.260950511443));
#5558 = CARTESIAN_POINT('',(6.710101976754,1.243638358811));
#5559 = CARTESIAN_POINT('',(6.688454261959,1.226122864365));
#5560 = CARTESIAN_POINT('',(6.669122602729,1.208439874494));
#5561 = CARTESIAN_POINT('',(6.651745520156,1.190616826378));
#5562 = CARTESIAN_POINT('',(6.620325891057,1.154733475419));
#5563 = CARTESIAN_POINT('',(6.606283360148,1.136673174711));
#5564 = CARTESIAN_POINT('',(6.593621155714,1.118515673101));
#5565 = CARTESIAN_POINT('',(6.582127365147,1.100276462031));
#5566 = CARTESIAN_POINT('',(6.571637238169,1.081967466565));
#5567 = CARTESIAN_POINT('',(6.56201855766,1.06359820527));
#5568 = CARTESIAN_POINT('',(6.553164059192,1.045176341003));
#5569 = CARTESIAN_POINT('',(6.54498469498,1.026708220115));
#5570 = ( GEOMETRIC_REPRESENTATION_CONTEXT(2) 
PARAMETRIC_REPRESENTATION_CONTEXT() REPRESENTATION_CONTEXT('2D SPACE',''
  ) );
#5571 = PCURVE('',#5572,#5577);
#5572 = PLANE('',#5573);
#5573 = AXIS2_PLACEMENT_3D('',#5574,#5575,#5576);
#5574 = CARTESIAN_POINT('',(493.52822173508,37.947441116742,2.965E+03));
#5575 = DIRECTION('',(-0.,1.,0.));
#5576 = DIRECTION('',(0.,0.,1.));
#5577 = DEFINITIONAL_REPRESENTATION('',(#5578),#5582);
#5578 = CIRCLE('',#5579,21.801664864485);
#5579 = AXIS2_PLACEMENT_2D('',#5580,#5581);
#5580 = CARTESIAN_POINT('',(27.5,33.));
#5581 = DIRECTION('',(1.,0.));
#5582 = ( GEOMETRIC_REPRESENTATION_CONTEXT(2) 
PARAMETRIC_REPRESENTATION_CONTEXT() REPRESENTATION_CONTEXT('2D SPACE',''
  ) );
#5583 = ORIENTED_EDGE('',*,*,#5584,.T.);
#5584 = EDGE_CURVE('',#5382,#5380,#5585,.T.);
#5585 = SURFACE_CURVE('',#5586,(#5591,#5679),.PCURVE_S1.);
#5586 = CIRCLE('',#5587,19.052558883258);
#5587 = AXIS2_PLACEMENT_3D('',#5588,#5589,#5590);
#5588 = CARTESIAN_POINT('',(537.52822173508,35.,2.9925E+03));
#5589 = DIRECTION('',(1.,0.,0.));
#5590 = DIRECTION('',(-0.,0.154700538378,0.987961407862));
#5591 = PCURVE('',#4786,#5592);
#5592 = DEFINITIONAL_REPRESENTATION('',(#5593),#5678);
#5593 = B_SPLINE_CURVE_WITH_KNOTS('',8,(#5594,#5595,#5596,#5597,#5598,
    #5599,#5600,#5601,#5602,#5603,#5604,#5605,#5606,#5607,#5608,#5609,
    #5610,#5611,#5612,#5613,#5614,#5615,#5616,#5617,#5618,#5619,#5620,
    #5621,#5622,#5623,#5624,#5625,#5626,#5627,#5628,#5629,#5630,#5631,
    #5632,#5633,#5634,#5635,#5636,#5637,#5638,#5639,#5640,#5641,#5642,
    #5643,#5644,#5645,#5646,#5647,#5648,#5649,#5650,#5651,#5652,#5653,
    #5654,#5655,#5656,#5657,#5658,#5659,#5660,#5661,#5662,#5663,#5664,
    #5665,#5666,#5667,#5668,#5669,#5670,#5671,#5672,#5673,#5674,#5675,
    #5676,#5677),.UNSPECIFIED.,.F.,.F.,(9,6,7,7,7,7,7,7,7,7,7,6,9),(0.,
    0.155324335499,0.351673876348,0.535751570895,0.880897248169,
    1.182899715784,1.71140403411,2.107782272855,2.405065951913,
    2.850991470501,3.073954229795,3.296916989089,3.452241324588),
  .UNSPECIFIED.);
#5594 = CARTESIAN_POINT('',(6.544984694977,1.026708220113));
#5595 = CARTESIAN_POINT('',(6.513986408954,1.031733332137));
#5596 = CARTESIAN_POINT('',(6.482291942422,1.036094045974));
#5597 = CARTESIAN_POINT('',(6.449983043007,1.039765636581));
#5598 = CARTESIAN_POINT('',(6.417159229225,1.042726385973));
#5599 = CARTESIAN_POINT('',(6.383936280593,1.044958956824));
#5600 = CARTESIAN_POINT('',(6.350442680559,1.046451365022));
#5601 = CARTESIAN_POINT('',(6.274303100862,1.048140830144));
#5602 = CARTESIAN_POINT('',(6.198163492504,1.04600512067));
#5603 = CARTESIAN_POINT('',(6.155925580281,1.043620273962));
#5604 = CARTESIAN_POINT('',(6.114234394837,1.040058286474));
#5605 = CARTESIAN_POINT('',(6.073341342687,1.035349909385));
#5606 = CARTESIAN_POINT('',(6.033457689381,1.029538500269));
#5607 = CARTESIAN_POINT('',(5.994745996931,1.022675897585));
#5608 = CARTESIAN_POINT('',(5.922242233629,1.007452900953));
#5609 = CARTESIAN_POINT('',(5.88829387219,0.999212928233));
#5610 = CARTESIAN_POINT('',(5.855577064583,0.990145716707));
#5611 = CARTESIAN_POINT('',(5.824154431546,0.980301891204));
#5612 = CARTESIAN_POINT('',(5.79405571948,0.969733246865));
#5613 = CARTESIAN_POINT('',(5.765284276212,0.958490732999));
#5614 = CARTESIAN_POINT('',(5.737824602706,0.946623149335));
#5615 = CARTESIAN_POINT('',(5.662565532824,0.910839310021));
#5616 = CARTESIAN_POINT('',(5.617992665759,0.885466543903));
#5617 = CARTESIAN_POINT('',(5.57773731796,0.858362381937));
#5618 = CARTESIAN_POINT('',(5.54143891775,0.829796175425));
#5619 = CARTESIAN_POINT('',(5.508706406728,0.799990710154));
#5620 = CARTESIAN_POINT('',(5.479173493561,0.769127872278));
#5621 = CARTESIAN_POINT('',(5.452509238018,0.737359571051));
#5622 = CARTESIAN_POINT('',(5.40734662469,0.676332268378));
#5623 = CARTESIAN_POINT('',(5.388244167263,0.647256009663));
#5624 = CARTESIAN_POINT('',(5.370920025482,0.617667382366));
#5625 = CARTESIAN_POINT('',(5.355202485232,0.58763609547));
#5626 = CARTESIAN_POINT('',(5.340943987218,0.557220472951));
#5627 = CARTESIAN_POINT('',(5.328018555908,0.526470046773));
#5628 = CARTESIAN_POINT('',(5.316318315243,0.495427489627));
#5629 = CARTESIAN_POINT('',(5.287259586181,0.409359454511));
#5630 = CARTESIAN_POINT('',(5.272238785589,0.353808236211));
#5631 = CARTESIAN_POINT('',(5.260196998905,0.297675796331));
#5632 = CARTESIAN_POINT('',(5.250792018904,0.241110839228));
#5633 = CARTESIAN_POINT('',(5.243789366944,0.184234124921));
#5634 = CARTESIAN_POINT('',(5.239037329033,0.127150415334));
#5635 = CARTESIAN_POINT('',(5.236455688754,6.995558052192E-02));
#5636 = CARTESIAN_POINT('',(5.235718870419,-3.016318241143E-02));
#5637 = CARTESIAN_POINT('',(5.236618438757,-7.308014994789E-02));
#5638 = CARTESIAN_POINT('',(5.238729171042,-0.115965961825));
#5639 = CARTESIAN_POINT('',(5.242069295456,-0.158780608883));
#5640 = CARTESIAN_POINT('',(5.246679009823,-0.20148272059));
#5641 = CARTESIAN_POINT('',(5.252622244487,-0.244027623586));
#5642 = CARTESIAN_POINT('',(5.259990630293,-0.28636489294));
#5643 = CARTESIAN_POINT('',(5.275598952663,-0.359988273447));
#5644 = CARTESIAN_POINT('',(5.283160476811,-0.391391080986));
#5645 = CARTESIAN_POINT('',(5.291647249226,-0.422618860925));
#5646 = CARTESIAN_POINT('',(5.301122963966,-0.453643765829));
#5647 = CARTESIAN_POINT('',(5.311663681977,-0.484434363962));
#5648 = CARTESIAN_POINT('',(5.323359863968,-0.514954544133));
#5649 = CARTESIAN_POINT('',(5.336318758208,-0.545162020054));
#5650 = CARTESIAN_POINT('',(5.372189720769,-0.619773055401));
#5651 = CARTESIAN_POINT('',(5.396838627507,-0.663722794552));
#5652 = CARTESIAN_POINT('',(5.425041582655,-0.706685455104));
#5653 = CARTESIAN_POINT('',(5.457324000107,-0.748450466244));
#5654 = CARTESIAN_POINT('',(5.494328533954,-0.788748213468));
#5655 = CARTESIAN_POINT('',(5.536819358626,-0.827235755052));
#5656 = CARTESIAN_POINT('',(5.585686613189,-0.863448237));
#5657 = CARTESIAN_POINT('',(5.669546416896,-0.913487079044));
#5658 = CARTESIAN_POINT('',(5.699259485283,-0.929453387362));
#5659 = CARTESIAN_POINT('',(5.730815419494,-0.944634120128));
#5660 = CARTESIAN_POINT('',(5.764282520142,-0.958950049967));
#5661 = CARTESIAN_POINT('',(5.79970556035,-0.972315210412));
#5662 = CARTESIAN_POINT('',(5.837087689889,-0.984638567324));
#5663 = CARTESIAN_POINT('',(5.876371434553,-0.995827797827));
#5664 = CARTESIAN_POINT('',(5.95848300368,-1.015763864674));
#5665 = CARTESIAN_POINT('',(6.001310851993,-1.024510698695));
#5666 = CARTESIAN_POINT('',(6.04578139907,-1.03194922211));
#5667 = CARTESIAN_POINT('',(6.091693719545,-1.037997531364));
#5668 = CARTESIAN_POINT('',(6.138766705326,-1.042584825755));
#5669 = CARTESIAN_POINT('',(6.186639601131,-1.045659971233));
#5670 = CARTESIAN_POINT('',(6.268541185006,-1.048268681866));
#5671 = CARTESIAN_POINT('',(6.350442680559,-1.046451365022));
#5672 = CARTESIAN_POINT('',(6.383936280593,-1.044958956824));
#5673 = CARTESIAN_POINT('',(6.417159229225,-1.042726385973));
#5674 = CARTESIAN_POINT('',(6.449983043007,-1.039765636581));
#5675 = CARTESIAN_POINT('',(6.482291942422,-1.036094045974));
#5676 = CARTESIAN_POINT('',(6.513986408954,-1.031733332137));
#5677 = CARTESIAN_POINT('',(6.544984694977,-1.026708220113));
#5678 = ( GEOMETRIC_REPRESENTATION_CONTEXT(2) 
PARAMETRIC_REPRESENTATION_CONTEXT() REPRESENTATION_CONTEXT('2D SPACE',''
  ) );
#5679 = PCURVE('',#5680,#5685);
#5680 = PLANE('',#5681);
#5681 = AXIS2_PLACEMENT_3D('',#5682,#5683,#5684);
#5682 = CARTESIAN_POINT('',(537.52822173508,-6.052558883258,2.965E+03));
#5683 = DIRECTION('',(1.,0.,-0.));
#5684 = DIRECTION('',(0.,0.,1.));
#5685 = DEFINITIONAL_REPRESENTATION('',(#5686),#5690);
#5686 = CIRCLE('',#5687,19.052558883258);
#5687 = AXIS2_PLACEMENT_2D('',#5688,#5689);
#5688 = CARTESIAN_POINT('',(27.5,-41.05255888325));
#5689 = DIRECTION('',(0.987961407862,-0.154700538378));
#5690 = ( GEOMETRIC_REPRESENTATION_CONTEXT(2) 
PARAMETRIC_REPRESENTATION_CONTEXT() REPRESENTATION_CONTEXT('2D SPACE',''
  ) );
#5691 = FACE_BOUND('',#5692,.T.);
#5692 = EDGE_LOOP('',(#5693));
#5693 = ORIENTED_EDGE('',*,*,#4771,.T.);
#5694 = ADVANCED_FACE('',(#5695),#4924,.T.);
#5695 = FACE_BOUND('',#5696,.T.);
#5696 = EDGE_LOOP('',(#5697,#5725,#5726,#5750,#5774,#5796,#5797,#5825));
#5697 = ORIENTED_EDGE('',*,*,#5698,.F.);
#5698 = EDGE_CURVE('',#4838,#5699,#5701,.T.);
#5699 = VERTEX_POINT('',#5700);
#5700 = CARTESIAN_POINT('',(587.15,-70.,2.9705E+03));
#5701 = SURFACE_CURVE('',#5702,(#5707,#5718),.PCURVE_S1.);
#5702 = CIRCLE('',#5703,22.);
#5703 = AXIS2_PLACEMENT_3D('',#5704,#5705,#5706);
#5704 = CARTESIAN_POINT('',(587.15,-70.,2.9925E+03));
#5705 = DIRECTION('',(-1.,0.,0.));
#5706 = DIRECTION('',(0.,0.,1.));
#5707 = PCURVE('',#4924,#5708);
#5708 = DEFINITIONAL_REPRESENTATION('',(#5709),#5717);
#5709 = ( BOUNDED_CURVE() B_SPLINE_CURVE(2,(#5710,#5711,#5712,#5713,
#5714,#5715,#5716),.UNSPECIFIED.,.T.,.F.) B_SPLINE_CURVE_WITH_KNOTS((1,2
    ,2,2,2,1),(-2.094395102393,0.,2.094395102393,4.188790204786,
6.28318530718,8.377580409573),.UNSPECIFIED.) CURVE() 
GEOMETRIC_REPRESENTATION_ITEM() RATIONAL_B_SPLINE_CURVE((1.,0.5,1.,0.5,
1.,0.5,1.)) REPRESENTATION_ITEM('') );
#5710 = CARTESIAN_POINT('',(49.5,-22.));
#5711 = CARTESIAN_POINT('',(49.5,-60.10511776651));
#5712 = CARTESIAN_POINT('',(16.5,-41.05255888325));
#5713 = CARTESIAN_POINT('',(-16.5,-22.));
#5714 = CARTESIAN_POINT('',(16.5,-2.947441116742));
#5715 = CARTESIAN_POINT('',(49.5,16.105117766515));
#5716 = CARTESIAN_POINT('',(49.5,-22.));
#5717 = ( GEOMETRIC_REPRESENTATION_CONTEXT(2) 
PARAMETRIC_REPRESENTATION_CONTEXT() REPRESENTATION_CONTEXT('2D SPACE',''
  ) );
#5718 = PCURVE('',#4877,#5719);
#5719 = DEFINITIONAL_REPRESENTATION('',(#5720),#5724);
#5720 = LINE('',#5721,#5722);
#5721 = CARTESIAN_POINT('',(1.570796326795,1.570796326795));
#5722 = VECTOR('',#5723,1.);
#5723 = DIRECTION('',(0.,-1.));
#5724 = ( GEOMETRIC_REPRESENTATION_CONTEXT(2) 
PARAMETRIC_REPRESENTATION_CONTEXT() REPRESENTATION_CONTEXT('2D SPACE',''
  ) );
#5725 = ORIENTED_EDGE('',*,*,#5035,.T.);
#5726 = ORIENTED_EDGE('',*,*,#5727,.F.);
#5727 = EDGE_CURVE('',#5728,#4936,#5730,.T.);
#5728 = VERTEX_POINT('',#5729);
#5729 = CARTESIAN_POINT('',(587.15,-70.,2.9725E+03));
#5730 = SURFACE_CURVE('',#5731,(#5736,#5743),.PCURVE_S1.);
#5731 = CIRCLE('',#5732,20.);
#5732 = AXIS2_PLACEMENT_3D('',#5733,#5734,#5735);
#5733 = CARTESIAN_POINT('',(587.15,-70.,2.9925E+03));
#5734 = DIRECTION('',(1.,0.,-0.));
#5735 = DIRECTION('',(0.,0.,1.));
#5736 = PCURVE('',#4924,#5737);
#5737 = DEFINITIONAL_REPRESENTATION('',(#5738),#5742);
#5738 = CIRCLE('',#5739,20.);
#5739 = AXIS2_PLACEMENT_2D('',#5740,#5741);
#5740 = CARTESIAN_POINT('',(27.5,-22.));
#5741 = DIRECTION('',(1.,0.));
#5742 = ( GEOMETRIC_REPRESENTATION_CONTEXT(2) 
PARAMETRIC_REPRESENTATION_CONTEXT() REPRESENTATION_CONTEXT('2D SPACE',''
  ) );
#5743 = PCURVE('',#4952,#5744);
#5744 = DEFINITIONAL_REPRESENTATION('',(#5745),#5749);
#5745 = LINE('',#5746,#5747);
#5746 = CARTESIAN_POINT('',(1.570796326795,-4.712388980385));
#5747 = VECTOR('',#5748,1.);
#5748 = DIRECTION('',(-0.,1.));
#5749 = ( GEOMETRIC_REPRESENTATION_CONTEXT(2) 
PARAMETRIC_REPRESENTATION_CONTEXT() REPRESENTATION_CONTEXT('2D SPACE',''
  ) );
#5750 = ORIENTED_EDGE('',*,*,#5751,.F.);
#5751 = EDGE_CURVE('',#5752,#5728,#5754,.T.);
#5752 = VERTEX_POINT('',#5753);
#5753 = CARTESIAN_POINT('',(587.15,-70.,3.0125E+03));
#5754 = SURFACE_CURVE('',#5755,(#5760,#5767),.PCURVE_S1.);
#5755 = CIRCLE('',#5756,20.);
#5756 = AXIS2_PLACEMENT_3D('',#5757,#5758,#5759);
#5757 = CARTESIAN_POINT('',(587.15,-70.,2.9925E+03));
#5758 = DIRECTION('',(1.,0.,-0.));
#5759 = DIRECTION('',(0.,0.,1.));
#5760 = PCURVE('',#4924,#5761);
#5761 = DEFINITIONAL_REPRESENTATION('',(#5762),#5766);
#5762 = CIRCLE('',#5763,20.);
#5763 = AXIS2_PLACEMENT_2D('',#5764,#5765);
#5764 = CARTESIAN_POINT('',(27.5,-22.));
#5765 = DIRECTION('',(1.,0.));
#5766 = ( GEOMETRIC_REPRESENTATION_CONTEXT(2) 
PARAMETRIC_REPRESENTATION_CONTEXT() REPRESENTATION_CONTEXT('2D SPACE',''
  ) );
#5767 = PCURVE('',#4952,#5768);
#5768 = DEFINITIONAL_REPRESENTATION('',(#5769),#5773);
#5769 = LINE('',#5770,#5771);
#5770 = CARTESIAN_POINT('',(4.712388980385,1.570796326795));
#5771 = VECTOR('',#5772,1.);
#5772 = DIRECTION('',(0.,-1.));
#5773 = ( GEOMETRIC_REPRESENTATION_CONTEXT(2) 
PARAMETRIC_REPRESENTATION_CONTEXT() REPRESENTATION_CONTEXT('2D SPACE',''
  ) );
#5774 = ORIENTED_EDGE('',*,*,#5775,.F.);
#5775 = EDGE_CURVE('',#4910,#5752,#5776,.T.);
#5776 = SURFACE_CURVE('',#5777,(#5782,#5789),.PCURVE_S1.);
#5777 = CIRCLE('',#5778,20.);
#5778 = AXIS2_PLACEMENT_3D('',#5779,#5780,#5781);
#5779 = CARTESIAN_POINT('',(587.15,-70.,2.9925E+03));
#5780 = DIRECTION('',(1.,0.,-0.));
#5781 = DIRECTION('',(0.,0.,1.));
#5782 = PCURVE('',#4924,#5783);
#5783 = DEFINITIONAL_REPRESENTATION('',(#5784),#5788);
#5784 = CIRCLE('',#5785,20.);
#5785 = AXIS2_PLACEMENT_2D('',#5786,#5787);
#5786 = CARTESIAN_POINT('',(27.5,-22.));
#5787 = DIRECTION('',(1.,0.));
#5788 = ( GEOMETRIC_REPRESENTATION_CONTEXT(2) 
PARAMETRIC_REPRESENTATION_CONTEXT() REPRESENTATION_CONTEXT('2D SPACE',''
  ) );
#5789 = PCURVE('',#4952,#5790);
#5790 = DEFINITIONAL_REPRESENTATION('',(#5791),#5795);
#5791 = LINE('',#5792,#5793);
#5792 = CARTESIAN_POINT('',(1.570796326795,-4.712388980385));
#5793 = VECTOR('',#5794,1.);
#5794 = DIRECTION('',(-0.,1.));
#5795 = ( GEOMETRIC_REPRESENTATION_CONTEXT(2) 
PARAMETRIC_REPRESENTATION_CONTEXT() REPRESENTATION_CONTEXT('2D SPACE',''
  ) );
#5796 = ORIENTED_EDGE('',*,*,#4909,.F.);
#5797 = ORIENTED_EDGE('',*,*,#5798,.F.);
#5798 = EDGE_CURVE('',#5799,#4861,#5801,.T.);
#5799 = VERTEX_POINT('',#5800);
#5800 = CARTESIAN_POINT('',(587.15,-70.,3.0145E+03));
#5801 = SURFACE_CURVE('',#5802,(#5807,#5818),.PCURVE_S1.);
#5802 = CIRCLE('',#5803,22.);
#5803 = AXIS2_PLACEMENT_3D('',#5804,#5805,#5806);
#5804 = CARTESIAN_POINT('',(587.15,-70.,2.9925E+03));
#5805 = DIRECTION('',(-1.,0.,0.));
#5806 = DIRECTION('',(0.,0.,1.));
#5807 = PCURVE('',#4924,#5808);
#5808 = DEFINITIONAL_REPRESENTATION('',(#5809),#5817);
#5809 = ( BOUNDED_CURVE() B_SPLINE_CURVE(2,(#5810,#5811,#5812,#5813,
#5814,#5815,#5816),.UNSPECIFIED.,.T.,.F.) B_SPLINE_CURVE_WITH_KNOTS((1,2
    ,2,2,2,1),(-2.094395102393,0.,2.094395102393,4.188790204786,
6.28318530718,8.377580409573),.UNSPECIFIED.) CURVE() 
GEOMETRIC_REPRESENTATION_ITEM() RATIONAL_B_SPLINE_CURVE((1.,0.5,1.,0.5,
1.,0.5,1.)) REPRESENTATION_ITEM('') );
#5810 = CARTESIAN_POINT('',(49.5,-22.));
#5811 = CARTESIAN_POINT('',(49.5,-60.10511776651));
#5812 = CARTESIAN_POINT('',(16.5,-41.05255888325));
#5813 = CARTESIAN_POINT('',(-16.5,-22.));
#5814 = CARTESIAN_POINT('',(16.5,-2.947441116742));
#5815 = CARTESIAN_POINT('',(49.5,16.105117766515));
#5816 = CARTESIAN_POINT('',(49.5,-22.));
#5817 = ( GEOMETRIC_REPRESENTATION_CONTEXT(2) 
PARAMETRIC_REPRESENTATION_CONTEXT() REPRESENTATION_CONTEXT('2D SPACE',''
  ) );
#5818 = PCURVE('',#4877,#5819);
#5819 = DEFINITIONAL_REPRESENTATION('',(#5820),#5824);
#5820 = LINE('',#5821,#5822);
#5821 = CARTESIAN_POINT('',(1.570796326795,1.570796326795));
#5822 = VECTOR('',#5823,1.);
#5823 = DIRECTION('',(0.,-1.));
#5824 = ( GEOMETRIC_REPRESENTATION_CONTEXT(2) 
PARAMETRIC_REPRESENTATION_CONTEXT() REPRESENTATION_CONTEXT('2D SPACE',''
  ) );
#5825 = ORIENTED_EDGE('',*,*,#5826,.F.);
#5826 = EDGE_CURVE('',#5699,#5799,#5827,.T.);
#5827 = SURFACE_CURVE('',#5828,(#5833,#5844),.PCURVE_S1.);
#5828 = CIRCLE('',#5829,22.);
#5829 = AXIS2_PLACEMENT_3D('',#5830,#5831,#5832);
#5830 = CARTESIAN_POINT('',(587.15,-70.,2.9925E+03));
#5831 = DIRECTION('',(-1.,-0.,-0.));
#5832 = DIRECTION('',(0.,0.,-1.));
#5833 = PCURVE('',#4924,#5834);
#5834 = DEFINITIONAL_REPRESENTATION('',(#5835),#5843);
#5835 = ( BOUNDED_CURVE() B_SPLINE_CURVE(2,(#5836,#5837,#5838,#5839,
#5840,#5841,#5842),.UNSPECIFIED.,.T.,.F.) B_SPLINE_CURVE_WITH_KNOTS((1,2
    ,2,2,2,1),(-2.094395102393,0.,2.094395102393,4.188790204786,
6.28318530718,8.377580409573),.UNSPECIFIED.) CURVE() 
GEOMETRIC_REPRESENTATION_ITEM() RATIONAL_B_SPLINE_CURVE((1.,0.5,1.,0.5,
1.,0.5,1.)) REPRESENTATION_ITEM('') );
#5836 = CARTESIAN_POINT('',(5.5,-22.));
#5837 = CARTESIAN_POINT('',(5.5,16.105117766515));
#5838 = CARTESIAN_POINT('',(38.5,-2.947441116742));
#5839 = CARTESIAN_POINT('',(71.5,-22.));
#5840 = CARTESIAN_POINT('',(38.5,-41.05255888325));
#5841 = CARTESIAN_POINT('',(5.5,-60.10511776651));
#5842 = CARTESIAN_POINT('',(5.5,-22.));
#5843 = ( GEOMETRIC_REPRESENTATION_CONTEXT(2) 
PARAMETRIC_REPRESENTATION_CONTEXT() REPRESENTATION_CONTEXT('2D SPACE',''
  ) );
#5844 = PCURVE('',#4877,#5845);
#5845 = DEFINITIONAL_REPRESENTATION('',(#5846),#5850);
#5846 = LINE('',#5847,#5848);
#5847 = CARTESIAN_POINT('',(4.712388980385,-1.570796326795));
#5848 = VECTOR('',#5849,1.);
#5849 = DIRECTION('',(-0.,1.));
#5850 = ( GEOMETRIC_REPRESENTATION_CONTEXT(2) 
PARAMETRIC_REPRESENTATION_CONTEXT() REPRESENTATION_CONTEXT('2D SPACE',''
  ) );
#5851 = ADVANCED_FACE('',(#5852),#5022,.T.);
#5852 = FACE_BOUND('',#5853,.T.);
#5853 = EDGE_LOOP('',(#5854));
#5854 = ORIENTED_EDGE('',*,*,#5007,.T.);
#5855 = ADVANCED_FACE('',(#5856),#4952,.F.);
#5856 = FACE_BOUND('',#5857,.F.);
#5857 = EDGE_LOOP('',(#5858,#5859,#5860,#5861));
#5858 = ORIENTED_EDGE('',*,*,#5775,.F.);
#5859 = ORIENTED_EDGE('',*,*,#4935,.T.);
#5860 = ORIENTED_EDGE('',*,*,#5727,.F.);
#5861 = ORIENTED_EDGE('',*,*,#5751,.F.);
#5862 = ADVANCED_FACE('',(#5863),#4877,.T.);
#5863 = FACE_BOUND('',#5864,.T.);
#5864 = EDGE_LOOP('',(#5865,#5866,#5867,#5868));
#5865 = ORIENTED_EDGE('',*,*,#5826,.T.);
#5866 = ORIENTED_EDGE('',*,*,#5798,.T.);
#5867 = ORIENTED_EDGE('',*,*,#4860,.T.);
#5868 = ORIENTED_EDGE('',*,*,#5698,.T.);
#5869 = ADVANCED_FACE('',(#5870),#5160,.F.);
#5870 = FACE_BOUND('',#5871,.F.);
#5871 = EDGE_LOOP('',(#5872,#5895,#5896,#5919));
#5872 = ORIENTED_EDGE('',*,*,#5873,.F.);
#5873 = EDGE_CURVE('',#5061,#5874,#5876,.T.);
#5874 = VERTEX_POINT('',#5875);
#5875 = CARTESIAN_POINT('',(658.77177826491,32.052558883258,
    2.976058814189E+03));
#5876 = SURFACE_CURVE('',#5877,(#5881,#5888),.PCURVE_S1.);
#5877 = LINE('',#5878,#5879);
#5878 = CARTESIAN_POINT('',(658.77177826491,32.052558883258,2.965E+03));
#5879 = VECTOR('',#5880,1.);
#5880 = DIRECTION('',(0.,0.,1.));
#5881 = PCURVE('',#5160,#5882);
#5882 = DEFINITIONAL_REPRESENTATION('',(#5883),#5887);
#5883 = LINE('',#5884,#5885);
#5884 = CARTESIAN_POINT('',(0.,0.));
#5885 = VECTOR('',#5886,1.);
#5886 = DIRECTION('',(1.,0.));
#5887 = ( GEOMETRIC_REPRESENTATION_CONTEXT(2) 
PARAMETRIC_REPRESENTATION_CONTEXT() REPRESENTATION_CONTEXT('2D SPACE',''
  ) );
#5888 = PCURVE('',#5361,#5889);
#5889 = DEFINITIONAL_REPRESENTATION('',(#5890),#5894);
#5890 = LINE('',#5891,#5892);
#5891 = CARTESIAN_POINT('',(0.,44.));
#5892 = VECTOR('',#5893,1.);
#5893 = DIRECTION('',(1.,0.));
#5894 = ( GEOMETRIC_REPRESENTATION_CONTEXT(2) 
PARAMETRIC_REPRESENTATION_CONTEXT() REPRESENTATION_CONTEXT('2D SPACE',''
  ) );
#5895 = ORIENTED_EDGE('',*,*,#5060,.T.);
#5896 = ORIENTED_EDGE('',*,*,#5897,.F.);
#5897 = EDGE_CURVE('',#5898,#5063,#5900,.T.);
#5898 = VERTEX_POINT('',#5899);
#5899 = CARTESIAN_POINT('',(658.77177826491,32.052558883258,
    3.008941185811E+03));
#5900 = SURFACE_CURVE('',#5901,(#5905,#5912),.PCURVE_S1.);
#5901 = LINE('',#5902,#5903);
#5902 = CARTESIAN_POINT('',(658.77177826491,32.052558883258,2.965E+03));
#5903 = VECTOR('',#5904,1.);
#5904 = DIRECTION('',(0.,0.,1.));
#5905 = PCURVE('',#5160,#5906);
#5906 = DEFINITIONAL_REPRESENTATION('',(#5907),#5911);
#5907 = LINE('',#5908,#5909);
#5908 = CARTESIAN_POINT('',(0.,0.));
#5909 = VECTOR('',#5910,1.);
#5910 = DIRECTION('',(1.,0.));
#5911 = ( GEOMETRIC_REPRESENTATION_CONTEXT(2) 
PARAMETRIC_REPRESENTATION_CONTEXT() REPRESENTATION_CONTEXT('2D SPACE',''
  ) );
#5912 = PCURVE('',#5361,#5913);
#5913 = DEFINITIONAL_REPRESENTATION('',(#5914),#5918);
#5914 = LINE('',#5915,#5916);
#5915 = CARTESIAN_POINT('',(0.,44.));
#5916 = VECTOR('',#5917,1.);
#5917 = DIRECTION('',(1.,0.));
#5918 = ( GEOMETRIC_REPRESENTATION_CONTEXT(2) 
PARAMETRIC_REPRESENTATION_CONTEXT() REPRESENTATION_CONTEXT('2D SPACE',''
  ) );
#5919 = ORIENTED_EDGE('',*,*,#5920,.F.);
#5920 = EDGE_CURVE('',#5874,#5898,#5921,.T.);
#5921 = SURFACE_CURVE('',#5922,(#5927,#5934),.PCURVE_S1.);
#5922 = CIRCLE('',#5923,16.70329308849);
#5923 = AXIS2_PLACEMENT_3D('',#5924,#5925,#5926);
#5924 = CARTESIAN_POINT('',(658.77177826491,35.,2.9925E+03));
#5925 = DIRECTION('',(1.,0.,0.));
#5926 = DIRECTION('',(0.,-0.176458683993,-0.984308047739));
#5927 = PCURVE('',#5160,#5928);
#5928 = DEFINITIONAL_REPRESENTATION('',(#5929),#5933);
#5929 = CIRCLE('',#5930,16.70329308849);
#5930 = AXIS2_PLACEMENT_2D('',#5931,#5932);
#5931 = CARTESIAN_POINT('',(27.5,-2.947441116742));
#5932 = DIRECTION('',(-0.984308047739,0.176458683993));
#5933 = ( GEOMETRIC_REPRESENTATION_CONTEXT(2) 
PARAMETRIC_REPRESENTATION_CONTEXT() REPRESENTATION_CONTEXT('2D SPACE',''
  ) );
#5934 = PCURVE('',#5935,#5940);
#5935 = SPHERICAL_SURFACE('',#5936,20.);
#5936 = AXIS2_PLACEMENT_3D('',#5937,#5938,#5939);
#5937 = CARTESIAN_POINT('',(647.77177826491,35.,2.9925E+03));
#5938 = DIRECTION('',(0.,0.,1.));
#5939 = DIRECTION('',(1.,0.,-0.));
#5940 = DEFINITIONAL_REPRESENTATION('',(#5941),#6018);
#5941 = B_SPLINE_CURVE_WITH_KNOTS('',8,(#5942,#5943,#5944,#5945,#5946,
    #5947,#5948,#5949,#5950,#5951,#5952,#5953,#5954,#5955,#5956,#5957,
    #5958,#5959,#5960,#5961,#5962,#5963,#5964,#5965,#5966,#5967,#5968,
    #5969,#5970,#5971,#5972,#5973,#5974,#5975,#5976,#5977,#5978,#5979,
    #5980,#5981,#5982,#5983,#5984,#5985,#5986,#5987,#5988,#5989,#5990,
    #5991,#5992,#5993,#5994,#5995,#5996,#5997,#5998,#5999,#6000,#6001,
    #6002,#6003,#6004,#6005,#6006,#6007,#6008,#6009,#6010,#6011,#6012,
    #6013,#6014,#6015,#6016,#6017),.UNSPECIFIED.,.F.,.F.,(9,6,7,7,7,7,7,
    7,7,7,5,9),(0.,0.177387510406,0.373737051255,0.741892440348,
    1.064028405804,1.627766345352,2.050569800013,2.367672391009,
    2.843326277502,3.081153220749,3.318980163996,3.496367674402),
  .UNSPECIFIED.);
#5942 = CARTESIAN_POINT('',(6.021385919381,-0.965018219101));
#5943 = CARTESIAN_POINT('',(6.052307455464,-0.970757127358));
#5944 = CARTESIAN_POINT('',(6.083955030324,-0.975739140275));
#5945 = CARTESIAN_POINT('',(6.116244226921,-0.979935213537));
#5946 = CARTESIAN_POINT('',(6.149071751193,-0.983319774228));
#5947 = CARTESIAN_POINT('',(6.182316928277,-0.985872374686));
#5948 = CARTESIAN_POINT('',(6.215845447686,-0.98757886568));
#5949 = CARTESIAN_POINT('',(6.286784476145,-0.989376524117));
#5950 = CARTESIAN_POINT('',(6.357723566616,-0.987386690981));
#5951 = CARTESIAN_POINT('',(6.394800782287,-0.985295903268));
#5952 = CARTESIAN_POINT('',(6.431493891355,-0.982170335884));
#5953 = CARTESIAN_POINT('',(6.467622780033,-0.978031314058));
#5954 = CARTESIAN_POINT('',(6.503029820823,-0.972909334478));
#5955 = CARTESIAN_POINT('',(6.537585928007,-0.966841721704));
#5956 = CARTESIAN_POINT('',(6.634197363279,-0.94679900411));
#5957 = CARTESIAN_POINT('',(6.693857529371,-0.930550379551));
#5958 = CARTESIAN_POINT('',(6.749503949394,-0.911400313618));
#5959 = CARTESIAN_POINT('',(6.800818200161,-0.889681803995));
#5960 = CARTESIAN_POINT('',(6.847841331711,-0.865729423063));
#5961 = CARTESIAN_POINT('',(6.890766966939,-0.839840169046));
#5962 = CARTESIAN_POINT('',(6.929866088641,-0.812275005215));
#5963 = CARTESIAN_POINT('',(6.996551944004,-0.757868112368));
#5964 = CARTESIAN_POINT('',(7.024966803846,-0.731366665629));
#5965 = CARTESIAN_POINT('',(7.050873075152,-0.703903895646));
#5966 = CARTESIAN_POINT('',(7.074480721657,-0.675608660511));
#5967 = CARTESIAN_POINT('',(7.095988283538,-0.646589973401));
#5968 = CARTESIAN_POINT('',(7.115574918895,-0.616940315142));
#5969 = CARTESIAN_POINT('',(7.133400557992,-0.586739149383));
#5970 = CARTESIAN_POINT('',(7.177964070776,-0.502357924559));
#5971 = CARTESIAN_POINT('',(7.201359214942,-0.447181864491));
#5972 = CARTESIAN_POINT('',(7.220543389604,-0.390894702192));
#5973 = CARTESIAN_POINT('',(7.236086770628,-0.333763348811));
#5974 = CARTESIAN_POINT('',(7.248393319023,-0.275995672263));
#5975 = CARTESIAN_POINT('',(7.257751200508,-0.217763471217));
#5976 = CARTESIAN_POINT('',(7.264346389431,-0.159216480076));
#5977 = CARTESIAN_POINT('',(7.271220128387,-5.645324099043E-02));
#5978 = CARTESIAN_POINT('',(7.272665626451,-1.231351206589E-02));
#5979 = CARTESIAN_POINT('',(7.272650898299,3.186562066136E-02));
#5980 = CARTESIAN_POINT('',(7.27118714951,7.602809093364E-02));
#5981 = CARTESIAN_POINT('',(7.268258607856,0.120118340754));
#5982 = CARTESIAN_POINT('',(7.263822193207,0.164078636836));
#5983 = CARTESIAN_POINT('',(7.257804876894,0.207846065926));
#5984 = CARTESIAN_POINT('',(7.244319120742,0.283976566311));
#5985 = CARTESIAN_POINT('',(7.237589553728,0.316455247868));
#5986 = CARTESIAN_POINT('',(7.229864443387,0.34875510309));
#5987 = CARTESIAN_POINT('',(7.221087280593,0.38084315203));
#5988 = CARTESIAN_POINT('',(7.211189229001,0.412682772299));
#5989 = CARTESIAN_POINT('',(7.200087559757,0.444232521267));
#5990 = CARTESIAN_POINT('',(7.187683925076,0.475444593551));
#5991 = CARTESIAN_POINT('',(7.15313028915,0.552490394133));
#5992 = CARTESIAN_POINT('',(7.129208026902,0.597831937304));
#5993 = CARTESIAN_POINT('',(7.101705071068,0.64209810015));
#5994 = CARTESIAN_POINT('',(7.070142686011,0.685057954729));
#5995 = CARTESIAN_POINT('',(7.033945442125,0.72642123531));
#5996 = CARTESIAN_POINT('',(6.992438760298,0.765823835069));
#5997 = CARTESIAN_POINT('',(6.94488167208,0.802785651109));
#5998 = CARTESIAN_POINT('',(6.863727220714,0.853700823568));
#5999 = CARTESIAN_POINT('',(6.835039273796,0.869917962125));
#6000 = CARTESIAN_POINT('',(6.804652756592,0.885308314762));
#6001 = CARTESIAN_POINT('',(6.772521201628,0.899793697308));
#6002 = CARTESIAN_POINT('',(6.738621757843,0.913290419512));
#6003 = CARTESIAN_POINT('',(6.70296982819,0.925711226053));
#6004 = CARTESIAN_POINT('',(6.665633335175,0.936969007182));
#6005 = CARTESIAN_POINT('',(6.587845827627,0.956996163597));
#6006 = CARTESIAN_POINT('',(6.547394742575,0.965765534556));
#6007 = CARTESIAN_POINT('',(6.505513871389,0.973209499056));
#6008 = CARTESIAN_POINT('',(6.462388312108,0.979252687758));
#6009 = CARTESIAN_POINT('',(6.418270270777,0.983830970011));
#6010 = CARTESIAN_POINT('',(6.340053492462,0.989186254462));
#6011 = CARTESIAN_POINT('',(6.260797780476,0.989866771163));
#6012 = CARTESIAN_POINT('',(6.182316928277,0.985872374686));
#6013 = CARTESIAN_POINT('',(6.149071751193,0.983319774228));
#6014 = CARTESIAN_POINT('',(6.116244226921,0.979935213537));
#6015 = CARTESIAN_POINT('',(6.083955030324,0.975739140275));
#6016 = CARTESIAN_POINT('',(6.052307455464,0.970757127358));
#6017 = CARTESIAN_POINT('',(6.021385919381,0.965018219101));
#6018 = ( GEOMETRIC_REPRESENTATION_CONTEXT(2) 
PARAMETRIC_REPRESENTATION_CONTEXT() REPRESENTATION_CONTEXT('2D SPACE',''
  ) );
#6019 = ADVANCED_FACE('',(#6020),#5361,.T.);
#6020 = FACE_BOUND('',#6021,.T.);
#6021 = EDGE_LOOP('',(#6022,#6023,#6024,#6025));
#6022 = ORIENTED_EDGE('',*,*,#5873,.F.);
#6023 = ORIENTED_EDGE('',*,*,#5172,.T.);
#6024 = ORIENTED_EDGE('',*,*,#5897,.F.);
#6025 = ORIENTED_EDGE('',*,*,#6026,.F.);
#6026 = EDGE_CURVE('',#5874,#5898,#6027,.T.);
#6027 = SURFACE_CURVE('',#6028,(#6033,#6040),.PCURVE_S1.);
#6028 = CIRCLE('',#6029,19.781622553859);
#6029 = AXIS2_PLACEMENT_3D('',#6030,#6031,#6032);
#6030 = CARTESIAN_POINT('',(647.77177826491,32.052558883258,2.9925E+03)
  );
#6031 = DIRECTION('',(-0.,1.,0.));
#6032 = DIRECTION('',(0.,0.,1.));
#6033 = PCURVE('',#5361,#6034);
#6034 = DEFINITIONAL_REPRESENTATION('',(#6035),#6039);
#6035 = CIRCLE('',#6036,19.781622553859);
#6036 = AXIS2_PLACEMENT_2D('',#6037,#6038);
#6037 = CARTESIAN_POINT('',(27.5,33.));
#6038 = DIRECTION('',(1.,0.));
#6039 = ( GEOMETRIC_REPRESENTATION_CONTEXT(2) 
PARAMETRIC_REPRESENTATION_CONTEXT() REPRESENTATION_CONTEXT('2D SPACE',''
  ) );
#6040 = PCURVE('',#5935,#6041);
#6041 = DEFINITIONAL_REPRESENTATION('',(#6042),#6227);
#6042 = B_SPLINE_CURVE_WITH_KNOTS('',8,(#6043,#6044,#6045,#6046,#6047,
    #6048,#6049,#6050,#6051,#6052,#6053,#6054,#6055,#6056,#6057,#6058,
    #6059,#6060,#6061,#6062,#6063,#6064,#6065,#6066,#6067,#6068,#6069,
    #6070,#6071,#6072,#6073,#6074,#6075,#6076,#6077,#6078,#6079,#6080,
    #6081,#6082,#6083,#6084,#6085,#6086,#6087,#6088,#6089,#6090,#6091,
    #6092,#6093,#6094,#6095,#6096,#6097,#6098,#6099,#6100,#6101,#6102,
    #6103,#6104,#6105,#6106,#6107,#6108,#6109,#6110,#6111,#6112,#6113,
    #6114,#6115,#6116,#6117,#6118,#6119,#6120,#6121,#6122,#6123,#6124,
    #6125,#6126,#6127,#6128,#6129,#6130,#6131,#6132,#6133,#6134,#6135,
    #6136,#6137,#6138,#6139,#6140,#6141,#6142,#6143,#6144,#6145,#6146,
    #6147,#6148,#6149,#6150,#6151,#6152,#6153,#6154,#6155,#6156,#6157,
    #6158,#6159,#6160,#6161,#6162,#6163,#6164,#6165,#6166,#6167,#6168,
    #6169,#6170,#6171,#6172,#6173,#6174,#6175,#6176,#6177,#6178,#6179,
    #6180,#6181,#6182,#6183,#6184,#6185,#6186,#6187,#6188,#6189,#6190,
    #6191,#6192,#6193,#6194,#6195,#6196,#6197,#6198,#6199,#6200,#6201,
    #6202,#6203,#6204,#6205,#6206,#6207,#6208,#6209,#6210,#6211,#6212,
    #6213,#6214,#6215,#6216,#6217,#6218,#6219,#6220,#6221,#6222,#6223,
    #6224,#6225,#6226),.UNSPECIFIED.,.F.,.F.,(9,7,7,7,7,7,7,7,7,7,7,7,7,
    7,7,7,7,7,7,7,7,7,7,7,7,7,9),(2.551940829559,2.821996848412,
    2.94858560725,3.009902037312,3.070260398154,3.129675659608,
    3.188162557601,3.245735597814,3.359082520733,3.46888735231,
    3.681634213491,3.881084395849,4.255053487769,4.909499398629,
    5.400333831775,5.584396744204,5.74545179258,5.886374959909,
    6.009682731321,6.117577031308,6.211984543795,6.294591117222,
    6.366871868971,6.430117526751,6.540797427866,6.706817279538,
    6.87283713121),.UNSPECIFIED.);
#6043 = CARTESIAN_POINT('',(6.02138591938,-0.965018219101));
#6044 = CARTESIAN_POINT('',(6.008772166013,-0.997624979496));
#6045 = CARTESIAN_POINT('',(5.994475529492,-1.030105772496));
#6046 = CARTESIAN_POINT('',(5.978146366844,-1.062433245908));
#6047 = CARTESIAN_POINT('',(5.959316237415,-1.09456996687));
#6048 = CARTESIAN_POINT('',(5.937351282086,-1.126466689912));
#6049 = CARTESIAN_POINT('',(5.911318201977,-1.158046264607));
#6050 = CARTESIAN_POINT('',(5.879847167349,-1.189199982391));
#6051 = CARTESIAN_POINT('',(5.821842995503,-1.233998158482));
#6052 = CARTESIAN_POINT('',(5.80156857384,-1.248151999965));
#6053 = CARTESIAN_POINT('',(5.77926543088,-1.262138986568));
#6054 = CARTESIAN_POINT('',(5.75460956906,-1.275929976977));
#6055 = CARTESIAN_POINT('',(5.727198134937,-1.289487892143));
#6056 = CARTESIAN_POINT('',(5.696533713456,-1.302764799183));
#6057 = CARTESIAN_POINT('',(5.661975250594,-1.315696251447));
#6058 = CARTESIAN_POINT('',(5.603751785239,-1.334245450491));
#6059 = CARTESIAN_POINT('',(5.583657925743,-1.340196255513));
#6060 = CARTESIAN_POINT('',(5.562381532468,-1.346034764231));
#6061 = CARTESIAN_POINT('',(5.539828206258,-1.351749418318));
#6062 = CARTESIAN_POINT('',(5.51589634292,-1.357327020344));
#6063 = CARTESIAN_POINT('',(5.490479141541,-1.362752495304));
#6064 = CARTESIAN_POINT('',(5.463469337339,-1.368008699246));
#6065 = CARTESIAN_POINT('',(5.40651246012,-1.378064669892));
#6066 = CARTESIAN_POINT('',(5.376617947594,-1.382870288599));
#6067 = CARTESIAN_POINT('',(5.344987581238,-1.387474681613));
#6068 = CARTESIAN_POINT('',(5.311533591286,-1.391857371782));
#6069 = CARTESIAN_POINT('',(5.276182690274,-1.395995809295));
#6070 = CARTESIAN_POINT('',(5.2388906114,-1.399865548767));
#6071 = CARTESIAN_POINT('',(5.199659956215,-1.40344093763));
#6072 = CARTESIAN_POINT('',(5.118095948905,-1.409901402612));
#6073 = CARTESIAN_POINT('',(5.075820582816,-1.412796393023));
#6074 = CARTESIAN_POINT('',(5.031793954157,-1.415357362347));
#6075 = CARTESIAN_POINT('',(4.986137132303,-1.417560391184));
#6076 = CARTESIAN_POINT('',(4.939045681756,-1.419383043787));
#6077 = CARTESIAN_POINT('',(4.890794223523,-1.420806512143));
#6078 = CARTESIAN_POINT('',(4.841722633265,-1.42181763862));
#6079 = CARTESIAN_POINT('',(4.743446386133,-1.422992591404));
#6080 = CARTESIAN_POINT('',(4.694255898013,-1.423169406445));
#6081 = CARTESIAN_POINT('',(4.644975953196,-1.422933823901));
#6082 = CARTESIAN_POINT('',(4.595984369551,-1.422285470692));
#6083 = CARTESIAN_POINT('',(4.547652946518,-1.421230917744));
#6084 = CARTESIAN_POINT('',(4.500309763073,-1.419782928653));
#6085 = CARTESIAN_POINT('',(4.454214032742,-1.417958792796));
#6086 = CARTESIAN_POINT('',(4.365603211713,-1.413632341218));
#6087 = CARTESIAN_POINT('',(4.323043355783,-1.411141070667));
#6088 = CARTESIAN_POINT('',(4.282064932034,-1.408323823568));
#6089 = CARTESIAN_POINT('',(4.24278959063,-1.405202349393));
#6090 = CARTESIAN_POINT('',(4.20527537047,-1.401799372191));
#6091 = CARTESIAN_POINT('',(4.169529841854,-1.398137300608));
#6092 = CARTESIAN_POINT('',(4.135526791891,-1.394237408756));
#6093 = CARTESIAN_POINT('',(4.039605109434,-1.382012590668));
#6094 = CARTESIAN_POINT('',(3.982554296082,-1.373060861897));
#6095 = CARTESIAN_POINT('',(3.931684902891,-1.363416042457));
#6096 = CARTESIAN_POINT('',(3.886263962584,-1.353208245097));
#6097 = CARTESIAN_POINT('',(3.845567738341,-1.342536212401));
#6098 = CARTESIAN_POINT('',(3.808963203274,-1.331478037696));
#6099 = CARTESIAN_POINT('',(3.77590293032,-1.320094965816));
#6100 = CARTESIAN_POINT('',(3.71688345137,-1.297141526864));
#6101 = CARTESIAN_POINT('',(3.690734606834,-1.285588125936));
#6102 = CARTESIAN_POINT('',(3.667057461019,-1.273820467413));
#6103 = CARTESIAN_POINT('',(3.64550551073,-1.261872286572));
#6104 = CARTESIAN_POINT('',(3.625796630981,-1.249769926368));
#6105 = CARTESIAN_POINT('',(3.607699225193,-1.237534485011));
#6106 = CARTESIAN_POINT('',(3.591019548965,-1.225183124943));
#6107 = CARTESIAN_POINT('',(3.545710889878,-1.188602139276));
#6108 = CARTESIAN_POINT('',(3.52053920621,-1.16409232989));
#6109 = CARTESIAN_POINT('',(3.498898796224,-1.139303667867));
#6110 = CARTESIAN_POINT('',(3.480042958327,-1.114297235582));
#6111 = CARTESIAN_POINT('',(3.463438920782,-1.089116721253));
#6112 = CARTESIAN_POINT('',(3.448694723211,-1.063793385441));
#6113 = CARTESIAN_POINT('',(3.435510304974,-1.038351198854));
#6114 = CARTESIAN_POINT('',(3.412533397105,-0.988862590153));
#6115 = CARTESIAN_POINT('',(3.40258039739,-0.96482831983));
#6116 = CARTESIAN_POINT('',(3.393599146109,-0.940721160438));
#6117 = CARTESIAN_POINT('',(3.385446694294,-0.916552317869));
#6118 = CARTESIAN_POINT('',(3.378011387348,-0.892330516401));
#6119 = CARTESIAN_POINT('',(3.371203215692,-0.868062786119));
#6120 = CARTESIAN_POINT('',(3.364948940849,-0.843754843375));
#6121 = CARTESIAN_POINT('',(3.348384955103,-0.773767623946));
#6122 = CARTESIAN_POINT('',(3.339315186714,-0.727999196699));
#6123 = CARTESIAN_POINT('',(3.331576647688,-0.682137602472));
#6124 = CARTESIAN_POINT('',(3.324921149533,-0.636202402613));
#6125 = CARTESIAN_POINT('',(3.319167820653,-0.590208139763));
#6126 = CARTESIAN_POINT('',(3.314185548923,-0.54416565035));
#6127 = CARTESIAN_POINT('',(3.30987382663,-0.498083594477));
#6128 = CARTESIAN_POINT('',(3.299649704609,-0.371268456436));
#6129 = CARTESIAN_POINT('',(3.294962074446,-0.290468267246));
#6130 = CARTESIAN_POINT('',(3.291681857037,-0.209606101996));
#6131 = CARTESIAN_POINT('',(3.289614785592,-0.128704884735));
#6132 = CARTESIAN_POINT('',(3.288648845448,-4.778357752923E-02));
#6133 = CARTESIAN_POINT('',(3.288752369705,3.314129619322E-02));
#6134 = CARTESIAN_POINT('',(3.289954172087,0.114052861072));
#6135 = CARTESIAN_POINT('',(3.294200078331,0.25558847439));
#6136 = CARTESIAN_POINT('',(3.296708503456,0.316227425852));
#6137 = CARTESIAN_POINT('',(3.299958638447,0.37683845431));
#6138 = CARTESIAN_POINT('',(3.30403490537,0.437411458485));
#6139 = CARTESIAN_POINT('',(3.309057539665,0.49793432853));
#6140 = CARTESIAN_POINT('',(3.3152075838,0.558390841325));
#6141 = CARTESIAN_POINT('',(3.322742355073,0.618759429761));
#6142 = CARTESIAN_POINT('',(3.335635344525,0.701595037507));
#6143 = CARTESIAN_POINT('',(3.339410655668,0.724169056231));
#6144 = CARTESIAN_POINT('',(3.343469069803,0.746723639095));
#6145 = CARTESIAN_POINT('',(3.347838799827,0.769256547524));
#6146 = CARTESIAN_POINT('',(3.352552863383,0.791765179608));
#6147 = CARTESIAN_POINT('',(3.357650523509,0.814246456624));
#6148 = CARTESIAN_POINT('',(3.363179516384,0.836696646024));
#6149 = CARTESIAN_POINT('',(3.374466172224,0.878723786445));
#6150 = CARTESIAN_POINT('',(3.380108901119,0.8983091045));
#6151 = CARTESIAN_POINT('',(3.386166847106,0.917863983112));
#6152 = CARTESIAN_POINT('',(3.392686827401,0.937384762892));
#6153 = CARTESIAN_POINT('',(3.399724022879,0.956867131426));
#6154 = CARTESIAN_POINT('',(3.40734471777,0.976305900117));
#6155 = CARTESIAN_POINT('',(3.415630638357,0.995694643489));
#6156 = CARTESIAN_POINT('',(3.432607361431,1.031939438701));
#6157 = CARTESIAN_POINT('',(3.441118107408,1.048809126108));
#6158 = CARTESIAN_POINT('',(3.450286339676,1.065628782322));
#6159 = CARTESIAN_POINT('',(3.460193982053,1.082391897217));
#6160 = CARTESIAN_POINT('',(3.470939549346,1.099090586517));
#6161 = CARTESIAN_POINT('',(3.482642876087,1.115715197863));
#6162 = CARTESIAN_POINT('',(3.495453158157,1.132253589223));
#6163 = CARTESIAN_POINT('',(3.521908679899,1.163071486404));
#6164 = CARTESIAN_POINT('',(3.535249436827,1.177374925403));
#6165 = CARTESIAN_POINT('',(3.549713714734,1.191589492952));
#6166 = CARTESIAN_POINT('',(3.565456204804,1.205702130557));
#6167 = CARTESIAN_POINT('',(3.582663586792,1.219696979584));
#6168 = CARTESIAN_POINT('',(3.601565544934,1.233554223364));
#6169 = CARTESIAN_POINT('',(3.622450828169,1.24724813814));
#6170 = CARTESIAN_POINT('',(3.666021190411,1.272553540764));
#6171 = CARTESIAN_POINT('',(3.688154976917,1.284211352397));
#6172 = CARTESIAN_POINT('',(3.712337041119,1.295694699344));
#6173 = CARTESIAN_POINT('',(3.738861401864,1.306975313423));
#6174 = CARTESIAN_POINT('',(3.768081537495,1.318017955645));
#6175 = CARTESIAN_POINT('',(3.800418279445,1.328778289576));
#6176 = CARTESIAN_POINT('',(3.836380738992,1.339198712768));
#6177 = CARTESIAN_POINT('',(3.911644446771,1.357959134544));
#6178 = CARTESIAN_POINT('',(3.949966494226,1.366396365649));
#6179 = CARTESIAN_POINT('',(3.991856952865,1.374465774375));
#6180 = CARTESIAN_POINT('',(4.037713548511,1.382106938733));
#6181 = CARTESIAN_POINT('',(4.087925535434,1.389247531172));
#6182 = CARTESIAN_POINT('',(4.142847053005,1.395801080994));
#6183 = CARTESIAN_POINT('',(4.20260300101,1.401668689598));
#6184 = CARTESIAN_POINT('',(4.323230613687,1.411202339503));
#6185 = CARTESIAN_POINT('',(4.383029140316,1.415051899576));
#6186 = CARTESIAN_POINT('',(4.44616295072,1.418236885085));
#6187 = CARTESIAN_POINT('',(4.512238012871,1.420693481806));
#6188 = CARTESIAN_POINT('',(4.58057935947,1.422364890046));
#6189 = CARTESIAN_POINT('',(4.650161996607,1.423215216101));
#6190 = CARTESIAN_POINT('',(4.719894818719,1.423237740396));
#6191 = CARTESIAN_POINT('',(4.849069398335,1.421760025319));
#6192 = CARTESIAN_POINT('',(4.908707930936,1.42044978374));
#6193 = CARTESIAN_POINT('',(4.967040734633,1.418530453107));
#6194 = CARTESIAN_POINT('',(5.023463348465,1.416027719983));
#6195 = CARTESIAN_POINT('',(5.07752505624,1.412979676683));
#6196 = CARTESIAN_POINT('',(5.128969706373,1.409430001383));
#6197 = CARTESIAN_POINT('',(5.177679519448,1.405423309469));
#6198 = CARTESIAN_POINT('',(5.263856906401,1.397134694238));
#6199 = CARTESIAN_POINT('',(5.301968695613,1.392949768193));
#6200 = CARTESIAN_POINT('',(5.337966455422,1.388476866819));
#6201 = CARTESIAN_POINT('',(5.371901570078,1.383743880158));
#6202 = CARTESIAN_POINT('',(5.403862512735,1.378776629541));
#6203 = CARTESIAN_POINT('',(5.433956769693,1.373598332832));
#6204 = CARTESIAN_POINT('',(5.462298688935,1.368229563389));
#6205 = CARTESIAN_POINT('',(5.535736239992,1.352992196639));
#6206 = CARTESIAN_POINT('',(5.577454856396,1.342768627903));
#6207 = CARTESIAN_POINT('',(5.614775629718,1.332116260762));
#6208 = CARTESIAN_POINT('',(5.648320379645,1.321111448447));
#6209 = CARTESIAN_POINT('',(5.678609847695,1.309812226932));
#6210 = CARTESIAN_POINT('',(5.70608434143,1.298264461435));
#6211 = CARTESIAN_POINT('',(5.731109811221,1.286504547527));
#6212 = CARTESIAN_POINT('',(5.788318652028,1.2566481157));
#6213 = CARTESIAN_POINT('',(5.81782449324,1.23832328252));
#6214 = CARTESIAN_POINT('',(5.843547531075,1.219686878925));
#6215 = CARTESIAN_POINT('',(5.866220218873,1.200803327052));
#6216 = CARTESIAN_POINT('',(5.886379652729,1.181718596052));
#6217 = CARTESIAN_POINT('',(5.904435226957,1.162467450059));
#6218 = CARTESIAN_POINT('',(5.92070759293,1.143076209423));
#6219 = CARTESIAN_POINT('',(5.950195244229,1.104055428737));
#6220 = CARTESIAN_POINT('',(5.963410581431,1.084425879599));
#6221 = CARTESIAN_POINT('',(5.975352262256,1.064698036828));
#6222 = CARTESIAN_POINT('',(5.986210258204,1.044887163306));
#6223 = CARTESIAN_POINT('',(5.996133228156,1.025005096256));
#6224 = CARTESIAN_POINT('',(6.005241055417,1.005061335695));
#6225 = CARTESIAN_POINT('',(6.013631478387,0.985063576902));
#6226 = CARTESIAN_POINT('',(6.02138591938,0.965018219101));
#6227 = ( GEOMETRIC_REPRESENTATION_CONTEXT(2) 
PARAMETRIC_REPRESENTATION_CONTEXT() REPRESENTATION_CONTEXT('2D SPACE',''
  ) );
#6228 = ADVANCED_FACE('',(#6229),#5572,.F.);
#6229 = FACE_BOUND('',#6230,.F.);
#6230 = EDGE_LOOP('',(#6231,#6254,#6255,#6278));
#6231 = ORIENTED_EDGE('',*,*,#6232,.F.);
#6232 = EDGE_CURVE('',#5380,#6233,#6235,.T.);
#6233 = VERTEX_POINT('',#6234);
#6234 = CARTESIAN_POINT('',(537.52822173508,37.947441116742,
    2.976058814189E+03));
#6235 = SURFACE_CURVE('',#6236,(#6240,#6247),.PCURVE_S1.);
#6236 = LINE('',#6237,#6238);
#6237 = CARTESIAN_POINT('',(537.52822173508,37.947441116742,2.965E+03));
#6238 = VECTOR('',#6239,1.);
#6239 = DIRECTION('',(0.,0.,1.));
#6240 = PCURVE('',#5572,#6241);
#6241 = DEFINITIONAL_REPRESENTATION('',(#6242),#6246);
#6242 = LINE('',#6243,#6244);
#6243 = CARTESIAN_POINT('',(0.,44.));
#6244 = VECTOR('',#6245,1.);
#6245 = DIRECTION('',(1.,0.));
#6246 = ( GEOMETRIC_REPRESENTATION_CONTEXT(2) 
PARAMETRIC_REPRESENTATION_CONTEXT() REPRESENTATION_CONTEXT('2D SPACE',''
  ) );
#6247 = PCURVE('',#5680,#6248);
#6248 = DEFINITIONAL_REPRESENTATION('',(#6249),#6253);
#6249 = LINE('',#6250,#6251);
#6250 = CARTESIAN_POINT('',(0.,-44.));
#6251 = VECTOR('',#6252,1.);
#6252 = DIRECTION('',(1.,0.));
#6253 = ( GEOMETRIC_REPRESENTATION_CONTEXT(2) 
PARAMETRIC_REPRESENTATION_CONTEXT() REPRESENTATION_CONTEXT('2D SPACE',''
  ) );
#6254 = ORIENTED_EDGE('',*,*,#5379,.T.);
#6255 = ORIENTED_EDGE('',*,*,#6256,.F.);
#6256 = EDGE_CURVE('',#6257,#5382,#6259,.T.);
#6257 = VERTEX_POINT('',#6258);
#6258 = CARTESIAN_POINT('',(537.52822173508,37.947441116742,
    3.008941185811E+03));
#6259 = SURFACE_CURVE('',#6260,(#6264,#6271),.PCURVE_S1.);
#6260 = LINE('',#6261,#6262);
#6261 = CARTESIAN_POINT('',(537.52822173508,37.947441116742,2.965E+03));
#6262 = VECTOR('',#6263,1.);
#6263 = DIRECTION('',(0.,0.,1.));
#6264 = PCURVE('',#5572,#6265);
#6265 = DEFINITIONAL_REPRESENTATION('',(#6266),#6270);
#6266 = LINE('',#6267,#6268);
#6267 = CARTESIAN_POINT('',(0.,44.));
#6268 = VECTOR('',#6269,1.);
#6269 = DIRECTION('',(1.,0.));
#6270 = ( GEOMETRIC_REPRESENTATION_CONTEXT(2) 
PARAMETRIC_REPRESENTATION_CONTEXT() REPRESENTATION_CONTEXT('2D SPACE',''
  ) );
#6271 = PCURVE('',#5680,#6272);
#6272 = DEFINITIONAL_REPRESENTATION('',(#6273),#6277);
#6273 = LINE('',#6274,#6275);
#6274 = CARTESIAN_POINT('',(0.,-44.));
#6275 = VECTOR('',#6276,1.);
#6276 = DIRECTION('',(1.,0.));
#6277 = ( GEOMETRIC_REPRESENTATION_CONTEXT(2) 
PARAMETRIC_REPRESENTATION_CONTEXT() REPRESENTATION_CONTEXT('2D SPACE',''
  ) );
#6278 = ORIENTED_EDGE('',*,*,#6279,.F.);
#6279 = EDGE_CURVE('',#6233,#6257,#6280,.T.);
#6280 = SURFACE_CURVE('',#6281,(#6286,#6293),.PCURVE_S1.);
#6281 = CIRCLE('',#6282,19.781622553859);
#6282 = AXIS2_PLACEMENT_3D('',#6283,#6284,#6285);
#6283 = CARTESIAN_POINT('',(526.52822173508,37.947441116742,2.9925E+03)
  );
#6284 = DIRECTION('',(-0.,1.,0.));
#6285 = DIRECTION('',(0.,0.,1.));
#6286 = PCURVE('',#5572,#6287);
#6287 = DEFINITIONAL_REPRESENTATION('',(#6288),#6292);
#6288 = CIRCLE('',#6289,19.781622553859);
#6289 = AXIS2_PLACEMENT_2D('',#6290,#6291);
#6290 = CARTESIAN_POINT('',(27.5,33.));
#6291 = DIRECTION('',(1.,0.));
#6292 = ( GEOMETRIC_REPRESENTATION_CONTEXT(2) 
PARAMETRIC_REPRESENTATION_CONTEXT() REPRESENTATION_CONTEXT('2D SPACE',''
  ) );
#6293 = PCURVE('',#6294,#6299);
#6294 = SPHERICAL_SURFACE('',#6295,20.);
#6295 = AXIS2_PLACEMENT_3D('',#6296,#6297,#6298);
#6296 = CARTESIAN_POINT('',(526.52822173508,35.,2.9925E+03));
#6297 = DIRECTION('',(0.,0.,1.));
#6298 = DIRECTION('',(1.,0.,-0.));
#6299 = DEFINITIONAL_REPRESENTATION('',(#6300),#6485);
#6300 = B_SPLINE_CURVE_WITH_KNOTS('',8,(#6301,#6302,#6303,#6304,#6305,
    #6306,#6307,#6308,#6309,#6310,#6311,#6312,#6313,#6314,#6315,#6316,
    #6317,#6318,#6319,#6320,#6321,#6322,#6323,#6324,#6325,#6326,#6327,
    #6328,#6329,#6330,#6331,#6332,#6333,#6334,#6335,#6336,#6337,#6338,
    #6339,#6340,#6341,#6342,#6343,#6344,#6345,#6346,#6347,#6348,#6349,
    #6350,#6351,#6352,#6353,#6354,#6355,#6356,#6357,#6358,#6359,#6360,
    #6361,#6362,#6363,#6364,#6365,#6366,#6367,#6368,#6369,#6370,#6371,
    #6372,#6373,#6374,#6375,#6376,#6377,#6378,#6379,#6380,#6381,#6382,
    #6383,#6384,#6385,#6386,#6387,#6388,#6389,#6390,#6391,#6392,#6393,
    #6394,#6395,#6396,#6397,#6398,#6399,#6400,#6401,#6402,#6403,#6404,
    #6405,#6406,#6407,#6408,#6409,#6410,#6411,#6412,#6413,#6414,#6415,
    #6416,#6417,#6418,#6419,#6420,#6421,#6422,#6423,#6424,#6425,#6426,
    #6427,#6428,#6429,#6430,#6431,#6432,#6433,#6434,#6435,#6436,#6437,
    #6438,#6439,#6440,#6441,#6442,#6443,#6444,#6445,#6446,#6447,#6448,
    #6449,#6450,#6451,#6452,#6453,#6454,#6455,#6456,#6457,#6458,#6459,
    #6460,#6461,#6462,#6463,#6464,#6465,#6466,#6467,#6468,#6469,#6470,
    #6471,#6472,#6473,#6474,#6475,#6476,#6477,#6478,#6479,#6480,#6481,
    #6482,#6483,#6484),.UNSPECIFIED.,.F.,.F.,(9,7,7,7,7,7,7,7,7,7,7,7,7,
    7,7,7,7,7,7,7,7,7,7,7,7,7,9),(2.551940829562,2.821996848415,
    2.948585607252,3.009902037314,3.070260398156,3.12967565961,
    3.188162557604,3.245735597816,3.359082520735,3.468887352312,
    3.681634213493,3.88108439585,4.25505348777,4.909499398629,
    5.400333831774,5.584396744203,5.745451792578,5.886374959907,
    6.009682731319,6.117577031305,6.211984543793,6.29459111722,
    6.366871868968,6.430117526748,6.540797427863,6.706817279535,
    6.872837131207),.UNSPECIFIED.);
#6301 = CARTESIAN_POINT('',(6.54498469498,-0.965018219105));
#6302 = CARTESIAN_POINT('',(6.557598448347,-0.997624979499));
#6303 = CARTESIAN_POINT('',(6.571895084874,-1.030105772499));
#6304 = CARTESIAN_POINT('',(6.588224247491,-1.062433245912));
#6305 = CARTESIAN_POINT('',(6.607054376976,-1.094569966867));
#6306 = CARTESIAN_POINT('',(6.629019332235,-1.126466689918));
#6307 = CARTESIAN_POINT('',(6.655052412388,-1.15804626461));
#6308 = CARTESIAN_POINT('',(6.686523447013,-1.189199982394));
#6309 = CARTESIAN_POINT('',(6.744527618859,-1.233998158485));
#6310 = CARTESIAN_POINT('',(6.764802040516,-1.248151999967));
#6311 = CARTESIAN_POINT('',(6.787105183499,-1.262138986569));
#6312 = CARTESIAN_POINT('',(6.811761045278,-1.275929976978));
#6313 = CARTESIAN_POINT('',(6.839172479445,-1.289487892147));
#6314 = CARTESIAN_POINT('',(6.869836900902,-1.302764799185));
#6315 = CARTESIAN_POINT('',(6.904395363771,-1.315696251449));
#6316 = CARTESIAN_POINT('',(6.962618829127,-1.334245450493));
#6317 = CARTESIAN_POINT('',(6.982712688624,-1.340196255515));
#6318 = CARTESIAN_POINT('',(7.003989081899,-1.346034764233));
#6319 = CARTESIAN_POINT('',(7.026542408109,-1.351749418319));
#6320 = CARTESIAN_POINT('',(7.050474271447,-1.357327020346));
#6321 = CARTESIAN_POINT('',(7.075891472827,-1.362752495305));
#6322 = CARTESIAN_POINT('',(7.10290127703,-1.368008699247));
#6323 = CARTESIAN_POINT('',(7.159858154249,-1.378064669893));
#6324 = CARTESIAN_POINT('',(7.189752666775,-1.382870288601));
#6325 = CARTESIAN_POINT('',(7.221383033131,-1.387474681614));
#6326 = CARTESIAN_POINT('',(7.254837023085,-1.391857371784));
#6327 = CARTESIAN_POINT('',(7.290187924098,-1.395995809297));
#6328 = CARTESIAN_POINT('',(7.327480002971,-1.399865548768));
#6329 = CARTESIAN_POINT('',(7.366710658157,-1.403440937632));
#6330 = CARTESIAN_POINT('',(7.448274665468,-1.409901402613));
#6331 = CARTESIAN_POINT('',(7.490550031557,-1.412796393024));
#6332 = CARTESIAN_POINT('',(7.534576660216,-1.415357362348));
#6333 = CARTESIAN_POINT('',(7.58023348207,-1.417560391185));
#6334 = CARTESIAN_POINT('',(7.627324932618,-1.419383043788));
#6335 = CARTESIAN_POINT('',(7.675576390851,-1.420806512144));
#6336 = CARTESIAN_POINT('',(7.72464798111,-1.42181763862));
#6337 = CARTESIAN_POINT('',(7.822924228242,-1.422992591405));
#6338 = CARTESIAN_POINT('',(7.872114716362,-1.423169406445));
#6339 = CARTESIAN_POINT('',(7.92139466118,-1.422933823901));
#6340 = CARTESIAN_POINT('',(7.970386244825,-1.422285470692));
#6341 = CARTESIAN_POINT('',(8.018717667856,-1.421230917744));
#6342 = CARTESIAN_POINT('',(8.066060851301,-1.419782928653));
#6343 = CARTESIAN_POINT('',(8.112156581631,-1.417958792796));
#6344 = CARTESIAN_POINT('',(8.20076740266,-1.413632341217));
#6345 = CARTESIAN_POINT('',(8.243327258589,-1.411141070667));
#6346 = CARTESIAN_POINT('',(8.284305682336,-1.408323823567));
#6347 = CARTESIAN_POINT('',(8.323581023741,-1.405202349392));
#6348 = CARTESIAN_POINT('',(8.361095243901,-1.401799372189));
#6349 = CARTESIAN_POINT('',(8.396840772515,-1.398137300607));
#6350 = CARTESIAN_POINT('',(8.430843822478,-1.394237408755));
#6351 = CARTESIAN_POINT('',(8.526765504934,-1.382012590666));
#6352 = CARTESIAN_POINT('',(8.583816318283,-1.373060861897));
#6353 = CARTESIAN_POINT('',(8.634685711462,-1.363416042458));
#6354 = CARTESIAN_POINT('',(8.680106651769,-1.353208245097));
#6355 = CARTESIAN_POINT('',(8.720802876014,-1.342536212396));
#6356 = CARTESIAN_POINT('',(8.757407411086,-1.331478037695));
#6357 = CARTESIAN_POINT('',(8.790467684044,-1.320094965815));
#6358 = CARTESIAN_POINT('',(8.849487162993,-1.297141526862));
#6359 = CARTESIAN_POINT('',(8.875636007528,-1.285588125934));
#6360 = CARTESIAN_POINT('',(8.899313153343,-1.273820467412));
#6361 = CARTESIAN_POINT('',(8.920865103632,-1.26187228657));
#6362 = CARTESIAN_POINT('',(8.94057398338,-1.249769926366));
#6363 = CARTESIAN_POINT('',(8.958671389169,-1.23753448501));
#6364 = CARTESIAN_POINT('',(8.975351065397,-1.225183124942));
#6365 = CARTESIAN_POINT('',(9.020659724483,-1.188602139275));
#6366 = CARTESIAN_POINT('',(9.04583140815,-1.164092329891));
#6367 = CARTESIAN_POINT('',(9.067471818134,-1.139303667863));
#6368 = CARTESIAN_POINT('',(9.086327656017,-1.11429723559));
#6369 = CARTESIAN_POINT('',(9.102931693579,-1.089116721248));
#6370 = CARTESIAN_POINT('',(9.117675891149,-1.063793385441));
#6371 = CARTESIAN_POINT('',(9.130860309386,-1.038351198852));
#6372 = CARTESIAN_POINT('',(9.153837217255,-0.988862590151));
#6373 = CARTESIAN_POINT('',(9.163790216969,-0.964828319829));
#6374 = CARTESIAN_POINT('',(9.172771468252,-0.940721160437));
#6375 = CARTESIAN_POINT('',(9.180923920066,-0.916552317868));
#6376 = CARTESIAN_POINT('',(9.188359227012,-0.8923305164));
#6377 = CARTESIAN_POINT('',(9.195167398668,-0.868062786117));
#6378 = CARTESIAN_POINT('',(9.201421673511,-0.843754843374));
#6379 = CARTESIAN_POINT('',(9.217985659256,-0.773767623945));
#6380 = CARTESIAN_POINT('',(9.227055427646,-0.727999196699));
#6381 = CARTESIAN_POINT('',(9.234793966655,-0.682137602467));
#6382 = CARTESIAN_POINT('',(9.241449464829,-0.636202402618));
#6383 = CARTESIAN_POINT('',(9.247202793681,-0.590208139755));
#6384 = CARTESIAN_POINT('',(9.252185065435,-0.54416565035));
#6385 = CARTESIAN_POINT('',(9.25649678773,-0.498083594476));
#6386 = CARTESIAN_POINT('',(9.26672090975,-0.371268456435));
#6387 = CARTESIAN_POINT('',(9.27140853991,-0.290468267246));
#6388 = CARTESIAN_POINT('',(9.274688757315,-0.209606101996));
#6389 = CARTESIAN_POINT('',(9.276755828754,-0.128704884735));
#6390 = CARTESIAN_POINT('',(9.277721768907,-4.778357752866E-02));
#6391 = CARTESIAN_POINT('',(9.277618244654,3.314129619304E-02));
#6392 = CARTESIAN_POINT('',(9.276416442272,0.114052861072));
#6393 = CARTESIAN_POINT('',(9.272170536028,0.25558847439));
#6394 = CARTESIAN_POINT('',(9.269662110904,0.316227425851));
#6395 = CARTESIAN_POINT('',(9.266411975891,0.376838454311));
#6396 = CARTESIAN_POINT('',(9.262335708999,0.437411458482));
#6397 = CARTESIAN_POINT('',(9.257313074671,0.49793432853));
#6398 = CARTESIAN_POINT('',(9.25116303056,0.558390841324));
#6399 = CARTESIAN_POINT('',(9.243628259287,0.61875942976));
#6400 = CARTESIAN_POINT('',(9.230735269834,0.701595037506));
#6401 = CARTESIAN_POINT('',(9.226959958692,0.72416905623));
#6402 = CARTESIAN_POINT('',(9.222901544557,0.746723639094));
#6403 = CARTESIAN_POINT('',(9.218531814533,0.769256547523));
#6404 = CARTESIAN_POINT('',(9.213817750977,0.791765179607));
#6405 = CARTESIAN_POINT('',(9.20872009085,0.814246456623));
#6406 = CARTESIAN_POINT('',(9.203191097975,0.836696646023));
#6407 = CARTESIAN_POINT('',(9.191904442135,0.878723786444));
#6408 = CARTESIAN_POINT('',(9.18626171324,0.898309104499));
#6409 = CARTESIAN_POINT('',(9.180203767253,0.917863983111));
#6410 = CARTESIAN_POINT('',(9.173683786958,0.937384762891));
#6411 = CARTESIAN_POINT('',(9.166646591481,0.956867131425));
#6412 = CARTESIAN_POINT('',(9.15902589659,0.976305900116));
#6413 = CARTESIAN_POINT('',(9.150739976003,0.995694643488));
#6414 = CARTESIAN_POINT('',(9.133763252929,1.031939438699));
#6415 = CARTESIAN_POINT('',(9.125252506953,1.048809126106));
#6416 = CARTESIAN_POINT('',(9.116084274684,1.06562878232));
#6417 = CARTESIAN_POINT('',(9.106176632307,1.082391897215));
#6418 = CARTESIAN_POINT('',(9.095431065014,1.099090586515));
#6419 = CARTESIAN_POINT('',(9.083727738273,1.115715197862));
#6420 = CARTESIAN_POINT('',(9.070917456204,1.132253589222));
#6421 = CARTESIAN_POINT('',(9.044461934462,1.163071486402));
#6422 = CARTESIAN_POINT('',(9.031121177534,1.177374925401));
#6423 = CARTESIAN_POINT('',(9.016656899627,1.19158949295));
#6424 = CARTESIAN_POINT('',(9.000914409557,1.205702130555));
#6425 = CARTESIAN_POINT('',(8.983707027569,1.219696979583));
#6426 = CARTESIAN_POINT('',(8.964805069428,1.233554223362));
#6427 = CARTESIAN_POINT('',(8.943919786193,1.247248138139));
#6428 = CARTESIAN_POINT('',(8.900349423952,1.272553540763));
#6429 = CARTESIAN_POINT('',(8.878215637438,1.284211352396));
#6430 = CARTESIAN_POINT('',(8.854033573255,1.295694699339));
#6431 = CARTESIAN_POINT('',(8.827509212474,1.306975313425));
#6432 = CARTESIAN_POINT('',(8.79828907687,1.31801795564));
#6433 = CARTESIAN_POINT('',(8.765952334912,1.328778289575));
#6434 = CARTESIAN_POINT('',(8.729989875372,1.339198712767));
#6435 = CARTESIAN_POINT('',(8.654726167595,1.357959134542));
#6436 = CARTESIAN_POINT('',(8.616404120136,1.366396365649));
#6437 = CARTESIAN_POINT('',(8.574513661502,1.374465774369));
#6438 = CARTESIAN_POINT('',(8.528657065833,1.382106938744));
#6439 = CARTESIAN_POINT('',(8.478445078941,1.389247531171));
#6440 = CARTESIAN_POINT('',(8.423523561363,1.395801080996));
#6441 = CARTESIAN_POINT('',(8.36376761336,1.401668689597));
#6442 = CARTESIAN_POINT('',(8.243140000685,1.411202339502));
#6443 = CARTESIAN_POINT('',(8.183341474055,1.415051899577));
#6444 = CARTESIAN_POINT('',(8.12020766364,1.418236885082));
#6445 = CARTESIAN_POINT('',(8.054132601493,1.420693481809));
#6446 = CARTESIAN_POINT('',(7.985791254885,1.422364890042));
#6447 = CARTESIAN_POINT('',(7.916208617765,1.423215216103));
#6448 = CARTESIAN_POINT('',(7.846475795656,1.423237740396));
#6449 = CARTESIAN_POINT('',(7.71730121604,1.421760025319));
#6450 = CARTESIAN_POINT('',(7.657662683435,1.420449783739));
#6451 = CARTESIAN_POINT('',(7.599329879776,1.418530453116));
#6452 = CARTESIAN_POINT('',(7.542907265879,1.416027719973));
#6453 = CARTESIAN_POINT('',(7.488845558167,1.412979676687));
#6454 = CARTESIAN_POINT('',(7.437400907992,1.409430001384));
#6455 = CARTESIAN_POINT('',(7.388691094924,1.40542330947));
#6456 = CARTESIAN_POINT('',(7.30251370797,1.397134694239));
#6457 = CARTESIAN_POINT('',(7.264401918758,1.392949768194));
#6458 = CARTESIAN_POINT('',(7.228404158948,1.38847686682));
#6459 = CARTESIAN_POINT('',(7.194469044291,1.383743880159));
#6460 = CARTESIAN_POINT('',(7.162508101634,1.378776629543));
#6461 = CARTESIAN_POINT('',(7.132413844675,1.373598332833));
#6462 = CARTESIAN_POINT('',(7.104071925433,1.368229563391));
#6463 = CARTESIAN_POINT('',(7.030634374375,1.352992196641));
#6464 = CARTESIAN_POINT('',(6.98891575797,1.342768627906));
#6465 = CARTESIAN_POINT('',(6.95159498464,1.332116260759));
#6466 = CARTESIAN_POINT('',(6.918050234702,1.321111448451));
#6467 = CARTESIAN_POINT('',(6.88776076665,1.30981222693));
#6468 = CARTESIAN_POINT('',(6.860286272932,1.298264461437));
#6469 = CARTESIAN_POINT('',(6.835260803143,1.28650454753));
#6470 = CARTESIAN_POINT('',(6.778051962335,1.256648115703));
#6471 = CARTESIAN_POINT('',(6.748546121123,1.238323282522));
#6472 = CARTESIAN_POINT('',(6.722823083287,1.219686878928));
#6473 = CARTESIAN_POINT('',(6.700150395489,1.200803327054));
#6474 = CARTESIAN_POINT('',(6.679990961633,1.181718596055));
#6475 = CARTESIAN_POINT('',(6.661935387405,1.162467450062));
#6476 = CARTESIAN_POINT('',(6.645663021431,1.143076209425));
#6477 = CARTESIAN_POINT('',(6.616175370132,1.10405542874));
#6478 = CARTESIAN_POINT('',(6.60296003293,1.084425879602));
#6479 = CARTESIAN_POINT('',(6.591018352104,1.064698036831));
#6480 = CARTESIAN_POINT('',(6.580160356157,1.044887163309));
#6481 = CARTESIAN_POINT('',(6.570237386205,1.025005096259));
#6482 = CARTESIAN_POINT('',(6.561129558944,1.005061335698));
#6483 = CARTESIAN_POINT('',(6.552739135973,0.985063576905));
#6484 = CARTESIAN_POINT('',(6.54498469498,0.965018219105));
#6485 = ( GEOMETRIC_REPRESENTATION_CONTEXT(2) 
PARAMETRIC_REPRESENTATION_CONTEXT() REPRESENTATION_CONTEXT('2D SPACE',''
  ) );
#6486 = ADVANCED_FACE('',(#6487),#5680,.F.);
#6487 = FACE_BOUND('',#6488,.F.);
#6488 = EDGE_LOOP('',(#6489,#6490,#6491,#6492));
#6489 = ORIENTED_EDGE('',*,*,#6256,.T.);
#6490 = ORIENTED_EDGE('',*,*,#5584,.T.);
#6491 = ORIENTED_EDGE('',*,*,#6232,.T.);
#6492 = ORIENTED_EDGE('',*,*,#6493,.F.);
#6493 = EDGE_CURVE('',#6257,#6233,#6494,.T.);
#6494 = SURFACE_CURVE('',#6495,(#6500,#6507),.PCURVE_S1.);
#6495 = CIRCLE('',#6496,16.70329308849);
#6496 = AXIS2_PLACEMENT_3D('',#6497,#6498,#6499);
#6497 = CARTESIAN_POINT('',(537.52822173508,35.,2.9925E+03));
#6498 = DIRECTION('',(1.,0.,0.));
#6499 = DIRECTION('',(-0.,0.176458683992,0.984308047739));
#6500 = PCURVE('',#5680,#6501);
#6501 = DEFINITIONAL_REPRESENTATION('',(#6502),#6506);
#6502 = CIRCLE('',#6503,16.70329308849);
#6503 = AXIS2_PLACEMENT_2D('',#6504,#6505);
#6504 = CARTESIAN_POINT('',(27.5,-41.05255888325));
#6505 = DIRECTION('',(0.984308047739,-0.176458683992));
#6506 = ( GEOMETRIC_REPRESENTATION_CONTEXT(2) 
PARAMETRIC_REPRESENTATION_CONTEXT() REPRESENTATION_CONTEXT('2D SPACE',''
  ) );
#6507 = PCURVE('',#6294,#6508);
#6508 = DEFINITIONAL_REPRESENTATION('',(#6509),#6586);
#6509 = B_SPLINE_CURVE_WITH_KNOTS('',8,(#6510,#6511,#6512,#6513,#6514,
    #6515,#6516,#6517,#6518,#6519,#6520,#6521,#6522,#6523,#6524,#6525,
    #6526,#6527,#6528,#6529,#6530,#6531,#6532,#6533,#6534,#6535,#6536,
    #6537,#6538,#6539,#6540,#6541,#6542,#6543,#6544,#6545,#6546,#6547,
    #6548,#6549,#6550,#6551,#6552,#6553,#6554,#6555,#6556,#6557,#6558,
    #6559,#6560,#6561,#6562,#6563,#6564,#6565,#6566,#6567,#6568,#6569,
    #6570,#6571,#6572,#6573,#6574,#6575,#6576,#6577,#6578,#6579,#6580,
    #6581,#6582,#6583,#6584,#6585),.UNSPECIFIED.,.F.,.F.,(9,6,7,7,7,7,7,
    7,7,7,5,9),(0.,0.177387510405,0.373737051254,0.741892440347,
    1.064028405803,1.627766345351,2.050569800012,2.367672391007,
    2.843326277501,3.081153220748,3.318980163995,3.496367674399),
  .UNSPECIFIED.);
#6510 = CARTESIAN_POINT('',(6.544984694977,0.965018219102));
#6511 = CARTESIAN_POINT('',(6.514063158893,0.970757127359));
#6512 = CARTESIAN_POINT('',(6.482415584034,0.975739140275));
#6513 = CARTESIAN_POINT('',(6.450126387437,0.979935213537));
#6514 = CARTESIAN_POINT('',(6.417298863165,0.983319774229));
#6515 = CARTESIAN_POINT('',(6.384053686081,0.985872374686));
#6516 = CARTESIAN_POINT('',(6.350525166672,0.98757886568));
#6517 = CARTESIAN_POINT('',(6.279586138214,0.989376524116));
#6518 = CARTESIAN_POINT('',(6.208647047743,0.987386690981));
#6519 = CARTESIAN_POINT('',(6.171569832072,0.985295903268));
#6520 = CARTESIAN_POINT('',(6.134876723004,0.982170335884));
#6521 = CARTESIAN_POINT('',(6.098747834326,0.978031314059));
#6522 = CARTESIAN_POINT('',(6.063340793537,0.972909334478));
#6523 = CARTESIAN_POINT('',(6.028784686352,0.966841721704));
#6524 = CARTESIAN_POINT('',(5.932173251081,0.94679900411));
#6525 = CARTESIAN_POINT('',(5.872513084988,0.930550379552));
#6526 = CARTESIAN_POINT('',(5.816866664964,0.911400313616));
#6527 = CARTESIAN_POINT('',(5.765552414199,0.889681803995));
#6528 = CARTESIAN_POINT('',(5.718529282648,0.865729423058));
#6529 = CARTESIAN_POINT('',(5.67560364742,0.839840169047));
#6530 = CARTESIAN_POINT('',(5.636504525718,0.812275005215));
#6531 = CARTESIAN_POINT('',(5.569818670355,0.757868112368));
#6532 = CARTESIAN_POINT('',(5.541403810513,0.731366665629));
#6533 = CARTESIAN_POINT('',(5.515497539207,0.703903895646));
#6534 = CARTESIAN_POINT('',(5.491889892702,0.675608660511));
#6535 = CARTESIAN_POINT('',(5.470382330821,0.646589973402));
#6536 = CARTESIAN_POINT('',(5.450795695464,0.616940315142));
#6537 = CARTESIAN_POINT('',(5.432970056367,0.586739149383));
#6538 = CARTESIAN_POINT('',(5.388406543583,0.502357924559));
#6539 = CARTESIAN_POINT('',(5.365011399416,0.447181864491));
#6540 = CARTESIAN_POINT('',(5.345827224761,0.390894702192));
#6541 = CARTESIAN_POINT('',(5.330283843721,0.33376334881));
#6542 = CARTESIAN_POINT('',(5.317977295342,0.275995672263));
#6543 = CARTESIAN_POINT('',(5.30861941385,0.217763471217));
#6544 = CARTESIAN_POINT('',(5.302024224928,0.159216480076));
#6545 = CARTESIAN_POINT('',(5.295150485973,5.645324099043E-02));
#6546 = CARTESIAN_POINT('',(5.293704987908,1.231351206589E-02));
#6547 = CARTESIAN_POINT('',(5.29371971606,-3.186562066136E-02));
#6548 = CARTESIAN_POINT('',(5.295183464849,-7.602809093364E-02));
#6549 = CARTESIAN_POINT('',(5.298112006503,-0.120118340754));
#6550 = CARTESIAN_POINT('',(5.302548421152,-0.164078636836));
#6551 = CARTESIAN_POINT('',(5.308565737465,-0.207846065926));
#6552 = CARTESIAN_POINT('',(5.322051493617,-0.283976566311));
#6553 = CARTESIAN_POINT('',(5.328781060631,-0.316455247868));
#6554 = CARTESIAN_POINT('',(5.336506170972,-0.34875510309));
#6555 = CARTESIAN_POINT('',(5.345283333766,-0.38084315203));
#6556 = CARTESIAN_POINT('',(5.355181385358,-0.412682772299));
#6557 = CARTESIAN_POINT('',(5.366283054602,-0.444232521267));
#6558 = CARTESIAN_POINT('',(5.378686689283,-0.475444593551));
#6559 = CARTESIAN_POINT('',(5.413240325209,-0.552490394133));
#6560 = CARTESIAN_POINT('',(5.437162587457,-0.597831937305));
#6561 = CARTESIAN_POINT('',(5.464665543291,-0.642098100148));
#6562 = CARTESIAN_POINT('',(5.496227928344,-0.685057954732));
#6563 = CARTESIAN_POINT('',(5.532425172233,-0.72642123531));
#6564 = CARTESIAN_POINT('',(5.573931854061,-0.76582383507));
#6565 = CARTESIAN_POINT('',(5.621488942279,-0.802785651109));
#6566 = CARTESIAN_POINT('',(5.702643393645,-0.853700823568));
#6567 = CARTESIAN_POINT('',(5.731331340563,-0.869917962125));
#6568 = CARTESIAN_POINT('',(5.761717857768,-0.885308314762));
#6569 = CARTESIAN_POINT('',(5.793849412731,-0.899793697308));
#6570 = CARTESIAN_POINT('',(5.827748856516,-0.913290419512));
#6571 = CARTESIAN_POINT('',(5.863400786169,-0.925711226053));
#6572 = CARTESIAN_POINT('',(5.900737279184,-0.936969007182));
#6573 = CARTESIAN_POINT('',(5.978524786732,-0.956996163597));
#6574 = CARTESIAN_POINT('',(6.018975871785,-0.965765534556));
#6575 = CARTESIAN_POINT('',(6.06085674297,-0.973209499056));
#6576 = CARTESIAN_POINT('',(6.103982302251,-0.979252687758));
#6577 = CARTESIAN_POINT('',(6.148100343582,-0.983830970011));
#6578 = CARTESIAN_POINT('',(6.226317121897,-0.989186254462));
#6579 = CARTESIAN_POINT('',(6.305572833883,-0.989866771163));
#6580 = CARTESIAN_POINT('',(6.384053686081,-0.985872374686));
#6581 = CARTESIAN_POINT('',(6.417298863165,-0.983319774229));
#6582 = CARTESIAN_POINT('',(6.450126387437,-0.979935213537));
#6583 = CARTESIAN_POINT('',(6.482415584034,-0.975739140275));
#6584 = CARTESIAN_POINT('',(6.514063158893,-0.970757127359));
#6585 = CARTESIAN_POINT('',(6.544984694977,-0.965018219102));
#6586 = ( GEOMETRIC_REPRESENTATION_CONTEXT(2) 
PARAMETRIC_REPRESENTATION_CONTEXT() REPRESENTATION_CONTEXT('2D SPACE',''
  ) );
#6587 = ADVANCED_FACE('',(#6588,#6592),#5935,.F.);
#6588 = FACE_BOUND('',#6589,.F.);
#6589 = EDGE_LOOP('',(#6590,#6591));
#6590 = ORIENTED_EDGE('',*,*,#5920,.T.);
#6591 = ORIENTED_EDGE('',*,*,#6026,.F.);
#6592 = FACE_BOUND('',#6593,.F.);
#6593 = EDGE_LOOP('',(#6594));
#6594 = ORIENTED_EDGE('',*,*,#6595,.T.);
#6595 = EDGE_CURVE('',#6596,#6596,#6598,.T.);
#6596 = VERTEX_POINT('',#6597);
#6597 = CARTESIAN_POINT('',(629.3371194089,27.243496093016,2.9925E+03));
#6598 = SURFACE_CURVE('',#6599,(#6604,#6652),.PCURVE_S1.);
#6599 = CIRCLE('',#6600,2.5);
#6600 = AXIS2_PLACEMENT_3D('',#6601,#6602,#6603);
#6601 = CARTESIAN_POINT('',(630.58711940882,25.078432583508,2.9925E+03)
  );
#6602 = DIRECTION('',(0.866025403784,0.5,0.));
#6603 = DIRECTION('',(-0.5,0.866025403784,0.));
#6604 = PCURVE('',#5935,#6605);
#6605 = DEFINITIONAL_REPRESENTATION('',(#6606),#6651);
#6606 = B_SPLINE_CURVE_WITH_KNOTS('',8,(#6607,#6608,#6609,#6610,#6611,
    #6612,#6613,#6614,#6615,#6616,#6617,#6618,#6619,#6620,#6621,#6622,
    #6623,#6624,#6625,#6626,#6627,#6628,#6629,#6630,#6631,#6632,#6633,
    #6634,#6635,#6636,#6637,#6638,#6639,#6640,#6641,#6642,#6643,#6644,
    #6645,#6646,#6647,#6648,#6649,#6650),.UNSPECIFIED.,.T.,.F.,(9,7,7,7,
    7,7,9),(0.,0.785398163397,2.159844949343,3.190680038802,
    3.963806355897,5.123495831538,6.28318530718),.UNSPECIFIED.);
#6607 = CARTESIAN_POINT('',(3.53986359802,0.));
#6608 = CARTESIAN_POINT('',(3.53986359802,1.227184630309E-02));
#6609 = CARTESIAN_POINT('',(3.541229722704,2.454368881581E-02));
#6610 = CARTESIAN_POINT('',(3.543961848405,3.663812398775E-02));
#6611 = CARTESIAN_POINT('',(3.548034721676,4.837771505715E-02));
#6612 = CARTESIAN_POINT('',(3.553397369557,5.958972883739E-02));
#6613 = CARTESIAN_POINT('',(3.559973326212,7.011090258998E-02));
#6614 = CARTESIAN_POINT('',(3.567661675964,7.979224098433E-02));
#6615 = CARTESIAN_POINT('',(3.591524076975,0.103749146923));
#6616 = CARTESIAN_POINT('',(3.60973785538,0.116024626759));
#6617 = CARTESIAN_POINT('',(3.630318564808,0.124633758161));
#6618 = CARTESIAN_POINT('',(3.652399028117,0.129058829807));
#6619 = CARTESIAN_POINT('',(3.67493980015,0.129031946072));
#6620 = CARTESIAN_POINT('',(3.696851968538,0.124606218106));
#6621 = CARTESIAN_POINT('',(3.717162892909,0.116117981865));
#6622 = CARTESIAN_POINT('',(3.748505097316,9.512455166144E-02));
#6623 = CARTESIAN_POINT('',(3.760586894436,8.415412971983E-02));
#6624 = CARTESIAN_POINT('',(3.770980932695,7.144431421978E-02));
#6625 = CARTESIAN_POINT('',(3.779405667814,5.729840498491E-02));
#6626 = CARTESIAN_POINT('',(3.785652061448,4.207254030264E-02));
#6627 = CARTESIAN_POINT('',(3.78958743787,2.615648790955E-02));
#6628 = CARTESIAN_POINT('',(3.791154024438,9.954201788228E-03));
#6629 = CARTESIAN_POINT('',(3.789781755073,-1.819927239962E-02));
#6630 = CARTESIAN_POINT('',(3.787871318415,-3.020059491902E-02));
#6631 = CARTESIAN_POINT('',(3.78464626732,-4.196843035223E-02));
#6632 = CARTESIAN_POINT('',(3.7801378893,-5.333479740238E-02));
#6633 = CARTESIAN_POINT('',(3.774401617138,-6.413718567544E-02));
#6634 = CARTESIAN_POINT('',(3.76751673847,-7.422297612049E-02));
#6635 = CARTESIAN_POINT('',(3.759585250444,-8.345386466413E-02));
#6636 = CARTESIAN_POINT('',(3.737446772897,-0.104094925602));
#6637 = CARTESIAN_POINT('',(3.722084779053,-0.114286950862));
#6638 = CARTESIAN_POINT('',(3.705058042817,-0.121883024576));
#6639 = CARTESIAN_POINT('',(3.686881777318,-0.126572842898));
#6640 = CARTESIAN_POINT('',(3.668157952263,-0.128173774799));
#6641 = CARTESIAN_POINT('',(3.649522802169,-0.126652506336));
#6642 = CARTESIAN_POINT('',(3.631585328587,-0.122126380426));
#6643 = CARTESIAN_POINT('',(3.598186652265,-0.107547859092));
#6644 = CARTESIAN_POINT('',(3.58272551593,-9.749555622086E-02));
#6645 = CARTESIAN_POINT('',(3.569043080654,-8.492208222407E-02));
#6646 = CARTESIAN_POINT('',(3.557613002573,-7.019615459975E-02));
#6647 = CARTESIAN_POINT('',(3.548798861933,-5.378914621187E-02));
#6648 = CARTESIAN_POINT('',(3.542842020448,-3.624033334551E-02));
#6649 = CARTESIAN_POINT('',(3.53986359802,-1.81201480569E-02));
#6650 = CARTESIAN_POINT('',(3.53986359802,0.));
#6651 = ( GEOMETRIC_REPRESENTATION_CONTEXT(2) 
PARAMETRIC_REPRESENTATION_CONTEXT() REPRESENTATION_CONTEXT('2D SPACE',''
  ) );
#6652 = PCURVE('',#6653,#6658);
#6653 = CYLINDRICAL_SURFACE('',#6654,2.5);
#6654 = AXIS2_PLACEMENT_3D('',#6655,#6656,#6657);
#6655 = CARTESIAN_POINT('',(587.15,0.,2.9925E+03));
#6656 = DIRECTION('',(0.866025403784,0.5,0.));
#6657 = DIRECTION('',(-0.5,0.866025403784,0.));
#6658 = DEFINITIONAL_REPRESENTATION('',(#6659),#6663);
#6659 = LINE('',#6660,#6661);
#6660 = CARTESIAN_POINT('',(0.,50.156865167016));
#6661 = VECTOR('',#6662,1.);
#6662 = DIRECTION('',(1.,0.));
#6663 = ( GEOMETRIC_REPRESENTATION_CONTEXT(2) 
PARAMETRIC_REPRESENTATION_CONTEXT() REPRESENTATION_CONTEXT('2D SPACE',''
  ) );
#6664 = ADVANCED_FACE('',(#6665,#6669),#6294,.F.);
#6665 = FACE_BOUND('',#6666,.F.);
#6666 = EDGE_LOOP('',(#6667,#6668));
#6667 = ORIENTED_EDGE('',*,*,#6493,.T.);
#6668 = ORIENTED_EDGE('',*,*,#6279,.T.);
#6669 = FACE_BOUND('',#6670,.F.);
#6670 = EDGE_LOOP('',(#6671));
#6671 = ORIENTED_EDGE('',*,*,#6672,.T.);
#6672 = EDGE_CURVE('',#6673,#6673,#6675,.T.);
#6673 = VERTEX_POINT('',#6674);
#6674 = CARTESIAN_POINT('',(542.46288059117,22.913369074047,2.9925E+03)
  );
#6675 = SURFACE_CURVE('',#6676,(#6681,#6729),.PCURVE_S1.);
#6676 = CIRCLE('',#6677,2.5);
#6677 = AXIS2_PLACEMENT_3D('',#6678,#6679,#6680);
#6678 = CARTESIAN_POINT('',(543.71288059117,25.078432583508,2.9925E+03)
  );
#6679 = DIRECTION('',(-0.866025403784,0.5,0.));
#6680 = DIRECTION('',(-0.5,-0.866025403784,0.));
#6681 = PCURVE('',#6294,#6682);
#6682 = DEFINITIONAL_REPRESENTATION('',(#6683),#6728);
#6683 = B_SPLINE_CURVE_WITH_KNOTS('',8,(#6684,#6685,#6686,#6687,#6688,
    #6689,#6690,#6691,#6692,#6693,#6694,#6695,#6696,#6697,#6698,#6699,
    #6700,#6701,#6702,#6703,#6704,#6705,#6706,#6707,#6708,#6709,#6710,
    #6711,#6712,#6713,#6714,#6715,#6716,#6717,#6718,#6719,#6720,#6721,
    #6722,#6723,#6724,#6725,#6726,#6727),.UNSPECIFIED.,.T.,.F.,(9,7,7,7,
    7,7,9),(0.,0.785398163397,2.159844949343,3.190680038802,
    3.963806355897,5.123495831538,6.28318530718),.UNSPECIFIED.);
#6684 = CARTESIAN_POINT('',(5.634258700413,0.));
#6685 = CARTESIAN_POINT('',(5.634258700413,1.227184630309E-02));
#6686 = CARTESIAN_POINT('',(5.635624825098,2.454368881581E-02));
#6687 = CARTESIAN_POINT('',(5.638356950798,3.663812398775E-02));
#6688 = CARTESIAN_POINT('',(5.642429824069,4.837771505715E-02));
#6689 = CARTESIAN_POINT('',(5.64779247195,5.958972883739E-02));
#6690 = CARTESIAN_POINT('',(5.654368428606,7.011090258998E-02));
#6691 = CARTESIAN_POINT('',(5.662056778357,7.979224098433E-02));
#6692 = CARTESIAN_POINT('',(5.685919179368,0.103749146923));
#6693 = CARTESIAN_POINT('',(5.704132957764,0.116024626759));
#6694 = CARTESIAN_POINT('',(5.724713667234,0.124633758161));
#6695 = CARTESIAN_POINT('',(5.746794130479,0.129058829807));
#6696 = CARTESIAN_POINT('',(5.769334902572,0.129031946072));
#6697 = CARTESIAN_POINT('',(5.791247070922,0.124606218106));
#6698 = CARTESIAN_POINT('',(5.811557995302,0.116117981865));
#6699 = CARTESIAN_POINT('',(5.84290019971,9.512455166144E-02));
#6700 = CARTESIAN_POINT('',(5.854981996829,8.415412971983E-02));
#6701 = CARTESIAN_POINT('',(5.865376035089,7.14443142198E-02));
#6702 = CARTESIAN_POINT('',(5.873800770207,5.729840498491E-02));
#6703 = CARTESIAN_POINT('',(5.88004716384,4.207254030263E-02));
#6704 = CARTESIAN_POINT('',(5.883982540263,2.615648790956E-02));
#6705 = CARTESIAN_POINT('',(5.885549126831,9.954201788228E-03));
#6706 = CARTESIAN_POINT('',(5.884176857466,-1.819927239962E-02));
#6707 = CARTESIAN_POINT('',(5.882266420808,-3.020059491902E-02));
#6708 = CARTESIAN_POINT('',(5.879041369713,-4.196843035223E-02));
#6709 = CARTESIAN_POINT('',(5.874532991693,-5.333479740238E-02));
#6710 = CARTESIAN_POINT('',(5.868796719531,-6.413718567544E-02));
#6711 = CARTESIAN_POINT('',(5.861911840863,-7.422297612049E-02));
#6712 = CARTESIAN_POINT('',(5.853980352838,-8.345386466413E-02));
#6713 = CARTESIAN_POINT('',(5.83184187529,-0.104094925602));
#6714 = CARTESIAN_POINT('',(5.816479881445,-0.114286950862));
#6715 = CARTESIAN_POINT('',(5.799453145212,-0.121883024576));
#6716 = CARTESIAN_POINT('',(5.781276879713,-0.126572842898));
#6717 = CARTESIAN_POINT('',(5.762553054656,-0.128173774799));
#6718 = CARTESIAN_POINT('',(5.743917904562,-0.126652506336));
#6719 = CARTESIAN_POINT('',(5.72598043098,-0.122126380426));
#6720 = CARTESIAN_POINT('',(5.692581754658,-0.107547859092));
#6721 = CARTESIAN_POINT('',(5.677120618323,-9.749555622085E-02));
#6722 = CARTESIAN_POINT('',(5.663438183047,-8.492208222409E-02));
#6723 = CARTESIAN_POINT('',(5.652008104965,-7.019615459975E-02));
#6724 = CARTESIAN_POINT('',(5.643193964324,-5.378914621184E-02));
#6725 = CARTESIAN_POINT('',(5.637237122841,-3.624033334551E-02));
#6726 = CARTESIAN_POINT('',(5.634258700413,-1.81201480569E-02));
#6727 = CARTESIAN_POINT('',(5.634258700413,0.));
#6728 = ( GEOMETRIC_REPRESENTATION_CONTEXT(2) 
PARAMETRIC_REPRESENTATION_CONTEXT() REPRESENTATION_CONTEXT('2D SPACE',''
  ) );
#6729 = PCURVE('',#6730,#6735);
#6730 = CYLINDRICAL_SURFACE('',#6731,2.5);
#6731 = AXIS2_PLACEMENT_3D('',#6732,#6733,#6734);
#6732 = CARTESIAN_POINT('',(587.15,0.,2.9925E+03));
#6733 = DIRECTION('',(-0.866025403784,0.5,0.));
#6734 = DIRECTION('',(-0.5,-0.866025403784,0.));
#6735 = DEFINITIONAL_REPRESENTATION('',(#6736),#6740);
#6736 = LINE('',#6737,#6738);
#6737 = CARTESIAN_POINT('',(0.,50.156865167016));
#6738 = VECTOR('',#6739,1.);
#6739 = DIRECTION('',(1.,0.));
#6740 = ( GEOMETRIC_REPRESENTATION_CONTEXT(2) 
PARAMETRIC_REPRESENTATION_CONTEXT() REPRESENTATION_CONTEXT('2D SPACE',''
  ) );
#6741 = ADVANCED_FACE('',(#6742),#6653,.T.);
#6742 = FACE_BOUND('',#6743,.T.);
#6743 = EDGE_LOOP('',(#6744,#6745,#6768,#6795));
#6744 = ORIENTED_EDGE('',*,*,#6595,.T.);
#6745 = ORIENTED_EDGE('',*,*,#6746,.T.);
#6746 = EDGE_CURVE('',#6596,#6747,#6749,.T.);
#6747 = VERTEX_POINT('',#6748);
#6748 = CARTESIAN_POINT('',(646.52177826491,37.165063509461,2.9925E+03)
  );
#6749 = SEAM_CURVE('',#6750,(#6754,#6761),.PCURVE_S1.);
#6750 = LINE('',#6751,#6752);
#6751 = CARTESIAN_POINT('',(585.9,2.165063509461,2.9925E+03));
#6752 = VECTOR('',#6753,1.);
#6753 = DIRECTION('',(0.866025403784,0.5,-1.232595164408E-32));
#6754 = PCURVE('',#6653,#6755);
#6755 = DEFINITIONAL_REPRESENTATION('',(#6756),#6760);
#6756 = LINE('',#6757,#6758);
#6757 = CARTESIAN_POINT('',(0.,-0.));
#6758 = VECTOR('',#6759,1.);
#6759 = DIRECTION('',(0.,1.));
#6760 = ( GEOMETRIC_REPRESENTATION_CONTEXT(2) 
PARAMETRIC_REPRESENTATION_CONTEXT() REPRESENTATION_CONTEXT('2D SPACE',''
  ) );
#6761 = PCURVE('',#6653,#6762);
#6762 = DEFINITIONAL_REPRESENTATION('',(#6763),#6767);
#6763 = LINE('',#6764,#6765);
#6764 = CARTESIAN_POINT('',(6.28318530718,-0.));
#6765 = VECTOR('',#6766,1.);
#6766 = DIRECTION('',(0.,1.));
#6767 = ( GEOMETRIC_REPRESENTATION_CONTEXT(2) 
PARAMETRIC_REPRESENTATION_CONTEXT() REPRESENTATION_CONTEXT('2D SPACE',''
  ) );
#6768 = ORIENTED_EDGE('',*,*,#6769,.F.);
#6769 = EDGE_CURVE('',#6747,#6747,#6770,.T.);
#6770 = SURFACE_CURVE('',#6771,(#6776,#6783),.PCURVE_S1.);
#6771 = CIRCLE('',#6772,2.5);
#6772 = AXIS2_PLACEMENT_3D('',#6773,#6774,#6775);
#6773 = CARTESIAN_POINT('',(647.77177826491,35.,2.9925E+03));
#6774 = DIRECTION('',(0.866025403784,0.5,0.));
#6775 = DIRECTION('',(-0.5,0.866025403784,0.));
#6776 = PCURVE('',#6653,#6777);
#6777 = DEFINITIONAL_REPRESENTATION('',(#6778),#6782);
#6778 = LINE('',#6779,#6780);
#6779 = CARTESIAN_POINT('',(0.,70.));
#6780 = VECTOR('',#6781,1.);
#6781 = DIRECTION('',(1.,0.));
#6782 = ( GEOMETRIC_REPRESENTATION_CONTEXT(2) 
PARAMETRIC_REPRESENTATION_CONTEXT() REPRESENTATION_CONTEXT('2D SPACE',''
  ) );
#6783 = PCURVE('',#6784,#6789);
#6784 = PLANE('',#6785);
#6785 = AXIS2_PLACEMENT_3D('',#6786,#6787,#6788);
#6786 = CARTESIAN_POINT('',(647.77177826491,35.,2.9925E+03));
#6787 = DIRECTION('',(0.866025403784,0.5,0.));
#6788 = DIRECTION('',(-0.5,0.866025403784,0.));
#6789 = DEFINITIONAL_REPRESENTATION('',(#6790),#6794);
#6790 = CIRCLE('',#6791,2.5);
#6791 = AXIS2_PLACEMENT_2D('',#6792,#6793);
#6792 = CARTESIAN_POINT('',(0.,0.));
#6793 = DIRECTION('',(1.,0.));
#6794 = ( GEOMETRIC_REPRESENTATION_CONTEXT(2) 
PARAMETRIC_REPRESENTATION_CONTEXT() REPRESENTATION_CONTEXT('2D SPACE',''
  ) );
#6795 = ORIENTED_EDGE('',*,*,#6746,.F.);
#6796 = ADVANCED_FACE('',(#6797),#6730,.T.);
#6797 = FACE_BOUND('',#6798,.T.);
#6798 = EDGE_LOOP('',(#6799,#6800,#6823,#6850));
#6799 = ORIENTED_EDGE('',*,*,#6672,.T.);
#6800 = ORIENTED_EDGE('',*,*,#6801,.T.);
#6801 = EDGE_CURVE('',#6673,#6802,#6804,.T.);
#6802 = VERTEX_POINT('',#6803);
#6803 = CARTESIAN_POINT('',(525.27822173508,32.834936490539,2.9925E+03)
  );
#6804 = SEAM_CURVE('',#6805,(#6809,#6816),.PCURVE_S1.);
#6805 = LINE('',#6806,#6807);
#6806 = CARTESIAN_POINT('',(585.9,-2.165063509461,2.9925E+03));
#6807 = VECTOR('',#6808,1.);
#6808 = DIRECTION('',(-0.866025403784,0.5,1.232595164408E-32));
#6809 = PCURVE('',#6730,#6810);
#6810 = DEFINITIONAL_REPRESENTATION('',(#6811),#6815);
#6811 = LINE('',#6812,#6813);
#6812 = CARTESIAN_POINT('',(0.,-0.));
#6813 = VECTOR('',#6814,1.);
#6814 = DIRECTION('',(0.,1.));
#6815 = ( GEOMETRIC_REPRESENTATION_CONTEXT(2) 
PARAMETRIC_REPRESENTATION_CONTEXT() REPRESENTATION_CONTEXT('2D SPACE',''
  ) );
#6816 = PCURVE('',#6730,#6817);
#6817 = DEFINITIONAL_REPRESENTATION('',(#6818),#6822);
#6818 = LINE('',#6819,#6820);
#6819 = CARTESIAN_POINT('',(6.28318530718,-0.));
#6820 = VECTOR('',#6821,1.);
#6821 = DIRECTION('',(0.,1.));
#6822 = ( GEOMETRIC_REPRESENTATION_CONTEXT(2) 
PARAMETRIC_REPRESENTATION_CONTEXT() REPRESENTATION_CONTEXT('2D SPACE',''
  ) );
#6823 = ORIENTED_EDGE('',*,*,#6824,.F.);
#6824 = EDGE_CURVE('',#6802,#6802,#6825,.T.);
#6825 = SURFACE_CURVE('',#6826,(#6831,#6838),.PCURVE_S1.);
#6826 = CIRCLE('',#6827,2.5);
#6827 = AXIS2_PLACEMENT_3D('',#6828,#6829,#6830);
#6828 = CARTESIAN_POINT('',(526.52822173508,35.,2.9925E+03));
#6829 = DIRECTION('',(-0.866025403784,0.5,0.));
#6830 = DIRECTION('',(-0.5,-0.866025403784,0.));
#6831 = PCURVE('',#6730,#6832);
#6832 = DEFINITIONAL_REPRESENTATION('',(#6833),#6837);
#6833 = LINE('',#6834,#6835);
#6834 = CARTESIAN_POINT('',(0.,70.));
#6835 = VECTOR('',#6836,1.);
#6836 = DIRECTION('',(1.,0.));
#6837 = ( GEOMETRIC_REPRESENTATION_CONTEXT(2) 
PARAMETRIC_REPRESENTATION_CONTEXT() REPRESENTATION_CONTEXT('2D SPACE',''
  ) );
#6838 = PCURVE('',#6839,#6844);
#6839 = PLANE('',#6840);
#6840 = AXIS2_PLACEMENT_3D('',#6841,#6842,#6843);
#6841 = CARTESIAN_POINT('',(526.52822173508,35.,2.9925E+03));
#6842 = DIRECTION('',(-0.866025403784,0.5,0.));
#6843 = DIRECTION('',(-0.5,-0.866025403784,0.));
#6844 = DEFINITIONAL_REPRESENTATION('',(#6845),#6849);
#6845 = CIRCLE('',#6846,2.5);
#6846 = AXIS2_PLACEMENT_2D('',#6847,#6848);
#6847 = CARTESIAN_POINT('',(0.,0.));
#6848 = DIRECTION('',(1.,0.));
#6849 = ( GEOMETRIC_REPRESENTATION_CONTEXT(2) 
PARAMETRIC_REPRESENTATION_CONTEXT() REPRESENTATION_CONTEXT('2D SPACE',''
  ) );
#6850 = ORIENTED_EDGE('',*,*,#6801,.F.);
#6851 = ADVANCED_FACE('',(#6852),#6784,.T.);
#6852 = FACE_BOUND('',#6853,.T.);
#6853 = EDGE_LOOP('',(#6854));
#6854 = ORIENTED_EDGE('',*,*,#6769,.T.);
#6855 = ADVANCED_FACE('',(#6856),#6839,.T.);
#6856 = FACE_BOUND('',#6857,.T.);
#6857 = EDGE_LOOP('',(#6858));
#6858 = ORIENTED_EDGE('',*,*,#6824,.T.);
#6859 = ( GEOMETRIC_REPRESENTATION_CONTEXT(3) 
GLOBAL_UNCERTAINTY_ASSIGNED_CONTEXT((#6863)) 
GLOBAL_UNIT_ASSIGNED_CONTEXT((#6860,#6861,#6862)) REPRESENTATION_CONTEXT
('Context #1','3D Context with UNIT and UNCERTAINTY') );
#6860 = ( LENGTH_UNIT() NAMED_UNIT(*) SI_UNIT(.MILLI.,.METRE.) );
#6861 = ( NAMED_UNIT(*) PLANE_ANGLE_UNIT() SI_UNIT($,.RADIAN.) );
#6862 = ( NAMED_UNIT(*) SI_UNIT($,.STERADIAN.) SOLID_ANGLE_UNIT() );
#6863 = UNCERTAINTY_MEASURE_WITH_UNIT(LENGTH_MEASURE(1.E-07),#6860,
  'distance_accuracy_value','confusion accuracy');
#6864 = CONTEXT_DEPENDENT_SHAPE_REPRESENTATION(#6865,#6867);
#6865 = ( REPRESENTATION_RELATIONSHIP('','',#3922,#10) 
REPRESENTATION_RELATIONSHIP_WITH_TRANSFORMATION(#6866) 
SHAPE_REPRESENTATION_RELATIONSHIP() );
#6866 = ITEM_DEFINED_TRANSFORMATION('','',#11,#31);
#6867 = PRODUCT_DEFINITION_SHAPE('Placement','Placement of an item',
  #6868);
#6868 = NEXT_ASSEMBLY_USAGE_OCCURRENCE('16','=>[0:1:1:6]','',#5,#3917,$
  );
#6869 = PRODUCT_RELATED_PRODUCT_CATEGORY('part',$,(#3919));
#6870 = SHAPE_DEFINITION_REPRESENTATION(#6871,#6877);
#6871 = PRODUCT_DEFINITION_SHAPE('','',#6872);
#6872 = PRODUCT_DEFINITION('design','',#6873,#6876);
#6873 = PRODUCT_DEFINITION_FORMATION('','',#6874);
#6874 = PRODUCT('COMPOUND','COMPOUND','',(#6875));
#6875 = PRODUCT_CONTEXT('',#2,'mechanical');
#6876 = PRODUCT_DEFINITION_CONTEXT('part definition',#2,'design');
#6877 = ADVANCED_BREP_SHAPE_REPRESENTATION('',(#11,#6878),#7696);
#6878 = MANIFOLD_SOLID_BREP('',#6879);
#6879 = CLOSED_SHELL('',(#6880,#7106,#7182,#7231,#7350,#7377,#7446,#7493
    ,#7540,#7565,#7578,#7633,#7688,#7692));
#6880 = ADVANCED_FACE('',(#6881,#7000),#6895,.F.);
#6881 = FACE_BOUND('',#6882,.F.);
#6882 = EDGE_LOOP('',(#6883,#6918,#6946,#6974));
#6883 = ORIENTED_EDGE('',*,*,#6884,.F.);
#6884 = EDGE_CURVE('',#6885,#6887,#6889,.T.);
#6885 = VERTEX_POINT('',#6886);
#6886 = CARTESIAN_POINT('',(87.15,-12.5,2.7875E+03));
#6887 = VERTEX_POINT('',#6888);
#6888 = CARTESIAN_POINT('',(87.15,-12.5,2.8125E+03));
#6889 = SURFACE_CURVE('',#6890,(#6894,#6906),.PCURVE_S1.);
#6890 = LINE('',#6891,#6892);
#6891 = CARTESIAN_POINT('',(87.15,-12.5,2.7875E+03));
#6892 = VECTOR('',#6893,1.);
#6893 = DIRECTION('',(0.,0.,1.));
#6894 = PCURVE('',#6895,#6900);
#6895 = PLANE('',#6896);
#6896 = AXIS2_PLACEMENT_3D('',#6897,#6898,#6899);
#6897 = CARTESIAN_POINT('',(87.15,-12.5,2.7875E+03));
#6898 = DIRECTION('',(1.,0.,-0.));
#6899 = DIRECTION('',(0.,0.,1.));
#6900 = DEFINITIONAL_REPRESENTATION('',(#6901),#6905);
#6901 = LINE('',#6902,#6903);
#6902 = CARTESIAN_POINT('',(0.,0.));
#6903 = VECTOR('',#6904,1.);
#6904 = DIRECTION('',(1.,0.));
#6905 = ( GEOMETRIC_REPRESENTATION_CONTEXT(2) 
PARAMETRIC_REPRESENTATION_CONTEXT() REPRESENTATION_CONTEXT('2D SPACE',''
  ) );
#6906 = PCURVE('',#6907,#6912);
#6907 = PLANE('',#6908);
#6908 = AXIS2_PLACEMENT_3D('',#6909,#6910,#6911);
#6909 = CARTESIAN_POINT('',(87.15,-12.5,2.7875E+03));
#6910 = DIRECTION('',(-0.,1.,0.));
#6911 = DIRECTION('',(0.,0.,1.));
#6912 = DEFINITIONAL_REPRESENTATION('',(#6913),#6917);
#6913 = LINE('',#6914,#6915);
#6914 = CARTESIAN_POINT('',(0.,0.));
#6915 = VECTOR('',#6916,1.);
#6916 = DIRECTION('',(1.,0.));
#6917 = ( GEOMETRIC_REPRESENTATION_CONTEXT(2) 
PARAMETRIC_REPRESENTATION_CONTEXT() REPRESENTATION_CONTEXT('2D SPACE',''
  ) );
#6918 = ORIENTED_EDGE('',*,*,#6919,.T.);
#6919 = EDGE_CURVE('',#6885,#6920,#6922,.T.);
#6920 = VERTEX_POINT('',#6921);
#6921 = CARTESIAN_POINT('',(87.15,12.5,2.7875E+03));
#6922 = SURFACE_CURVE('',#6923,(#6927,#6934),.PCURVE_S1.);
#6923 = LINE('',#6924,#6925);
#6924 = CARTESIAN_POINT('',(87.15,-12.5,2.7875E+03));
#6925 = VECTOR('',#6926,1.);
#6926 = DIRECTION('',(-0.,1.,0.));
#6927 = PCURVE('',#6895,#6928);
#6928 = DEFINITIONAL_REPRESENTATION('',(#6929),#6933);
#6929 = LINE('',#6930,#6931);
#6930 = CARTESIAN_POINT('',(0.,0.));
#6931 = VECTOR('',#6932,1.);
#6932 = DIRECTION('',(0.,-1.));
#6933 = ( GEOMETRIC_REPRESENTATION_CONTEXT(2) 
PARAMETRIC_REPRESENTATION_CONTEXT() REPRESENTATION_CONTEXT('2D SPACE',''
  ) );
#6934 = PCURVE('',#6935,#6940);
#6935 = PLANE('',#6936);
#6936 = AXIS2_PLACEMENT_3D('',#6937,#6938,#6939);
#6937 = CARTESIAN_POINT('',(87.15,-12.5,2.7875E+03));
#6938 = DIRECTION('',(0.,0.,1.));
#6939 = DIRECTION('',(1.,0.,-0.));
#6940 = DEFINITIONAL_REPRESENTATION('',(#6941),#6945);
#6941 = LINE('',#6942,#6943);
#6942 = CARTESIAN_POINT('',(0.,0.));
#6943 = VECTOR('',#6944,1.);
#6944 = DIRECTION('',(0.,1.));
#6945 = ( GEOMETRIC_REPRESENTATION_CONTEXT(2) 
PARAMETRIC_REPRESENTATION_CONTEXT() REPRESENTATION_CONTEXT('2D SPACE',''
  ) );
#6946 = ORIENTED_EDGE('',*,*,#6947,.T.);
#6947 = EDGE_CURVE('',#6920,#6948,#6950,.T.);
#6948 = VERTEX_POINT('',#6949);
#6949 = CARTESIAN_POINT('',(87.15,12.5,2.8125E+03));
#6950 = SURFACE_CURVE('',#6951,(#6955,#6962),.PCURVE_S1.);
#6951 = LINE('',#6952,#6953);
#6952 = CARTESIAN_POINT('',(87.15,12.5,2.7875E+03));
#6953 = VECTOR('',#6954,1.);
#6954 = DIRECTION('',(0.,0.,1.));
#6955 = PCURVE('',#6895,#6956);
#6956 = DEFINITIONAL_REPRESENTATION('',(#6957),#6961);
#6957 = LINE('',#6958,#6959);
#6958 = CARTESIAN_POINT('',(0.,-25.));
#6959 = VECTOR('',#6960,1.);
#6960 = DIRECTION('',(1.,0.));
#6961 = ( GEOMETRIC_REPRESENTATION_CONTEXT(2) 
PARAMETRIC_REPRESENTATION_CONTEXT() REPRESENTATION_CONTEXT('2D SPACE',''
  ) );
#6962 = PCURVE('',#6963,#6968);
#6963 = PLANE('',#6964);
#6964 = AXIS2_PLACEMENT_3D('',#6965,#6966,#6967);
#6965 = CARTESIAN_POINT('',(87.15,12.5,2.7875E+03));
#6966 = DIRECTION('',(-0.,1.,0.));
#6967 = DIRECTION('',(0.,0.,1.));
#6968 = DEFINITIONAL_REPRESENTATION('',(#6969),#6973);
#6969 = LINE('',#6970,#6971);
#6970 = CARTESIAN_POINT('',(0.,0.));
#6971 = VECTOR('',#6972,1.);
#6972 = DIRECTION('',(1.,0.));
#6973 = ( GEOMETRIC_REPRESENTATION_CONTEXT(2) 
PARAMETRIC_REPRESENTATION_CONTEXT() REPRESENTATION_CONTEXT('2D SPACE',''
  ) );
#6974 = ORIENTED_EDGE('',*,*,#6975,.F.);
#6975 = EDGE_CURVE('',#6887,#6948,#6976,.T.);
#6976 = SURFACE_CURVE('',#6977,(#6981,#6988),.PCURVE_S1.);
#6977 = LINE('',#6978,#6979);
#6978 = CARTESIAN_POINT('',(87.15,-12.5,2.8125E+03));
#6979 = VECTOR('',#6980,1.);
#6980 = DIRECTION('',(-0.,1.,0.));
#6981 = PCURVE('',#6895,#6982);
#6982 = DEFINITIONAL_REPRESENTATION('',(#6983),#6987);
#6983 = LINE('',#6984,#6985);
#6984 = CARTESIAN_POINT('',(25.,0.));
#6985 = VECTOR('',#6986,1.);
#6986 = DIRECTION('',(0.,-1.));
#6987 = ( GEOMETRIC_REPRESENTATION_CONTEXT(2) 
PARAMETRIC_REPRESENTATION_CONTEXT() REPRESENTATION_CONTEXT('2D SPACE',''
  ) );
#6988 = PCURVE('',#6989,#6994);
#6989 = PLANE('',#6990);
#6990 = AXIS2_PLACEMENT_3D('',#6991,#6992,#6993);
#6991 = CARTESIAN_POINT('',(87.15,-12.5,2.8125E+03));
#6992 = DIRECTION('',(0.,0.,1.));
#6993 = DIRECTION('',(1.,0.,-0.));
#6994 = DEFINITIONAL_REPRESENTATION('',(#6995),#6999);
#6995 = LINE('',#6996,#6997);
#6996 = CARTESIAN_POINT('',(0.,0.));
#6997 = VECTOR('',#6998,1.);
#6998 = DIRECTION('',(0.,1.));
#6999 = ( GEOMETRIC_REPRESENTATION_CONTEXT(2) 
PARAMETRIC_REPRESENTATION_CONTEXT() REPRESENTATION_CONTEXT('2D SPACE',''
  ) );
#7000 = FACE_BOUND('',#7001,.F.);
#7001 = EDGE_LOOP('',(#7002,#7030,#7056,#7082));
#7002 = ORIENTED_EDGE('',*,*,#7003,.T.);
#7003 = EDGE_CURVE('',#7004,#7006,#7008,.T.);
#7004 = VERTEX_POINT('',#7005);
#7005 = CARTESIAN_POINT('',(87.15,10.5,2.7895E+03));
#7006 = VERTEX_POINT('',#7007);
#7007 = CARTESIAN_POINT('',(87.15,-10.5,2.7895E+03));
#7008 = SURFACE_CURVE('',#7009,(#7013,#7019),.PCURVE_S1.);
#7009 = LINE('',#7010,#7011);
#7010 = CARTESIAN_POINT('',(87.15,-11.5,2.7895E+03));
#7011 = VECTOR('',#7012,1.);
#7012 = DIRECTION('',(0.,-1.,0.));
#7013 = PCURVE('',#6895,#7014);
#7014 = DEFINITIONAL_REPRESENTATION('',(#7015),#7018);
#7015 = B_SPLINE_CURVE_WITH_KNOTS('',1,(#7016,#7017),.UNSPECIFIED.,.F.,
  .F.,(2,2),(-22.,-1.),.PIECEWISE_BEZIER_KNOTS.);
#7016 = CARTESIAN_POINT('',(2.,-23.));
#7017 = CARTESIAN_POINT('',(2.,-2.));
#7018 = ( GEOMETRIC_REPRESENTATION_CONTEXT(2) 
PARAMETRIC_REPRESENTATION_CONTEXT() REPRESENTATION_CONTEXT('2D SPACE',''
  ) );
#7019 = PCURVE('',#7020,#7025);
#7020 = PLANE('',#7021);
#7021 = AXIS2_PLACEMENT_3D('',#7022,#7023,#7024);
#7022 = CARTESIAN_POINT('',(86.15,-10.5,2.7895E+03));
#7023 = DIRECTION('',(0.,0.,1.));
#7024 = DIRECTION('',(1.,0.,-0.));
#7025 = DEFINITIONAL_REPRESENTATION('',(#7026),#7029);
#7026 = B_SPLINE_CURVE_WITH_KNOTS('',1,(#7027,#7028),.UNSPECIFIED.,.F.,
  .F.,(2,2),(-22.,-1.),.PIECEWISE_BEZIER_KNOTS.);
#7027 = CARTESIAN_POINT('',(1.,21.));
#7028 = CARTESIAN_POINT('',(1.,0.));
#7029 = ( GEOMETRIC_REPRESENTATION_CONTEXT(2) 
PARAMETRIC_REPRESENTATION_CONTEXT() REPRESENTATION_CONTEXT('2D SPACE',''
  ) );
#7030 = ORIENTED_EDGE('',*,*,#7031,.T.);
#7031 = EDGE_CURVE('',#7006,#7032,#7034,.T.);
#7032 = VERTEX_POINT('',#7033);
#7033 = CARTESIAN_POINT('',(87.15,-10.5,2.8105E+03));
#7034 = SURFACE_CURVE('',#7035,(#7039,#7045),.PCURVE_S1.);
#7035 = LINE('',#7036,#7037);
#7036 = CARTESIAN_POINT('',(87.15,-10.5,2.7885E+03));
#7037 = VECTOR('',#7038,1.);
#7038 = DIRECTION('',(0.,0.,1.));
#7039 = PCURVE('',#6895,#7040);
#7040 = DEFINITIONAL_REPRESENTATION('',(#7041),#7044);
#7041 = B_SPLINE_CURVE_WITH_KNOTS('',1,(#7042,#7043),.UNSPECIFIED.,.F.,
  .F.,(2,2),(1.,22.),.PIECEWISE_BEZIER_KNOTS.);
#7042 = CARTESIAN_POINT('',(2.,-2.));
#7043 = CARTESIAN_POINT('',(23.,-2.));
#7044 = ( GEOMETRIC_REPRESENTATION_CONTEXT(2) 
PARAMETRIC_REPRESENTATION_CONTEXT() REPRESENTATION_CONTEXT('2D SPACE',''
  ) );
#7045 = PCURVE('',#7046,#7051);
#7046 = PLANE('',#7047);
#7047 = AXIS2_PLACEMENT_3D('',#7048,#7049,#7050);
#7048 = CARTESIAN_POINT('',(86.15,-10.5,2.7895E+03));
#7049 = DIRECTION('',(-0.,1.,0.));
#7050 = DIRECTION('',(0.,0.,1.));
#7051 = DEFINITIONAL_REPRESENTATION('',(#7052),#7055);
#7052 = B_SPLINE_CURVE_WITH_KNOTS('',1,(#7053,#7054),.UNSPECIFIED.,.F.,
  .F.,(2,2),(1.,22.),.PIECEWISE_BEZIER_KNOTS.);
#7053 = CARTESIAN_POINT('',(0.,1.));
#7054 = CARTESIAN_POINT('',(21.,1.));
#7055 = ( GEOMETRIC_REPRESENTATION_CONTEXT(2) 
PARAMETRIC_REPRESENTATION_CONTEXT() REPRESENTATION_CONTEXT('2D SPACE',''
  ) );
#7056 = ORIENTED_EDGE('',*,*,#7057,.F.);
#7057 = EDGE_CURVE('',#7058,#7032,#7060,.T.);
#7058 = VERTEX_POINT('',#7059);
#7059 = CARTESIAN_POINT('',(87.15,10.5,2.8105E+03));
#7060 = SURFACE_CURVE('',#7061,(#7065,#7071),.PCURVE_S1.);
#7061 = LINE('',#7062,#7063);
#7062 = CARTESIAN_POINT('',(87.15,-11.5,2.8105E+03));
#7063 = VECTOR('',#7064,1.);
#7064 = DIRECTION('',(0.,-1.,0.));
#7065 = PCURVE('',#6895,#7066);
#7066 = DEFINITIONAL_REPRESENTATION('',(#7067),#7070);
#7067 = B_SPLINE_CURVE_WITH_KNOTS('',1,(#7068,#7069),.UNSPECIFIED.,.F.,
  .F.,(2,2),(-22.,-1.),.PIECEWISE_BEZIER_KNOTS.);
#7068 = CARTESIAN_POINT('',(23.,-23.));
#7069 = CARTESIAN_POINT('',(23.,-2.));
#7070 = ( GEOMETRIC_REPRESENTATION_CONTEXT(2) 
PARAMETRIC_REPRESENTATION_CONTEXT() REPRESENTATION_CONTEXT('2D SPACE',''
  ) );
#7071 = PCURVE('',#7072,#7077);
#7072 = PLANE('',#7073);
#7073 = AXIS2_PLACEMENT_3D('',#7074,#7075,#7076);
#7074 = CARTESIAN_POINT('',(86.15,-10.5,2.8105E+03));
#7075 = DIRECTION('',(0.,0.,1.));
#7076 = DIRECTION('',(1.,0.,-0.));
#7077 = DEFINITIONAL_REPRESENTATION('',(#7078),#7081);
#7078 = B_SPLINE_CURVE_WITH_KNOTS('',1,(#7079,#7080),.UNSPECIFIED.,.F.,
  .F.,(2,2),(-22.,-1.),.PIECEWISE_BEZIER_KNOTS.);
#7079 = CARTESIAN_POINT('',(1.,21.));
#7080 = CARTESIAN_POINT('',(1.,0.));
#7081 = ( GEOMETRIC_REPRESENTATION_CONTEXT(2) 
PARAMETRIC_REPRESENTATION_CONTEXT() REPRESENTATION_CONTEXT('2D SPACE',''
  ) );
#7082 = ORIENTED_EDGE('',*,*,#7083,.F.);
#7083 = EDGE_CURVE('',#7004,#7058,#7084,.T.);
#7084 = SURFACE_CURVE('',#7085,(#7089,#7095),.PCURVE_S1.);
#7085 = LINE('',#7086,#7087);
#7086 = CARTESIAN_POINT('',(87.15,10.5,2.7885E+03));
#7087 = VECTOR('',#7088,1.);
#7088 = DIRECTION('',(0.,0.,1.));
#7089 = PCURVE('',#6895,#7090);
#7090 = DEFINITIONAL_REPRESENTATION('',(#7091),#7094);
#7091 = B_SPLINE_CURVE_WITH_KNOTS('',1,(#7092,#7093),.UNSPECIFIED.,.F.,
  .F.,(2,2),(1.,22.),.PIECEWISE_BEZIER_KNOTS.);
#7092 = CARTESIAN_POINT('',(2.,-23.));
#7093 = CARTESIAN_POINT('',(23.,-23.));
#7094 = ( GEOMETRIC_REPRESENTATION_CONTEXT(2) 
PARAMETRIC_REPRESENTATION_CONTEXT() REPRESENTATION_CONTEXT('2D SPACE',''
  ) );
#7095 = PCURVE('',#7096,#7101);
#7096 = PLANE('',#7097);
#7097 = AXIS2_PLACEMENT_3D('',#7098,#7099,#7100);
#7098 = CARTESIAN_POINT('',(86.15,10.5,2.7895E+03));
#7099 = DIRECTION('',(-0.,1.,0.));
#7100 = DIRECTION('',(0.,0.,1.));
#7101 = DEFINITIONAL_REPRESENTATION('',(#7102),#7105);
#7102 = B_SPLINE_CURVE_WITH_KNOTS('',1,(#7103,#7104),.UNSPECIFIED.,.F.,
  .F.,(2,2),(1.,22.),.PIECEWISE_BEZIER_KNOTS.);
#7103 = CARTESIAN_POINT('',(0.,1.));
#7104 = CARTESIAN_POINT('',(21.,1.));
#7105 = ( GEOMETRIC_REPRESENTATION_CONTEXT(2) 
PARAMETRIC_REPRESENTATION_CONTEXT() REPRESENTATION_CONTEXT('2D SPACE',''
  ) );
#7106 = ADVANCED_FACE('',(#7107),#6907,.F.);
#7107 = FACE_BOUND('',#7108,.F.);
#7108 = EDGE_LOOP('',(#7109,#7132,#7133,#7156));
#7109 = ORIENTED_EDGE('',*,*,#7110,.F.);
#7110 = EDGE_CURVE('',#6885,#7111,#7113,.T.);
#7111 = VERTEX_POINT('',#7112);
#7112 = CARTESIAN_POINT('',(607.15,-12.5,2.7875E+03));
#7113 = SURFACE_CURVE('',#7114,(#7118,#7125),.PCURVE_S1.);
#7114 = LINE('',#7115,#7116);
#7115 = CARTESIAN_POINT('',(87.15,-12.5,2.7875E+03));
#7116 = VECTOR('',#7117,1.);
#7117 = DIRECTION('',(1.,0.,-0.));
#7118 = PCURVE('',#6907,#7119);
#7119 = DEFINITIONAL_REPRESENTATION('',(#7120),#7124);
#7120 = LINE('',#7121,#7122);
#7121 = CARTESIAN_POINT('',(0.,0.));
#7122 = VECTOR('',#7123,1.);
#7123 = DIRECTION('',(0.,1.));
#7124 = ( GEOMETRIC_REPRESENTATION_CONTEXT(2) 
PARAMETRIC_REPRESENTATION_CONTEXT() REPRESENTATION_CONTEXT('2D SPACE',''
  ) );
#7125 = PCURVE('',#6935,#7126);
#7126 = DEFINITIONAL_REPRESENTATION('',(#7127),#7131);
#7127 = LINE('',#7128,#7129);
#7128 = CARTESIAN_POINT('',(0.,0.));
#7129 = VECTOR('',#7130,1.);
#7130 = DIRECTION('',(1.,0.));
#7131 = ( GEOMETRIC_REPRESENTATION_CONTEXT(2) 
PARAMETRIC_REPRESENTATION_CONTEXT() REPRESENTATION_CONTEXT('2D SPACE',''
  ) );
#7132 = ORIENTED_EDGE('',*,*,#6884,.T.);
#7133 = ORIENTED_EDGE('',*,*,#7134,.T.);
#7134 = EDGE_CURVE('',#6887,#7135,#7137,.T.);
#7135 = VERTEX_POINT('',#7136);
#7136 = CARTESIAN_POINT('',(607.15,-12.5,2.8125E+03));
#7137 = SURFACE_CURVE('',#7138,(#7142,#7149),.PCURVE_S1.);
#7138 = LINE('',#7139,#7140);
#7139 = CARTESIAN_POINT('',(87.15,-12.5,2.8125E+03));
#7140 = VECTOR('',#7141,1.);
#7141 = DIRECTION('',(1.,0.,-0.));
#7142 = PCURVE('',#6907,#7143);
#7143 = DEFINITIONAL_REPRESENTATION('',(#7144),#7148);
#7144 = LINE('',#7145,#7146);
#7145 = CARTESIAN_POINT('',(25.,0.));
#7146 = VECTOR('',#7147,1.);
#7147 = DIRECTION('',(0.,1.));
#7148 = ( GEOMETRIC_REPRESENTATION_CONTEXT(2) 
PARAMETRIC_REPRESENTATION_CONTEXT() REPRESENTATION_CONTEXT('2D SPACE',''
  ) );
#7149 = PCURVE('',#6989,#7150);
#7150 = DEFINITIONAL_REPRESENTATION('',(#7151),#7155);
#7151 = LINE('',#7152,#7153);
#7152 = CARTESIAN_POINT('',(0.,0.));
#7153 = VECTOR('',#7154,1.);
#7154 = DIRECTION('',(1.,0.));
#7155 = ( GEOMETRIC_REPRESENTATION_CONTEXT(2) 
PARAMETRIC_REPRESENTATION_CONTEXT() REPRESENTATION_CONTEXT('2D SPACE',''
  ) );
#7156 = ORIENTED_EDGE('',*,*,#7157,.F.);
#7157 = EDGE_CURVE('',#7111,#7135,#7158,.T.);
#7158 = SURFACE_CURVE('',#7159,(#7163,#7170),.PCURVE_S1.);
#7159 = LINE('',#7160,#7161);
#7160 = CARTESIAN_POINT('',(607.15,-12.5,2.7875E+03));
#7161 = VECTOR('',#7162,1.);
#7162 = DIRECTION('',(0.,0.,1.));
#7163 = PCURVE('',#6907,#7164);
#7164 = DEFINITIONAL_REPRESENTATION('',(#7165),#7169);
#7165 = LINE('',#7166,#7167);
#7166 = CARTESIAN_POINT('',(0.,520.));
#7167 = VECTOR('',#7168,1.);
#7168 = DIRECTION('',(1.,0.));
#7169 = ( GEOMETRIC_REPRESENTATION_CONTEXT(2) 
PARAMETRIC_REPRESENTATION_CONTEXT() REPRESENTATION_CONTEXT('2D SPACE',''
  ) );
#7170 = PCURVE('',#7171,#7176);
#7171 = PLANE('',#7172);
#7172 = AXIS2_PLACEMENT_3D('',#7173,#7174,#7175);
#7173 = CARTESIAN_POINT('',(607.15,-12.5,2.7875E+03));
#7174 = DIRECTION('',(1.,0.,-0.));
#7175 = DIRECTION('',(0.,0.,1.));
#7176 = DEFINITIONAL_REPRESENTATION('',(#7177),#7181);
#7177 = LINE('',#7178,#7179);
#7178 = CARTESIAN_POINT('',(0.,0.));
#7179 = VECTOR('',#7180,1.);
#7180 = DIRECTION('',(1.,0.));
#7181 = ( GEOMETRIC_REPRESENTATION_CONTEXT(2) 
PARAMETRIC_REPRESENTATION_CONTEXT() REPRESENTATION_CONTEXT('2D SPACE',''
  ) );
#7182 = ADVANCED_FACE('',(#7183),#6989,.T.);
#7183 = FACE_BOUND('',#7184,.T.);
#7184 = EDGE_LOOP('',(#7185,#7186,#7187,#7210));
#7185 = ORIENTED_EDGE('',*,*,#6975,.F.);
#7186 = ORIENTED_EDGE('',*,*,#7134,.T.);
#7187 = ORIENTED_EDGE('',*,*,#7188,.T.);
#7188 = EDGE_CURVE('',#7135,#7189,#7191,.T.);
#7189 = VERTEX_POINT('',#7190);
#7190 = CARTESIAN_POINT('',(607.15,12.5,2.8125E+03));
#7191 = SURFACE_CURVE('',#7192,(#7196,#7203),.PCURVE_S1.);
#7192 = LINE('',#7193,#7194);
#7193 = CARTESIAN_POINT('',(607.15,-12.5,2.8125E+03));
#7194 = VECTOR('',#7195,1.);
#7195 = DIRECTION('',(-0.,1.,0.));
#7196 = PCURVE('',#6989,#7197);
#7197 = DEFINITIONAL_REPRESENTATION('',(#7198),#7202);
#7198 = LINE('',#7199,#7200);
#7199 = CARTESIAN_POINT('',(520.,0.));
#7200 = VECTOR('',#7201,1.);
#7201 = DIRECTION('',(0.,1.));
#7202 = ( GEOMETRIC_REPRESENTATION_CONTEXT(2) 
PARAMETRIC_REPRESENTATION_CONTEXT() REPRESENTATION_CONTEXT('2D SPACE',''
  ) );
#7203 = PCURVE('',#7171,#7204);
#7204 = DEFINITIONAL_REPRESENTATION('',(#7205),#7209);
#7205 = LINE('',#7206,#7207);
#7206 = CARTESIAN_POINT('',(25.,0.));
#7207 = VECTOR('',#7208,1.);
#7208 = DIRECTION('',(0.,-1.));
#7209 = ( GEOMETRIC_REPRESENTATION_CONTEXT(2) 
PARAMETRIC_REPRESENTATION_CONTEXT() REPRESENTATION_CONTEXT('2D SPACE',''
  ) );
#7210 = ORIENTED_EDGE('',*,*,#7211,.F.);
#7211 = EDGE_CURVE('',#6948,#7189,#7212,.T.);
#7212 = SURFACE_CURVE('',#7213,(#7217,#7224),.PCURVE_S1.);
#7213 = LINE('',#7214,#7215);
#7214 = CARTESIAN_POINT('',(87.15,12.5,2.8125E+03));
#7215 = VECTOR('',#7216,1.);
#7216 = DIRECTION('',(1.,0.,-0.));
#7217 = PCURVE('',#6989,#7218);
#7218 = DEFINITIONAL_REPRESENTATION('',(#7219),#7223);
#7219 = LINE('',#7220,#7221);
#7220 = CARTESIAN_POINT('',(0.,25.));
#7221 = VECTOR('',#7222,1.);
#7222 = DIRECTION('',(1.,0.));
#7223 = ( GEOMETRIC_REPRESENTATION_CONTEXT(2) 
PARAMETRIC_REPRESENTATION_CONTEXT() REPRESENTATION_CONTEXT('2D SPACE',''
  ) );
#7224 = PCURVE('',#6963,#7225);
#7225 = DEFINITIONAL_REPRESENTATION('',(#7226),#7230);
#7226 = LINE('',#7227,#7228);
#7227 = CARTESIAN_POINT('',(25.,0.));
#7228 = VECTOR('',#7229,1.);
#7229 = DIRECTION('',(0.,1.));
#7230 = ( GEOMETRIC_REPRESENTATION_CONTEXT(2) 
PARAMETRIC_REPRESENTATION_CONTEXT() REPRESENTATION_CONTEXT('2D SPACE',''
  ) );
#7231 = ADVANCED_FACE('',(#7232,#7280,#7315),#6935,.F.);
#7232 = FACE_BOUND('',#7233,.F.);
#7233 = EDGE_LOOP('',(#7234,#7235,#7236,#7259));
#7234 = ORIENTED_EDGE('',*,*,#6919,.F.);
#7235 = ORIENTED_EDGE('',*,*,#7110,.T.);
#7236 = ORIENTED_EDGE('',*,*,#7237,.T.);
#7237 = EDGE_CURVE('',#7111,#7238,#7240,.T.);
#7238 = VERTEX_POINT('',#7239);
#7239 = CARTESIAN_POINT('',(607.15,12.5,2.7875E+03));
#7240 = SURFACE_CURVE('',#7241,(#7245,#7252),.PCURVE_S1.);
#7241 = LINE('',#7242,#7243);
#7242 = CARTESIAN_POINT('',(607.15,-12.5,2.7875E+03));
#7243 = VECTOR('',#7244,1.);
#7244 = DIRECTION('',(-0.,1.,0.));
#7245 = PCURVE('',#6935,#7246);
#7246 = DEFINITIONAL_REPRESENTATION('',(#7247),#7251);
#7247 = LINE('',#7248,#7249);
#7248 = CARTESIAN_POINT('',(520.,0.));
#7249 = VECTOR('',#7250,1.);
#7250 = DIRECTION('',(0.,1.));
#7251 = ( GEOMETRIC_REPRESENTATION_CONTEXT(2) 
PARAMETRIC_REPRESENTATION_CONTEXT() REPRESENTATION_CONTEXT('2D SPACE',''
  ) );
#7252 = PCURVE('',#7171,#7253);
#7253 = DEFINITIONAL_REPRESENTATION('',(#7254),#7258);
#7254 = LINE('',#7255,#7256);
#7255 = CARTESIAN_POINT('',(0.,0.));
#7256 = VECTOR('',#7257,1.);
#7257 = DIRECTION('',(0.,-1.));
#7258 = ( GEOMETRIC_REPRESENTATION_CONTEXT(2) 
PARAMETRIC_REPRESENTATION_CONTEXT() REPRESENTATION_CONTEXT('2D SPACE',''
  ) );
#7259 = ORIENTED_EDGE('',*,*,#7260,.F.);
#7260 = EDGE_CURVE('',#6920,#7238,#7261,.T.);
#7261 = SURFACE_CURVE('',#7262,(#7266,#7273),.PCURVE_S1.);
#7262 = LINE('',#7263,#7264);
#7263 = CARTESIAN_POINT('',(87.15,12.5,2.7875E+03));
#7264 = VECTOR('',#7265,1.);
#7265 = DIRECTION('',(1.,0.,-0.));
#7266 = PCURVE('',#6935,#7267);
#7267 = DEFINITIONAL_REPRESENTATION('',(#7268),#7272);
#7268 = LINE('',#7269,#7270);
#7269 = CARTESIAN_POINT('',(0.,25.));
#7270 = VECTOR('',#7271,1.);
#7271 = DIRECTION('',(1.,0.));
#7272 = ( GEOMETRIC_REPRESENTATION_CONTEXT(2) 
PARAMETRIC_REPRESENTATION_CONTEXT() REPRESENTATION_CONTEXT('2D SPACE',''
  ) );
#7273 = PCURVE('',#6963,#7274);
#7274 = DEFINITIONAL_REPRESENTATION('',(#7275),#7279);
#7275 = LINE('',#7276,#7277);
#7276 = CARTESIAN_POINT('',(0.,0.));
#7277 = VECTOR('',#7278,1.);
#7278 = DIRECTION('',(0.,1.));
#7279 = ( GEOMETRIC_REPRESENTATION_CONTEXT(2) 
PARAMETRIC_REPRESENTATION_CONTEXT() REPRESENTATION_CONTEXT('2D SPACE',''
  ) );
#7280 = FACE_BOUND('',#7281,.F.);
#7281 = EDGE_LOOP('',(#7282));
#7282 = ORIENTED_EDGE('',*,*,#7283,.T.);
#7283 = EDGE_CURVE('',#7284,#7284,#7286,.T.);
#7284 = VERTEX_POINT('',#7285);
#7285 = CARTESIAN_POINT('',(294.,-1.469576158977E-15,2.7875E+03));
#7286 = SURFACE_CURVE('',#7287,(#7292,#7303),.PCURVE_S1.);
#7287 = CIRCLE('',#7288,6.);
#7288 = AXIS2_PLACEMENT_3D('',#7289,#7290,#7291);
#7289 = CARTESIAN_POINT('',(300.,0.,2.7875E+03));
#7290 = DIRECTION('',(0.,0.,-1.));
#7291 = DIRECTION('',(-1.,0.,-0.));
#7292 = PCURVE('',#6935,#7293);
#7293 = DEFINITIONAL_REPRESENTATION('',(#7294),#7302);
#7294 = ( BOUNDED_CURVE() B_SPLINE_CURVE(2,(#7295,#7296,#7297,#7298,
#7299,#7300,#7301),.UNSPECIFIED.,.T.,.F.) B_SPLINE_CURVE_WITH_KNOTS((1,2
    ,2,2,2,1),(-2.094395102393,0.,2.094395102393,4.188790204786,
6.28318530718,8.377580409573),.UNSPECIFIED.) CURVE() 
GEOMETRIC_REPRESENTATION_ITEM() RATIONAL_B_SPLINE_CURVE((1.,0.5,1.,0.5,
1.,0.5,1.)) REPRESENTATION_ITEM('') );
#7295 = CARTESIAN_POINT('',(206.85,12.5));
#7296 = CARTESIAN_POINT('',(206.85,22.892304845413));
#7297 = CARTESIAN_POINT('',(215.85,17.696152422707));
#7298 = CARTESIAN_POINT('',(224.85,12.5));
#7299 = CARTESIAN_POINT('',(215.85,7.303847577293));
#7300 = CARTESIAN_POINT('',(206.85,2.107695154587));
#7301 = CARTESIAN_POINT('',(206.85,12.5));
#7302 = ( GEOMETRIC_REPRESENTATION_CONTEXT(2) 
PARAMETRIC_REPRESENTATION_CONTEXT() REPRESENTATION_CONTEXT('2D SPACE',''
  ) );
#7303 = PCURVE('',#7304,#7309);
#7304 = CYLINDRICAL_SURFACE('',#7305,6.);
#7305 = AXIS2_PLACEMENT_3D('',#7306,#7307,#7308);
#7306 = CARTESIAN_POINT('',(300.,0.,2.7875E+03));
#7307 = DIRECTION('',(0.,0.,-1.));
#7308 = DIRECTION('',(-1.,0.,-0.));
#7309 = DEFINITIONAL_REPRESENTATION('',(#7310),#7314);
#7310 = LINE('',#7311,#7312);
#7311 = CARTESIAN_POINT('',(0.,0.));
#7312 = VECTOR('',#7313,1.);
#7313 = DIRECTION('',(1.,0.));
#7314 = ( GEOMETRIC_REPRESENTATION_CONTEXT(2) 
PARAMETRIC_REPRESENTATION_CONTEXT() REPRESENTATION_CONTEXT('2D SPACE',''
  ) );
#7315 = FACE_BOUND('',#7316,.F.);
#7316 = EDGE_LOOP('',(#7317));
#7317 = ORIENTED_EDGE('',*,*,#7318,.T.);
#7318 = EDGE_CURVE('',#7319,#7319,#7321,.T.);
#7319 = VERTEX_POINT('',#7320);
#7320 = CARTESIAN_POINT('',(494.,-1.469576158977E-15,2.7875E+03));
#7321 = SURFACE_CURVE('',#7322,(#7327,#7338),.PCURVE_S1.);
#7322 = CIRCLE('',#7323,6.);
#7323 = AXIS2_PLACEMENT_3D('',#7324,#7325,#7326);
#7324 = CARTESIAN_POINT('',(500.,0.,2.7875E+03));
#7325 = DIRECTION('',(0.,0.,-1.));
#7326 = DIRECTION('',(-1.,0.,-0.));
#7327 = PCURVE('',#6935,#7328);
#7328 = DEFINITIONAL_REPRESENTATION('',(#7329),#7337);
#7329 = ( BOUNDED_CURVE() B_SPLINE_CURVE(2,(#7330,#7331,#7332,#7333,
#7334,#7335,#7336),.UNSPECIFIED.,.T.,.F.) B_SPLINE_CURVE_WITH_KNOTS((1,2
    ,2,2,2,1),(-2.094395102393,0.,2.094395102393,4.188790204786,
6.28318530718,8.377580409573),.UNSPECIFIED.) CURVE() 
GEOMETRIC_REPRESENTATION_ITEM() RATIONAL_B_SPLINE_CURVE((1.,0.5,1.,0.5,
1.,0.5,1.)) REPRESENTATION_ITEM('') );
#7330 = CARTESIAN_POINT('',(406.85,12.5));
#7331 = CARTESIAN_POINT('',(406.85,22.892304845413));
#7332 = CARTESIAN_POINT('',(415.85,17.696152422707));
#7333 = CARTESIAN_POINT('',(424.85,12.5));
#7334 = CARTESIAN_POINT('',(415.85,7.303847577293));
#7335 = CARTESIAN_POINT('',(406.85,2.107695154587));
#7336 = CARTESIAN_POINT('',(406.85,12.5));
#7337 = ( GEOMETRIC_REPRESENTATION_CONTEXT(2) 
PARAMETRIC_REPRESENTATION_CONTEXT() REPRESENTATION_CONTEXT('2D SPACE',''
  ) );
#7338 = PCURVE('',#7339,#7344);
#7339 = CYLINDRICAL_SURFACE('',#7340,6.);
#7340 = AXIS2_PLACEMENT_3D('',#7341,#7342,#7343);
#7341 = CARTESIAN_POINT('',(500.,0.,2.7875E+03));
#7342 = DIRECTION('',(0.,0.,-1.));
#7343 = DIRECTION('',(-1.,0.,-0.));
#7344 = DEFINITIONAL_REPRESENTATION('',(#7345),#7349);
#7345 = LINE('',#7346,#7347);
#7346 = CARTESIAN_POINT('',(0.,0.));
#7347 = VECTOR('',#7348,1.);
#7348 = DIRECTION('',(1.,0.));
#7349 = ( GEOMETRIC_REPRESENTATION_CONTEXT(2) 
PARAMETRIC_REPRESENTATION_CONTEXT() REPRESENTATION_CONTEXT('2D SPACE',''
  ) );
#7350 = ADVANCED_FACE('',(#7351),#6963,.T.);
#7351 = FACE_BOUND('',#7352,.T.);
#7352 = EDGE_LOOP('',(#7353,#7354,#7355,#7356));
#7353 = ORIENTED_EDGE('',*,*,#7260,.F.);
#7354 = ORIENTED_EDGE('',*,*,#6947,.T.);
#7355 = ORIENTED_EDGE('',*,*,#7211,.T.);
#7356 = ORIENTED_EDGE('',*,*,#7357,.F.);
#7357 = EDGE_CURVE('',#7238,#7189,#7358,.T.);
#7358 = SURFACE_CURVE('',#7359,(#7363,#7370),.PCURVE_S1.);
#7359 = LINE('',#7360,#7361);
#7360 = CARTESIAN_POINT('',(607.15,12.5,2.7875E+03));
#7361 = VECTOR('',#7362,1.);
#7362 = DIRECTION('',(0.,0.,1.));
#7363 = PCURVE('',#6963,#7364);
#7364 = DEFINITIONAL_REPRESENTATION('',(#7365),#7369);
#7365 = LINE('',#7366,#7367);
#7366 = CARTESIAN_POINT('',(0.,520.));
#7367 = VECTOR('',#7368,1.);
#7368 = DIRECTION('',(1.,0.));
#7369 = ( GEOMETRIC_REPRESENTATION_CONTEXT(2) 
PARAMETRIC_REPRESENTATION_CONTEXT() REPRESENTATION_CONTEXT('2D SPACE',''
  ) );
#7370 = PCURVE('',#7171,#7371);
#7371 = DEFINITIONAL_REPRESENTATION('',(#7372),#7376);
#7372 = LINE('',#7373,#7374);
#7373 = CARTESIAN_POINT('',(0.,-25.));
#7374 = VECTOR('',#7375,1.);
#7375 = DIRECTION('',(1.,0.));
#7376 = ( GEOMETRIC_REPRESENTATION_CONTEXT(2) 
PARAMETRIC_REPRESENTATION_CONTEXT() REPRESENTATION_CONTEXT('2D SPACE',''
  ) );
#7377 = ADVANCED_FACE('',(#7378),#7020,.T.);
#7378 = FACE_BOUND('',#7379,.T.);
#7379 = EDGE_LOOP('',(#7380,#7403,#7404,#7427));
#7380 = ORIENTED_EDGE('',*,*,#7381,.F.);
#7381 = EDGE_CURVE('',#7004,#7382,#7384,.T.);
#7382 = VERTEX_POINT('',#7383);
#7383 = CARTESIAN_POINT('',(607.15,10.5,2.7895E+03));
#7384 = SURFACE_CURVE('',#7385,(#7389,#7396),.PCURVE_S1.);
#7385 = LINE('',#7386,#7387);
#7386 = CARTESIAN_POINT('',(86.15,10.5,2.7895E+03));
#7387 = VECTOR('',#7388,1.);
#7388 = DIRECTION('',(1.,0.,-0.));
#7389 = PCURVE('',#7020,#7390);
#7390 = DEFINITIONAL_REPRESENTATION('',(#7391),#7395);
#7391 = LINE('',#7392,#7393);
#7392 = CARTESIAN_POINT('',(0.,21.));
#7393 = VECTOR('',#7394,1.);
#7394 = DIRECTION('',(1.,0.));
#7395 = ( GEOMETRIC_REPRESENTATION_CONTEXT(2) 
PARAMETRIC_REPRESENTATION_CONTEXT() REPRESENTATION_CONTEXT('2D SPACE',''
  ) );
#7396 = PCURVE('',#7096,#7397);
#7397 = DEFINITIONAL_REPRESENTATION('',(#7398),#7402);
#7398 = LINE('',#7399,#7400);
#7399 = CARTESIAN_POINT('',(0.,0.));
#7400 = VECTOR('',#7401,1.);
#7401 = DIRECTION('',(0.,1.));
#7402 = ( GEOMETRIC_REPRESENTATION_CONTEXT(2) 
PARAMETRIC_REPRESENTATION_CONTEXT() REPRESENTATION_CONTEXT('2D SPACE',''
  ) );
#7403 = ORIENTED_EDGE('',*,*,#7003,.T.);
#7404 = ORIENTED_EDGE('',*,*,#7405,.T.);
#7405 = EDGE_CURVE('',#7006,#7406,#7408,.T.);
#7406 = VERTEX_POINT('',#7407);
#7407 = CARTESIAN_POINT('',(607.15,-10.5,2.7895E+03));
#7408 = SURFACE_CURVE('',#7409,(#7413,#7420),.PCURVE_S1.);
#7409 = LINE('',#7410,#7411);
#7410 = CARTESIAN_POINT('',(86.15,-10.5,2.7895E+03));
#7411 = VECTOR('',#7412,1.);
#7412 = DIRECTION('',(1.,0.,-0.));
#7413 = PCURVE('',#7020,#7414);
#7414 = DEFINITIONAL_REPRESENTATION('',(#7415),#7419);
#7415 = LINE('',#7416,#7417);
#7416 = CARTESIAN_POINT('',(0.,0.));
#7417 = VECTOR('',#7418,1.);
#7418 = DIRECTION('',(1.,0.));
#7419 = ( GEOMETRIC_REPRESENTATION_CONTEXT(2) 
PARAMETRIC_REPRESENTATION_CONTEXT() REPRESENTATION_CONTEXT('2D SPACE',''
  ) );
#7420 = PCURVE('',#7046,#7421);
#7421 = DEFINITIONAL_REPRESENTATION('',(#7422),#7426);
#7422 = LINE('',#7423,#7424);
#7423 = CARTESIAN_POINT('',(0.,0.));
#7424 = VECTOR('',#7425,1.);
#7425 = DIRECTION('',(0.,1.));
#7426 = ( GEOMETRIC_REPRESENTATION_CONTEXT(2) 
PARAMETRIC_REPRESENTATION_CONTEXT() REPRESENTATION_CONTEXT('2D SPACE',''
  ) );
#7427 = ORIENTED_EDGE('',*,*,#7428,.F.);
#7428 = EDGE_CURVE('',#7382,#7406,#7429,.T.);
#7429 = SURFACE_CURVE('',#7430,(#7434,#7440),.PCURVE_S1.);
#7430 = LINE('',#7431,#7432);
#7431 = CARTESIAN_POINT('',(607.15,-11.5,2.7895E+03));
#7432 = VECTOR('',#7433,1.);
#7433 = DIRECTION('',(0.,-1.,0.));
#7434 = PCURVE('',#7020,#7435);
#7435 = DEFINITIONAL_REPRESENTATION('',(#7436),#7439);
#7436 = B_SPLINE_CURVE_WITH_KNOTS('',1,(#7437,#7438),.UNSPECIFIED.,.F.,
  .F.,(2,2),(-22.,-1.),.PIECEWISE_BEZIER_KNOTS.);
#7437 = CARTESIAN_POINT('',(521.,21.));
#7438 = CARTESIAN_POINT('',(521.,0.));
#7439 = ( GEOMETRIC_REPRESENTATION_CONTEXT(2) 
PARAMETRIC_REPRESENTATION_CONTEXT() REPRESENTATION_CONTEXT('2D SPACE',''
  ) );
#7440 = PCURVE('',#7171,#7441);
#7441 = DEFINITIONAL_REPRESENTATION('',(#7442),#7445);
#7442 = B_SPLINE_CURVE_WITH_KNOTS('',1,(#7443,#7444),.UNSPECIFIED.,.F.,
  .F.,(2,2),(-22.,-1.),.PIECEWISE_BEZIER_KNOTS.);
#7443 = CARTESIAN_POINT('',(2.,-23.));
#7444 = CARTESIAN_POINT('',(2.,-2.));
#7445 = ( GEOMETRIC_REPRESENTATION_CONTEXT(2) 
PARAMETRIC_REPRESENTATION_CONTEXT() REPRESENTATION_CONTEXT('2D SPACE',''
  ) );
#7446 = ADVANCED_FACE('',(#7447),#7096,.F.);
#7447 = FACE_BOUND('',#7448,.F.);
#7448 = EDGE_LOOP('',(#7449,#7450,#7451,#7474));
#7449 = ORIENTED_EDGE('',*,*,#7381,.F.);
#7450 = ORIENTED_EDGE('',*,*,#7083,.T.);
#7451 = ORIENTED_EDGE('',*,*,#7452,.T.);
#7452 = EDGE_CURVE('',#7058,#7453,#7455,.T.);
#7453 = VERTEX_POINT('',#7454);
#7454 = CARTESIAN_POINT('',(607.15,10.5,2.8105E+03));
#7455 = SURFACE_CURVE('',#7456,(#7460,#7467),.PCURVE_S1.);
#7456 = LINE('',#7457,#7458);
#7457 = CARTESIAN_POINT('',(86.15,10.5,2.8105E+03));
#7458 = VECTOR('',#7459,1.);
#7459 = DIRECTION('',(1.,0.,-0.));
#7460 = PCURVE('',#7096,#7461);
#7461 = DEFINITIONAL_REPRESENTATION('',(#7462),#7466);
#7462 = LINE('',#7463,#7464);
#7463 = CARTESIAN_POINT('',(21.,0.));
#7464 = VECTOR('',#7465,1.);
#7465 = DIRECTION('',(0.,1.));
#7466 = ( GEOMETRIC_REPRESENTATION_CONTEXT(2) 
PARAMETRIC_REPRESENTATION_CONTEXT() REPRESENTATION_CONTEXT('2D SPACE',''
  ) );
#7467 = PCURVE('',#7072,#7468);
#7468 = DEFINITIONAL_REPRESENTATION('',(#7469),#7473);
#7469 = LINE('',#7470,#7471);
#7470 = CARTESIAN_POINT('',(0.,21.));
#7471 = VECTOR('',#7472,1.);
#7472 = DIRECTION('',(1.,0.));
#7473 = ( GEOMETRIC_REPRESENTATION_CONTEXT(2) 
PARAMETRIC_REPRESENTATION_CONTEXT() REPRESENTATION_CONTEXT('2D SPACE',''
  ) );
#7474 = ORIENTED_EDGE('',*,*,#7475,.F.);
#7475 = EDGE_CURVE('',#7382,#7453,#7476,.T.);
#7476 = SURFACE_CURVE('',#7477,(#7481,#7487),.PCURVE_S1.);
#7477 = LINE('',#7478,#7479);
#7478 = CARTESIAN_POINT('',(607.15,10.5,2.7885E+03));
#7479 = VECTOR('',#7480,1.);
#7480 = DIRECTION('',(0.,0.,1.));
#7481 = PCURVE('',#7096,#7482);
#7482 = DEFINITIONAL_REPRESENTATION('',(#7483),#7486);
#7483 = B_SPLINE_CURVE_WITH_KNOTS('',1,(#7484,#7485),.UNSPECIFIED.,.F.,
  .F.,(2,2),(1.,22.),.PIECEWISE_BEZIER_KNOTS.);
#7484 = CARTESIAN_POINT('',(0.,521.));
#7485 = CARTESIAN_POINT('',(21.,521.));
#7486 = ( GEOMETRIC_REPRESENTATION_CONTEXT(2) 
PARAMETRIC_REPRESENTATION_CONTEXT() REPRESENTATION_CONTEXT('2D SPACE',''
  ) );
#7487 = PCURVE('',#7171,#7488);
#7488 = DEFINITIONAL_REPRESENTATION('',(#7489),#7492);
#7489 = B_SPLINE_CURVE_WITH_KNOTS('',1,(#7490,#7491),.UNSPECIFIED.,.F.,
  .F.,(2,2),(1.,22.),.PIECEWISE_BEZIER_KNOTS.);
#7490 = CARTESIAN_POINT('',(2.,-23.));
#7491 = CARTESIAN_POINT('',(23.,-23.));
#7492 = ( GEOMETRIC_REPRESENTATION_CONTEXT(2) 
PARAMETRIC_REPRESENTATION_CONTEXT() REPRESENTATION_CONTEXT('2D SPACE',''
  ) );
#7493 = ADVANCED_FACE('',(#7494),#7072,.F.);
#7494 = FACE_BOUND('',#7495,.F.);
#7495 = EDGE_LOOP('',(#7496,#7497,#7498,#7521));
#7496 = ORIENTED_EDGE('',*,*,#7452,.F.);
#7497 = ORIENTED_EDGE('',*,*,#7057,.T.);
#7498 = ORIENTED_EDGE('',*,*,#7499,.T.);
#7499 = EDGE_CURVE('',#7032,#7500,#7502,.T.);
#7500 = VERTEX_POINT('',#7501);
#7501 = CARTESIAN_POINT('',(607.15,-10.5,2.8105E+03));
#7502 = SURFACE_CURVE('',#7503,(#7507,#7514),.PCURVE_S1.);
#7503 = LINE('',#7504,#7505);
#7504 = CARTESIAN_POINT('',(86.15,-10.5,2.8105E+03));
#7505 = VECTOR('',#7506,1.);
#7506 = DIRECTION('',(1.,0.,-0.));
#7507 = PCURVE('',#7072,#7508);
#7508 = DEFINITIONAL_REPRESENTATION('',(#7509),#7513);
#7509 = LINE('',#7510,#7511);
#7510 = CARTESIAN_POINT('',(0.,0.));
#7511 = VECTOR('',#7512,1.);
#7512 = DIRECTION('',(1.,0.));
#7513 = ( GEOMETRIC_REPRESENTATION_CONTEXT(2) 
PARAMETRIC_REPRESENTATION_CONTEXT() REPRESENTATION_CONTEXT('2D SPACE',''
  ) );
#7514 = PCURVE('',#7046,#7515);
#7515 = DEFINITIONAL_REPRESENTATION('',(#7516),#7520);
#7516 = LINE('',#7517,#7518);
#7517 = CARTESIAN_POINT('',(21.,0.));
#7518 = VECTOR('',#7519,1.);
#7519 = DIRECTION('',(0.,1.));
#7520 = ( GEOMETRIC_REPRESENTATION_CONTEXT(2) 
PARAMETRIC_REPRESENTATION_CONTEXT() REPRESENTATION_CONTEXT('2D SPACE',''
  ) );
#7521 = ORIENTED_EDGE('',*,*,#7522,.F.);
#7522 = EDGE_CURVE('',#7453,#7500,#7523,.T.);
#7523 = SURFACE_CURVE('',#7524,(#7528,#7534),.PCURVE_S1.);
#7524 = LINE('',#7525,#7526);
#7525 = CARTESIAN_POINT('',(607.15,-11.5,2.8105E+03));
#7526 = VECTOR('',#7527,1.);
#7527 = DIRECTION('',(0.,-1.,0.));
#7528 = PCURVE('',#7072,#7529);
#7529 = DEFINITIONAL_REPRESENTATION('',(#7530),#7533);
#7530 = B_SPLINE_CURVE_WITH_KNOTS('',1,(#7531,#7532),.UNSPECIFIED.,.F.,
  .F.,(2,2),(-22.,-1.),.PIECEWISE_BEZIER_KNOTS.);
#7531 = CARTESIAN_POINT('',(521.,21.));
#7532 = CARTESIAN_POINT('',(521.,0.));
#7533 = ( GEOMETRIC_REPRESENTATION_CONTEXT(2) 
PARAMETRIC_REPRESENTATION_CONTEXT() REPRESENTATION_CONTEXT('2D SPACE',''
  ) );
#7534 = PCURVE('',#7171,#7535);
#7535 = DEFINITIONAL_REPRESENTATION('',(#7536),#7539);
#7536 = B_SPLINE_CURVE_WITH_KNOTS('',1,(#7537,#7538),.UNSPECIFIED.,.F.,
  .F.,(2,2),(-22.,-1.),.PIECEWISE_BEZIER_KNOTS.);
#7537 = CARTESIAN_POINT('',(23.,-23.));
#7538 = CARTESIAN_POINT('',(23.,-2.));
#7539 = ( GEOMETRIC_REPRESENTATION_CONTEXT(2) 
PARAMETRIC_REPRESENTATION_CONTEXT() REPRESENTATION_CONTEXT('2D SPACE',''
  ) );
#7540 = ADVANCED_FACE('',(#7541),#7046,.T.);
#7541 = FACE_BOUND('',#7542,.T.);
#7542 = EDGE_LOOP('',(#7543,#7544,#7545,#7546));
#7543 = ORIENTED_EDGE('',*,*,#7405,.F.);
#7544 = ORIENTED_EDGE('',*,*,#7031,.T.);
#7545 = ORIENTED_EDGE('',*,*,#7499,.T.);
#7546 = ORIENTED_EDGE('',*,*,#7547,.F.);
#7547 = EDGE_CURVE('',#7406,#7500,#7548,.T.);
#7548 = SURFACE_CURVE('',#7549,(#7553,#7559),.PCURVE_S1.);
#7549 = LINE('',#7550,#7551);
#7550 = CARTESIAN_POINT('',(607.15,-10.5,2.7885E+03));
#7551 = VECTOR('',#7552,1.);
#7552 = DIRECTION('',(0.,0.,1.));
#7553 = PCURVE('',#7046,#7554);
#7554 = DEFINITIONAL_REPRESENTATION('',(#7555),#7558);
#7555 = B_SPLINE_CURVE_WITH_KNOTS('',1,(#7556,#7557),.UNSPECIFIED.,.F.,
  .F.,(2,2),(1.,22.),.PIECEWISE_BEZIER_KNOTS.);
#7556 = CARTESIAN_POINT('',(0.,521.));
#7557 = CARTESIAN_POINT('',(21.,521.));
#7558 = ( GEOMETRIC_REPRESENTATION_CONTEXT(2) 
PARAMETRIC_REPRESENTATION_CONTEXT() REPRESENTATION_CONTEXT('2D SPACE',''
  ) );
#7559 = PCURVE('',#7171,#7560);
#7560 = DEFINITIONAL_REPRESENTATION('',(#7561),#7564);
#7561 = B_SPLINE_CURVE_WITH_KNOTS('',1,(#7562,#7563),.UNSPECIFIED.,.F.,
  .F.,(2,2),(1.,22.),.PIECEWISE_BEZIER_KNOTS.);
#7562 = CARTESIAN_POINT('',(2.,-2.));
#7563 = CARTESIAN_POINT('',(23.,-2.));
#7564 = ( GEOMETRIC_REPRESENTATION_CONTEXT(2) 
PARAMETRIC_REPRESENTATION_CONTEXT() REPRESENTATION_CONTEXT('2D SPACE',''
  ) );
#7565 = ADVANCED_FACE('',(#7566,#7572),#7171,.T.);
#7566 = FACE_BOUND('',#7567,.T.);
#7567 = EDGE_LOOP('',(#7568,#7569,#7570,#7571));
#7568 = ORIENTED_EDGE('',*,*,#7157,.F.);
#7569 = ORIENTED_EDGE('',*,*,#7237,.T.);
#7570 = ORIENTED_EDGE('',*,*,#7357,.T.);
#7571 = ORIENTED_EDGE('',*,*,#7188,.F.);
#7572 = FACE_BOUND('',#7573,.T.);
#7573 = EDGE_LOOP('',(#7574,#7575,#7576,#7577));
#7574 = ORIENTED_EDGE('',*,*,#7428,.T.);
#7575 = ORIENTED_EDGE('',*,*,#7547,.T.);
#7576 = ORIENTED_EDGE('',*,*,#7522,.F.);
#7577 = ORIENTED_EDGE('',*,*,#7475,.F.);
#7578 = ADVANCED_FACE('',(#7579),#7304,.T.);
#7579 = FACE_BOUND('',#7580,.T.);
#7580 = EDGE_LOOP('',(#7581,#7610,#7631,#7632));
#7581 = ORIENTED_EDGE('',*,*,#7582,.F.);
#7582 = EDGE_CURVE('',#7583,#7583,#7585,.T.);
#7583 = VERTEX_POINT('',#7584);
#7584 = CARTESIAN_POINT('',(294.,-1.469576158977E-15,2.7675E+03));
#7585 = SURFACE_CURVE('',#7586,(#7591,#7598),.PCURVE_S1.);
#7586 = CIRCLE('',#7587,6.);
#7587 = AXIS2_PLACEMENT_3D('',#7588,#7589,#7590);
#7588 = CARTESIAN_POINT('',(300.,0.,2.7675E+03));
#7589 = DIRECTION('',(0.,0.,-1.));
#7590 = DIRECTION('',(-1.,0.,-0.));
#7591 = PCURVE('',#7304,#7592);
#7592 = DEFINITIONAL_REPRESENTATION('',(#7593),#7597);
#7593 = LINE('',#7594,#7595);
#7594 = CARTESIAN_POINT('',(0.,20.));
#7595 = VECTOR('',#7596,1.);
#7596 = DIRECTION('',(1.,0.));
#7597 = ( GEOMETRIC_REPRESENTATION_CONTEXT(2) 
PARAMETRIC_REPRESENTATION_CONTEXT() REPRESENTATION_CONTEXT('2D SPACE',''
  ) );
#7598 = PCURVE('',#7599,#7604);
#7599 = PLANE('',#7600);
#7600 = AXIS2_PLACEMENT_3D('',#7601,#7602,#7603);
#7601 = CARTESIAN_POINT('',(300.,0.,2.7675E+03));
#7602 = DIRECTION('',(0.,0.,-1.));
#7603 = DIRECTION('',(-1.,0.,-0.));
#7604 = DEFINITIONAL_REPRESENTATION('',(#7605),#7609);
#7605 = CIRCLE('',#7606,6.);
#7606 = AXIS2_PLACEMENT_2D('',#7607,#7608);
#7607 = CARTESIAN_POINT('',(0.,0.));
#7608 = DIRECTION('',(1.,0.));
#7609 = ( GEOMETRIC_REPRESENTATION_CONTEXT(2) 
PARAMETRIC_REPRESENTATION_CONTEXT() REPRESENTATION_CONTEXT('2D SPACE',''
  ) );
#7610 = ORIENTED_EDGE('',*,*,#7611,.F.);
#7611 = EDGE_CURVE('',#7284,#7583,#7612,.T.);
#7612 = SEAM_CURVE('',#7613,(#7617,#7624),.PCURVE_S1.);
#7613 = LINE('',#7614,#7615);
#7614 = CARTESIAN_POINT('',(294.,-1.469576158977E-15,2.7875E+03));
#7615 = VECTOR('',#7616,1.);
#7616 = DIRECTION('',(0.,0.,-1.));
#7617 = PCURVE('',#7304,#7618);
#7618 = DEFINITIONAL_REPRESENTATION('',(#7619),#7623);
#7619 = LINE('',#7620,#7621);
#7620 = CARTESIAN_POINT('',(6.28318530718,-0.));
#7621 = VECTOR('',#7622,1.);
#7622 = DIRECTION('',(0.,1.));
#7623 = ( GEOMETRIC_REPRESENTATION_CONTEXT(2) 
PARAMETRIC_REPRESENTATION_CONTEXT() REPRESENTATION_CONTEXT('2D SPACE',''
  ) );
#7624 = PCURVE('',#7304,#7625);
#7625 = DEFINITIONAL_REPRESENTATION('',(#7626),#7630);
#7626 = LINE('',#7627,#7628);
#7627 = CARTESIAN_POINT('',(0.,-0.));
#7628 = VECTOR('',#7629,1.);
#7629 = DIRECTION('',(0.,1.));
#7630 = ( GEOMETRIC_REPRESENTATION_CONTEXT(2) 
PARAMETRIC_REPRESENTATION_CONTEXT() REPRESENTATION_CONTEXT('2D SPACE',''
  ) );
#7631 = ORIENTED_EDGE('',*,*,#7283,.T.);
#7632 = ORIENTED_EDGE('',*,*,#7611,.T.);
#7633 = ADVANCED_FACE('',(#7634),#7339,.T.);
#7634 = FACE_BOUND('',#7635,.T.);
#7635 = EDGE_LOOP('',(#7636,#7665,#7686,#7687));
#7636 = ORIENTED_EDGE('',*,*,#7637,.F.);
#7637 = EDGE_CURVE('',#7638,#7638,#7640,.T.);
#7638 = VERTEX_POINT('',#7639);
#7639 = CARTESIAN_POINT('',(494.,-1.469576158977E-15,2.7545E+03));
#7640 = SURFACE_CURVE('',#7641,(#7646,#7653),.PCURVE_S1.);
#7641 = CIRCLE('',#7642,6.);
#7642 = AXIS2_PLACEMENT_3D('',#7643,#7644,#7645);
#7643 = CARTESIAN_POINT('',(500.,0.,2.7545E+03));
#7644 = DIRECTION('',(0.,0.,-1.));
#7645 = DIRECTION('',(-1.,0.,-0.));
#7646 = PCURVE('',#7339,#7647);
#7647 = DEFINITIONAL_REPRESENTATION('',(#7648),#7652);
#7648 = LINE('',#7649,#7650);
#7649 = CARTESIAN_POINT('',(0.,33.));
#7650 = VECTOR('',#7651,1.);
#7651 = DIRECTION('',(1.,0.));
#7652 = ( GEOMETRIC_REPRESENTATION_CONTEXT(2) 
PARAMETRIC_REPRESENTATION_CONTEXT() REPRESENTATION_CONTEXT('2D SPACE',''
  ) );
#7653 = PCURVE('',#7654,#7659);
#7654 = PLANE('',#7655);
#7655 = AXIS2_PLACEMENT_3D('',#7656,#7657,#7658);
#7656 = CARTESIAN_POINT('',(500.,0.,2.7545E+03));
#7657 = DIRECTION('',(0.,0.,-1.));
#7658 = DIRECTION('',(-1.,0.,-0.));
#7659 = DEFINITIONAL_REPRESENTATION('',(#7660),#7664);
#7660 = CIRCLE('',#7661,6.);
#7661 = AXIS2_PLACEMENT_2D('',#7662,#7663);
#7662 = CARTESIAN_POINT('',(0.,0.));
#7663 = DIRECTION('',(1.,0.));
#7664 = ( GEOMETRIC_REPRESENTATION_CONTEXT(2) 
PARAMETRIC_REPRESENTATION_CONTEXT() REPRESENTATION_CONTEXT('2D SPACE',''
  ) );
#7665 = ORIENTED_EDGE('',*,*,#7666,.F.);
#7666 = EDGE_CURVE('',#7319,#7638,#7667,.T.);
#7667 = SEAM_CURVE('',#7668,(#7672,#7679),.PCURVE_S1.);
#7668 = LINE('',#7669,#7670);
#7669 = CARTESIAN_POINT('',(494.,-1.469576158977E-15,2.7875E+03));
#7670 = VECTOR('',#7671,1.);
#7671 = DIRECTION('',(0.,0.,-1.));
#7672 = PCURVE('',#7339,#7673);
#7673 = DEFINITIONAL_REPRESENTATION('',(#7674),#7678);
#7674 = LINE('',#7675,#7676);
#7675 = CARTESIAN_POINT('',(6.28318530718,-0.));
#7676 = VECTOR('',#7677,1.);
#7677 = DIRECTION('',(0.,1.));
#7678 = ( GEOMETRIC_REPRESENTATION_CONTEXT(2) 
PARAMETRIC_REPRESENTATION_CONTEXT() REPRESENTATION_CONTEXT('2D SPACE',''
  ) );
#7679 = PCURVE('',#7339,#7680);
#7680 = DEFINITIONAL_REPRESENTATION('',(#7681),#7685);
#7681 = LINE('',#7682,#7683);
#7682 = CARTESIAN_POINT('',(0.,-0.));
#7683 = VECTOR('',#7684,1.);
#7684 = DIRECTION('',(0.,1.));
#7685 = ( GEOMETRIC_REPRESENTATION_CONTEXT(2) 
PARAMETRIC_REPRESENTATION_CONTEXT() REPRESENTATION_CONTEXT('2D SPACE',''
  ) );
#7686 = ORIENTED_EDGE('',*,*,#7318,.T.);
#7687 = ORIENTED_EDGE('',*,*,#7666,.T.);
#7688 = ADVANCED_FACE('',(#7689),#7599,.T.);
#7689 = FACE_BOUND('',#7690,.T.);
#7690 = EDGE_LOOP('',(#7691));
#7691 = ORIENTED_EDGE('',*,*,#7582,.T.);
#7692 = ADVANCED_FACE('',(#7693),#7654,.T.);
#7693 = FACE_BOUND('',#7694,.T.);
#7694 = EDGE_LOOP('',(#7695));
#7695 = ORIENTED_EDGE('',*,*,#7637,.T.);
#7696 = ( GEOMETRIC_REPRESENTATION_CONTEXT(3) 
GLOBAL_UNCERTAINTY_ASSIGNED_CONTEXT((#7700)) 
GLOBAL_UNIT_ASSIGNED_CONTEXT((#7697,#7698,#7699)) REPRESENTATION_CONTEXT
('Context #1','3D Context with UNIT and UNCERTAINTY') );
#7697 = ( LENGTH_UNIT() NAMED_UNIT(*) SI_UNIT(.MILLI.,.METRE.) );
#7698 = ( NAMED_UNIT(*) PLANE_ANGLE_UNIT() SI_UNIT($,.RADIAN.) );
#7699 = ( NAMED_UNIT(*) SI_UNIT($,.STERADIAN.) SOLID_ANGLE_UNIT() );
#7700 = UNCERTAINTY_MEASURE_WITH_UNIT(LENGTH_MEASURE(1.E-07),#7697,
  'distance_accuracy_value','confusion accuracy');
#7701 = CONTEXT_DEPENDENT_SHAPE_REPRESENTATION(#7702,#7704);
#7702 = ( REPRESENTATION_RELATIONSHIP('','',#6877,#10) 
REPRESENTATION_RELATIONSHIP_WITH_TRANSFORMATION(#7703) 
SHAPE_REPRESENTATION_RELATIONSHIP() );
#7703 = ITEM_DEFINED_TRANSFORMATION('','',#11,#35);
#7704 = PRODUCT_DEFINITION_SHAPE('Placement','Placement of an item',
  #7705);
#7705 = NEXT_ASSEMBLY_USAGE_OCCURRENCE('17','=>[0:1:1:7]','',#5,#6872,$
  );
#7706 = PRODUCT_RELATED_PRODUCT_CATEGORY('part',$,(#6874));
#7707 = SHAPE_DEFINITION_REPRESENTATION(#7708,#7714);
#7708 = PRODUCT_DEFINITION_SHAPE('','',#7709);
#7709 = PRODUCT_DEFINITION('design','',#7710,#7713);
#7710 = PRODUCT_DEFINITION_FORMATION('','',#7711);
#7711 = PRODUCT('COMPOUND','COMPOUND','',(#7712));
#7712 = PRODUCT_CONTEXT('',#2,'mechanical');
#7713 = PRODUCT_DEFINITION_CONTEXT('part definition',#2,'design');
#7714 = SHAPE_REPRESENTATION('',(#11,#7715,#8669,#8851),#9033);
#7715 = MANIFOLD_SOLID_BREP('',#7716);
#7716 = CLOSED_SHELL('',(#7717,#7939,#8015,#8091,#8167,#8325,#8401,#8472
    ,#8506,#8538,#8567,#8594,#8628,#8660));
#7717 = ADVANCED_FACE('',(#7718),#7732,.F.);
#7718 = FACE_BOUND('',#7719,.F.);
#7719 = EDGE_LOOP('',(#7720,#7755,#7783,#7811,#7837,#7863,#7889,#7915));
#7720 = ORIENTED_EDGE('',*,*,#7721,.F.);
#7721 = EDGE_CURVE('',#7722,#7724,#7726,.T.);
#7722 = VERTEX_POINT('',#7723);
#7723 = CARTESIAN_POINT('',(57.15,-55.,2.89E+03));
#7724 = VERTEX_POINT('',#7725);
#7725 = CARTESIAN_POINT('',(57.15,-7.57627876995,2.89E+03));
#7726 = SURFACE_CURVE('',#7727,(#7731,#7743),.PCURVE_S1.);
#7727 = LINE('',#7728,#7729);
#7728 = CARTESIAN_POINT('',(57.15,-55.,2.89E+03));
#7729 = VECTOR('',#7730,1.);
#7730 = DIRECTION('',(-0.,1.,0.));
#7731 = PCURVE('',#7732,#7737);
#7732 = PLANE('',#7733);
#7733 = AXIS2_PLACEMENT_3D('',#7734,#7735,#7736);
#7734 = CARTESIAN_POINT('',(57.15,-55.,2.71E+03));
#7735 = DIRECTION('',(1.,0.,-0.));
#7736 = DIRECTION('',(0.,0.,1.));
#7737 = DEFINITIONAL_REPRESENTATION('',(#7738),#7742);
#7738 = LINE('',#7739,#7740);
#7739 = CARTESIAN_POINT('',(180.,0.));
#7740 = VECTOR('',#7741,1.);
#7741 = DIRECTION('',(0.,-1.));
#7742 = ( GEOMETRIC_REPRESENTATION_CONTEXT(2) 
PARAMETRIC_REPRESENTATION_CONTEXT() REPRESENTATION_CONTEXT('2D SPACE',''
  ) );
#7743 = PCURVE('',#7744,#7749);
#7744 = PLANE('',#7745);
#7745 = AXIS2_PLACEMENT_3D('',#7746,#7747,#7748);
#7746 = CARTESIAN_POINT('',(57.15,-55.,2.89E+03));
#7747 = DIRECTION('',(0.,0.,1.));
#7748 = DIRECTION('',(1.,0.,-0.));
#7749 = DEFINITIONAL_REPRESENTATION('',(#7750),#7754);
#7750 = LINE('',#7751,#7752);
#7751 = CARTESIAN_POINT('',(0.,0.));
#7752 = VECTOR('',#7753,1.);
#7753 = DIRECTION('',(0.,1.));
#7754 = ( GEOMETRIC_REPRESENTATION_CONTEXT(2) 
PARAMETRIC_REPRESENTATION_CONTEXT() REPRESENTATION_CONTEXT('2D SPACE',''
  ) );
#7755 = ORIENTED_EDGE('',*,*,#7756,.F.);
#7756 = EDGE_CURVE('',#7757,#7722,#7759,.T.);
#7757 = VERTEX_POINT('',#7758);
#7758 = CARTESIAN_POINT('',(57.15,-55.,2.71E+03));
#7759 = SURFACE_CURVE('',#7760,(#7764,#7771),.PCURVE_S1.);
#7760 = LINE('',#7761,#7762);
#7761 = CARTESIAN_POINT('',(57.15,-55.,2.71E+03));
#7762 = VECTOR('',#7763,1.);
#7763 = DIRECTION('',(0.,0.,1.));
#7764 = PCURVE('',#7732,#7765);
#7765 = DEFINITIONAL_REPRESENTATION('',(#7766),#7770);
#7766 = LINE('',#7767,#7768);
#7767 = CARTESIAN_POINT('',(0.,0.));
#7768 = VECTOR('',#7769,1.);
#7769 = DIRECTION('',(1.,0.));
#7770 = ( GEOMETRIC_REPRESENTATION_CONTEXT(2) 
PARAMETRIC_REPRESENTATION_CONTEXT() REPRESENTATION_CONTEXT('2D SPACE',''
  ) );
#7771 = PCURVE('',#7772,#7777);
#7772 = PLANE('',#7773);
#7773 = AXIS2_PLACEMENT_3D('',#7774,#7775,#7776);
#7774 = CARTESIAN_POINT('',(57.15,-55.,2.71E+03));
#7775 = DIRECTION('',(-0.,1.,0.));
#7776 = DIRECTION('',(0.,0.,1.));
#7777 = DEFINITIONAL_REPRESENTATION('',(#7778),#7782);
#7778 = LINE('',#7779,#7780);
#7779 = CARTESIAN_POINT('',(0.,0.));
#7780 = VECTOR('',#7781,1.);
#7781 = DIRECTION('',(1.,0.));
#7782 = ( GEOMETRIC_REPRESENTATION_CONTEXT(2) 
PARAMETRIC_REPRESENTATION_CONTEXT() REPRESENTATION_CONTEXT('2D SPACE',''
  ) );
#7783 = ORIENTED_EDGE('',*,*,#7784,.T.);
#7784 = EDGE_CURVE('',#7757,#7785,#7787,.T.);
#7785 = VERTEX_POINT('',#7786);
#7786 = CARTESIAN_POINT('',(57.15,-7.57627876995,2.71E+03));
#7787 = SURFACE_CURVE('',#7788,(#7792,#7799),.PCURVE_S1.);
#7788 = LINE('',#7789,#7790);
#7789 = CARTESIAN_POINT('',(57.15,-55.,2.71E+03));
#7790 = VECTOR('',#7791,1.);
#7791 = DIRECTION('',(-0.,1.,0.));
#7792 = PCURVE('',#7732,#7793);
#7793 = DEFINITIONAL_REPRESENTATION('',(#7794),#7798);
#7794 = LINE('',#7795,#7796);
#7795 = CARTESIAN_POINT('',(0.,0.));
#7796 = VECTOR('',#7797,1.);
#7797 = DIRECTION('',(0.,-1.));
#7798 = ( GEOMETRIC_REPRESENTATION_CONTEXT(2) 
PARAMETRIC_REPRESENTATION_CONTEXT() REPRESENTATION_CONTEXT('2D SPACE',''
  ) );
#7799 = PCURVE('',#7800,#7805);
#7800 = PLANE('',#7801);
#7801 = AXIS2_PLACEMENT_3D('',#7802,#7803,#7804);
#7802 = CARTESIAN_POINT('',(57.15,-55.,2.71E+03));
#7803 = DIRECTION('',(0.,0.,1.));
#7804 = DIRECTION('',(1.,0.,-0.));
#7805 = DEFINITIONAL_REPRESENTATION('',(#7806),#7810);
#7806 = LINE('',#7807,#7808);
#7807 = CARTESIAN_POINT('',(0.,0.));
#7808 = VECTOR('',#7809,1.);
#7809 = DIRECTION('',(0.,1.));
#7810 = ( GEOMETRIC_REPRESENTATION_CONTEXT(2) 
PARAMETRIC_REPRESENTATION_CONTEXT() REPRESENTATION_CONTEXT('2D SPACE',''
  ) );
#7811 = ORIENTED_EDGE('',*,*,#7812,.T.);
#7812 = EDGE_CURVE('',#7785,#7813,#7815,.T.);
#7813 = VERTEX_POINT('',#7814);
#7814 = CARTESIAN_POINT('',(57.15,-7.57627876995,2.715E+03));
#7815 = SURFACE_CURVE('',#7816,(#7820,#7826),.PCURVE_S1.);
#7816 = LINE('',#7817,#7818);
#7817 = CARTESIAN_POINT('',(57.15,-7.57627876995,2.709E+03));
#7818 = VECTOR('',#7819,1.);
#7819 = DIRECTION('',(0.,0.,1.));
#7820 = PCURVE('',#7732,#7821);
#7821 = DEFINITIONAL_REPRESENTATION('',(#7822),#7825);
#7822 = B_SPLINE_CURVE_WITH_KNOTS('',1,(#7823,#7824),.UNSPECIFIED.,.F.,
  .F.,(2,2),(-6.000000212225E-07,182.0000006),.PIECEWISE_BEZIER_KNOTS.);
#7823 = CARTESIAN_POINT('',(-1.0000006,-47.42372123005));
#7824 = CARTESIAN_POINT('',(181.0000006,-47.42372123005));
#7825 = ( GEOMETRIC_REPRESENTATION_CONTEXT(2) 
PARAMETRIC_REPRESENTATION_CONTEXT() REPRESENTATION_CONTEXT('2D SPACE',''
  ) );
#7826 = PCURVE('',#7827,#7832);
#7827 = CYLINDRICAL_SURFACE('',#7828,57.65);
#7828 = AXIS2_PLACEMENT_3D('',#7829,#7830,#7831);
#7829 = CARTESIAN_POINT('',(0.,0.,2.709E+03));
#7830 = DIRECTION('',(0.,0.,1.));
#7831 = DIRECTION('',(1.,0.,-0.));
#7832 = DEFINITIONAL_REPRESENTATION('',(#7833),#7836);
#7833 = B_SPLINE_CURVE_WITH_KNOTS('',1,(#7834,#7835),.UNSPECIFIED.,.F.,
  .F.,(2,2),(1.,6.),.PIECEWISE_BEZIER_KNOTS.);
#7834 = CARTESIAN_POINT('',(6.151385513082,1.));
#7835 = CARTESIAN_POINT('',(6.151385513082,6.));
#7836 = ( GEOMETRIC_REPRESENTATION_CONTEXT(2) 
PARAMETRIC_REPRESENTATION_CONTEXT() REPRESENTATION_CONTEXT('2D SPACE',''
  ) );
#7837 = ORIENTED_EDGE('',*,*,#7838,.T.);
#7838 = EDGE_CURVE('',#7813,#7839,#7841,.T.);
#7839 = VERTEX_POINT('',#7840);
#7840 = CARTESIAN_POINT('',(57.15,-50.,2.715E+03));
#7841 = SURFACE_CURVE('',#7842,(#7846,#7852),.PCURVE_S1.);
#7842 = LINE('',#7843,#7844);
#7843 = CARTESIAN_POINT('',(57.15,-52.5,2.715E+03));
#7844 = VECTOR('',#7845,1.);
#7845 = DIRECTION('',(0.,-1.,0.));
#7846 = PCURVE('',#7732,#7847);
#7847 = DEFINITIONAL_REPRESENTATION('',(#7848),#7851);
#7848 = B_SPLINE_CURVE_WITH_KNOTS('',1,(#7849,#7850),.UNSPECIFIED.,.F.,
  .F.,(2,2),(-102.5,-2.5),.PIECEWISE_BEZIER_KNOTS.);
#7849 = CARTESIAN_POINT('',(5.,-105.));
#7850 = CARTESIAN_POINT('',(5.,-5.));
#7851 = ( GEOMETRIC_REPRESENTATION_CONTEXT(2) 
PARAMETRIC_REPRESENTATION_CONTEXT() REPRESENTATION_CONTEXT('2D SPACE',''
  ) );
#7852 = PCURVE('',#7853,#7858);
#7853 = PLANE('',#7854);
#7854 = AXIS2_PLACEMENT_3D('',#7855,#7856,#7857);
#7855 = CARTESIAN_POINT('',(55.15,-50.,2.715E+03));
#7856 = DIRECTION('',(0.,0.,1.));
#7857 = DIRECTION('',(1.,0.,-0.));
#7858 = DEFINITIONAL_REPRESENTATION('',(#7859),#7862);
#7859 = B_SPLINE_CURVE_WITH_KNOTS('',1,(#7860,#7861),.UNSPECIFIED.,.F.,
  .F.,(2,2),(-102.5,-2.5),.PIECEWISE_BEZIER_KNOTS.);
#7860 = CARTESIAN_POINT('',(2.,100.));
#7861 = CARTESIAN_POINT('',(2.,0.));
#7862 = ( GEOMETRIC_REPRESENTATION_CONTEXT(2) 
PARAMETRIC_REPRESENTATION_CONTEXT() REPRESENTATION_CONTEXT('2D SPACE',''
  ) );
#7863 = ORIENTED_EDGE('',*,*,#7864,.T.);
#7864 = EDGE_CURVE('',#7839,#7865,#7867,.T.);
#7865 = VERTEX_POINT('',#7866);
#7866 = CARTESIAN_POINT('',(57.15,-50.,2.885E+03));
#7867 = SURFACE_CURVE('',#7868,(#7872,#7878),.PCURVE_S1.);
#7868 = LINE('',#7869,#7870);
#7869 = CARTESIAN_POINT('',(57.15,-50.,2.7125E+03));
#7870 = VECTOR('',#7871,1.);
#7871 = DIRECTION('',(0.,0.,1.));
#7872 = PCURVE('',#7732,#7873);
#7873 = DEFINITIONAL_REPRESENTATION('',(#7874),#7877);
#7874 = B_SPLINE_CURVE_WITH_KNOTS('',1,(#7875,#7876),.UNSPECIFIED.,.F.,
  .F.,(2,2),(2.5,172.5),.PIECEWISE_BEZIER_KNOTS.);
#7875 = CARTESIAN_POINT('',(5.,-5.));
#7876 = CARTESIAN_POINT('',(175.,-5.));
#7877 = ( GEOMETRIC_REPRESENTATION_CONTEXT(2) 
PARAMETRIC_REPRESENTATION_CONTEXT() REPRESENTATION_CONTEXT('2D SPACE',''
  ) );
#7878 = PCURVE('',#7879,#7884);
#7879 = PLANE('',#7880);
#7880 = AXIS2_PLACEMENT_3D('',#7881,#7882,#7883);
#7881 = CARTESIAN_POINT('',(55.15,-50.,2.715E+03));
#7882 = DIRECTION('',(-0.,1.,0.));
#7883 = DIRECTION('',(0.,0.,1.));
#7884 = DEFINITIONAL_REPRESENTATION('',(#7885),#7888);
#7885 = B_SPLINE_CURVE_WITH_KNOTS('',1,(#7886,#7887),.UNSPECIFIED.,.F.,
  .F.,(2,2),(2.5,172.5),.PIECEWISE_BEZIER_KNOTS.);
#7886 = CARTESIAN_POINT('',(0.,2.));
#7887 = CARTESIAN_POINT('',(170.,2.));
#7888 = ( GEOMETRIC_REPRESENTATION_CONTEXT(2) 
PARAMETRIC_REPRESENTATION_CONTEXT() REPRESENTATION_CONTEXT('2D SPACE',''
  ) );
#7889 = ORIENTED_EDGE('',*,*,#7890,.F.);
#7890 = EDGE_CURVE('',#7891,#7865,#7893,.T.);
#7891 = VERTEX_POINT('',#7892);
#7892 = CARTESIAN_POINT('',(57.15,-7.57627876995,2.885E+03));
#7893 = SURFACE_CURVE('',#7894,(#7898,#7904),.PCURVE_S1.);
#7894 = LINE('',#7895,#7896);
#7895 = CARTESIAN_POINT('',(57.15,-52.5,2.885E+03));
#7896 = VECTOR('',#7897,1.);
#7897 = DIRECTION('',(0.,-1.,0.));
#7898 = PCURVE('',#7732,#7899);
#7899 = DEFINITIONAL_REPRESENTATION('',(#7900),#7903);
#7900 = B_SPLINE_CURVE_WITH_KNOTS('',1,(#7901,#7902),.UNSPECIFIED.,.F.,
  .F.,(2,2),(-102.5,-2.5),.PIECEWISE_BEZIER_KNOTS.);
#7901 = CARTESIAN_POINT('',(175.,-105.));
#7902 = CARTESIAN_POINT('',(175.,-5.));
#7903 = ( GEOMETRIC_REPRESENTATION_CONTEXT(2) 
PARAMETRIC_REPRESENTATION_CONTEXT() REPRESENTATION_CONTEXT('2D SPACE',''
  ) );
#7904 = PCURVE('',#7905,#7910);
#7905 = PLANE('',#7906);
#7906 = AXIS2_PLACEMENT_3D('',#7907,#7908,#7909);
#7907 = CARTESIAN_POINT('',(55.15,-50.,2.885E+03));
#7908 = DIRECTION('',(0.,0.,1.));
#7909 = DIRECTION('',(1.,0.,-0.));
#7910 = DEFINITIONAL_REPRESENTATION('',(#7911),#7914);
#7911 = B_SPLINE_CURVE_WITH_KNOTS('',1,(#7912,#7913),.UNSPECIFIED.,.F.,
  .F.,(2,2),(-102.5,-2.5),.PIECEWISE_BEZIER_KNOTS.);
#7912 = CARTESIAN_POINT('',(2.,100.));
#7913 = CARTESIAN_POINT('',(2.,0.));
#7914 = ( GEOMETRIC_REPRESENTATION_CONTEXT(2) 
PARAMETRIC_REPRESENTATION_CONTEXT() REPRESENTATION_CONTEXT('2D SPACE',''
  ) );
#7915 = ORIENTED_EDGE('',*,*,#7916,.T.);
#7916 = EDGE_CURVE('',#7891,#7724,#7917,.T.);
#7917 = SURFACE_CURVE('',#7918,(#7922,#7928),.PCURVE_S1.);
#7918 = LINE('',#7919,#7920);
#7919 = CARTESIAN_POINT('',(57.15,-7.57627876995,2.709E+03));
#7920 = VECTOR('',#7921,1.);
#7921 = DIRECTION('',(0.,0.,1.));
#7922 = PCURVE('',#7732,#7923);
#7923 = DEFINITIONAL_REPRESENTATION('',(#7924),#7927);
#7924 = B_SPLINE_CURVE_WITH_KNOTS('',1,(#7925,#7926),.UNSPECIFIED.,.F.,
  .F.,(2,2),(-6.000000212225E-07,182.0000006),.PIECEWISE_BEZIER_KNOTS.);
#7925 = CARTESIAN_POINT('',(-1.0000006,-47.42372123005));
#7926 = CARTESIAN_POINT('',(181.0000006,-47.42372123005));
#7927 = ( GEOMETRIC_REPRESENTATION_CONTEXT(2) 
PARAMETRIC_REPRESENTATION_CONTEXT() REPRESENTATION_CONTEXT('2D SPACE',''
  ) );
#7928 = PCURVE('',#7929,#7934);
#7929 = CYLINDRICAL_SURFACE('',#7930,57.65);
#7930 = AXIS2_PLACEMENT_3D('',#7931,#7932,#7933);
#7931 = CARTESIAN_POINT('',(0.,0.,2.709E+03));
#7932 = DIRECTION('',(0.,0.,1.));
#7933 = DIRECTION('',(1.,0.,-0.));
#7934 = DEFINITIONAL_REPRESENTATION('',(#7935),#7938);
#7935 = B_SPLINE_CURVE_WITH_KNOTS('',1,(#7936,#7937),.UNSPECIFIED.,.F.,
  .F.,(2,2),(176.,181.),.PIECEWISE_BEZIER_KNOTS.);
#7936 = CARTESIAN_POINT('',(6.151385513082,176.));
#7937 = CARTESIAN_POINT('',(6.151385513082,181.));
#7938 = ( GEOMETRIC_REPRESENTATION_CONTEXT(2) 
PARAMETRIC_REPRESENTATION_CONTEXT() REPRESENTATION_CONTEXT('2D SPACE',''
  ) );
#7939 = ADVANCED_FACE('',(#7940),#7772,.F.);
#7940 = FACE_BOUND('',#7941,.F.);
#7941 = EDGE_LOOP('',(#7942,#7965,#7966,#7989));
#7942 = ORIENTED_EDGE('',*,*,#7943,.F.);
#7943 = EDGE_CURVE('',#7757,#7944,#7946,.T.);
#7944 = VERTEX_POINT('',#7945);
#7945 = CARTESIAN_POINT('',(87.15,-55.,2.71E+03));
#7946 = SURFACE_CURVE('',#7947,(#7951,#7958),.PCURVE_S1.);
#7947 = LINE('',#7948,#7949);
#7948 = CARTESIAN_POINT('',(57.15,-55.,2.71E+03));
#7949 = VECTOR('',#7950,1.);
#7950 = DIRECTION('',(1.,0.,-0.));
#7951 = PCURVE('',#7772,#7952);
#7952 = DEFINITIONAL_REPRESENTATION('',(#7953),#7957);
#7953 = LINE('',#7954,#7955);
#7954 = CARTESIAN_POINT('',(0.,0.));
#7955 = VECTOR('',#7956,1.);
#7956 = DIRECTION('',(0.,1.));
#7957 = ( GEOMETRIC_REPRESENTATION_CONTEXT(2) 
PARAMETRIC_REPRESENTATION_CONTEXT() REPRESENTATION_CONTEXT('2D SPACE',''
  ) );
#7958 = PCURVE('',#7800,#7959);
#7959 = DEFINITIONAL_REPRESENTATION('',(#7960),#7964);
#7960 = LINE('',#7961,#7962);
#7961 = CARTESIAN_POINT('',(0.,0.));
#7962 = VECTOR('',#7963,1.);
#7963 = DIRECTION('',(1.,0.));
#7964 = ( GEOMETRIC_REPRESENTATION_CONTEXT(2) 
PARAMETRIC_REPRESENTATION_CONTEXT() REPRESENTATION_CONTEXT('2D SPACE',''
  ) );
#7965 = ORIENTED_EDGE('',*,*,#7756,.T.);
#7966 = ORIENTED_EDGE('',*,*,#7967,.T.);
#7967 = EDGE_CURVE('',#7722,#7968,#7970,.T.);
#7968 = VERTEX_POINT('',#7969);
#7969 = CARTESIAN_POINT('',(87.15,-55.,2.89E+03));
#7970 = SURFACE_CURVE('',#7971,(#7975,#7982),.PCURVE_S1.);
#7971 = LINE('',#7972,#7973);
#7972 = CARTESIAN_POINT('',(57.15,-55.,2.89E+03));
#7973 = VECTOR('',#7974,1.);
#7974 = DIRECTION('',(1.,0.,-0.));
#7975 = PCURVE('',#7772,#7976);
#7976 = DEFINITIONAL_REPRESENTATION('',(#7977),#7981);
#7977 = LINE('',#7978,#7979);
#7978 = CARTESIAN_POINT('',(180.,0.));
#7979 = VECTOR('',#7980,1.);
#7980 = DIRECTION('',(0.,1.));
#7981 = ( GEOMETRIC_REPRESENTATION_CONTEXT(2) 
PARAMETRIC_REPRESENTATION_CONTEXT() REPRESENTATION_CONTEXT('2D SPACE',''
  ) );
#7982 = PCURVE('',#7744,#7983);
#7983 = DEFINITIONAL_REPRESENTATION('',(#7984),#7988);
#7984 = LINE('',#7985,#7986);
#7985 = CARTESIAN_POINT('',(0.,0.));
#7986 = VECTOR('',#7987,1.);
#7987 = DIRECTION('',(1.,0.));
#7988 = ( GEOMETRIC_REPRESENTATION_CONTEXT(2) 
PARAMETRIC_REPRESENTATION_CONTEXT() REPRESENTATION_CONTEXT('2D SPACE',''
  ) );
#7989 = ORIENTED_EDGE('',*,*,#7990,.F.);
#7990 = EDGE_CURVE('',#7944,#7968,#7991,.T.);
#7991 = SURFACE_CURVE('',#7992,(#7996,#8003),.PCURVE_S1.);
#7992 = LINE('',#7993,#7994);
#7993 = CARTESIAN_POINT('',(87.15,-55.,2.71E+03));
#7994 = VECTOR('',#7995,1.);
#7995 = DIRECTION('',(0.,0.,1.));
#7996 = PCURVE('',#7772,#7997);
#7997 = DEFINITIONAL_REPRESENTATION('',(#7998),#8002);
#7998 = LINE('',#7999,#8000);
#7999 = CARTESIAN_POINT('',(0.,30.));
#8000 = VECTOR('',#8001,1.);
#8001 = DIRECTION('',(1.,0.));
#8002 = ( GEOMETRIC_REPRESENTATION_CONTEXT(2) 
PARAMETRIC_REPRESENTATION_CONTEXT() REPRESENTATION_CONTEXT('2D SPACE',''
  ) );
#8003 = PCURVE('',#8004,#8009);
#8004 = PLANE('',#8005);
#8005 = AXIS2_PLACEMENT_3D('',#8006,#8007,#8008);
#8006 = CARTESIAN_POINT('',(87.15,-55.,2.71E+03));
#8007 = DIRECTION('',(1.,0.,-0.));
#8008 = DIRECTION('',(0.,0.,1.));
#8009 = DEFINITIONAL_REPRESENTATION('',(#8010),#8014);
#8010 = LINE('',#8011,#8012);
#8011 = CARTESIAN_POINT('',(0.,0.));
#8012 = VECTOR('',#8013,1.);
#8013 = DIRECTION('',(1.,0.));
#8014 = ( GEOMETRIC_REPRESENTATION_CONTEXT(2) 
PARAMETRIC_REPRESENTATION_CONTEXT() REPRESENTATION_CONTEXT('2D SPACE',''
  ) );
#8015 = ADVANCED_FACE('',(#8016),#8004,.T.);
#8016 = FACE_BOUND('',#8017,.T.);
#8017 = EDGE_LOOP('',(#8018,#8019,#8042,#8070));
#8018 = ORIENTED_EDGE('',*,*,#7990,.F.);
#8019 = ORIENTED_EDGE('',*,*,#8020,.T.);
#8020 = EDGE_CURVE('',#7944,#8021,#8023,.T.);
#8021 = VERTEX_POINT('',#8022);
#8022 = CARTESIAN_POINT('',(87.15,55.,2.71E+03));
#8023 = SURFACE_CURVE('',#8024,(#8028,#8035),.PCURVE_S1.);
#8024 = LINE('',#8025,#8026);
#8025 = CARTESIAN_POINT('',(87.15,-55.,2.71E+03));
#8026 = VECTOR('',#8027,1.);
#8027 = DIRECTION('',(-0.,1.,0.));
#8028 = PCURVE('',#8004,#8029);
#8029 = DEFINITIONAL_REPRESENTATION('',(#8030),#8034);
#8030 = LINE('',#8031,#8032);
#8031 = CARTESIAN_POINT('',(0.,0.));
#8032 = VECTOR('',#8033,1.);
#8033 = DIRECTION('',(0.,-1.));
#8034 = ( GEOMETRIC_REPRESENTATION_CONTEXT(2) 
PARAMETRIC_REPRESENTATION_CONTEXT() REPRESENTATION_CONTEXT('2D SPACE',''
  ) );
#8035 = PCURVE('',#7800,#8036);
#8036 = DEFINITIONAL_REPRESENTATION('',(#8037),#8041);
#8037 = LINE('',#8038,#8039);
#8038 = CARTESIAN_POINT('',(30.,0.));
#8039 = VECTOR('',#8040,1.);
#8040 = DIRECTION('',(0.,1.));
#8041 = ( GEOMETRIC_REPRESENTATION_CONTEXT(2) 
PARAMETRIC_REPRESENTATION_CONTEXT() REPRESENTATION_CONTEXT('2D SPACE',''
  ) );
#8042 = ORIENTED_EDGE('',*,*,#8043,.T.);
#8043 = EDGE_CURVE('',#8021,#8044,#8046,.T.);
#8044 = VERTEX_POINT('',#8045);
#8045 = CARTESIAN_POINT('',(87.15,55.,2.89E+03));
#8046 = SURFACE_CURVE('',#8047,(#8051,#8058),.PCURVE_S1.);
#8047 = LINE('',#8048,#8049);
#8048 = CARTESIAN_POINT('',(87.15,55.,2.71E+03));
#8049 = VECTOR('',#8050,1.);
#8050 = DIRECTION('',(0.,0.,1.));
#8051 = PCURVE('',#8004,#8052);
#8052 = DEFINITIONAL_REPRESENTATION('',(#8053),#8057);
#8053 = LINE('',#8054,#8055);
#8054 = CARTESIAN_POINT('',(0.,-110.));
#8055 = VECTOR('',#8056,1.);
#8056 = DIRECTION('',(1.,0.));
#8057 = ( GEOMETRIC_REPRESENTATION_CONTEXT(2) 
PARAMETRIC_REPRESENTATION_CONTEXT() REPRESENTATION_CONTEXT('2D SPACE',''
  ) );
#8058 = PCURVE('',#8059,#8064);
#8059 = PLANE('',#8060);
#8060 = AXIS2_PLACEMENT_3D('',#8061,#8062,#8063);
#8061 = CARTESIAN_POINT('',(57.15,55.,2.71E+03));
#8062 = DIRECTION('',(-0.,1.,0.));
#8063 = DIRECTION('',(0.,0.,1.));
#8064 = DEFINITIONAL_REPRESENTATION('',(#8065),#8069);
#8065 = LINE('',#8066,#8067);
#8066 = CARTESIAN_POINT('',(0.,30.));
#8067 = VECTOR('',#8068,1.);
#8068 = DIRECTION('',(1.,0.));
#8069 = ( GEOMETRIC_REPRESENTATION_CONTEXT(2) 
PARAMETRIC_REPRESENTATION_CONTEXT() REPRESENTATION_CONTEXT('2D SPACE',''
  ) );
#8070 = ORIENTED_EDGE('',*,*,#8071,.F.);
#8071 = EDGE_CURVE('',#7968,#8044,#8072,.T.);
#8072 = SURFACE_CURVE('',#8073,(#8077,#8084),.PCURVE_S1.);
#8073 = LINE('',#8074,#8075);
#8074 = CARTESIAN_POINT('',(87.15,-55.,2.89E+03));
#8075 = VECTOR('',#8076,1.);
#8076 = DIRECTION('',(-0.,1.,0.));
#8077 = PCURVE('',#8004,#8078);
#8078 = DEFINITIONAL_REPRESENTATION('',(#8079),#8083);
#8079 = LINE('',#8080,#8081);
#8080 = CARTESIAN_POINT('',(180.,0.));
#8081 = VECTOR('',#8082,1.);
#8082 = DIRECTION('',(0.,-1.));
#8083 = ( GEOMETRIC_REPRESENTATION_CONTEXT(2) 
PARAMETRIC_REPRESENTATION_CONTEXT() REPRESENTATION_CONTEXT('2D SPACE',''
  ) );
#8084 = PCURVE('',#7744,#8085);
#8085 = DEFINITIONAL_REPRESENTATION('',(#8086),#8090);
#8086 = LINE('',#8087,#8088);
#8087 = CARTESIAN_POINT('',(30.,0.));
#8088 = VECTOR('',#8089,1.);
#8089 = DIRECTION('',(0.,1.));
#8090 = ( GEOMETRIC_REPRESENTATION_CONTEXT(2) 
PARAMETRIC_REPRESENTATION_CONTEXT() REPRESENTATION_CONTEXT('2D SPACE',''
  ) );
#8091 = ADVANCED_FACE('',(#8092),#8059,.T.);
#8092 = FACE_BOUND('',#8093,.T.);
#8093 = EDGE_LOOP('',(#8094,#8117,#8145,#8166));
#8094 = ORIENTED_EDGE('',*,*,#8095,.F.);
#8095 = EDGE_CURVE('',#8096,#8021,#8098,.T.);
#8096 = VERTEX_POINT('',#8097);
#8097 = CARTESIAN_POINT('',(57.15,55.,2.71E+03));
#8098 = SURFACE_CURVE('',#8099,(#8103,#8110),.PCURVE_S1.);
#8099 = LINE('',#8100,#8101);
#8100 = CARTESIAN_POINT('',(57.15,55.,2.71E+03));
#8101 = VECTOR('',#8102,1.);
#8102 = DIRECTION('',(1.,0.,-0.));
#8103 = PCURVE('',#8059,#8104);
#8104 = DEFINITIONAL_REPRESENTATION('',(#8105),#8109);
#8105 = LINE('',#8106,#8107);
#8106 = CARTESIAN_POINT('',(0.,0.));
#8107 = VECTOR('',#8108,1.);
#8108 = DIRECTION('',(0.,1.));
#8109 = ( GEOMETRIC_REPRESENTATION_CONTEXT(2) 
PARAMETRIC_REPRESENTATION_CONTEXT() REPRESENTATION_CONTEXT('2D SPACE',''
  ) );
#8110 = PCURVE('',#7800,#8111);
#8111 = DEFINITIONAL_REPRESENTATION('',(#8112),#8116);
#8112 = LINE('',#8113,#8114);
#8113 = CARTESIAN_POINT('',(0.,110.));
#8114 = VECTOR('',#8115,1.);
#8115 = DIRECTION('',(1.,0.));
#8116 = ( GEOMETRIC_REPRESENTATION_CONTEXT(2) 
PARAMETRIC_REPRESENTATION_CONTEXT() REPRESENTATION_CONTEXT('2D SPACE',''
  ) );
#8117 = ORIENTED_EDGE('',*,*,#8118,.T.);
#8118 = EDGE_CURVE('',#8096,#8119,#8121,.T.);
#8119 = VERTEX_POINT('',#8120);
#8120 = CARTESIAN_POINT('',(57.15,55.,2.89E+03));
#8121 = SURFACE_CURVE('',#8122,(#8126,#8133),.PCURVE_S1.);
#8122 = LINE('',#8123,#8124);
#8123 = CARTESIAN_POINT('',(57.15,55.,2.71E+03));
#8124 = VECTOR('',#8125,1.);
#8125 = DIRECTION('',(0.,0.,1.));
#8126 = PCURVE('',#8059,#8127);
#8127 = DEFINITIONAL_REPRESENTATION('',(#8128),#8132);
#8128 = LINE('',#8129,#8130);
#8129 = CARTESIAN_POINT('',(0.,0.));
#8130 = VECTOR('',#8131,1.);
#8131 = DIRECTION('',(1.,0.));
#8132 = ( GEOMETRIC_REPRESENTATION_CONTEXT(2) 
PARAMETRIC_REPRESENTATION_CONTEXT() REPRESENTATION_CONTEXT('2D SPACE',''
  ) );
#8133 = PCURVE('',#8134,#8139);
#8134 = PLANE('',#8135);
#8135 = AXIS2_PLACEMENT_3D('',#8136,#8137,#8138);
#8136 = CARTESIAN_POINT('',(57.15,-55.,2.71E+03));
#8137 = DIRECTION('',(1.,0.,-0.));
#8138 = DIRECTION('',(0.,0.,1.));
#8139 = DEFINITIONAL_REPRESENTATION('',(#8140),#8144);
#8140 = LINE('',#8141,#8142);
#8141 = CARTESIAN_POINT('',(0.,-110.));
#8142 = VECTOR('',#8143,1.);
#8143 = DIRECTION('',(1.,0.));
#8144 = ( GEOMETRIC_REPRESENTATION_CONTEXT(2) 
PARAMETRIC_REPRESENTATION_CONTEXT() REPRESENTATION_CONTEXT('2D SPACE',''
  ) );
#8145 = ORIENTED_EDGE('',*,*,#8146,.T.);
#8146 = EDGE_CURVE('',#8119,#8044,#8147,.T.);
#8147 = SURFACE_CURVE('',#8148,(#8152,#8159),.PCURVE_S1.);
#8148 = LINE('',#8149,#8150);
#8149 = CARTESIAN_POINT('',(57.15,55.,2.89E+03));
#8150 = VECTOR('',#8151,1.);
#8151 = DIRECTION('',(1.,0.,-0.));
#8152 = PCURVE('',#8059,#8153);
#8153 = DEFINITIONAL_REPRESENTATION('',(#8154),#8158);
#8154 = LINE('',#8155,#8156);
#8155 = CARTESIAN_POINT('',(180.,0.));
#8156 = VECTOR('',#8157,1.);
#8157 = DIRECTION('',(0.,1.));
#8158 = ( GEOMETRIC_REPRESENTATION_CONTEXT(2) 
PARAMETRIC_REPRESENTATION_CONTEXT() REPRESENTATION_CONTEXT('2D SPACE',''
  ) );
#8159 = PCURVE('',#7744,#8160);
#8160 = DEFINITIONAL_REPRESENTATION('',(#8161),#8165);
#8161 = LINE('',#8162,#8163);
#8162 = CARTESIAN_POINT('',(0.,110.));
#8163 = VECTOR('',#8164,1.);
#8164 = DIRECTION('',(1.,0.));
#8165 = ( GEOMETRIC_REPRESENTATION_CONTEXT(2) 
PARAMETRIC_REPRESENTATION_CONTEXT() REPRESENTATION_CONTEXT('2D SPACE',''
  ) );
#8166 = ORIENTED_EDGE('',*,*,#8043,.F.);
#8167 = ADVANCED_FACE('',(#8168),#8134,.F.);
#8168 = FACE_BOUND('',#8169,.F.);
#8169 = EDGE_LOOP('',(#8170,#8193,#8214,#8235,#8261,#8282,#8303,#8324));
#8170 = ORIENTED_EDGE('',*,*,#8171,.F.);
#8171 = EDGE_CURVE('',#8172,#8119,#8174,.T.);
#8172 = VERTEX_POINT('',#8173);
#8173 = CARTESIAN_POINT('',(57.15,7.57627876995,2.89E+03));
#8174 = SURFACE_CURVE('',#8175,(#8179,#8186),.PCURVE_S1.);
#8175 = LINE('',#8176,#8177);
#8176 = CARTESIAN_POINT('',(57.15,-55.,2.89E+03));
#8177 = VECTOR('',#8178,1.);
#8178 = DIRECTION('',(-0.,1.,0.));
#8179 = PCURVE('',#8134,#8180);
#8180 = DEFINITIONAL_REPRESENTATION('',(#8181),#8185);
#8181 = LINE('',#8182,#8183);
#8182 = CARTESIAN_POINT('',(180.,0.));
#8183 = VECTOR('',#8184,1.);
#8184 = DIRECTION('',(0.,-1.));
#8185 = ( GEOMETRIC_REPRESENTATION_CONTEXT(2) 
PARAMETRIC_REPRESENTATION_CONTEXT() REPRESENTATION_CONTEXT('2D SPACE',''
  ) );
#8186 = PCURVE('',#7744,#8187);
#8187 = DEFINITIONAL_REPRESENTATION('',(#8188),#8192);
#8188 = LINE('',#8189,#8190);
#8189 = CARTESIAN_POINT('',(0.,0.));
#8190 = VECTOR('',#8191,1.);
#8191 = DIRECTION('',(0.,1.));
#8192 = ( GEOMETRIC_REPRESENTATION_CONTEXT(2) 
PARAMETRIC_REPRESENTATION_CONTEXT() REPRESENTATION_CONTEXT('2D SPACE',''
  ) );
#8193 = ORIENTED_EDGE('',*,*,#8194,.F.);
#8194 = EDGE_CURVE('',#8195,#8172,#8197,.T.);
#8195 = VERTEX_POINT('',#8196);
#8196 = CARTESIAN_POINT('',(57.15,7.57627876995,2.885E+03));
#8197 = SURFACE_CURVE('',#8198,(#8202,#8208),.PCURVE_S1.);
#8198 = LINE('',#8199,#8200);
#8199 = CARTESIAN_POINT('',(57.15,7.57627876995,2.709E+03));
#8200 = VECTOR('',#8201,1.);
#8201 = DIRECTION('',(0.,0.,1.));
#8202 = PCURVE('',#8134,#8203);
#8203 = DEFINITIONAL_REPRESENTATION('',(#8204),#8207);
#8204 = B_SPLINE_CURVE_WITH_KNOTS('',1,(#8205,#8206),.UNSPECIFIED.,.F.,
  .F.,(2,2),(-6.000000212225E-07,182.0000006),.PIECEWISE_BEZIER_KNOTS.);
#8205 = CARTESIAN_POINT('',(-1.0000006,-62.57627876995));
#8206 = CARTESIAN_POINT('',(181.0000006,-62.57627876995));
#8207 = ( GEOMETRIC_REPRESENTATION_CONTEXT(2) 
PARAMETRIC_REPRESENTATION_CONTEXT() REPRESENTATION_CONTEXT('2D SPACE',''
  ) );
#8208 = PCURVE('',#7929,#8209);
#8209 = DEFINITIONAL_REPRESENTATION('',(#8210),#8213);
#8210 = B_SPLINE_CURVE_WITH_KNOTS('',1,(#8211,#8212),.UNSPECIFIED.,.F.,
  .F.,(2,2),(176.,181.),.PIECEWISE_BEZIER_KNOTS.);
#8211 = CARTESIAN_POINT('',(6.414985101277,176.));
#8212 = CARTESIAN_POINT('',(6.414985101277,181.));
#8213 = ( GEOMETRIC_REPRESENTATION_CONTEXT(2) 
PARAMETRIC_REPRESENTATION_CONTEXT() REPRESENTATION_CONTEXT('2D SPACE',''
  ) );
#8214 = ORIENTED_EDGE('',*,*,#8215,.F.);
#8215 = EDGE_CURVE('',#8216,#8195,#8218,.T.);
#8216 = VERTEX_POINT('',#8217);
#8217 = CARTESIAN_POINT('',(57.15,50.,2.885E+03));
#8218 = SURFACE_CURVE('',#8219,(#8223,#8229),.PCURVE_S1.);
#8219 = LINE('',#8220,#8221);
#8220 = CARTESIAN_POINT('',(57.15,-52.5,2.885E+03));
#8221 = VECTOR('',#8222,1.);
#8222 = DIRECTION('',(0.,-1.,0.));
#8223 = PCURVE('',#8134,#8224);
#8224 = DEFINITIONAL_REPRESENTATION('',(#8225),#8228);
#8225 = B_SPLINE_CURVE_WITH_KNOTS('',1,(#8226,#8227),.UNSPECIFIED.,.F.,
  .F.,(2,2),(-102.5,-2.5),.PIECEWISE_BEZIER_KNOTS.);
#8226 = CARTESIAN_POINT('',(175.,-105.));
#8227 = CARTESIAN_POINT('',(175.,-5.));
#8228 = ( GEOMETRIC_REPRESENTATION_CONTEXT(2) 
PARAMETRIC_REPRESENTATION_CONTEXT() REPRESENTATION_CONTEXT('2D SPACE',''
  ) );
#8229 = PCURVE('',#7905,#8230);
#8230 = DEFINITIONAL_REPRESENTATION('',(#8231),#8234);
#8231 = B_SPLINE_CURVE_WITH_KNOTS('',1,(#8232,#8233),.UNSPECIFIED.,.F.,
  .F.,(2,2),(-102.5,-2.5),.PIECEWISE_BEZIER_KNOTS.);
#8232 = CARTESIAN_POINT('',(2.,100.));
#8233 = CARTESIAN_POINT('',(2.,0.));
#8234 = ( GEOMETRIC_REPRESENTATION_CONTEXT(2) 
PARAMETRIC_REPRESENTATION_CONTEXT() REPRESENTATION_CONTEXT('2D SPACE',''
  ) );
#8235 = ORIENTED_EDGE('',*,*,#8236,.F.);
#8236 = EDGE_CURVE('',#8237,#8216,#8239,.T.);
#8237 = VERTEX_POINT('',#8238);
#8238 = CARTESIAN_POINT('',(57.15,50.,2.715E+03));
#8239 = SURFACE_CURVE('',#8240,(#8244,#8250),.PCURVE_S1.);
#8240 = LINE('',#8241,#8242);
#8241 = CARTESIAN_POINT('',(57.15,50.,2.7125E+03));
#8242 = VECTOR('',#8243,1.);
#8243 = DIRECTION('',(0.,0.,1.));
#8244 = PCURVE('',#8134,#8245);
#8245 = DEFINITIONAL_REPRESENTATION('',(#8246),#8249);
#8246 = B_SPLINE_CURVE_WITH_KNOTS('',1,(#8247,#8248),.UNSPECIFIED.,.F.,
  .F.,(2,2),(2.5,172.5),.PIECEWISE_BEZIER_KNOTS.);
#8247 = CARTESIAN_POINT('',(5.,-105.));
#8248 = CARTESIAN_POINT('',(175.,-105.));
#8249 = ( GEOMETRIC_REPRESENTATION_CONTEXT(2) 
PARAMETRIC_REPRESENTATION_CONTEXT() REPRESENTATION_CONTEXT('2D SPACE',''
  ) );
#8250 = PCURVE('',#8251,#8256);
#8251 = PLANE('',#8252);
#8252 = AXIS2_PLACEMENT_3D('',#8253,#8254,#8255);
#8253 = CARTESIAN_POINT('',(55.15,50.,2.715E+03));
#8254 = DIRECTION('',(-0.,1.,0.));
#8255 = DIRECTION('',(0.,0.,1.));
#8256 = DEFINITIONAL_REPRESENTATION('',(#8257),#8260);
#8257 = B_SPLINE_CURVE_WITH_KNOTS('',1,(#8258,#8259),.UNSPECIFIED.,.F.,
  .F.,(2,2),(2.5,172.5),.PIECEWISE_BEZIER_KNOTS.);
#8258 = CARTESIAN_POINT('',(0.,2.));
#8259 = CARTESIAN_POINT('',(170.,2.));
#8260 = ( GEOMETRIC_REPRESENTATION_CONTEXT(2) 
PARAMETRIC_REPRESENTATION_CONTEXT() REPRESENTATION_CONTEXT('2D SPACE',''
  ) );
#8261 = ORIENTED_EDGE('',*,*,#8262,.T.);
#8262 = EDGE_CURVE('',#8237,#8263,#8265,.T.);
#8263 = VERTEX_POINT('',#8264);
#8264 = CARTESIAN_POINT('',(57.15,7.57627876995,2.715E+03));
#8265 = SURFACE_CURVE('',#8266,(#8270,#8276),.PCURVE_S1.);
#8266 = LINE('',#8267,#8268);
#8267 = CARTESIAN_POINT('',(57.15,-52.5,2.715E+03));
#8268 = VECTOR('',#8269,1.);
#8269 = DIRECTION('',(0.,-1.,0.));
#8270 = PCURVE('',#8134,#8271);
#8271 = DEFINITIONAL_REPRESENTATION('',(#8272),#8275);
#8272 = B_SPLINE_CURVE_WITH_KNOTS('',1,(#8273,#8274),.UNSPECIFIED.,.F.,
  .F.,(2,2),(-102.5,-2.5),.PIECEWISE_BEZIER_KNOTS.);
#8273 = CARTESIAN_POINT('',(5.,-105.));
#8274 = CARTESIAN_POINT('',(5.,-5.));
#8275 = ( GEOMETRIC_REPRESENTATION_CONTEXT(2) 
PARAMETRIC_REPRESENTATION_CONTEXT() REPRESENTATION_CONTEXT('2D SPACE',''
  ) );
#8276 = PCURVE('',#7853,#8277);
#8277 = DEFINITIONAL_REPRESENTATION('',(#8278),#8281);
#8278 = B_SPLINE_CURVE_WITH_KNOTS('',1,(#8279,#8280),.UNSPECIFIED.,.F.,
  .F.,(2,2),(-102.5,-2.5),.PIECEWISE_BEZIER_KNOTS.);
#8279 = CARTESIAN_POINT('',(2.,100.));
#8280 = CARTESIAN_POINT('',(2.,0.));
#8281 = ( GEOMETRIC_REPRESENTATION_CONTEXT(2) 
PARAMETRIC_REPRESENTATION_CONTEXT() REPRESENTATION_CONTEXT('2D SPACE',''
  ) );
#8282 = ORIENTED_EDGE('',*,*,#8283,.F.);
#8283 = EDGE_CURVE('',#8284,#8263,#8286,.T.);
#8284 = VERTEX_POINT('',#8285);
#8285 = CARTESIAN_POINT('',(57.15,7.57627876995,2.71E+03));
#8286 = SURFACE_CURVE('',#8287,(#8291,#8297),.PCURVE_S1.);
#8287 = LINE('',#8288,#8289);
#8288 = CARTESIAN_POINT('',(57.15,7.57627876995,2.709E+03));
#8289 = VECTOR('',#8290,1.);
#8290 = DIRECTION('',(0.,0.,1.));
#8291 = PCURVE('',#8134,#8292);
#8292 = DEFINITIONAL_REPRESENTATION('',(#8293),#8296);
#8293 = B_SPLINE_CURVE_WITH_KNOTS('',1,(#8294,#8295),.UNSPECIFIED.,.F.,
  .F.,(2,2),(-6.000000212225E-07,182.0000006),.PIECEWISE_BEZIER_KNOTS.);
#8294 = CARTESIAN_POINT('',(-1.0000006,-62.57627876995));
#8295 = CARTESIAN_POINT('',(181.0000006,-62.57627876995));
#8296 = ( GEOMETRIC_REPRESENTATION_CONTEXT(2) 
PARAMETRIC_REPRESENTATION_CONTEXT() REPRESENTATION_CONTEXT('2D SPACE',''
  ) );
#8297 = PCURVE('',#7827,#8298);
#8298 = DEFINITIONAL_REPRESENTATION('',(#8299),#8302);
#8299 = B_SPLINE_CURVE_WITH_KNOTS('',1,(#8300,#8301),.UNSPECIFIED.,.F.,
  .F.,(2,2),(1.,6.),.PIECEWISE_BEZIER_KNOTS.);
#8300 = CARTESIAN_POINT('',(6.414985101277,1.));
#8301 = CARTESIAN_POINT('',(6.414985101277,6.));
#8302 = ( GEOMETRIC_REPRESENTATION_CONTEXT(2) 
PARAMETRIC_REPRESENTATION_CONTEXT() REPRESENTATION_CONTEXT('2D SPACE',''
  ) );
#8303 = ORIENTED_EDGE('',*,*,#8304,.T.);
#8304 = EDGE_CURVE('',#8284,#8096,#8305,.T.);
#8305 = SURFACE_CURVE('',#8306,(#8310,#8317),.PCURVE_S1.);
#8306 = LINE('',#8307,#8308);
#8307 = CARTESIAN_POINT('',(57.15,-55.,2.71E+03));
#8308 = VECTOR('',#8309,1.);
#8309 = DIRECTION('',(-0.,1.,0.));
#8310 = PCURVE('',#8134,#8311);
#8311 = DEFINITIONAL_REPRESENTATION('',(#8312),#8316);
#8312 = LINE('',#8313,#8314);
#8313 = CARTESIAN_POINT('',(0.,0.));
#8314 = VECTOR('',#8315,1.);
#8315 = DIRECTION('',(0.,-1.));
#8316 = ( GEOMETRIC_REPRESENTATION_CONTEXT(2) 
PARAMETRIC_REPRESENTATION_CONTEXT() REPRESENTATION_CONTEXT('2D SPACE',''
  ) );
#8317 = PCURVE('',#7800,#8318);
#8318 = DEFINITIONAL_REPRESENTATION('',(#8319),#8323);
#8319 = LINE('',#8320,#8321);
#8320 = CARTESIAN_POINT('',(0.,0.));
#8321 = VECTOR('',#8322,1.);
#8322 = DIRECTION('',(0.,1.));
#8323 = ( GEOMETRIC_REPRESENTATION_CONTEXT(2) 
PARAMETRIC_REPRESENTATION_CONTEXT() REPRESENTATION_CONTEXT('2D SPACE',''
  ) );
#8324 = ORIENTED_EDGE('',*,*,#8118,.T.);
#8325 = ADVANCED_FACE('',(#8326),#8251,.F.);
#8326 = FACE_BOUND('',#8327,.F.);
#8327 = EDGE_LOOP('',(#8328,#8351,#8352,#8375));
#8328 = ORIENTED_EDGE('',*,*,#8329,.F.);
#8329 = EDGE_CURVE('',#8237,#8330,#8332,.T.);
#8330 = VERTEX_POINT('',#8331);
#8331 = CARTESIAN_POINT('',(82.15,50.,2.715E+03));
#8332 = SURFACE_CURVE('',#8333,(#8337,#8344),.PCURVE_S1.);
#8333 = LINE('',#8334,#8335);
#8334 = CARTESIAN_POINT('',(55.15,50.,2.715E+03));
#8335 = VECTOR('',#8336,1.);
#8336 = DIRECTION('',(1.,0.,-0.));
#8337 = PCURVE('',#8251,#8338);
#8338 = DEFINITIONAL_REPRESENTATION('',(#8339),#8343);
#8339 = LINE('',#8340,#8341);
#8340 = CARTESIAN_POINT('',(0.,0.));
#8341 = VECTOR('',#8342,1.);
#8342 = DIRECTION('',(0.,1.));
#8343 = ( GEOMETRIC_REPRESENTATION_CONTEXT(2) 
PARAMETRIC_REPRESENTATION_CONTEXT() REPRESENTATION_CONTEXT('2D SPACE',''
  ) );
#8344 = PCURVE('',#7853,#8345);
#8345 = DEFINITIONAL_REPRESENTATION('',(#8346),#8350);
#8346 = LINE('',#8347,#8348);
#8347 = CARTESIAN_POINT('',(0.,100.));
#8348 = VECTOR('',#8349,1.);
#8349 = DIRECTION('',(1.,0.));
#8350 = ( GEOMETRIC_REPRESENTATION_CONTEXT(2) 
PARAMETRIC_REPRESENTATION_CONTEXT() REPRESENTATION_CONTEXT('2D SPACE',''
  ) );
#8351 = ORIENTED_EDGE('',*,*,#8236,.T.);
#8352 = ORIENTED_EDGE('',*,*,#8353,.T.);
#8353 = EDGE_CURVE('',#8216,#8354,#8356,.T.);
#8354 = VERTEX_POINT('',#8355);
#8355 = CARTESIAN_POINT('',(82.15,50.,2.885E+03));
#8356 = SURFACE_CURVE('',#8357,(#8361,#8368),.PCURVE_S1.);
#8357 = LINE('',#8358,#8359);
#8358 = CARTESIAN_POINT('',(55.15,50.,2.885E+03));
#8359 = VECTOR('',#8360,1.);
#8360 = DIRECTION('',(1.,0.,-0.));
#8361 = PCURVE('',#8251,#8362);
#8362 = DEFINITIONAL_REPRESENTATION('',(#8363),#8367);
#8363 = LINE('',#8364,#8365);
#8364 = CARTESIAN_POINT('',(170.,0.));
#8365 = VECTOR('',#8366,1.);
#8366 = DIRECTION('',(0.,1.));
#8367 = ( GEOMETRIC_REPRESENTATION_CONTEXT(2) 
PARAMETRIC_REPRESENTATION_CONTEXT() REPRESENTATION_CONTEXT('2D SPACE',''
  ) );
#8368 = PCURVE('',#7905,#8369);
#8369 = DEFINITIONAL_REPRESENTATION('',(#8370),#8374);
#8370 = LINE('',#8371,#8372);
#8371 = CARTESIAN_POINT('',(0.,100.));
#8372 = VECTOR('',#8373,1.);
#8373 = DIRECTION('',(1.,0.));
#8374 = ( GEOMETRIC_REPRESENTATION_CONTEXT(2) 
PARAMETRIC_REPRESENTATION_CONTEXT() REPRESENTATION_CONTEXT('2D SPACE',''
  ) );
#8375 = ORIENTED_EDGE('',*,*,#8376,.F.);
#8376 = EDGE_CURVE('',#8330,#8354,#8377,.T.);
#8377 = SURFACE_CURVE('',#8378,(#8382,#8389),.PCURVE_S1.);
#8378 = LINE('',#8379,#8380);
#8379 = CARTESIAN_POINT('',(82.15,50.,2.715E+03));
#8380 = VECTOR('',#8381,1.);
#8381 = DIRECTION('',(0.,0.,1.));
#8382 = PCURVE('',#8251,#8383);
#8383 = DEFINITIONAL_REPRESENTATION('',(#8384),#8388);
#8384 = LINE('',#8385,#8386);
#8385 = CARTESIAN_POINT('',(0.,27.));
#8386 = VECTOR('',#8387,1.);
#8387 = DIRECTION('',(1.,0.));
#8388 = ( GEOMETRIC_REPRESENTATION_CONTEXT(2) 
PARAMETRIC_REPRESENTATION_CONTEXT() REPRESENTATION_CONTEXT('2D SPACE',''
  ) );
#8389 = PCURVE('',#8390,#8395);
#8390 = PLANE('',#8391);
#8391 = AXIS2_PLACEMENT_3D('',#8392,#8393,#8394);
#8392 = CARTESIAN_POINT('',(82.15,-50.,2.715E+03));
#8393 = DIRECTION('',(1.,0.,-0.));
#8394 = DIRECTION('',(0.,0.,1.));
#8395 = DEFINITIONAL_REPRESENTATION('',(#8396),#8400);
#8396 = LINE('',#8397,#8398);
#8397 = CARTESIAN_POINT('',(0.,-100.));
#8398 = VECTOR('',#8399,1.);
#8399 = DIRECTION('',(1.,0.));
#8400 = ( GEOMETRIC_REPRESENTATION_CONTEXT(2) 
PARAMETRIC_REPRESENTATION_CONTEXT() REPRESENTATION_CONTEXT('2D SPACE',''
  ) );
#8401 = ADVANCED_FACE('',(#8402),#8390,.F.);
#8402 = FACE_BOUND('',#8403,.F.);
#8403 = EDGE_LOOP('',(#8404,#8429,#8450,#8451));
#8404 = ORIENTED_EDGE('',*,*,#8405,.F.);
#8405 = EDGE_CURVE('',#8406,#8408,#8410,.T.);
#8406 = VERTEX_POINT('',#8407);
#8407 = CARTESIAN_POINT('',(82.15,-50.,2.715E+03));
#8408 = VERTEX_POINT('',#8409);
#8409 = CARTESIAN_POINT('',(82.15,-50.,2.885E+03));
#8410 = SURFACE_CURVE('',#8411,(#8415,#8422),.PCURVE_S1.);
#8411 = LINE('',#8412,#8413);
#8412 = CARTESIAN_POINT('',(82.15,-50.,2.715E+03));
#8413 = VECTOR('',#8414,1.);
#8414 = DIRECTION('',(0.,0.,1.));
#8415 = PCURVE('',#8390,#8416);
#8416 = DEFINITIONAL_REPRESENTATION('',(#8417),#8421);
#8417 = LINE('',#8418,#8419);
#8418 = CARTESIAN_POINT('',(0.,0.));
#8419 = VECTOR('',#8420,1.);
#8420 = DIRECTION('',(1.,0.));
#8421 = ( GEOMETRIC_REPRESENTATION_CONTEXT(2) 
PARAMETRIC_REPRESENTATION_CONTEXT() REPRESENTATION_CONTEXT('2D SPACE',''
  ) );
#8422 = PCURVE('',#7879,#8423);
#8423 = DEFINITIONAL_REPRESENTATION('',(#8424),#8428);
#8424 = LINE('',#8425,#8426);
#8425 = CARTESIAN_POINT('',(0.,27.));
#8426 = VECTOR('',#8427,1.);
#8427 = DIRECTION('',(1.,0.));
#8428 = ( GEOMETRIC_REPRESENTATION_CONTEXT(2) 
PARAMETRIC_REPRESENTATION_CONTEXT() REPRESENTATION_CONTEXT('2D SPACE',''
  ) );
#8429 = ORIENTED_EDGE('',*,*,#8430,.T.);
#8430 = EDGE_CURVE('',#8406,#8330,#8431,.T.);
#8431 = SURFACE_CURVE('',#8432,(#8436,#8443),.PCURVE_S1.);
#8432 = LINE('',#8433,#8434);
#8433 = CARTESIAN_POINT('',(82.15,-50.,2.715E+03));
#8434 = VECTOR('',#8435,1.);
#8435 = DIRECTION('',(-0.,1.,0.));
#8436 = PCURVE('',#8390,#8437);
#8437 = DEFINITIONAL_REPRESENTATION('',(#8438),#8442);
#8438 = LINE('',#8439,#8440);
#8439 = CARTESIAN_POINT('',(0.,0.));
#8440 = VECTOR('',#8441,1.);
#8441 = DIRECTION('',(0.,-1.));
#8442 = ( GEOMETRIC_REPRESENTATION_CONTEXT(2) 
PARAMETRIC_REPRESENTATION_CONTEXT() REPRESENTATION_CONTEXT('2D SPACE',''
  ) );
#8443 = PCURVE('',#7853,#8444);
#8444 = DEFINITIONAL_REPRESENTATION('',(#8445),#8449);
#8445 = LINE('',#8446,#8447);
#8446 = CARTESIAN_POINT('',(27.,0.));
#8447 = VECTOR('',#8448,1.);
#8448 = DIRECTION('',(0.,1.));
#8449 = ( GEOMETRIC_REPRESENTATION_CONTEXT(2) 
PARAMETRIC_REPRESENTATION_CONTEXT() REPRESENTATION_CONTEXT('2D SPACE',''
  ) );
#8450 = ORIENTED_EDGE('',*,*,#8376,.T.);
#8451 = ORIENTED_EDGE('',*,*,#8452,.F.);
#8452 = EDGE_CURVE('',#8408,#8354,#8453,.T.);
#8453 = SURFACE_CURVE('',#8454,(#8458,#8465),.PCURVE_S1.);
#8454 = LINE('',#8455,#8456);
#8455 = CARTESIAN_POINT('',(82.15,-50.,2.885E+03));
#8456 = VECTOR('',#8457,1.);
#8457 = DIRECTION('',(-0.,1.,0.));
#8458 = PCURVE('',#8390,#8459);
#8459 = DEFINITIONAL_REPRESENTATION('',(#8460),#8464);
#8460 = LINE('',#8461,#8462);
#8461 = CARTESIAN_POINT('',(170.,0.));
#8462 = VECTOR('',#8463,1.);
#8463 = DIRECTION('',(0.,-1.));
#8464 = ( GEOMETRIC_REPRESENTATION_CONTEXT(2) 
PARAMETRIC_REPRESENTATION_CONTEXT() REPRESENTATION_CONTEXT('2D SPACE',''
  ) );
#8465 = PCURVE('',#7905,#8466);
#8466 = DEFINITIONAL_REPRESENTATION('',(#8467),#8471);
#8467 = LINE('',#8468,#8469);
#8468 = CARTESIAN_POINT('',(27.,0.));
#8469 = VECTOR('',#8470,1.);
#8470 = DIRECTION('',(0.,1.));
#8471 = ( GEOMETRIC_REPRESENTATION_CONTEXT(2) 
PARAMETRIC_REPRESENTATION_CONTEXT() REPRESENTATION_CONTEXT('2D SPACE',''
  ) );
#8472 = ADVANCED_FACE('',(#8473),#7800,.F.);
#8473 = FACE_BOUND('',#8474,.F.);
#8474 = EDGE_LOOP('',(#8475,#8476,#8477,#8478,#8479,#8480));
#8475 = ORIENTED_EDGE('',*,*,#7784,.F.);
#8476 = ORIENTED_EDGE('',*,*,#7943,.T.);
#8477 = ORIENTED_EDGE('',*,*,#8020,.T.);
#8478 = ORIENTED_EDGE('',*,*,#8095,.F.);
#8479 = ORIENTED_EDGE('',*,*,#8304,.F.);
#8480 = ORIENTED_EDGE('',*,*,#8481,.T.);
#8481 = EDGE_CURVE('',#8284,#7785,#8482,.T.);
#8482 = SURFACE_CURVE('',#8483,(#8488,#8499),.PCURVE_S1.);
#8483 = CIRCLE('',#8484,57.65);
#8484 = AXIS2_PLACEMENT_3D('',#8485,#8486,#8487);
#8485 = CARTESIAN_POINT('',(0.,0.,2.71E+03));
#8486 = DIRECTION('',(0.,0.,-1.));
#8487 = DIRECTION('',(0.991326973114,0.131418538941,0.));
#8488 = PCURVE('',#7800,#8489);
#8489 = DEFINITIONAL_REPRESENTATION('',(#8490),#8498);
#8490 = ( BOUNDED_CURVE() B_SPLINE_CURVE(2,(#8491,#8492,#8493,#8494,
#8495,#8496,#8497),.UNSPECIFIED.,.T.,.F.) B_SPLINE_CURVE_WITH_KNOTS((1,2
    ,2,2,2,1),(-2.094395102393,0.,2.094395102393,4.188790204786,
6.28318530718,8.377580409573),.UNSPECIFIED.) CURVE() 
GEOMETRIC_REPRESENTATION_ITEM() RATIONAL_B_SPLINE_CURVE((1.,0.5,1.,0.5,
1.,0.5,1.)) REPRESENTATION_ITEM('') );
#8491 = CARTESIAN_POINT('',(0.,62.57627876995));
#8492 = CARTESIAN_POINT('',(13.122499761859,-36.41042488261));
#8493 = CARTESIAN_POINT('',(-79.16375011907,1.718508788744));
#8494 = CARTESIAN_POINT('',(-171.45,39.847442460099));
#8495 = CARTESIAN_POINT('',(-92.28624988093,100.7052124413));
#8496 = CARTESIAN_POINT('',(-13.12249976185,161.56298242251));
#8497 = CARTESIAN_POINT('',(0.,62.57627876995));
#8498 = ( GEOMETRIC_REPRESENTATION_CONTEXT(2) 
PARAMETRIC_REPRESENTATION_CONTEXT() REPRESENTATION_CONTEXT('2D SPACE',''
  ) );
#8499 = PCURVE('',#7827,#8500);
#8500 = DEFINITIONAL_REPRESENTATION('',(#8501),#8505);
#8501 = LINE('',#8502,#8503);
#8502 = CARTESIAN_POINT('',(6.414985101277,1.));
#8503 = VECTOR('',#8504,1.);
#8504 = DIRECTION('',(-1.,-0.));
#8505 = ( GEOMETRIC_REPRESENTATION_CONTEXT(2) 
PARAMETRIC_REPRESENTATION_CONTEXT() REPRESENTATION_CONTEXT('2D SPACE',''
  ) );
#8506 = ADVANCED_FACE('',(#8507),#7827,.F.);
#8507 = FACE_BOUND('',#8508,.F.);
#8508 = EDGE_LOOP('',(#8509,#8510,#8511,#8537));
#8509 = ORIENTED_EDGE('',*,*,#8481,.F.);
#8510 = ORIENTED_EDGE('',*,*,#8283,.T.);
#8511 = ORIENTED_EDGE('',*,*,#8512,.T.);
#8512 = EDGE_CURVE('',#8263,#7813,#8513,.T.);
#8513 = SURFACE_CURVE('',#8514,(#8519,#8526),.PCURVE_S1.);
#8514 = CIRCLE('',#8515,57.65);
#8515 = AXIS2_PLACEMENT_3D('',#8516,#8517,#8518);
#8516 = CARTESIAN_POINT('',(0.,0.,2.715E+03));
#8517 = DIRECTION('',(0.,0.,-1.));
#8518 = DIRECTION('',(0.991326973114,0.131418538941,0.));
#8519 = PCURVE('',#7827,#8520);
#8520 = DEFINITIONAL_REPRESENTATION('',(#8521),#8525);
#8521 = LINE('',#8522,#8523);
#8522 = CARTESIAN_POINT('',(6.414985101277,6.));
#8523 = VECTOR('',#8524,1.);
#8524 = DIRECTION('',(-1.,-0.));
#8525 = ( GEOMETRIC_REPRESENTATION_CONTEXT(2) 
PARAMETRIC_REPRESENTATION_CONTEXT() REPRESENTATION_CONTEXT('2D SPACE',''
  ) );
#8526 = PCURVE('',#7853,#8527);
#8527 = DEFINITIONAL_REPRESENTATION('',(#8528),#8536);
#8528 = ( BOUNDED_CURVE() B_SPLINE_CURVE(2,(#8529,#8530,#8531,#8532,
#8533,#8534,#8535),.UNSPECIFIED.,.T.,.F.) B_SPLINE_CURVE_WITH_KNOTS((1,2
    ,2,2,2,1),(-2.094395102393,0.,2.094395102393,4.188790204786,
6.28318530718,8.377580409573),.UNSPECIFIED.) CURVE() 
GEOMETRIC_REPRESENTATION_ITEM() RATIONAL_B_SPLINE_CURVE((1.,0.5,1.,0.5,
1.,0.5,1.)) REPRESENTATION_ITEM('') );
#8529 = CARTESIAN_POINT('',(2.,57.57627876995));
#8530 = CARTESIAN_POINT('',(15.122499761859,-41.41042488261));
#8531 = CARTESIAN_POINT('',(-77.16375011907,-3.281491211256));
#8532 = CARTESIAN_POINT('',(-169.45,34.847442460099));
#8533 = CARTESIAN_POINT('',(-90.28624988093,95.705212441306));
#8534 = CARTESIAN_POINT('',(-11.12249976185,156.56298242251));
#8535 = CARTESIAN_POINT('',(2.,57.57627876995));
#8536 = ( GEOMETRIC_REPRESENTATION_CONTEXT(2) 
PARAMETRIC_REPRESENTATION_CONTEXT() REPRESENTATION_CONTEXT('2D SPACE',''
  ) );
#8537 = ORIENTED_EDGE('',*,*,#7812,.F.);
#8538 = ADVANCED_FACE('',(#8539),#7853,.T.);
#8539 = FACE_BOUND('',#8540,.T.);
#8540 = EDGE_LOOP('',(#8541,#8542,#8543,#8544,#8545,#8566));
#8541 = ORIENTED_EDGE('',*,*,#8329,.F.);
#8542 = ORIENTED_EDGE('',*,*,#8262,.T.);
#8543 = ORIENTED_EDGE('',*,*,#8512,.T.);
#8544 = ORIENTED_EDGE('',*,*,#7838,.T.);
#8545 = ORIENTED_EDGE('',*,*,#8546,.T.);
#8546 = EDGE_CURVE('',#7839,#8406,#8547,.T.);
#8547 = SURFACE_CURVE('',#8548,(#8552,#8559),.PCURVE_S1.);
#8548 = LINE('',#8549,#8550);
#8549 = CARTESIAN_POINT('',(55.15,-50.,2.715E+03));
#8550 = VECTOR('',#8551,1.);
#8551 = DIRECTION('',(1.,0.,-0.));
#8552 = PCURVE('',#7853,#8553);
#8553 = DEFINITIONAL_REPRESENTATION('',(#8554),#8558);
#8554 = LINE('',#8555,#8556);
#8555 = CARTESIAN_POINT('',(0.,0.));
#8556 = VECTOR('',#8557,1.);
#8557 = DIRECTION('',(1.,0.));
#8558 = ( GEOMETRIC_REPRESENTATION_CONTEXT(2) 
PARAMETRIC_REPRESENTATION_CONTEXT() REPRESENTATION_CONTEXT('2D SPACE',''
  ) );
#8559 = PCURVE('',#7879,#8560);
#8560 = DEFINITIONAL_REPRESENTATION('',(#8561),#8565);
#8561 = LINE('',#8562,#8563);
#8562 = CARTESIAN_POINT('',(0.,0.));
#8563 = VECTOR('',#8564,1.);
#8564 = DIRECTION('',(0.,1.));
#8565 = ( GEOMETRIC_REPRESENTATION_CONTEXT(2) 
PARAMETRIC_REPRESENTATION_CONTEXT() REPRESENTATION_CONTEXT('2D SPACE',''
  ) );
#8566 = ORIENTED_EDGE('',*,*,#8430,.T.);
#8567 = ADVANCED_FACE('',(#8568),#7879,.T.);
#8568 = FACE_BOUND('',#8569,.T.);
#8569 = EDGE_LOOP('',(#8570,#8571,#8572,#8593));
#8570 = ORIENTED_EDGE('',*,*,#8546,.F.);
#8571 = ORIENTED_EDGE('',*,*,#7864,.T.);
#8572 = ORIENTED_EDGE('',*,*,#8573,.T.);
#8573 = EDGE_CURVE('',#7865,#8408,#8574,.T.);
#8574 = SURFACE_CURVE('',#8575,(#8579,#8586),.PCURVE_S1.);
#8575 = LINE('',#8576,#8577);
#8576 = CARTESIAN_POINT('',(55.15,-50.,2.885E+03));
#8577 = VECTOR('',#8578,1.);
#8578 = DIRECTION('',(1.,0.,-0.));
#8579 = PCURVE('',#7879,#8580);
#8580 = DEFINITIONAL_REPRESENTATION('',(#8581),#8585);
#8581 = LINE('',#8582,#8583);
#8582 = CARTESIAN_POINT('',(170.,0.));
#8583 = VECTOR('',#8584,1.);
#8584 = DIRECTION('',(0.,1.));
#8585 = ( GEOMETRIC_REPRESENTATION_CONTEXT(2) 
PARAMETRIC_REPRESENTATION_CONTEXT() REPRESENTATION_CONTEXT('2D SPACE',''
  ) );
#8586 = PCURVE('',#7905,#8587);
#8587 = DEFINITIONAL_REPRESENTATION('',(#8588),#8592);
#8588 = LINE('',#8589,#8590);
#8589 = CARTESIAN_POINT('',(0.,0.));
#8590 = VECTOR('',#8591,1.);
#8591 = DIRECTION('',(1.,0.));
#8592 = ( GEOMETRIC_REPRESENTATION_CONTEXT(2) 
PARAMETRIC_REPRESENTATION_CONTEXT() REPRESENTATION_CONTEXT('2D SPACE',''
  ) );
#8593 = ORIENTED_EDGE('',*,*,#8405,.F.);
#8594 = ADVANCED_FACE('',(#8595),#7905,.F.);
#8595 = FACE_BOUND('',#8596,.F.);
#8596 = EDGE_LOOP('',(#8597,#8598,#8599,#8625,#8626,#8627));
#8597 = ORIENTED_EDGE('',*,*,#8353,.F.);
#8598 = ORIENTED_EDGE('',*,*,#8215,.T.);
#8599 = ORIENTED_EDGE('',*,*,#8600,.T.);
#8600 = EDGE_CURVE('',#8195,#7891,#8601,.T.);
#8601 = SURFACE_CURVE('',#8602,(#8607,#8618),.PCURVE_S1.);
#8602 = CIRCLE('',#8603,57.65);
#8603 = AXIS2_PLACEMENT_3D('',#8604,#8605,#8606);
#8604 = CARTESIAN_POINT('',(0.,0.,2.885E+03));
#8605 = DIRECTION('',(0.,0.,-1.));
#8606 = DIRECTION('',(0.991326973114,0.131418538941,0.));
#8607 = PCURVE('',#7905,#8608);
#8608 = DEFINITIONAL_REPRESENTATION('',(#8609),#8617);
#8609 = ( BOUNDED_CURVE() B_SPLINE_CURVE(2,(#8610,#8611,#8612,#8613,
#8614,#8615,#8616),.UNSPECIFIED.,.T.,.F.) B_SPLINE_CURVE_WITH_KNOTS((1,2
    ,2,2,2,1),(-2.094395102393,0.,2.094395102393,4.188790204786,
6.28318530718,8.377580409573),.UNSPECIFIED.) CURVE() 
GEOMETRIC_REPRESENTATION_ITEM() RATIONAL_B_SPLINE_CURVE((1.,0.5,1.,0.5,
1.,0.5,1.)) REPRESENTATION_ITEM('') );
#8610 = CARTESIAN_POINT('',(2.,57.57627876995));
#8611 = CARTESIAN_POINT('',(15.122499761859,-41.41042488261));
#8612 = CARTESIAN_POINT('',(-77.16375011907,-3.281491211256));
#8613 = CARTESIAN_POINT('',(-169.45,34.847442460099));
#8614 = CARTESIAN_POINT('',(-90.28624988093,95.705212441306));
#8615 = CARTESIAN_POINT('',(-11.12249976185,156.56298242251));
#8616 = CARTESIAN_POINT('',(2.,57.57627876995));
#8617 = ( GEOMETRIC_REPRESENTATION_CONTEXT(2) 
PARAMETRIC_REPRESENTATION_CONTEXT() REPRESENTATION_CONTEXT('2D SPACE',''
  ) );
#8618 = PCURVE('',#7929,#8619);
#8619 = DEFINITIONAL_REPRESENTATION('',(#8620),#8624);
#8620 = LINE('',#8621,#8622);
#8621 = CARTESIAN_POINT('',(6.414985101277,176.));
#8622 = VECTOR('',#8623,1.);
#8623 = DIRECTION('',(-1.,-0.));
#8624 = ( GEOMETRIC_REPRESENTATION_CONTEXT(2) 
PARAMETRIC_REPRESENTATION_CONTEXT() REPRESENTATION_CONTEXT('2D SPACE',''
  ) );
#8625 = ORIENTED_EDGE('',*,*,#7890,.T.);
#8626 = ORIENTED_EDGE('',*,*,#8573,.T.);
#8627 = ORIENTED_EDGE('',*,*,#8452,.T.);
#8628 = ADVANCED_FACE('',(#8629),#7929,.F.);
#8629 = FACE_BOUND('',#8630,.F.);
#8630 = EDGE_LOOP('',(#8631,#8632,#8633,#8659));
#8631 = ORIENTED_EDGE('',*,*,#8600,.F.);
#8632 = ORIENTED_EDGE('',*,*,#8194,.T.);
#8633 = ORIENTED_EDGE('',*,*,#8634,.T.);
#8634 = EDGE_CURVE('',#8172,#7724,#8635,.T.);
#8635 = SURFACE_CURVE('',#8636,(#8641,#8648),.PCURVE_S1.);
#8636 = CIRCLE('',#8637,57.65);
#8637 = AXIS2_PLACEMENT_3D('',#8638,#8639,#8640);
#8638 = CARTESIAN_POINT('',(0.,0.,2.89E+03));
#8639 = DIRECTION('',(0.,0.,-1.));
#8640 = DIRECTION('',(0.991326973114,0.131418538941,0.));
#8641 = PCURVE('',#7929,#8642);
#8642 = DEFINITIONAL_REPRESENTATION('',(#8643),#8647);
#8643 = LINE('',#8644,#8645);
#8644 = CARTESIAN_POINT('',(6.414985101277,181.));
#8645 = VECTOR('',#8646,1.);
#8646 = DIRECTION('',(-1.,-0.));
#8647 = ( GEOMETRIC_REPRESENTATION_CONTEXT(2) 
PARAMETRIC_REPRESENTATION_CONTEXT() REPRESENTATION_CONTEXT('2D SPACE',''
  ) );
#8648 = PCURVE('',#7744,#8649);
#8649 = DEFINITIONAL_REPRESENTATION('',(#8650),#8658);
#8650 = ( BOUNDED_CURVE() B_SPLINE_CURVE(2,(#8651,#8652,#8653,#8654,
#8655,#8656,#8657),.UNSPECIFIED.,.T.,.F.) B_SPLINE_CURVE_WITH_KNOTS((1,2
    ,2,2,2,1),(-2.094395102393,0.,2.094395102393,4.188790204786,
6.28318530718,8.377580409573),.UNSPECIFIED.) CURVE() 
GEOMETRIC_REPRESENTATION_ITEM() RATIONAL_B_SPLINE_CURVE((1.,0.5,1.,0.5,
1.,0.5,1.)) REPRESENTATION_ITEM('') );
#8651 = CARTESIAN_POINT('',(0.,62.57627876995));
#8652 = CARTESIAN_POINT('',(13.122499761859,-36.41042488261));
#8653 = CARTESIAN_POINT('',(-79.16375011907,1.718508788744));
#8654 = CARTESIAN_POINT('',(-171.45,39.847442460099));
#8655 = CARTESIAN_POINT('',(-92.28624988093,100.7052124413));
#8656 = CARTESIAN_POINT('',(-13.12249976185,161.56298242251));
#8657 = CARTESIAN_POINT('',(0.,62.57627876995));
#8658 = ( GEOMETRIC_REPRESENTATION_CONTEXT(2) 
PARAMETRIC_REPRESENTATION_CONTEXT() REPRESENTATION_CONTEXT('2D SPACE',''
  ) );
#8659 = ORIENTED_EDGE('',*,*,#7916,.F.);
#8660 = ADVANCED_FACE('',(#8661),#7744,.T.);
#8661 = FACE_BOUND('',#8662,.T.);
#8662 = EDGE_LOOP('',(#8663,#8664,#8665,#8666,#8667,#8668));
#8663 = ORIENTED_EDGE('',*,*,#7721,.F.);
#8664 = ORIENTED_EDGE('',*,*,#7967,.T.);
#8665 = ORIENTED_EDGE('',*,*,#8071,.T.);
#8666 = ORIENTED_EDGE('',*,*,#8146,.F.);
#8667 = ORIENTED_EDGE('',*,*,#8171,.F.);
#8668 = ORIENTED_EDGE('',*,*,#8634,.T.);
#8669 = MANIFOLD_SOLID_BREP('',#8670);
#8670 = CLOSED_SHELL('',(#8671,#8759,#8794,#8824));
#8671 = ADVANCED_FACE('',(#8672),#8685,.T.);
#8672 = FACE_BOUND('',#8673,.T.);
#8673 = EDGE_LOOP('',(#8674,#8708,#8731,#8758));
#8674 = ORIENTED_EDGE('',*,*,#8675,.F.);
#8675 = EDGE_CURVE('',#8676,#8676,#8678,.T.);
#8676 = VERTEX_POINT('',#8677);
#8677 = CARTESIAN_POINT('',(58.65,-1.4365106954E-14,2.7365E+03));
#8678 = SURFACE_CURVE('',#8679,(#8684,#8696),.PCURVE_S1.);
#8679 = CIRCLE('',#8680,58.65);
#8680 = AXIS2_PLACEMENT_3D('',#8681,#8682,#8683);
#8681 = CARTESIAN_POINT('',(0.,0.,2.7365E+03));
#8682 = DIRECTION('',(0.,0.,1.));
#8683 = DIRECTION('',(1.,0.,-0.));
#8684 = PCURVE('',#8685,#8690);
#8685 = CYLINDRICAL_SURFACE('',#8686,58.65);
#8686 = AXIS2_PLACEMENT_3D('',#8687,#8688,#8689);
#8687 = CARTESIAN_POINT('',(0.,0.,2.7235E+03));
#8688 = DIRECTION('',(0.,0.,1.));
#8689 = DIRECTION('',(1.,0.,-0.));
#8690 = DEFINITIONAL_REPRESENTATION('',(#8691),#8695);
#8691 = LINE('',#8692,#8693);
#8692 = CARTESIAN_POINT('',(0.,13.));
#8693 = VECTOR('',#8694,1.);
#8694 = DIRECTION('',(1.,0.));
#8695 = ( GEOMETRIC_REPRESENTATION_CONTEXT(2) 
PARAMETRIC_REPRESENTATION_CONTEXT() REPRESENTATION_CONTEXT('2D SPACE',''
  ) );
#8696 = PCURVE('',#8697,#8702);
#8697 = PLANE('',#8698);
#8698 = AXIS2_PLACEMENT_3D('',#8699,#8700,#8701);
#8699 = CARTESIAN_POINT('',(0.,0.,2.7365E+03));
#8700 = DIRECTION('',(0.,0.,1.));
#8701 = DIRECTION('',(1.,0.,-0.));
#8702 = DEFINITIONAL_REPRESENTATION('',(#8703),#8707);
#8703 = CIRCLE('',#8704,58.65);
#8704 = AXIS2_PLACEMENT_2D('',#8705,#8706);
#8705 = CARTESIAN_POINT('',(0.,0.));
#8706 = DIRECTION('',(1.,0.));
#8707 = ( GEOMETRIC_REPRESENTATION_CONTEXT(2) 
PARAMETRIC_REPRESENTATION_CONTEXT() REPRESENTATION_CONTEXT('2D SPACE',''
  ) );
#8708 = ORIENTED_EDGE('',*,*,#8709,.F.);
#8709 = EDGE_CURVE('',#8710,#8676,#8712,.T.);
#8710 = VERTEX_POINT('',#8711);
#8711 = CARTESIAN_POINT('',(58.65,-1.4365106954E-14,2.7235E+03));
#8712 = SEAM_CURVE('',#8713,(#8717,#8724),.PCURVE_S1.);
#8713 = LINE('',#8714,#8715);
#8714 = CARTESIAN_POINT('',(58.65,-1.4365106954E-14,2.7235E+03));
#8715 = VECTOR('',#8716,1.);
#8716 = DIRECTION('',(0.,0.,1.));
#8717 = PCURVE('',#8685,#8718);
#8718 = DEFINITIONAL_REPRESENTATION('',(#8719),#8723);
#8719 = LINE('',#8720,#8721);
#8720 = CARTESIAN_POINT('',(6.28318530718,-0.));
#8721 = VECTOR('',#8722,1.);
#8722 = DIRECTION('',(0.,1.));
#8723 = ( GEOMETRIC_REPRESENTATION_CONTEXT(2) 
PARAMETRIC_REPRESENTATION_CONTEXT() REPRESENTATION_CONTEXT('2D SPACE',''
  ) );
#8724 = PCURVE('',#8685,#8725);
#8725 = DEFINITIONAL_REPRESENTATION('',(#8726),#8730);
#8726 = LINE('',#8727,#8728);
#8727 = CARTESIAN_POINT('',(0.,-0.));
#8728 = VECTOR('',#8729,1.);
#8729 = DIRECTION('',(0.,1.));
#8730 = ( GEOMETRIC_REPRESENTATION_CONTEXT(2) 
PARAMETRIC_REPRESENTATION_CONTEXT() REPRESENTATION_CONTEXT('2D SPACE',''
  ) );
#8731 = ORIENTED_EDGE('',*,*,#8732,.T.);
#8732 = EDGE_CURVE('',#8710,#8710,#8733,.T.);
#8733 = SURFACE_CURVE('',#8734,(#8739,#8746),.PCURVE_S1.);
#8734 = CIRCLE('',#8735,58.65);
#8735 = AXIS2_PLACEMENT_3D('',#8736,#8737,#8738);
#8736 = CARTESIAN_POINT('',(0.,0.,2.7235E+03));
#8737 = DIRECTION('',(0.,0.,1.));
#8738 = DIRECTION('',(1.,0.,-0.));
#8739 = PCURVE('',#8685,#8740);
#8740 = DEFINITIONAL_REPRESENTATION('',(#8741),#8745);
#8741 = LINE('',#8742,#8743);
#8742 = CARTESIAN_POINT('',(0.,0.));
#8743 = VECTOR('',#8744,1.);
#8744 = DIRECTION('',(1.,0.));
#8745 = ( GEOMETRIC_REPRESENTATION_CONTEXT(2) 
PARAMETRIC_REPRESENTATION_CONTEXT() REPRESENTATION_CONTEXT('2D SPACE',''
  ) );
#8746 = PCURVE('',#8747,#8752);
#8747 = PLANE('',#8748);
#8748 = AXIS2_PLACEMENT_3D('',#8749,#8750,#8751);
#8749 = CARTESIAN_POINT('',(0.,0.,2.7235E+03));
#8750 = DIRECTION('',(0.,0.,1.));
#8751 = DIRECTION('',(1.,0.,-0.));
#8752 = DEFINITIONAL_REPRESENTATION('',(#8753),#8757);
#8753 = CIRCLE('',#8754,58.65);
#8754 = AXIS2_PLACEMENT_2D('',#8755,#8756);
#8755 = CARTESIAN_POINT('',(0.,0.));
#8756 = DIRECTION('',(1.,0.));
#8757 = ( GEOMETRIC_REPRESENTATION_CONTEXT(2) 
PARAMETRIC_REPRESENTATION_CONTEXT() REPRESENTATION_CONTEXT('2D SPACE',''
  ) );
#8758 = ORIENTED_EDGE('',*,*,#8709,.T.);
#8759 = ADVANCED_FACE('',(#8760,#8763),#8697,.T.);
#8760 = FACE_BOUND('',#8761,.T.);
#8761 = EDGE_LOOP('',(#8762));
#8762 = ORIENTED_EDGE('',*,*,#8675,.T.);
#8763 = FACE_BOUND('',#8764,.T.);
#8764 = EDGE_LOOP('',(#8765));
#8765 = ORIENTED_EDGE('',*,*,#8766,.F.);
#8766 = EDGE_CURVE('',#8767,#8767,#8769,.T.);
#8767 = VERTEX_POINT('',#8768);
#8768 = CARTESIAN_POINT('',(57.15,-1.399771291425E-14,2.7365E+03));
#8769 = SURFACE_CURVE('',#8770,(#8775,#8782),.PCURVE_S1.);
#8770 = CIRCLE('',#8771,57.15);
#8771 = AXIS2_PLACEMENT_3D('',#8772,#8773,#8774);
#8772 = CARTESIAN_POINT('',(0.,0.,2.7365E+03));
#8773 = DIRECTION('',(0.,0.,1.));
#8774 = DIRECTION('',(1.,0.,-0.));
#8775 = PCURVE('',#8697,#8776);
#8776 = DEFINITIONAL_REPRESENTATION('',(#8777),#8781);
#8777 = CIRCLE('',#8778,57.15);
#8778 = AXIS2_PLACEMENT_2D('',#8779,#8780);
#8779 = CARTESIAN_POINT('',(0.,0.));
#8780 = DIRECTION('',(1.,0.));
#8781 = ( GEOMETRIC_REPRESENTATION_CONTEXT(2) 
PARAMETRIC_REPRESENTATION_CONTEXT() REPRESENTATION_CONTEXT('2D SPACE',''
  ) );
#8782 = PCURVE('',#8783,#8788);
#8783 = CYLINDRICAL_SURFACE('',#8784,57.15);
#8784 = AXIS2_PLACEMENT_3D('',#8785,#8786,#8787);
#8785 = CARTESIAN_POINT('',(0.,0.,2.7225E+03));
#8786 = DIRECTION('',(0.,0.,1.));
#8787 = DIRECTION('',(1.,0.,-0.));
#8788 = DEFINITIONAL_REPRESENTATION('',(#8789),#8793);
#8789 = LINE('',#8790,#8791);
#8790 = CARTESIAN_POINT('',(0.,14.));
#8791 = VECTOR('',#8792,1.);
#8792 = DIRECTION('',(1.,0.));
#8793 = ( GEOMETRIC_REPRESENTATION_CONTEXT(2) 
PARAMETRIC_REPRESENTATION_CONTEXT() REPRESENTATION_CONTEXT('2D SPACE',''
  ) );
#8794 = ADVANCED_FACE('',(#8795,#8798),#8747,.F.);
#8795 = FACE_BOUND('',#8796,.F.);
#8796 = EDGE_LOOP('',(#8797));
#8797 = ORIENTED_EDGE('',*,*,#8732,.T.);
#8798 = FACE_BOUND('',#8799,.F.);
#8799 = EDGE_LOOP('',(#8800));
#8800 = ORIENTED_EDGE('',*,*,#8801,.F.);
#8801 = EDGE_CURVE('',#8802,#8802,#8804,.T.);
#8802 = VERTEX_POINT('',#8803);
#8803 = CARTESIAN_POINT('',(57.15,-1.399771291425E-14,2.7235E+03));
#8804 = SURFACE_CURVE('',#8805,(#8810,#8817),.PCURVE_S1.);
#8805 = CIRCLE('',#8806,57.15);
#8806 = AXIS2_PLACEMENT_3D('',#8807,#8808,#8809);
#8807 = CARTESIAN_POINT('',(0.,0.,2.7235E+03));
#8808 = DIRECTION('',(0.,0.,1.));
#8809 = DIRECTION('',(1.,0.,-0.));
#8810 = PCURVE('',#8747,#8811);
#8811 = DEFINITIONAL_REPRESENTATION('',(#8812),#8816);
#8812 = CIRCLE('',#8813,57.15);
#8813 = AXIS2_PLACEMENT_2D('',#8814,#8815);
#8814 = CARTESIAN_POINT('',(0.,0.));
#8815 = DIRECTION('',(1.,0.));
#8816 = ( GEOMETRIC_REPRESENTATION_CONTEXT(2) 
PARAMETRIC_REPRESENTATION_CONTEXT() REPRESENTATION_CONTEXT('2D SPACE',''
  ) );
#8817 = PCURVE('',#8783,#8818);
#8818 = DEFINITIONAL_REPRESENTATION('',(#8819),#8823);
#8819 = LINE('',#8820,#8821);
#8820 = CARTESIAN_POINT('',(0.,1.));
#8821 = VECTOR('',#8822,1.);
#8822 = DIRECTION('',(1.,0.));
#8823 = ( GEOMETRIC_REPRESENTATION_CONTEXT(2) 
PARAMETRIC_REPRESENTATION_CONTEXT() REPRESENTATION_CONTEXT('2D SPACE',''
  ) );
#8824 = ADVANCED_FACE('',(#8825),#8783,.F.);
#8825 = FACE_BOUND('',#8826,.F.);
#8826 = EDGE_LOOP('',(#8827,#8828,#8849,#8850));
#8827 = ORIENTED_EDGE('',*,*,#8766,.F.);
#8828 = ORIENTED_EDGE('',*,*,#8829,.F.);
#8829 = EDGE_CURVE('',#8802,#8767,#8830,.T.);
#8830 = SEAM_CURVE('',#8831,(#8835,#8842),.PCURVE_S1.);
#8831 = LINE('',#8832,#8833);
#8832 = CARTESIAN_POINT('',(57.15,-1.399771291425E-14,2.7225E+03));
#8833 = VECTOR('',#8834,1.);
#8834 = DIRECTION('',(0.,0.,1.));
#8835 = PCURVE('',#8783,#8836);
#8836 = DEFINITIONAL_REPRESENTATION('',(#8837),#8841);
#8837 = LINE('',#8838,#8839);
#8838 = CARTESIAN_POINT('',(6.28318530718,-0.));
#8839 = VECTOR('',#8840,1.);
#8840 = DIRECTION('',(0.,1.));
#8841 = ( GEOMETRIC_REPRESENTATION_CONTEXT(2) 
PARAMETRIC_REPRESENTATION_CONTEXT() REPRESENTATION_CONTEXT('2D SPACE',''
  ) );
#8842 = PCURVE('',#8783,#8843);
#8843 = DEFINITIONAL_REPRESENTATION('',(#8844),#8848);
#8844 = LINE('',#8845,#8846);
#8845 = CARTESIAN_POINT('',(0.,-0.));
#8846 = VECTOR('',#8847,1.);
#8847 = DIRECTION('',(0.,1.));
#8848 = ( GEOMETRIC_REPRESENTATION_CONTEXT(2) 
PARAMETRIC_REPRESENTATION_CONTEXT() REPRESENTATION_CONTEXT('2D SPACE',''
  ) );
#8849 = ORIENTED_EDGE('',*,*,#8801,.T.);
#8850 = ORIENTED_EDGE('',*,*,#8829,.T.);
#8851 = MANIFOLD_SOLID_BREP('',#8852);
#8852 = CLOSED_SHELL('',(#8853,#8941,#8976,#9006));
#8853 = ADVANCED_FACE('',(#8854),#8867,.T.);
#8854 = FACE_BOUND('',#8855,.T.);
#8855 = EDGE_LOOP('',(#8856,#8890,#8913,#8940));
#8856 = ORIENTED_EDGE('',*,*,#8857,.F.);
#8857 = EDGE_CURVE('',#8858,#8858,#8860,.T.);
#8858 = VERTEX_POINT('',#8859);
#8859 = CARTESIAN_POINT('',(58.65,-1.4365106954E-14,2.8765E+03));
#8860 = SURFACE_CURVE('',#8861,(#8866,#8878),.PCURVE_S1.);
#8861 = CIRCLE('',#8862,58.65);
#8862 = AXIS2_PLACEMENT_3D('',#8863,#8864,#8865);
#8863 = CARTESIAN_POINT('',(0.,0.,2.8765E+03));
#8864 = DIRECTION('',(0.,0.,1.));
#8865 = DIRECTION('',(1.,0.,-0.));
#8866 = PCURVE('',#8867,#8872);
#8867 = CYLINDRICAL_SURFACE('',#8868,58.65);
#8868 = AXIS2_PLACEMENT_3D('',#8869,#8870,#8871);
#8869 = CARTESIAN_POINT('',(0.,0.,2.8635E+03));
#8870 = DIRECTION('',(0.,0.,1.));
#8871 = DIRECTION('',(1.,0.,-0.));
#8872 = DEFINITIONAL_REPRESENTATION('',(#8873),#8877);
#8873 = LINE('',#8874,#8875);
#8874 = CARTESIAN_POINT('',(0.,13.));
#8875 = VECTOR('',#8876,1.);
#8876 = DIRECTION('',(1.,0.));
#8877 = ( GEOMETRIC_REPRESENTATION_CONTEXT(2) 
PARAMETRIC_REPRESENTATION_CONTEXT() REPRESENTATION_CONTEXT('2D SPACE',''
  ) );
#8878 = PCURVE('',#8879,#8884);
#8879 = PLANE('',#8880);
#8880 = AXIS2_PLACEMENT_3D('',#8881,#8882,#8883);
#8881 = CARTESIAN_POINT('',(0.,0.,2.8765E+03));
#8882 = DIRECTION('',(0.,0.,1.));
#8883 = DIRECTION('',(1.,0.,-0.));
#8884 = DEFINITIONAL_REPRESENTATION('',(#8885),#8889);
#8885 = CIRCLE('',#8886,58.65);
#8886 = AXIS2_PLACEMENT_2D('',#8887,#8888);
#8887 = CARTESIAN_POINT('',(0.,0.));
#8888 = DIRECTION('',(1.,0.));
#8889 = ( GEOMETRIC_REPRESENTATION_CONTEXT(2) 
PARAMETRIC_REPRESENTATION_CONTEXT() REPRESENTATION_CONTEXT('2D SPACE',''
  ) );
#8890 = ORIENTED_EDGE('',*,*,#8891,.F.);
#8891 = EDGE_CURVE('',#8892,#8858,#8894,.T.);
#8892 = VERTEX_POINT('',#8893);
#8893 = CARTESIAN_POINT('',(58.65,-1.4365106954E-14,2.8635E+03));
#8894 = SEAM_CURVE('',#8895,(#8899,#8906),.PCURVE_S1.);
#8895 = LINE('',#8896,#8897);
#8896 = CARTESIAN_POINT('',(58.65,-1.4365106954E-14,2.8635E+03));
#8897 = VECTOR('',#8898,1.);
#8898 = DIRECTION('',(0.,0.,1.));
#8899 = PCURVE('',#8867,#8900);
#8900 = DEFINITIONAL_REPRESENTATION('',(#8901),#8905);
#8901 = LINE('',#8902,#8903);
#8902 = CARTESIAN_POINT('',(6.28318530718,-0.));
#8903 = VECTOR('',#8904,1.);
#8904 = DIRECTION('',(0.,1.));
#8905 = ( GEOMETRIC_REPRESENTATION_CONTEXT(2) 
PARAMETRIC_REPRESENTATION_CONTEXT() REPRESENTATION_CONTEXT('2D SPACE',''
  ) );
#8906 = PCURVE('',#8867,#8907);
#8907 = DEFINITIONAL_REPRESENTATION('',(#8908),#8912);
#8908 = LINE('',#8909,#8910);
#8909 = CARTESIAN_POINT('',(0.,-0.));
#8910 = VECTOR('',#8911,1.);
#8911 = DIRECTION('',(0.,1.));
#8912 = ( GEOMETRIC_REPRESENTATION_CONTEXT(2) 
PARAMETRIC_REPRESENTATION_CONTEXT() REPRESENTATION_CONTEXT('2D SPACE',''
  ) );
#8913 = ORIENTED_EDGE('',*,*,#8914,.T.);
#8914 = EDGE_CURVE('',#8892,#8892,#8915,.T.);
#8915 = SURFACE_CURVE('',#8916,(#8921,#8928),.PCURVE_S1.);
#8916 = CIRCLE('',#8917,58.65);
#8917 = AXIS2_PLACEMENT_3D('',#8918,#8919,#8920);
#8918 = CARTESIAN_POINT('',(0.,0.,2.8635E+03));
#8919 = DIRECTION('',(0.,0.,1.));
#8920 = DIRECTION('',(1.,0.,-0.));
#8921 = PCURVE('',#8867,#8922);
#8922 = DEFINITIONAL_REPRESENTATION('',(#8923),#8927);
#8923 = LINE('',#8924,#8925);
#8924 = CARTESIAN_POINT('',(0.,0.));
#8925 = VECTOR('',#8926,1.);
#8926 = DIRECTION('',(1.,0.));
#8927 = ( GEOMETRIC_REPRESENTATION_CONTEXT(2) 
PARAMETRIC_REPRESENTATION_CONTEXT() REPRESENTATION_CONTEXT('2D SPACE',''
  ) );
#8928 = PCURVE('',#8929,#8934);
#8929 = PLANE('',#8930);
#8930 = AXIS2_PLACEMENT_3D('',#8931,#8932,#8933);
#8931 = CARTESIAN_POINT('',(0.,0.,2.8635E+03));
#8932 = DIRECTION('',(0.,0.,1.));
#8933 = DIRECTION('',(1.,0.,-0.));
#8934 = DEFINITIONAL_REPRESENTATION('',(#8935),#8939);
#8935 = CIRCLE('',#8936,58.65);
#8936 = AXIS2_PLACEMENT_2D('',#8937,#8938);
#8937 = CARTESIAN_POINT('',(0.,0.));
#8938 = DIRECTION('',(1.,0.));
#8939 = ( GEOMETRIC_REPRESENTATION_CONTEXT(2) 
PARAMETRIC_REPRESENTATION_CONTEXT() REPRESENTATION_CONTEXT('2D SPACE',''
  ) );
#8940 = ORIENTED_EDGE('',*,*,#8891,.T.);
#8941 = ADVANCED_FACE('',(#8942,#8945),#8879,.T.);
#8942 = FACE_BOUND('',#8943,.T.);
#8943 = EDGE_LOOP('',(#8944));
#8944 = ORIENTED_EDGE('',*,*,#8857,.T.);
#8945 = FACE_BOUND('',#8946,.T.);
#8946 = EDGE_LOOP('',(#8947));
#8947 = ORIENTED_EDGE('',*,*,#8948,.F.);
#8948 = EDGE_CURVE('',#8949,#8949,#8951,.T.);
#8949 = VERTEX_POINT('',#8950);
#8950 = CARTESIAN_POINT('',(57.15,-1.399771291425E-14,2.8765E+03));
#8951 = SURFACE_CURVE('',#8952,(#8957,#8964),.PCURVE_S1.);
#8952 = CIRCLE('',#8953,57.15);
#8953 = AXIS2_PLACEMENT_3D('',#8954,#8955,#8956);
#8954 = CARTESIAN_POINT('',(0.,0.,2.8765E+03));
#8955 = DIRECTION('',(0.,0.,1.));
#8956 = DIRECTION('',(1.,0.,-0.));
#8957 = PCURVE('',#8879,#8958);
#8958 = DEFINITIONAL_REPRESENTATION('',(#8959),#8963);
#8959 = CIRCLE('',#8960,57.15);
#8960 = AXIS2_PLACEMENT_2D('',#8961,#8962);
#8961 = CARTESIAN_POINT('',(0.,0.));
#8962 = DIRECTION('',(1.,0.));
#8963 = ( GEOMETRIC_REPRESENTATION_CONTEXT(2) 
PARAMETRIC_REPRESENTATION_CONTEXT() REPRESENTATION_CONTEXT('2D SPACE',''
  ) );
#8964 = PCURVE('',#8965,#8970);
#8965 = CYLINDRICAL_SURFACE('',#8966,57.15);
#8966 = AXIS2_PLACEMENT_3D('',#8967,#8968,#8969);
#8967 = CARTESIAN_POINT('',(0.,0.,2.8625E+03));
#8968 = DIRECTION('',(0.,0.,1.));
#8969 = DIRECTION('',(1.,0.,-0.));
#8970 = DEFINITIONAL_REPRESENTATION('',(#8971),#8975);
#8971 = LINE('',#8972,#8973);
#8972 = CARTESIAN_POINT('',(0.,14.));
#8973 = VECTOR('',#8974,1.);
#8974 = DIRECTION('',(1.,0.));
#8975 = ( GEOMETRIC_REPRESENTATION_CONTEXT(2) 
PARAMETRIC_REPRESENTATION_CONTEXT() REPRESENTATION_CONTEXT('2D SPACE',''
  ) );
#8976 = ADVANCED_FACE('',(#8977,#8980),#8929,.F.);
#8977 = FACE_BOUND('',#8978,.F.);
#8978 = EDGE_LOOP('',(#8979));
#8979 = ORIENTED_EDGE('',*,*,#8914,.T.);
#8980 = FACE_BOUND('',#8981,.F.);
#8981 = EDGE_LOOP('',(#8982));
#8982 = ORIENTED_EDGE('',*,*,#8983,.F.);
#8983 = EDGE_CURVE('',#8984,#8984,#8986,.T.);
#8984 = VERTEX_POINT('',#8985);
#8985 = CARTESIAN_POINT('',(57.15,-1.399771291425E-14,2.8635E+03));
#8986 = SURFACE_CURVE('',#8987,(#8992,#8999),.PCURVE_S1.);
#8987 = CIRCLE('',#8988,57.15);
#8988 = AXIS2_PLACEMENT_3D('',#8989,#8990,#8991);
#8989 = CARTESIAN_POINT('',(0.,0.,2.8635E+03));
#8990 = DIRECTION('',(0.,0.,1.));
#8991 = DIRECTION('',(1.,0.,-0.));
#8992 = PCURVE('',#8929,#8993);
#8993 = DEFINITIONAL_REPRESENTATION('',(#8994),#8998);
#8994 = CIRCLE('',#8995,57.15);
#8995 = AXIS2_PLACEMENT_2D('',#8996,#8997);
#8996 = CARTESIAN_POINT('',(0.,0.));
#8997 = DIRECTION('',(1.,0.));
#8998 = ( GEOMETRIC_REPRESENTATION_CONTEXT(2) 
PARAMETRIC_REPRESENTATION_CONTEXT() REPRESENTATION_CONTEXT('2D SPACE',''
  ) );
#8999 = PCURVE('',#8965,#9000);
#9000 = DEFINITIONAL_REPRESENTATION('',(#9001),#9005);
#9001 = LINE('',#9002,#9003);
#9002 = CARTESIAN_POINT('',(0.,1.));
#9003 = VECTOR('',#9004,1.);
#9004 = DIRECTION('',(1.,0.));
#9005 = ( GEOMETRIC_REPRESENTATION_CONTEXT(2) 
PARAMETRIC_REPRESENTATION_CONTEXT() REPRESENTATION_CONTEXT('2D SPACE',''
  ) );
#9006 = ADVANCED_FACE('',(#9007),#8965,.F.);
#9007 = FACE_BOUND('',#9008,.F.);
#9008 = EDGE_LOOP('',(#9009,#9010,#9031,#9032));
#9009 = ORIENTED_EDGE('',*,*,#8948,.F.);
#9010 = ORIENTED_EDGE('',*,*,#9011,.F.);
#9011 = EDGE_CURVE('',#8984,#8949,#9012,.T.);
#9012 = SEAM_CURVE('',#9013,(#9017,#9024),.PCURVE_S1.);
#9013 = LINE('',#9014,#9015);
#9014 = CARTESIAN_POINT('',(57.15,-1.399771291425E-14,2.8625E+03));
#9015 = VECTOR('',#9016,1.);
#9016 = DIRECTION('',(0.,0.,1.));
#9017 = PCURVE('',#8965,#9018);
#9018 = DEFINITIONAL_REPRESENTATION('',(#9019),#9023);
#9019 = LINE('',#9020,#9021);
#9020 = CARTESIAN_POINT('',(6.28318530718,-0.));
#9021 = VECTOR('',#9022,1.);
#9022 = DIRECTION('',(0.,1.));
#9023 = ( GEOMETRIC_REPRESENTATION_CONTEXT(2) 
PARAMETRIC_REPRESENTATION_CONTEXT() REPRESENTATION_CONTEXT('2D SPACE',''
  ) );
#9024 = PCURVE('',#8965,#9025);
#9025 = DEFINITIONAL_REPRESENTATION('',(#9026),#9030);
#9026 = LINE('',#9027,#9028);
#9027 = CARTESIAN_POINT('',(0.,-0.));
#9028 = VECTOR('',#9029,1.);
#9029 = DIRECTION('',(0.,1.));
#9030 = ( GEOMETRIC_REPRESENTATION_CONTEXT(2) 
PARAMETRIC_REPRESENTATION_CONTEXT() REPRESENTATION_CONTEXT('2D SPACE',''
  ) );
#9031 = ORIENTED_EDGE('',*,*,#8983,.T.);
#9032 = ORIENTED_EDGE('',*,*,#9011,.T.);
#9033 = ( GEOMETRIC_REPRESENTATION_CONTEXT(3) 
GLOBAL_UNCERTAINTY_ASSIGNED_CONTEXT((#9037)) 
GLOBAL_UNIT_ASSIGNED_CONTEXT((#9034,#9035,#9036)) REPRESENTATION_CONTEXT
('Context #1','3D Context with UNIT and UNCERTAINTY') );
#9034 = ( LENGTH_UNIT() NAMED_UNIT(*) SI_UNIT(.MILLI.,.METRE.) );
#9035 = ( NAMED_UNIT(*) PLANE_ANGLE_UNIT() SI_UNIT($,.RADIAN.) );
#9036 = ( NAMED_UNIT(*) SI_UNIT($,.STERADIAN.) SOLID_ANGLE_UNIT() );
#9037 = UNCERTAINTY_MEASURE_WITH_UNIT(LENGTH_MEASURE(1.E-07),#9034,
  'distance_accuracy_value','confusion accuracy');
#9038 = CONTEXT_DEPENDENT_SHAPE_REPRESENTATION(#9039,#9041);
#9039 = ( REPRESENTATION_RELATIONSHIP('','',#7714,#10) 
REPRESENTATION_RELATIONSHIP_WITH_TRANSFORMATION(#9040) 
SHAPE_REPRESENTATION_RELATIONSHIP() );
#9040 = ITEM_DEFINED_TRANSFORMATION('','',#11,#39);
#9041 = PRODUCT_DEFINITION_SHAPE('Placement','Placement of an item',
  #9042);
#9042 = NEXT_ASSEMBLY_USAGE_OCCURRENCE('18','=>[0:1:1:8]','',#5,#7709,$
  );
#9043 = PRODUCT_RELATED_PRODUCT_CATEGORY('part',$,(#7711));
#9044 = SHAPE_DEFINITION_REPRESENTATION(#9045,#9051);
#9045 = PRODUCT_DEFINITION_SHAPE('','',#9046);
#9046 = PRODUCT_DEFINITION('design','',#9047,#9050);
#9047 = PRODUCT_DEFINITION_FORMATION('','',#9048);
#9048 = PRODUCT('COMPOUND','COMPOUND','',(#9049));
#9049 = PRODUCT_CONTEXT('',#2,'mechanical');
#9050 = PRODUCT_DEFINITION_CONTEXT('part definition',#2,'design');
#9051 = SHAPE_REPRESENTATION('',(#11,#9052,#11237),#11413);
#9052 = MANIFOLD_SOLID_BREP('',#9053);
#9053 = CLOSED_SHELL('',(#9054,#9226,#9254,#9430,#9453,#9458,#9464,#9650
    ,#9673,#9678,#9837,#9860,#9865,#9894,#10931,#10937,#11032,#11087,
    #11142,#11220,#11225,#11229,#11233));
#9054 = ADVANCED_FACE('',(#9055),#9070,.T.);
#9055 = FACE_BOUND('',#9056,.T.);
#9056 = EDGE_LOOP('',(#9057,#9093,#9116,#9145,#9172,#9173));
#9057 = ORIENTED_EDGE('',*,*,#9058,.F.);
#9058 = EDGE_CURVE('',#9059,#9061,#9063,.T.);
#9059 = VERTEX_POINT('',#9060);
#9060 = CARTESIAN_POINT('',(-28.67960845682,-64.25679718105,2.1E+03));
#9061 = VERTEX_POINT('',#9062);
#9062 = CARTESIAN_POINT('',(-35.32039154317,-62.04320281894,2.1E+03));
#9063 = SURFACE_CURVE('',#9064,(#9069,#9081),.PCURVE_S1.);
#9064 = CIRCLE('',#9065,3.5);
#9065 = AXIS2_PLACEMENT_3D('',#9066,#9067,#9068);
#9066 = CARTESIAN_POINT('',(-32.,-63.15,2.1E+03));
#9067 = DIRECTION('',(0.316227766017,0.948683298051,0.));
#9068 = DIRECTION('',(0.948683298051,-0.316227766017,0.));
#9069 = PCURVE('',#9070,#9075);
#9070 = CYLINDRICAL_SURFACE('',#9071,3.5);
#9071 = AXIS2_PLACEMENT_3D('',#9072,#9073,#9074);
#9072 = CARTESIAN_POINT('',(-52.,-123.15,2.1E+03));
#9073 = DIRECTION('',(0.316227766017,0.948683298051,0.));
#9074 = DIRECTION('',(0.948683298051,-0.316227766017,0.));
#9075 = DEFINITIONAL_REPRESENTATION('',(#9076),#9080);
#9076 = LINE('',#9077,#9078);
#9077 = CARTESIAN_POINT('',(0.,63.245553203368));
#9078 = VECTOR('',#9079,1.);
#9079 = DIRECTION('',(1.,0.));
#9080 = ( GEOMETRIC_REPRESENTATION_CONTEXT(2) 
PARAMETRIC_REPRESENTATION_CONTEXT() REPRESENTATION_CONTEXT('2D SPACE',''
  ) );
#9081 = PCURVE('',#9082,#9087);
#9082 = PLANE('',#9083);
#9083 = AXIS2_PLACEMENT_3D('',#9084,#9085,#9086);
#9084 = CARTESIAN_POINT('',(-32.,-63.15,2.1E+03));
#9085 = DIRECTION('',(0.316227766017,0.948683298051,0.));
#9086 = DIRECTION('',(0.948683298051,-0.316227766017,0.));
#9087 = DEFINITIONAL_REPRESENTATION('',(#9088),#9092);
#9088 = CIRCLE('',#9089,3.5);
#9089 = AXIS2_PLACEMENT_2D('',#9090,#9091);
#9090 = CARTESIAN_POINT('',(0.,0.));
#9091 = DIRECTION('',(1.,0.));
#9092 = ( GEOMETRIC_REPRESENTATION_CONTEXT(2) 
PARAMETRIC_REPRESENTATION_CONTEXT() REPRESENTATION_CONTEXT('2D SPACE',''
  ) );
#9093 = ORIENTED_EDGE('',*,*,#9094,.F.);
#9094 = EDGE_CURVE('',#9095,#9059,#9097,.T.);
#9095 = VERTEX_POINT('',#9096);
#9096 = CARTESIAN_POINT('',(-48.67960845682,-124.256797181,2.1E+03));
#9097 = SEAM_CURVE('',#9098,(#9102,#9109),.PCURVE_S1.);
#9098 = LINE('',#9099,#9100);
#9099 = CARTESIAN_POINT('',(-48.67960845682,-124.256797181,2.1E+03));
#9100 = VECTOR('',#9101,1.);
#9101 = DIRECTION('',(0.316227766017,0.948683298051,0.));
#9102 = PCURVE('',#9070,#9103);
#9103 = DEFINITIONAL_REPRESENTATION('',(#9104),#9108);
#9104 = LINE('',#9105,#9106);
#9105 = CARTESIAN_POINT('',(6.28318530718,-0.));
#9106 = VECTOR('',#9107,1.);
#9107 = DIRECTION('',(0.,1.));
#9108 = ( GEOMETRIC_REPRESENTATION_CONTEXT(2) 
PARAMETRIC_REPRESENTATION_CONTEXT() REPRESENTATION_CONTEXT('2D SPACE',''
  ) );
#9109 = PCURVE('',#9070,#9110);
#9110 = DEFINITIONAL_REPRESENTATION('',(#9111),#9115);
#9111 = LINE('',#9112,#9113);
#9112 = CARTESIAN_POINT('',(0.,-0.));
#9113 = VECTOR('',#9114,1.);
#9114 = DIRECTION('',(0.,1.));
#9115 = ( GEOMETRIC_REPRESENTATION_CONTEXT(2) 
PARAMETRIC_REPRESENTATION_CONTEXT() REPRESENTATION_CONTEXT('2D SPACE',''
  ) );
#9116 = ORIENTED_EDGE('',*,*,#9117,.T.);
#9117 = EDGE_CURVE('',#9095,#9118,#9120,.T.);
#9118 = VERTEX_POINT('',#9119);
#9119 = CARTESIAN_POINT('',(-55.32039154317,-122.0432028189,2.1E+03));
#9120 = SURFACE_CURVE('',#9121,(#9126,#9133),.PCURVE_S1.);
#9121 = CIRCLE('',#9122,3.5);
#9122 = AXIS2_PLACEMENT_3D('',#9123,#9124,#9125);
#9123 = CARTESIAN_POINT('',(-52.,-123.15,2.1E+03));
#9124 = DIRECTION('',(0.316227766017,0.948683298051,0.));
#9125 = DIRECTION('',(0.948683298051,-0.316227766017,0.));
#9126 = PCURVE('',#9070,#9127);
#9127 = DEFINITIONAL_REPRESENTATION('',(#9128),#9132);
#9128 = LINE('',#9129,#9130);
#9129 = CARTESIAN_POINT('',(0.,0.));
#9130 = VECTOR('',#9131,1.);
#9131 = DIRECTION('',(1.,0.));
#9132 = ( GEOMETRIC_REPRESENTATION_CONTEXT(2) 
PARAMETRIC_REPRESENTATION_CONTEXT() REPRESENTATION_CONTEXT('2D SPACE',''
  ) );
#9133 = PCURVE('',#9134,#9139);
#9134 = PLANE('',#9135);
#9135 = AXIS2_PLACEMENT_3D('',#9136,#9137,#9138);
#9136 = CARTESIAN_POINT('',(-52.,-123.15,2.1E+03));
#9137 = DIRECTION('',(0.316227766017,0.948683298051,0.));
#9138 = DIRECTION('',(0.948683298051,-0.316227766017,0.));
#9139 = DEFINITIONAL_REPRESENTATION('',(#9140),#9144);
#9140 = CIRCLE('',#9141,3.5);
#9141 = AXIS2_PLACEMENT_2D('',#9142,#9143);
#9142 = CARTESIAN_POINT('',(0.,0.));
#9143 = DIRECTION('',(1.,0.));
#9144 = ( GEOMETRIC_REPRESENTATION_CONTEXT(2) 
PARAMETRIC_REPRESENTATION_CONTEXT() REPRESENTATION_CONTEXT('2D SPACE',''
  ) );
#9145 = ORIENTED_EDGE('',*,*,#9146,.T.);
#9146 = EDGE_CURVE('',#9118,#9095,#9147,.T.);
#9147 = SURFACE_CURVE('',#9148,(#9153,#9160),.PCURVE_S1.);
#9148 = CIRCLE('',#9149,3.5);
#9149 = AXIS2_PLACEMENT_3D('',#9150,#9151,#9152);
#9150 = CARTESIAN_POINT('',(-52.,-123.15,2.1E+03));
#9151 = DIRECTION('',(0.316227766017,0.948683298051,0.));
#9152 = DIRECTION('',(0.948683298051,-0.316227766017,0.));
#9153 = PCURVE('',#9070,#9154);
#9154 = DEFINITIONAL_REPRESENTATION('',(#9155),#9159);
#9155 = LINE('',#9156,#9157);
#9156 = CARTESIAN_POINT('',(0.,0.));
#9157 = VECTOR('',#9158,1.);
#9158 = DIRECTION('',(1.,0.));
#9159 = ( GEOMETRIC_REPRESENTATION_CONTEXT(2) 
PARAMETRIC_REPRESENTATION_CONTEXT() REPRESENTATION_CONTEXT('2D SPACE',''
  ) );
#9160 = PCURVE('',#9161,#9166);
#9161 = PLANE('',#9162);
#9162 = AXIS2_PLACEMENT_3D('',#9163,#9164,#9165);
#9163 = CARTESIAN_POINT('',(-52.,-123.15,2.1E+03));
#9164 = DIRECTION('',(0.316227766017,0.948683298051,0.));
#9165 = DIRECTION('',(0.948683298051,-0.316227766017,0.));
#9166 = DEFINITIONAL_REPRESENTATION('',(#9167),#9171);
#9167 = CIRCLE('',#9168,3.5);
#9168 = AXIS2_PLACEMENT_2D('',#9169,#9170);
#9169 = CARTESIAN_POINT('',(0.,0.));
#9170 = DIRECTION('',(1.,0.));
#9171 = ( GEOMETRIC_REPRESENTATION_CONTEXT(2) 
PARAMETRIC_REPRESENTATION_CONTEXT() REPRESENTATION_CONTEXT('2D SPACE',''
  ) );
#9172 = ORIENTED_EDGE('',*,*,#9094,.T.);
#9173 = ORIENTED_EDGE('',*,*,#9174,.F.);
#9174 = EDGE_CURVE('',#9061,#9059,#9175,.T.);
#9175 = SURFACE_CURVE('',#9176,(#9181,#9201),.PCURVE_S1.);
#9176 = ELLIPSE('',#9177,4.949747468306,3.5);
#9177 = AXIS2_PLACEMENT_3D('',#9178,#9179,#9180);
#9178 = CARTESIAN_POINT('',(-32.,-63.15,2.1E+03));
#9179 = DIRECTION('',(0.22360679775,0.67082039325,0.707106781187));
#9180 = DIRECTION('',(0.22360679775,0.67082039325,-0.707106781187));
#9181 = PCURVE('',#9070,#9182);
#9182 = DEFINITIONAL_REPRESENTATION('',(#9183),#9200);
#9183 = B_SPLINE_CURVE_WITH_KNOTS('',8,(#9184,#9185,#9186,#9187,#9188,
    #9189,#9190,#9191,#9192,#9193,#9194,#9195,#9196,#9197,#9198,#9199),
  .UNSPECIFIED.,.F.,.F.,(9,7,9),(1.570796257014,3.141592618699,
    4.712388980385),.UNSPECIFIED.);
#9184 = CARTESIAN_POINT('',(3.141592583809,63.2455534476));
#9185 = CARTESIAN_POINT('',(3.33794212902,62.558330039363));
#9186 = CARTESIAN_POINT('',(3.534291674232,61.871106457205));
#9187 = CARTESIAN_POINT('',(3.73064121944,61.224256957823));
#9188 = CARTESIAN_POINT('',(3.926990764668,60.658147706708));
#9189 = CARTESIAN_POINT('',(4.123340309858,60.208190132078));
#9190 = CARTESIAN_POINT('',(4.319689855074,59.899765974107));
#9191 = CARTESIAN_POINT('',(4.516039400284,59.745553227345));
#9192 = CARTESIAN_POINT('',(4.908738490705,59.74555317939));
#9193 = CARTESIAN_POINT('',(5.105088035917,59.899765878115));
#9194 = CARTESIAN_POINT('',(5.301437581123,60.208189991448));
#9195 = CARTESIAN_POINT('',(5.497787126347,60.658147525799));
#9196 = CARTESIAN_POINT('',(5.694136671543,61.224256746267));
#9197 = CARTESIAN_POINT('',(5.89048621676,61.871106223625));
#9198 = CARTESIAN_POINT('',(6.086835761969,62.55832979513));
#9199 = CARTESIAN_POINT('',(6.28318530718,63.245553203368));
#9200 = ( GEOMETRIC_REPRESENTATION_CONTEXT(2) 
PARAMETRIC_REPRESENTATION_CONTEXT() REPRESENTATION_CONTEXT('2D SPACE',''
  ) );
#9201 = PCURVE('',#9202,#9207);
#9202 = CYLINDRICAL_SURFACE('',#9203,3.5);
#9203 = AXIS2_PLACEMENT_3D('',#9204,#9205,#9206);
#9204 = CARTESIAN_POINT('',(-32.,-63.15,2.1E+03));
#9205 = DIRECTION('',(0.,0.,1.));
#9206 = DIRECTION('',(1.,0.,-0.));
#9207 = DEFINITIONAL_REPRESENTATION('',(#9208),#9225);
#9208 = B_SPLINE_CURVE_WITH_KNOTS('',8,(#9209,#9210,#9211,#9212,#9213,
    #9214,#9215,#9216,#9217,#9218,#9219,#9220,#9221,#9222,#9223,#9224),
  .UNSPECIFIED.,.F.,.F.,(9,7,9),(1.570796257014,3.141592618699,
    4.712388980385),.UNSPECIFIED.);
#9209 = CARTESIAN_POINT('',(2.819842029412,-2.442325239826E-07));
#9210 = CARTESIAN_POINT('',(3.016191574623,0.687223164005));
#9211 = CARTESIAN_POINT('',(3.212541119833,1.374446746172));
#9212 = CARTESIAN_POINT('',(3.408890665036,2.021296245381));
#9213 = CARTESIAN_POINT('',(3.605240210254,2.587405496781));
#9214 = CARTESIAN_POINT('',(3.801589755463,3.037363071106));
#9215 = CARTESIAN_POINT('',(3.997939300675,3.345787229242));
#9216 = CARTESIAN_POINT('',(4.194288845887,3.499999976023));
#9217 = CARTESIAN_POINT('',(4.586987936308,3.500000023977));
#9218 = CARTESIAN_POINT('',(4.78333748151,3.345787325152));
#9219 = CARTESIAN_POINT('',(4.979687026735,3.03736321216));
#9220 = CARTESIAN_POINT('',(5.176036571898,2.587405677319));
#9221 = CARTESIAN_POINT('',(5.372386117157,2.021296457342));
#9222 = CARTESIAN_POINT('',(5.568735662355,1.374446979643));
#9223 = CARTESIAN_POINT('',(5.765085207572,0.687223408237));
#9224 = CARTESIAN_POINT('',(5.961434752783,0.));
#9225 = ( GEOMETRIC_REPRESENTATION_CONTEXT(2) 
PARAMETRIC_REPRESENTATION_CONTEXT() REPRESENTATION_CONTEXT('2D SPACE',''
  ) );
#9226 = ADVANCED_FACE('',(#9227),#9082,.T.);
#9227 = FACE_BOUND('',#9228,.T.);
#9228 = EDGE_LOOP('',(#9229,#9253));
#9229 = ORIENTED_EDGE('',*,*,#9230,.T.);
#9230 = EDGE_CURVE('',#9061,#9059,#9231,.T.);
#9231 = SURFACE_CURVE('',#9232,(#9236,#9242),.PCURVE_S1.);
#9232 = LINE('',#9233,#9234);
#9233 = CARTESIAN_POINT('',(-32.,-63.15,2.1E+03));
#9234 = VECTOR('',#9235,1.);
#9235 = DIRECTION('',(0.948683298051,-0.316227766017,0.));
#9236 = PCURVE('',#9082,#9237);
#9237 = DEFINITIONAL_REPRESENTATION('',(#9238),#9241);
#9238 = B_SPLINE_CURVE_WITH_KNOTS('',1,(#9239,#9240),.UNSPECIFIED.,.F.,
  .F.,(2,2),(-3.5,3.5),.PIECEWISE_BEZIER_KNOTS.);
#9239 = CARTESIAN_POINT('',(-3.5,0.));
#9240 = CARTESIAN_POINT('',(3.5,0.));
#9241 = ( GEOMETRIC_REPRESENTATION_CONTEXT(2) 
PARAMETRIC_REPRESENTATION_CONTEXT() REPRESENTATION_CONTEXT('2D SPACE',''
  ) );
#9242 = PCURVE('',#9243,#9248);
#9243 = PLANE('',#9244);
#9244 = AXIS2_PLACEMENT_3D('',#9245,#9246,#9247);
#9245 = CARTESIAN_POINT('',(-32.,-63.15,2.1E+03));
#9246 = DIRECTION('',(0.,0.,1.));
#9247 = DIRECTION('',(1.,0.,-0.));
#9248 = DEFINITIONAL_REPRESENTATION('',(#9249),#9252);
#9249 = B_SPLINE_CURVE_WITH_KNOTS('',1,(#9250,#9251),.UNSPECIFIED.,.F.,
  .F.,(2,2),(-3.5,3.5),.PIECEWISE_BEZIER_KNOTS.);
#9250 = CARTESIAN_POINT('',(-3.320391543177,1.106797181059));
#9251 = CARTESIAN_POINT('',(3.320391543177,-1.106797181059));
#9252 = ( GEOMETRIC_REPRESENTATION_CONTEXT(2) 
PARAMETRIC_REPRESENTATION_CONTEXT() REPRESENTATION_CONTEXT('2D SPACE',''
  ) );
#9253 = ORIENTED_EDGE('',*,*,#9058,.T.);
#9254 = ADVANCED_FACE('',(#9255),#9202,.T.);
#9255 = FACE_BOUND('',#9256,.T.);
#9256 = EDGE_LOOP('',(#9257,#9281,#9304,#9343,#9372,#9406,#9407,#9429));
#9257 = ORIENTED_EDGE('',*,*,#9258,.T.);
#9258 = EDGE_CURVE('',#9059,#9259,#9261,.T.);
#9259 = VERTEX_POINT('',#9260);
#9260 = CARTESIAN_POINT('',(-28.5,-63.15,2.1E+03));
#9261 = SURFACE_CURVE('',#9262,(#9267,#9274),.PCURVE_S1.);
#9262 = CIRCLE('',#9263,3.5);
#9263 = AXIS2_PLACEMENT_3D('',#9264,#9265,#9266);
#9264 = CARTESIAN_POINT('',(-32.,-63.15,2.1E+03));
#9265 = DIRECTION('',(0.,0.,1.));
#9266 = DIRECTION('',(1.,0.,-0.));
#9267 = PCURVE('',#9202,#9268);
#9268 = DEFINITIONAL_REPRESENTATION('',(#9269),#9273);
#9269 = LINE('',#9270,#9271);
#9270 = CARTESIAN_POINT('',(0.,0.));
#9271 = VECTOR('',#9272,1.);
#9272 = DIRECTION('',(1.,0.));
#9273 = ( GEOMETRIC_REPRESENTATION_CONTEXT(2) 
PARAMETRIC_REPRESENTATION_CONTEXT() REPRESENTATION_CONTEXT('2D SPACE',''
  ) );
#9274 = PCURVE('',#9243,#9275);
#9275 = DEFINITIONAL_REPRESENTATION('',(#9276),#9280);
#9276 = CIRCLE('',#9277,3.5);
#9277 = AXIS2_PLACEMENT_2D('',#9278,#9279);
#9278 = CARTESIAN_POINT('',(0.,0.));
#9279 = DIRECTION('',(1.,0.));
#9280 = ( GEOMETRIC_REPRESENTATION_CONTEXT(2) 
PARAMETRIC_REPRESENTATION_CONTEXT() REPRESENTATION_CONTEXT('2D SPACE',''
  ) );
#9281 = ORIENTED_EDGE('',*,*,#9282,.T.);
#9282 = EDGE_CURVE('',#9259,#9283,#9285,.T.);
#9283 = VERTEX_POINT('',#9284);
#9284 = CARTESIAN_POINT('',(-28.5,-63.15,2.736631162201E+03));
#9285 = SEAM_CURVE('',#9286,(#9290,#9297),.PCURVE_S1.);
#9286 = LINE('',#9287,#9288);
#9287 = CARTESIAN_POINT('',(-28.5,-63.15,2.1E+03));
#9288 = VECTOR('',#9289,1.);
#9289 = DIRECTION('',(0.,0.,1.));
#9290 = PCURVE('',#9202,#9291);
#9291 = DEFINITIONAL_REPRESENTATION('',(#9292),#9296);
#9292 = LINE('',#9293,#9294);
#9293 = CARTESIAN_POINT('',(0.,-0.));
#9294 = VECTOR('',#9295,1.);
#9295 = DIRECTION('',(0.,1.));
#9296 = ( GEOMETRIC_REPRESENTATION_CONTEXT(2) 
PARAMETRIC_REPRESENTATION_CONTEXT() REPRESENTATION_CONTEXT('2D SPACE',''
  ) );
#9297 = PCURVE('',#9202,#9298);
#9298 = DEFINITIONAL_REPRESENTATION('',(#9299),#9303);
#9299 = LINE('',#9300,#9301);
#9300 = CARTESIAN_POINT('',(6.28318530718,-0.));
#9301 = VECTOR('',#9302,1.);
#9302 = DIRECTION('',(0.,1.));
#9303 = ( GEOMETRIC_REPRESENTATION_CONTEXT(2) 
PARAMETRIC_REPRESENTATION_CONTEXT() REPRESENTATION_CONTEXT('2D SPACE',''
  ) );
#9304 = ORIENTED_EDGE('',*,*,#9305,.F.);
#9305 = EDGE_CURVE('',#9306,#9283,#9308,.T.);
#9306 = VERTEX_POINT('',#9307);
#9307 = CARTESIAN_POINT('',(-31.05082568105,-66.51883779844,2.74E+03));
#9308 = SURFACE_CURVE('',#9309,(#9314,#9326),.PCURVE_S1.);
#9309 = ELLIPSE('',#9310,4.949747468306,3.5);
#9310 = AXIS2_PLACEMENT_3D('',#9311,#9312,#9313);
#9311 = CARTESIAN_POINT('',(-32.,-63.15,2.74E+03));
#9312 = DIRECTION('',(0.680608014857,0.191762170702,0.707106781187));
#9313 = DIRECTION('',(-0.680608014857,-0.191762170702,0.707106781187));
#9314 = PCURVE('',#9202,#9315);
#9315 = DEFINITIONAL_REPRESENTATION('',(#9316),#9325);
#9316 = B_SPLINE_CURVE_WITH_KNOTS('',7,(#9317,#9318,#9319,#9320,#9321,
    #9322,#9323,#9324),.UNSPECIFIED.,.F.,.F.,(8,8),(1.570795647624,
    2.866960740392),.PIECEWISE_BEZIER_KNOTS.);
#9317 = CARTESIAN_POINT('',(4.987020214414,640.00000237709));
#9318 = CARTESIAN_POINT('',(5.172186656238,639.35191983071));
#9319 = CARTESIAN_POINT('',(5.357353098062,638.7038377755));
#9320 = CARTESIAN_POINT('',(5.542519539886,638.09204512456));
#9321 = CARTESIAN_POINT('',(5.72768598171,637.55285290518));
#9322 = CARTESIAN_POINT('',(5.912852423534,637.11743036925));
#9323 = CARTESIAN_POINT('',(6.098018865358,636.80691743286));
#9324 = CARTESIAN_POINT('',(6.283185307182,636.63116220155));
#9325 = ( GEOMETRIC_REPRESENTATION_CONTEXT(2) 
PARAMETRIC_REPRESENTATION_CONTEXT() REPRESENTATION_CONTEXT('2D SPACE',''
  ) );
#9326 = PCURVE('',#9327,#9332);
#9327 = CYLINDRICAL_SURFACE('',#9328,3.5);
#9328 = AXIS2_PLACEMENT_3D('',#9329,#9330,#9331);
#9329 = CARTESIAN_POINT('',(-32.,-63.15,2.74E+03));
#9330 = DIRECTION('',(0.962525085271,0.271192662557,0.));
#9331 = DIRECTION('',(-0.271192662557,0.962525085271,0.));
#9332 = DEFINITIONAL_REPRESENTATION('',(#9333),#9342);
#9333 = B_SPLINE_CURVE_WITH_KNOTS('',7,(#9334,#9335,#9336,#9337,#9338,
    #9339,#9340,#9341),.UNSPECIFIED.,.F.,.F.,(8,8),(1.570795647624,
    2.866960740392),.PIECEWISE_BEZIER_KNOTS.);
#9334 = CARTESIAN_POINT('',(3.141591974419,-2.377097374051E-06));
#9335 = CARTESIAN_POINT('',(3.326758416243,0.648080169287));
#9336 = CARTESIAN_POINT('',(3.511924858065,1.296162224459));
#9337 = CARTESIAN_POINT('',(3.697091299895,1.907954875363));
#9338 = CARTESIAN_POINT('',(3.882257741712,2.447147094849));
#9339 = CARTESIAN_POINT('',(4.06742418354,2.882569630688));
#9340 = CARTESIAN_POINT('',(4.252590625363,3.19308256714));
#9341 = CARTESIAN_POINT('',(4.437757067187,3.368837798449));
#9342 = ( GEOMETRIC_REPRESENTATION_CONTEXT(2) 
PARAMETRIC_REPRESENTATION_CONTEXT() REPRESENTATION_CONTEXT('2D SPACE',''
  ) );
#9343 = ORIENTED_EDGE('',*,*,#9344,.F.);
#9344 = EDGE_CURVE('',#9345,#9306,#9347,.T.);
#9345 = VERTEX_POINT('',#9346);
#9346 = CARTESIAN_POINT('',(-32.94917431895,-59.78116220155,2.74E+03));
#9347 = SURFACE_CURVE('',#9348,(#9353,#9360),.PCURVE_S1.);
#9348 = CIRCLE('',#9349,3.5);
#9349 = AXIS2_PLACEMENT_3D('',#9350,#9351,#9352);
#9350 = CARTESIAN_POINT('',(-32.,-63.15,2.74E+03));
#9351 = DIRECTION('',(0.,0.,1.));
#9352 = DIRECTION('',(1.,0.,-0.));
#9353 = PCURVE('',#9202,#9354);
#9354 = DEFINITIONAL_REPRESENTATION('',(#9355),#9359);
#9355 = LINE('',#9356,#9357);
#9356 = CARTESIAN_POINT('',(0.,640.));
#9357 = VECTOR('',#9358,1.);
#9358 = DIRECTION('',(1.,0.));
#9359 = ( GEOMETRIC_REPRESENTATION_CONTEXT(2) 
PARAMETRIC_REPRESENTATION_CONTEXT() REPRESENTATION_CONTEXT('2D SPACE',''
  ) );
#9360 = PCURVE('',#9361,#9366);
#9361 = PLANE('',#9362);
#9362 = AXIS2_PLACEMENT_3D('',#9363,#9364,#9365);
#9363 = CARTESIAN_POINT('',(-32.,-63.15,2.74E+03));
#9364 = DIRECTION('',(0.,0.,1.));
#9365 = DIRECTION('',(1.,0.,-0.));
#9366 = DEFINITIONAL_REPRESENTATION('',(#9367),#9371);
#9367 = CIRCLE('',#9368,3.5);
#9368 = AXIS2_PLACEMENT_2D('',#9369,#9370);
#9369 = CARTESIAN_POINT('',(0.,0.));
#9370 = DIRECTION('',(1.,0.));
#9371 = ( GEOMETRIC_REPRESENTATION_CONTEXT(2) 
PARAMETRIC_REPRESENTATION_CONTEXT() REPRESENTATION_CONTEXT('2D SPACE',''
  ) );
#9372 = ORIENTED_EDGE('',*,*,#9373,.F.);
#9373 = EDGE_CURVE('',#9283,#9345,#9374,.T.);
#9374 = SURFACE_CURVE('',#9375,(#9380,#9393),.PCURVE_S1.);
#9375 = ELLIPSE('',#9376,4.949747468306,3.5);
#9376 = AXIS2_PLACEMENT_3D('',#9377,#9378,#9379);
#9377 = CARTESIAN_POINT('',(-32.,-63.15,2.74E+03));
#9378 = DIRECTION('',(0.680608014857,0.191762170702,0.707106781187));
#9379 = DIRECTION('',(-0.680608014857,-0.191762170702,0.707106781187));
#9380 = PCURVE('',#9202,#9381);
#9381 = DEFINITIONAL_REPRESENTATION('',(#9382),#9392);
#9382 = B_SPLINE_CURVE_WITH_KNOTS('',8,(#9383,#9384,#9385,#9386,#9387,
    #9388,#9389,#9390,#9391),.UNSPECIFIED.,.F.,.F.,(9,9),(2.866960740392
    ,4.712388980385),.PIECEWISE_BEZIER_KNOTS.);
#9383 = CARTESIAN_POINT('',(2.452387499423E-12,636.63116220155));
#9384 = CARTESIAN_POINT('',(0.230678530001,636.41220806494));
#9385 = CARTESIAN_POINT('',(0.46135706,636.39812823338));
#9386 = CARTESIAN_POINT('',(0.692035590001,636.60667224112));
#9387 = CARTESIAN_POINT('',(0.922714119997,637.03235553018));
#9388 = CARTESIAN_POINT('',(1.153392650001,637.64334588171));
#9389 = CARTESIAN_POINT('',(1.384071179996,638.38524968538));
#9390 = CARTESIAN_POINT('',(1.614749709996,639.192625145));
#9391 = CARTESIAN_POINT('',(1.845428239995,640.));
#9392 = ( GEOMETRIC_REPRESENTATION_CONTEXT(2) 
PARAMETRIC_REPRESENTATION_CONTEXT() REPRESENTATION_CONTEXT('2D SPACE',''
  ) );
#9393 = PCURVE('',#9327,#9394);
#9394 = DEFINITIONAL_REPRESENTATION('',(#9395),#9405);
#9395 = B_SPLINE_CURVE_WITH_KNOTS('',8,(#9396,#9397,#9398,#9399,#9400,
    #9401,#9402,#9403,#9404),.UNSPECIFIED.,.F.,.F.,(9,9),(2.866960740392
    ,4.712388980385),.PIECEWISE_BEZIER_KNOTS.);
#9396 = CARTESIAN_POINT('',(4.437757067187,3.368837798449));
#9397 = CARTESIAN_POINT('',(4.668435597186,3.587791935056));
#9398 = CARTESIAN_POINT('',(4.899114127186,3.601871767426));
#9399 = CARTESIAN_POINT('',(5.129792657184,3.393327756076));
#9400 = CARTESIAN_POINT('',(5.360471187185,2.967644471681));
#9401 = CARTESIAN_POINT('',(5.591149717182,2.356654115014));
#9402 = CARTESIAN_POINT('',(5.821828247182,1.614750315274));
#9403 = CARTESIAN_POINT('',(6.052506777181,0.807374854997));
#9404 = CARTESIAN_POINT('',(6.28318530718,0.));
#9405 = ( GEOMETRIC_REPRESENTATION_CONTEXT(2) 
PARAMETRIC_REPRESENTATION_CONTEXT() REPRESENTATION_CONTEXT('2D SPACE',''
  ) );
#9406 = ORIENTED_EDGE('',*,*,#9282,.F.);
#9407 = ORIENTED_EDGE('',*,*,#9408,.T.);
#9408 = EDGE_CURVE('',#9259,#9061,#9409,.T.);
#9409 = SURFACE_CURVE('',#9410,(#9415,#9422),.PCURVE_S1.);
#9410 = CIRCLE('',#9411,3.5);
#9411 = AXIS2_PLACEMENT_3D('',#9412,#9413,#9414);
#9412 = CARTESIAN_POINT('',(-32.,-63.15,2.1E+03));
#9413 = DIRECTION('',(0.,0.,1.));
#9414 = DIRECTION('',(1.,0.,-0.));
#9415 = PCURVE('',#9202,#9416);
#9416 = DEFINITIONAL_REPRESENTATION('',(#9417),#9421);
#9417 = LINE('',#9418,#9419);
#9418 = CARTESIAN_POINT('',(0.,0.));
#9419 = VECTOR('',#9420,1.);
#9420 = DIRECTION('',(1.,0.));
#9421 = ( GEOMETRIC_REPRESENTATION_CONTEXT(2) 
PARAMETRIC_REPRESENTATION_CONTEXT() REPRESENTATION_CONTEXT('2D SPACE',''
  ) );
#9422 = PCURVE('',#9243,#9423);
#9423 = DEFINITIONAL_REPRESENTATION('',(#9424),#9428);
#9424 = CIRCLE('',#9425,3.5);
#9425 = AXIS2_PLACEMENT_2D('',#9426,#9427);
#9426 = CARTESIAN_POINT('',(0.,0.));
#9427 = DIRECTION('',(1.,0.));
#9428 = ( GEOMETRIC_REPRESENTATION_CONTEXT(2) 
PARAMETRIC_REPRESENTATION_CONTEXT() REPRESENTATION_CONTEXT('2D SPACE',''
  ) );
#9429 = ORIENTED_EDGE('',*,*,#9174,.T.);
#9430 = ADVANCED_FACE('',(#9431),#9161,.F.);
#9431 = FACE_BOUND('',#9432,.F.);
#9432 = EDGE_LOOP('',(#9433,#9434));
#9433 = ORIENTED_EDGE('',*,*,#9146,.T.);
#9434 = ORIENTED_EDGE('',*,*,#9435,.F.);
#9435 = EDGE_CURVE('',#9118,#9095,#9436,.T.);
#9436 = SURFACE_CURVE('',#9437,(#9441,#9447),.PCURVE_S1.);
#9437 = LINE('',#9438,#9439);
#9438 = CARTESIAN_POINT('',(-52.,-123.15,2.1E+03));
#9439 = VECTOR('',#9440,1.);
#9440 = DIRECTION('',(0.948683298051,-0.316227766017,0.));
#9441 = PCURVE('',#9161,#9442);
#9442 = DEFINITIONAL_REPRESENTATION('',(#9443),#9446);
#9443 = B_SPLINE_CURVE_WITH_KNOTS('',1,(#9444,#9445),.UNSPECIFIED.,.F.,
  .F.,(2,2),(-3.5,3.5),.PIECEWISE_BEZIER_KNOTS.);
#9444 = CARTESIAN_POINT('',(-3.5,0.));
#9445 = CARTESIAN_POINT('',(3.5,0.));
#9446 = ( GEOMETRIC_REPRESENTATION_CONTEXT(2) 
PARAMETRIC_REPRESENTATION_CONTEXT() REPRESENTATION_CONTEXT('2D SPACE',''
  ) );
#9447 = PCURVE('',#9134,#9448);
#9448 = DEFINITIONAL_REPRESENTATION('',(#9449),#9452);
#9449 = B_SPLINE_CURVE_WITH_KNOTS('',1,(#9450,#9451),.UNSPECIFIED.,.F.,
  .F.,(2,2),(-3.5,3.5),.PIECEWISE_BEZIER_KNOTS.);
#9450 = CARTESIAN_POINT('',(-3.5,0.));
#9451 = CARTESIAN_POINT('',(3.5,0.));
#9452 = ( GEOMETRIC_REPRESENTATION_CONTEXT(2) 
PARAMETRIC_REPRESENTATION_CONTEXT() REPRESENTATION_CONTEXT('2D SPACE',''
  ) );
#9453 = ADVANCED_FACE('',(#9454),#9134,.F.);
#9454 = FACE_BOUND('',#9455,.F.);
#9455 = EDGE_LOOP('',(#9456,#9457));
#9456 = ORIENTED_EDGE('',*,*,#9435,.T.);
#9457 = ORIENTED_EDGE('',*,*,#9117,.T.);
#9458 = ADVANCED_FACE('',(#9459),#9243,.F.);
#9459 = FACE_BOUND('',#9460,.F.);
#9460 = EDGE_LOOP('',(#9461,#9462,#9463));
#9461 = ORIENTED_EDGE('',*,*,#9230,.T.);
#9462 = ORIENTED_EDGE('',*,*,#9258,.T.);
#9463 = ORIENTED_EDGE('',*,*,#9408,.T.);
#9464 = ADVANCED_FACE('',(#9465),#9327,.T.);
#9465 = FACE_BOUND('',#9466,.T.);
#9466 = EDGE_LOOP('',(#9467,#9468,#9491,#9526,#9555,#9589,#9621,#9622,
    #9649));
#9467 = ORIENTED_EDGE('',*,*,#9373,.T.);
#9468 = ORIENTED_EDGE('',*,*,#9469,.T.);
#9469 = EDGE_CURVE('',#9345,#9470,#9472,.T.);
#9470 = VERTEX_POINT('',#9471);
#9471 = CARTESIAN_POINT('',(38.846610445832,-39.5526088592,2.74E+03));
#9472 = SEAM_CURVE('',#9473,(#9477,#9484),.PCURVE_S1.);
#9473 = LINE('',#9474,#9475);
#9474 = CARTESIAN_POINT('',(-32.94917431895,-59.78116220155,2.74E+03));
#9475 = VECTOR('',#9476,1.);
#9476 = DIRECTION('',(0.962525085271,0.271192662557,0.));
#9477 = PCURVE('',#9327,#9478);
#9478 = DEFINITIONAL_REPRESENTATION('',(#9479),#9483);
#9479 = LINE('',#9480,#9481);
#9480 = CARTESIAN_POINT('',(0.,-0.));
#9481 = VECTOR('',#9482,1.);
#9482 = DIRECTION('',(0.,1.));
#9483 = ( GEOMETRIC_REPRESENTATION_CONTEXT(2) 
PARAMETRIC_REPRESENTATION_CONTEXT() REPRESENTATION_CONTEXT('2D SPACE',''
  ) );
#9484 = PCURVE('',#9327,#9485);
#9485 = DEFINITIONAL_REPRESENTATION('',(#9486),#9490);
#9486 = LINE('',#9487,#9488);
#9487 = CARTESIAN_POINT('',(6.28318530718,-0.));
#9488 = VECTOR('',#9489,1.);
#9489 = DIRECTION('',(0.,1.));
#9490 = ( GEOMETRIC_REPRESENTATION_CONTEXT(2) 
PARAMETRIC_REPRESENTATION_CONTEXT() REPRESENTATION_CONTEXT('2D SPACE',''
  ) );
#9491 = ORIENTED_EDGE('',*,*,#9492,.F.);
#9492 = EDGE_CURVE('',#9493,#9470,#9495,.T.);
#9493 = VERTEX_POINT('',#9494);
#9494 = CARTESIAN_POINT('',(39.076243862223,-39.56613101906,
    2.739277944893E+03));
#9495 = SURFACE_CURVE('',#9496,(#9501,#9511),.PCURVE_S1.);
#9496 = ELLIPSE('',#9497,3.655145586694,3.5);
#9497 = AXIS2_PLACEMENT_3D('',#9498,#9499,#9500);
#9498 = CARTESIAN_POINT('',(40.005,-42.8625,2.74E+03));
#9499 = DIRECTION('',(0.905542901713,0.316920222959,0.282052522479));
#9500 = DIRECTION('',(0.33102372906,-0.111969675916,-0.936955752677));
#9501 = PCURVE('',#9327,#9502);
#9502 = DEFINITIONAL_REPRESENTATION('',(#9503),#9510);
#9503 = B_SPLINE_CURVE_WITH_KNOTS('',5,(#9504,#9505,#9506,#9507,#9508,
    #9509),.UNSPECIFIED.,.F.,.F.,(6,6),(1.570796219381,1.778589919097),
  .PIECEWISE_BEZIER_KNOTS.);
#9504 = CARTESIAN_POINT('',(6.075391607455,74.808440019709));
#9505 = CARTESIAN_POINT('',(6.116950347398,74.764653409835));
#9506 = CARTESIAN_POINT('',(6.158509087341,74.720866799479));
#9507 = CARTESIAN_POINT('',(6.200067827284,74.677237742432));
#9508 = CARTESIAN_POINT('',(6.241626567227,74.633923786666));
#9509 = CARTESIAN_POINT('',(6.28318530717,74.591079093272));
#9510 = ( GEOMETRIC_REPRESENTATION_CONTEXT(2) 
PARAMETRIC_REPRESENTATION_CONTEXT() REPRESENTATION_CONTEXT('2D SPACE',''
  ) );
#9511 = PCURVE('',#9512,#9517);
#9512 = CYLINDRICAL_SURFACE('',#9513,3.5);
#9513 = AXIS2_PLACEMENT_3D('',#9514,#9515,#9516);
#9514 = CARTESIAN_POINT('',(40.005,-42.8625,2.74E+03));
#9515 = DIRECTION('',(0.771687728322,0.335743917148,0.540161153782));
#9516 = DIRECTION('',(-0.57344791186,0.,0.819242023082));
#9517 = DEFINITIONAL_REPRESENTATION('',(#9518),#9525);
#9518 = B_SPLINE_CURVE_WITH_KNOTS('',5,(#9519,#9520,#9521,#9522,#9523,
    #9524),.UNSPECIFIED.,.F.,.F.,(6,6),(1.570796219381,1.778589919097),
  .PIECEWISE_BEZIER_KNOTS.);
#9519 = CARTESIAN_POINT('',(4.695546757006,-1.131720637204E-07));
#9520 = CARTESIAN_POINT('',(4.737105496949,4.37864967023E-02));
#9521 = CARTESIAN_POINT('',(4.778664236892,8.757310705831E-02));
#9522 = CARTESIAN_POINT('',(4.820222976836,0.131202164106));
#9523 = CARTESIAN_POINT('',(4.861781716779,0.174516119871));
#9524 = CARTESIAN_POINT('',(4.903340456722,0.217360813266));
#9525 = ( GEOMETRIC_REPRESENTATION_CONTEXT(2) 
PARAMETRIC_REPRESENTATION_CONTEXT() REPRESENTATION_CONTEXT('2D SPACE',''
  ) );
#9526 = ORIENTED_EDGE('',*,*,#9527,.F.);
#9527 = EDGE_CURVE('',#9528,#9493,#9530,.T.);
#9528 = VERTEX_POINT('',#9529);
#9529 = CARTESIAN_POINT('',(40.933756137777,-46.15886898093,
    2.740722055107E+03));
#9530 = SURFACE_CURVE('',#9531,(#9536,#9543),.PCURVE_S1.);
#9531 = CIRCLE('',#9532,3.5);
#9532 = AXIS2_PLACEMENT_3D('',#9533,#9534,#9535);
#9533 = CARTESIAN_POINT('',(40.005,-42.8625,2.74E+03));
#9534 = DIRECTION('',(0.962525085271,0.271192662557,0.));
#9535 = DIRECTION('',(-0.271192662557,0.962525085271,0.));
#9536 = PCURVE('',#9327,#9537);
#9537 = DEFINITIONAL_REPRESENTATION('',(#9538),#9542);
#9538 = LINE('',#9539,#9540);
#9539 = CARTESIAN_POINT('',(0.,74.808439906537));
#9540 = VECTOR('',#9541,1.);
#9541 = DIRECTION('',(1.,0.));
#9542 = ( GEOMETRIC_REPRESENTATION_CONTEXT(2) 
PARAMETRIC_REPRESENTATION_CONTEXT() REPRESENTATION_CONTEXT('2D SPACE',''
  ) );
#9543 = PCURVE('',#9544,#9549);
#9544 = PLANE('',#9545);
#9545 = AXIS2_PLACEMENT_3D('',#9546,#9547,#9548);
#9546 = CARTESIAN_POINT('',(40.005,-42.8625,2.74E+03));
#9547 = DIRECTION('',(0.962525085271,0.271192662557,0.));
#9548 = DIRECTION('',(-0.271192662557,0.962525085271,0.));
#9549 = DEFINITIONAL_REPRESENTATION('',(#9550),#9554);
#9550 = CIRCLE('',#9551,3.5);
#9551 = AXIS2_PLACEMENT_2D('',#9552,#9553);
#9552 = CARTESIAN_POINT('',(0.,0.));
#9553 = DIRECTION('',(1.,0.));
#9554 = ( GEOMETRIC_REPRESENTATION_CONTEXT(2) 
PARAMETRIC_REPRESENTATION_CONTEXT() REPRESENTATION_CONTEXT('2D SPACE',''
  ) );
#9555 = ORIENTED_EDGE('',*,*,#9556,.F.);
#9556 = EDGE_CURVE('',#9557,#9528,#9559,.T.);
#9557 = VERTEX_POINT('',#9558);
#9558 = CARTESIAN_POINT('',(38.810873156336,-42.50880778144,
    2.743436384335E+03));
#9559 = SURFACE_CURVE('',#9560,(#9565,#9577),.PCURVE_S1.);
#9560 = ELLIPSE('',#9561,3.655145586694,3.5);
#9561 = AXIS2_PLACEMENT_3D('',#9562,#9563,#9564);
#9562 = CARTESIAN_POINT('',(40.005,-42.8625,2.74E+03));
#9563 = DIRECTION('',(0.905542901713,0.316920222959,0.282052522479));
#9564 = DIRECTION('',(0.33102372906,-0.111969675916,-0.936955752677));
#9565 = PCURVE('',#9327,#9566);
#9566 = DEFINITIONAL_REPRESENTATION('',(#9567),#9576);
#9567 = B_SPLINE_CURVE_WITH_KNOTS('',7,(#9568,#9569,#9570,#9571,#9572,
    #9573,#9574,#9575),.UNSPECIFIED.,.F.,.F.,(8,8),(3.158434769555,
    4.71238917145),.PIECEWISE_BEZIER_KNOTS.);
#9568 = CARTESIAN_POINT('',(1.379844850449,73.754981599219));
#9569 = CARTESIAN_POINT('',(1.601838336434,73.758920683769));
#9570 = CARTESIAN_POINT('',(1.823831822418,73.82342894491));
#9571 = CARTESIAN_POINT('',(2.045825308405,73.948181140113));
#9572 = CARTESIAN_POINT('',(2.267818794388,74.125580293636));
#9573 = CARTESIAN_POINT('',(2.489812280375,74.340652861603));
#9574 = CARTESIAN_POINT('',(2.711805766359,74.57454605382));
#9575 = CARTESIAN_POINT('',(2.933799252344,74.808440107846));
#9576 = ( GEOMETRIC_REPRESENTATION_CONTEXT(2) 
PARAMETRIC_REPRESENTATION_CONTEXT() REPRESENTATION_CONTEXT('2D SPACE',''
  ) );
#9577 = PCURVE('',#9512,#9578);
#9578 = DEFINITIONAL_REPRESENTATION('',(#9579),#9588);
#9579 = B_SPLINE_CURVE_WITH_KNOTS('',7,(#9580,#9581,#9582,#9583,#9584,
    #9585,#9586,#9587),.UNSPECIFIED.,.F.,.F.,(8,8),(3.158434769555,
    4.71238917145),.PIECEWISE_BEZIER_KNOTS.);
#9580 = CARTESIAN_POINT('',(3.573014899822E-13,1.053458307319));
#9581 = CARTESIAN_POINT('',(0.221993485985,1.049519222768));
#9582 = CARTESIAN_POINT('',(0.44398697197,0.985010961613));
#9583 = CARTESIAN_POINT('',(0.665980457956,0.860258766462));
#9584 = CARTESIAN_POINT('',(0.88797394394,0.68285961288));
#9585 = CARTESIAN_POINT('',(1.109967429926,0.467787044942));
#9586 = CARTESIAN_POINT('',(1.331960915911,0.233893852717));
#9587 = CARTESIAN_POINT('',(1.553954401896,-2.013082394114E-07));
#9588 = ( GEOMETRIC_REPRESENTATION_CONTEXT(2) 
PARAMETRIC_REPRESENTATION_CONTEXT() REPRESENTATION_CONTEXT('2D SPACE',''
  ) );
#9589 = ORIENTED_EDGE('',*,*,#9590,.F.);
#9590 = EDGE_CURVE('',#9470,#9557,#9591,.T.);
#9591 = SURFACE_CURVE('',#9592,(#9597,#9609),.PCURVE_S1.);
#9592 = ELLIPSE('',#9593,3.655145586694,3.5);
#9593 = AXIS2_PLACEMENT_3D('',#9594,#9595,#9596);
#9594 = CARTESIAN_POINT('',(40.005,-42.8625,2.74E+03));
#9595 = DIRECTION('',(0.905542901713,0.316920222959,0.282052522479));
#9596 = DIRECTION('',(0.33102372906,-0.111969675916,-0.936955752677));
#9597 = PCURVE('',#9327,#9598);
#9598 = DEFINITIONAL_REPRESENTATION('',(#9599),#9608);
#9599 = B_SPLINE_CURVE_WITH_KNOTS('',7,(#9600,#9601,#9602,#9603,#9604,
    #9605,#9606,#9607),.UNSPECIFIED.,.F.,.F.,(8,8),(1.778589919097,
    3.158434769555),.PIECEWISE_BEZIER_KNOTS.);
#9600 = CARTESIAN_POINT('',(-9.224621067006E-12,74.591079093272));
#9601 = CARTESIAN_POINT('',(0.197120692913,74.387858888291));
#9602 = CARTESIAN_POINT('',(0.394241385837,74.194492613296));
#9603 = CARTESIAN_POINT('',(0.591362078757,74.023874694147));
#9604 = CARTESIAN_POINT('',(0.788482771682,73.887976376362));
#9605 = CARTESIAN_POINT('',(0.985603464604,73.795742612005));
#9606 = CARTESIAN_POINT('',(1.182724157526,73.751483861109));
#9607 = CARTESIAN_POINT('',(1.379844850449,73.754981599219));
#9608 = ( GEOMETRIC_REPRESENTATION_CONTEXT(2) 
PARAMETRIC_REPRESENTATION_CONTEXT() REPRESENTATION_CONTEXT('2D SPACE',''
  ) );
#9609 = PCURVE('',#9512,#9610);
#9610 = DEFINITIONAL_REPRESENTATION('',(#9611),#9620);
#9611 = B_SPLINE_CURVE_WITH_KNOTS('',7,(#9612,#9613,#9614,#9615,#9616,
    #9617,#9618,#9619),.UNSPECIFIED.,.F.,.F.,(8,8),(1.778589919097,
    3.158434769555),.PIECEWISE_BEZIER_KNOTS.);
#9612 = CARTESIAN_POINT('',(4.903340456722,0.217360813266));
#9613 = CARTESIAN_POINT('',(5.100461149645,0.420581018246));
#9614 = CARTESIAN_POINT('',(5.297581842567,0.613947293242));
#9615 = CARTESIAN_POINT('',(5.49470253549,0.784565212388));
#9616 = CARTESIAN_POINT('',(5.691823228412,0.920463530162));
#9617 = CARTESIAN_POINT('',(5.888943921335,1.012697294541));
#9618 = CARTESIAN_POINT('',(6.086064614257,1.056956045429));
#9619 = CARTESIAN_POINT('',(6.28318530718,1.053458307319));
#9620 = ( GEOMETRIC_REPRESENTATION_CONTEXT(2) 
PARAMETRIC_REPRESENTATION_CONTEXT() REPRESENTATION_CONTEXT('2D SPACE',''
  ) );
#9621 = ORIENTED_EDGE('',*,*,#9469,.F.);
#9622 = ORIENTED_EDGE('',*,*,#9623,.T.);
#9623 = EDGE_CURVE('',#9345,#9306,#9624,.T.);
#9624 = SURFACE_CURVE('',#9625,(#9630,#9637),.PCURVE_S1.);
#9625 = CIRCLE('',#9626,3.5);
#9626 = AXIS2_PLACEMENT_3D('',#9627,#9628,#9629);
#9627 = CARTESIAN_POINT('',(-32.,-63.15,2.74E+03));
#9628 = DIRECTION('',(0.962525085271,0.271192662557,0.));
#9629 = DIRECTION('',(-0.271192662557,0.962525085271,0.));
#9630 = PCURVE('',#9327,#9631);
#9631 = DEFINITIONAL_REPRESENTATION('',(#9632),#9636);
#9632 = LINE('',#9633,#9634);
#9633 = CARTESIAN_POINT('',(0.,0.));
#9634 = VECTOR('',#9635,1.);
#9635 = DIRECTION('',(1.,0.));
#9636 = ( GEOMETRIC_REPRESENTATION_CONTEXT(2) 
PARAMETRIC_REPRESENTATION_CONTEXT() REPRESENTATION_CONTEXT('2D SPACE',''
  ) );
#9637 = PCURVE('',#9638,#9643);
#9638 = PLANE('',#9639);
#9639 = AXIS2_PLACEMENT_3D('',#9640,#9641,#9642);
#9640 = CARTESIAN_POINT('',(-32.,-63.15,2.74E+03));
#9641 = DIRECTION('',(0.962525085271,0.271192662557,0.));
#9642 = DIRECTION('',(-0.271192662557,0.962525085271,0.));
#9643 = DEFINITIONAL_REPRESENTATION('',(#9644),#9648);
#9644 = CIRCLE('',#9645,3.5);
#9645 = AXIS2_PLACEMENT_2D('',#9646,#9647);
#9646 = CARTESIAN_POINT('',(0.,0.));
#9647 = DIRECTION('',(1.,0.));
#9648 = ( GEOMETRIC_REPRESENTATION_CONTEXT(2) 
PARAMETRIC_REPRESENTATION_CONTEXT() REPRESENTATION_CONTEXT('2D SPACE',''
  ) );
#9649 = ORIENTED_EDGE('',*,*,#9305,.T.);
#9650 = ADVANCED_FACE('',(#9651),#9361,.T.);
#9651 = FACE_BOUND('',#9652,.T.);
#9652 = EDGE_LOOP('',(#9653,#9672));
#9653 = ORIENTED_EDGE('',*,*,#9654,.T.);
#9654 = EDGE_CURVE('',#9306,#9345,#9655,.T.);
#9655 = SURFACE_CURVE('',#9656,(#9660,#9666),.PCURVE_S1.);
#9656 = LINE('',#9657,#9658);
#9657 = CARTESIAN_POINT('',(-32.,-63.15,2.74E+03));
#9658 = VECTOR('',#9659,1.);
#9659 = DIRECTION('',(-0.271192662557,0.962525085271,0.));
#9660 = PCURVE('',#9361,#9661);
#9661 = DEFINITIONAL_REPRESENTATION('',(#9662),#9665);
#9662 = B_SPLINE_CURVE_WITH_KNOTS('',1,(#9663,#9664),.UNSPECIFIED.,.F.,
  .F.,(2,2),(-3.5,3.5),.PIECEWISE_BEZIER_KNOTS.);
#9663 = CARTESIAN_POINT('',(0.94917431895,-3.368837798447));
#9664 = CARTESIAN_POINT('',(-0.94917431895,3.368837798447));
#9665 = ( GEOMETRIC_REPRESENTATION_CONTEXT(2) 
PARAMETRIC_REPRESENTATION_CONTEXT() REPRESENTATION_CONTEXT('2D SPACE',''
  ) );
#9666 = PCURVE('',#9638,#9667);
#9667 = DEFINITIONAL_REPRESENTATION('',(#9668),#9671);
#9668 = B_SPLINE_CURVE_WITH_KNOTS('',1,(#9669,#9670),.UNSPECIFIED.,.F.,
  .F.,(2,2),(-3.5,3.5),.PIECEWISE_BEZIER_KNOTS.);
#9669 = CARTESIAN_POINT('',(-3.5,0.));
#9670 = CARTESIAN_POINT('',(3.5,0.));
#9671 = ( GEOMETRIC_REPRESENTATION_CONTEXT(2) 
PARAMETRIC_REPRESENTATION_CONTEXT() REPRESENTATION_CONTEXT('2D SPACE',''
  ) );
#9672 = ORIENTED_EDGE('',*,*,#9344,.T.);
#9673 = ADVANCED_FACE('',(#9674),#9638,.F.);
#9674 = FACE_BOUND('',#9675,.F.);
#9675 = EDGE_LOOP('',(#9676,#9677));
#9676 = ORIENTED_EDGE('',*,*,#9654,.T.);
#9677 = ORIENTED_EDGE('',*,*,#9623,.T.);
#9678 = ADVANCED_FACE('',(#9679),#9512,.T.);
#9679 = FACE_BOUND('',#9680,.T.);
#9680 = EDGE_LOOP('',(#9681,#9682,#9705,#9734,#9785,#9807,#9808,#9809,
    #9836));
#9681 = ORIENTED_EDGE('',*,*,#9590,.T.);
#9682 = ORIENTED_EDGE('',*,*,#9683,.T.);
#9683 = EDGE_CURVE('',#9557,#9684,#9686,.T.);
#9684 = VERTEX_POINT('',#9685);
#9685 = CARTESIAN_POINT('',(95.142932308488,-18.,2.782867347081E+03));
#9686 = SEAM_CURVE('',#9687,(#9691,#9698),.PCURVE_S1.);
#9687 = LINE('',#9688,#9689);
#9688 = CARTESIAN_POINT('',(37.997932308488,-42.8625,2.742867347081E+03)
  );
#9689 = VECTOR('',#9690,1.);
#9690 = DIRECTION('',(0.771687728322,0.335743917148,0.540161153782));
#9691 = PCURVE('',#9512,#9692);
#9692 = DEFINITIONAL_REPRESENTATION('',(#9693),#9697);
#9693 = LINE('',#9694,#9695);
#9694 = CARTESIAN_POINT('',(0.,-0.));
#9695 = VECTOR('',#9696,1.);
#9696 = DIRECTION('',(0.,1.));
#9697 = ( GEOMETRIC_REPRESENTATION_CONTEXT(2) 
PARAMETRIC_REPRESENTATION_CONTEXT() REPRESENTATION_CONTEXT('2D SPACE',''
  ) );
#9698 = PCURVE('',#9512,#9699);
#9699 = DEFINITIONAL_REPRESENTATION('',(#9700),#9704);
#9700 = LINE('',#9701,#9702);
#9701 = CARTESIAN_POINT('',(6.28318530718,-0.));
#9702 = VECTOR('',#9703,1.);
#9703 = DIRECTION('',(0.,1.));
#9704 = ( GEOMETRIC_REPRESENTATION_CONTEXT(2) 
PARAMETRIC_REPRESENTATION_CONTEXT() REPRESENTATION_CONTEXT('2D SPACE',''
  ) );
#9705 = ORIENTED_EDGE('',*,*,#9706,.F.);
#9706 = EDGE_CURVE('',#9707,#9684,#9709,.T.);
#9707 = VERTEX_POINT('',#9708);
#9708 = CARTESIAN_POINT('',(97.15,-15.02742256661,2.778152357339E+03));
#9709 = SURFACE_CURVE('',#9710,(#9715,#9722),.PCURVE_S1.);
#9710 = CIRCLE('',#9711,3.5);
#9711 = AXIS2_PLACEMENT_3D('',#9712,#9713,#9714);
#9712 = CARTESIAN_POINT('',(97.15,-18.,2.78E+03));
#9713 = DIRECTION('',(0.771687728322,0.335743917148,0.540161153782));
#9714 = DIRECTION('',(-0.57344791186,0.,0.819242023082));
#9715 = PCURVE('',#9512,#9716);
#9716 = DEFINITIONAL_REPRESENTATION('',(#9717),#9721);
#9717 = LINE('',#9718,#9719);
#9718 = CARTESIAN_POINT('',(0.,74.051974526342));
#9719 = VECTOR('',#9720,1.);
#9720 = DIRECTION('',(1.,0.));
#9721 = ( GEOMETRIC_REPRESENTATION_CONTEXT(2) 
PARAMETRIC_REPRESENTATION_CONTEXT() REPRESENTATION_CONTEXT('2D SPACE',''
  ) );
#9722 = PCURVE('',#9723,#9728);
#9723 = PLANE('',#9724);
#9724 = AXIS2_PLACEMENT_3D('',#9725,#9726,#9727);
#9725 = CARTESIAN_POINT('',(97.15,-18.,2.78E+03));
#9726 = DIRECTION('',(0.771687728322,0.335743917148,0.540161153782));
#9727 = DIRECTION('',(-0.57344791186,0.,0.819242023082));
#9728 = DEFINITIONAL_REPRESENTATION('',(#9729),#9733);
#9729 = CIRCLE('',#9730,3.5);
#9730 = AXIS2_PLACEMENT_2D('',#9731,#9732);
#9731 = CARTESIAN_POINT('',(0.,0.));
#9732 = DIRECTION('',(1.,0.));
#9733 = ( GEOMETRIC_REPRESENTATION_CONTEXT(2) 
PARAMETRIC_REPRESENTATION_CONTEXT() REPRESENTATION_CONTEXT('2D SPACE',''
  ) );
#9734 = ORIENTED_EDGE('',*,*,#9735,.F.);
#9735 = EDGE_CURVE('',#9736,#9707,#9738,.T.);
#9736 = VERTEX_POINT('',#9737);
#9737 = CARTESIAN_POINT('',(97.15,-20.97257743338,2.781847642661E+03));
#9738 = SURFACE_CURVE('',#9739,(#9744,#9762),.PCURVE_S1.);
#9739 = ELLIPSE('',#9740,3.718685528266,3.5);
#9740 = AXIS2_PLACEMENT_3D('',#9741,#9742,#9743);
#9741 = CARTESIAN_POINT('',(97.15,-18.,2.78E+03));
#9742 = DIRECTION('',(0.941192787988,0.1783608637,0.286955637929));
#9743 = DIRECTION('',(-0.33786999843,0.496853699216,0.799362412011));
#9744 = PCURVE('',#9512,#9745);
#9745 = DEFINITIONAL_REPRESENTATION('',(#9746),#9761);
#9746 = B_SPLINE_CURVE_WITH_KNOTS('',7,(#9747,#9748,#9749,#9750,#9751,
    #9752,#9753,#9754,#9755,#9756,#9757,#9758,#9759,#9760),
  .UNSPECIFIED.,.F.,.F.,(8,6,8),(1.570796123728,3.141592552056,
    4.712388980385),.UNSPECIFIED.);
#9747 = CARTESIAN_POINT('',(1.123558896916,74.051974781482));
#9748 = CARTESIAN_POINT('',(1.347958386678,73.770032020368));
#9749 = CARTESIAN_POINT('',(1.572357876439,73.488090389117));
#9750 = CARTESIAN_POINT('',(1.7967573662,73.229329643393));
#9751 = CARTESIAN_POINT('',(2.021156855961,73.016972841899));
#9752 = CARTESIAN_POINT('',(2.245556345723,72.869356047839));
#9753 = CARTESIAN_POINT('',(2.469955835484,72.795542281373));
#9754 = CARTESIAN_POINT('',(2.918754815006,72.795542224119));
#9755 = CARTESIAN_POINT('',(3.143154304767,72.869355933322));
#9756 = CARTESIAN_POINT('',(3.367553794529,73.016972674894));
#9757 = CARTESIAN_POINT('',(3.59195328429,73.229329433198));
#9758 = CARTESIAN_POINT('',(3.816352774051,73.488090148981));
#9759 = CARTESIAN_POINT('',(4.040752263812,73.770031765228));
#9760 = CARTESIAN_POINT('',(4.265151753574,74.051974526342));
#9761 = ( GEOMETRIC_REPRESENTATION_CONTEXT(2) 
PARAMETRIC_REPRESENTATION_CONTEXT() REPRESENTATION_CONTEXT('2D SPACE',''
  ) );
#9762 = PCURVE('',#9763,#9768);
#9763 = CYLINDRICAL_SURFACE('',#9764,3.5);
#9764 = AXIS2_PLACEMENT_3D('',#9765,#9766,#9767);
#9765 = CARTESIAN_POINT('',(97.15,-18.,2.78E+03));
#9766 = DIRECTION('',(1.,0.,0.));
#9767 = DIRECTION('',(-0.,0.,1.));
#9768 = DEFINITIONAL_REPRESENTATION('',(#9769),#9784);
#9769 = B_SPLINE_CURVE_WITH_KNOTS('',7,(#9770,#9771,#9772,#9773,#9774,
    #9775,#9776,#9777,#9778,#9779,#9780,#9781,#9782,#9783),
  .UNSPECIFIED.,.F.,.F.,(8,6,8),(1.570796123728,3.141592552056,
    4.712388980385),.UNSPECIFIED.);
#9770 = CARTESIAN_POINT('',(1.01467253831,-2.551404207907E-07));
#9771 = CARTESIAN_POINT('',(1.239072028071,0.281942505974));
#9772 = CARTESIAN_POINT('',(1.463471517831,0.563884137224));
#9773 = CARTESIAN_POINT('',(1.687871007594,0.822644882941));
#9774 = CARTESIAN_POINT('',(1.912270497354,1.03500168444));
#9775 = CARTESIAN_POINT('',(2.136669987116,1.182618478502));
#9776 = CARTESIAN_POINT('',(2.361069476877,1.256432244969));
#9777 = CARTESIAN_POINT('',(2.809868456399,1.256432302223));
#9778 = CARTESIAN_POINT('',(3.034267946161,1.182618593008));
#9779 = CARTESIAN_POINT('',(3.258667435922,1.035001851492));
#9780 = CARTESIAN_POINT('',(3.483066925684,0.822645093117));
#9781 = CARTESIAN_POINT('',(3.707466415444,0.563884377375));
#9782 = CARTESIAN_POINT('',(3.931865905206,0.281942761114));
#9783 = CARTESIAN_POINT('',(4.156265394967,0.));
#9784 = ( GEOMETRIC_REPRESENTATION_CONTEXT(2) 
PARAMETRIC_REPRESENTATION_CONTEXT() REPRESENTATION_CONTEXT('2D SPACE',''
  ) );
#9785 = ORIENTED_EDGE('',*,*,#9786,.F.);
#9786 = EDGE_CURVE('',#9684,#9736,#9787,.T.);
#9787 = SURFACE_CURVE('',#9788,(#9793,#9800),.PCURVE_S1.);
#9788 = CIRCLE('',#9789,3.5);
#9789 = AXIS2_PLACEMENT_3D('',#9790,#9791,#9792);
#9790 = CARTESIAN_POINT('',(97.15,-18.,2.78E+03));
#9791 = DIRECTION('',(0.771687728322,0.335743917148,0.540161153782));
#9792 = DIRECTION('',(-0.57344791186,0.,0.819242023082));
#9793 = PCURVE('',#9512,#9794);
#9794 = DEFINITIONAL_REPRESENTATION('',(#9795),#9799);
#9795 = LINE('',#9796,#9797);
#9796 = CARTESIAN_POINT('',(0.,74.051974526342));
#9797 = VECTOR('',#9798,1.);
#9798 = DIRECTION('',(1.,0.));
#9799 = ( GEOMETRIC_REPRESENTATION_CONTEXT(2) 
PARAMETRIC_REPRESENTATION_CONTEXT() REPRESENTATION_CONTEXT('2D SPACE',''
  ) );
#9800 = PCURVE('',#9723,#9801);
#9801 = DEFINITIONAL_REPRESENTATION('',(#9802),#9806);
#9802 = CIRCLE('',#9803,3.5);
#9803 = AXIS2_PLACEMENT_2D('',#9804,#9805);
#9804 = CARTESIAN_POINT('',(0.,0.));
#9805 = DIRECTION('',(1.,0.));
#9806 = ( GEOMETRIC_REPRESENTATION_CONTEXT(2) 
PARAMETRIC_REPRESENTATION_CONTEXT() REPRESENTATION_CONTEXT('2D SPACE',''
  ) );
#9807 = ORIENTED_EDGE('',*,*,#9683,.F.);
#9808 = ORIENTED_EDGE('',*,*,#9556,.T.);
#9809 = ORIENTED_EDGE('',*,*,#9810,.T.);
#9810 = EDGE_CURVE('',#9528,#9493,#9811,.T.);
#9811 = SURFACE_CURVE('',#9812,(#9817,#9824),.PCURVE_S1.);
#9812 = CIRCLE('',#9813,3.5);
#9813 = AXIS2_PLACEMENT_3D('',#9814,#9815,#9816);
#9814 = CARTESIAN_POINT('',(40.005,-42.8625,2.74E+03));
#9815 = DIRECTION('',(0.771687728322,0.335743917148,0.540161153782));
#9816 = DIRECTION('',(-0.57344791186,0.,0.819242023082));
#9817 = PCURVE('',#9512,#9818);
#9818 = DEFINITIONAL_REPRESENTATION('',(#9819),#9823);
#9819 = LINE('',#9820,#9821);
#9820 = CARTESIAN_POINT('',(0.,0.));
#9821 = VECTOR('',#9822,1.);
#9822 = DIRECTION('',(1.,0.));
#9823 = ( GEOMETRIC_REPRESENTATION_CONTEXT(2) 
PARAMETRIC_REPRESENTATION_CONTEXT() REPRESENTATION_CONTEXT('2D SPACE',''
  ) );
#9824 = PCURVE('',#9825,#9830);
#9825 = PLANE('',#9826);
#9826 = AXIS2_PLACEMENT_3D('',#9827,#9828,#9829);
#9827 = CARTESIAN_POINT('',(40.005,-42.8625,2.74E+03));
#9828 = DIRECTION('',(0.771687728322,0.335743917148,0.540161153782));
#9829 = DIRECTION('',(-0.57344791186,0.,0.819242023082));
#9830 = DEFINITIONAL_REPRESENTATION('',(#9831),#9835);
#9831 = CIRCLE('',#9832,3.5);
#9832 = AXIS2_PLACEMENT_2D('',#9833,#9834);
#9833 = CARTESIAN_POINT('',(0.,0.));
#9834 = DIRECTION('',(1.,0.));
#9835 = ( GEOMETRIC_REPRESENTATION_CONTEXT(2) 
PARAMETRIC_REPRESENTATION_CONTEXT() REPRESENTATION_CONTEXT('2D SPACE',''
  ) );
#9836 = ORIENTED_EDGE('',*,*,#9492,.T.);
#9837 = ADVANCED_FACE('',(#9838),#9544,.T.);
#9838 = FACE_BOUND('',#9839,.T.);
#9839 = EDGE_LOOP('',(#9840,#9859));
#9840 = ORIENTED_EDGE('',*,*,#9841,.T.);
#9841 = EDGE_CURVE('',#9493,#9528,#9842,.T.);
#9842 = SURFACE_CURVE('',#9843,(#9847,#9853),.PCURVE_S1.);
#9843 = LINE('',#9844,#9845);
#9844 = CARTESIAN_POINT('',(40.005,-42.8625,2.74E+03));
#9845 = VECTOR('',#9846,1.);
#9846 = DIRECTION('',(0.265358896508,-0.941819708838,0.206301459251));
#9847 = PCURVE('',#9544,#9848);
#9848 = DEFINITIONAL_REPRESENTATION('',(#9849),#9852);
#9849 = B_SPLINE_CURVE_WITH_KNOTS('',1,(#9850,#9851),.UNSPECIFIED.,.F.,
  .F.,(2,2),(-3.500496458199,3.500496458199),.PIECEWISE_BEZIER_KNOTS.);
#9850 = CARTESIAN_POINT('',(3.425195462954,-0.722157527429));
#9851 = CARTESIAN_POINT('',(-3.425195462954,0.722157527429));
#9852 = ( GEOMETRIC_REPRESENTATION_CONTEXT(2) 
PARAMETRIC_REPRESENTATION_CONTEXT() REPRESENTATION_CONTEXT('2D SPACE',''
  ) );
#9853 = PCURVE('',#9825,#9854);
#9854 = DEFINITIONAL_REPRESENTATION('',(#9855),#9858);
#9855 = B_SPLINE_CURVE_WITH_KNOTS('',1,(#9856,#9857),.UNSPECIFIED.,.F.,
  .F.,(2,2),(-3.500496458199,3.500496458199),.PIECEWISE_BEZIER_KNOTS.);
#9856 = CARTESIAN_POINT('',(-5.895298012037E-02,-3.5));
#9857 = CARTESIAN_POINT('',(5.895298012037E-02,3.5));
#9858 = ( GEOMETRIC_REPRESENTATION_CONTEXT(2) 
PARAMETRIC_REPRESENTATION_CONTEXT() REPRESENTATION_CONTEXT('2D SPACE',''
  ) );
#9859 = ORIENTED_EDGE('',*,*,#9527,.T.);
#9860 = ADVANCED_FACE('',(#9861),#9825,.F.);
#9861 = FACE_BOUND('',#9862,.F.);
#9862 = EDGE_LOOP('',(#9863,#9864));
#9863 = ORIENTED_EDGE('',*,*,#9841,.T.);
#9864 = ORIENTED_EDGE('',*,*,#9810,.T.);
#9865 = ADVANCED_FACE('',(#9866),#9723,.T.);
#9866 = FACE_BOUND('',#9867,.T.);
#9867 = EDGE_LOOP('',(#9868,#9869,#9870));
#9868 = ORIENTED_EDGE('',*,*,#9706,.T.);
#9869 = ORIENTED_EDGE('',*,*,#9786,.T.);
#9870 = ORIENTED_EDGE('',*,*,#9871,.T.);
#9871 = EDGE_CURVE('',#9736,#9707,#9872,.T.);
#9872 = SURFACE_CURVE('',#9873,(#9877,#9883),.PCURVE_S1.);
#9873 = LINE('',#9874,#9875);
#9874 = CARTESIAN_POINT('',(97.15,-18.,2.78E+03));
#9875 = VECTOR('',#9876,1.);
#9876 = DIRECTION('',(0.,0.84930783811,-0.527897903125));
#9877 = PCURVE('',#9723,#9878);
#9878 = DEFINITIONAL_REPRESENTATION('',(#9879),#9882);
#9879 = B_SPLINE_CURVE_WITH_KNOTS('',1,(#9880,#9881),.UNSPECIFIED.,.F.,
  .F.,(2,2),(-3.881792216099,3.881792216099),.PIECEWISE_BEZIER_KNOTS.);
#9880 = CARTESIAN_POINT('',(1.678782537723,3.5));
#9881 = CARTESIAN_POINT('',(-1.678782537723,-3.5));
#9882 = ( GEOMETRIC_REPRESENTATION_CONTEXT(2) 
PARAMETRIC_REPRESENTATION_CONTEXT() REPRESENTATION_CONTEXT('2D SPACE',''
  ) );
#9883 = PCURVE('',#9884,#9889);
#9884 = PLANE('',#9885);
#9885 = AXIS2_PLACEMENT_3D('',#9886,#9887,#9888);
#9886 = CARTESIAN_POINT('',(97.15,-18.,2.78E+03));
#9887 = DIRECTION('',(1.,0.,0.));
#9888 = DIRECTION('',(-0.,0.,1.));
#9889 = DEFINITIONAL_REPRESENTATION('',(#9890),#9893);
#9890 = B_SPLINE_CURVE_WITH_KNOTS('',1,(#9891,#9892),.UNSPECIFIED.,.F.,
  .F.,(2,2),(-3.881792216099,3.881792216099),.PIECEWISE_BEZIER_KNOTS.);
#9891 = CARTESIAN_POINT('',(2.049189971247,3.296836555048));
#9892 = CARTESIAN_POINT('',(-2.049189971247,-3.296836555048));
#9893 = ( GEOMETRIC_REPRESENTATION_CONTEXT(2) 
PARAMETRIC_REPRESENTATION_CONTEXT() REPRESENTATION_CONTEXT('2D SPACE',''
  ) );
#9894 = ADVANCED_FACE('',(#9895,#9995,#10442),#9763,.T.);
#9895 = FACE_BOUND('',#9896,.T.);
#9896 = EDGE_LOOP('',(#9897,#9922,#9949,#9950,#9972,#9973));
#9897 = ORIENTED_EDGE('',*,*,#9898,.T.);
#9898 = EDGE_CURVE('',#9899,#9901,#9903,.T.);
#9899 = VERTEX_POINT('',#9900);
#9900 = CARTESIAN_POINT('',(97.15,-18.,2.7835E+03));
#9901 = VERTEX_POINT('',#9902);
#9902 = CARTESIAN_POINT('',(557.15,-18.,2.7835E+03));
#9903 = SEAM_CURVE('',#9904,(#9908,#9915),.PCURVE_S1.);
#9904 = LINE('',#9905,#9906);
#9905 = CARTESIAN_POINT('',(97.15,-18.,2.7835E+03));
#9906 = VECTOR('',#9907,1.);
#9907 = DIRECTION('',(1.,0.,0.));
#9908 = PCURVE('',#9763,#9909);
#9909 = DEFINITIONAL_REPRESENTATION('',(#9910),#9914);
#9910 = LINE('',#9911,#9912);
#9911 = CARTESIAN_POINT('',(6.28318530718,-0.));
#9912 = VECTOR('',#9913,1.);
#9913 = DIRECTION('',(0.,1.));
#9914 = ( GEOMETRIC_REPRESENTATION_CONTEXT(2) 
PARAMETRIC_REPRESENTATION_CONTEXT() REPRESENTATION_CONTEXT('2D SPACE',''
  ) );
#9915 = PCURVE('',#9763,#9916);
#9916 = DEFINITIONAL_REPRESENTATION('',(#9917),#9921);
#9917 = LINE('',#9918,#9919);
#9918 = CARTESIAN_POINT('',(0.,-0.));
#9919 = VECTOR('',#9920,1.);
#9920 = DIRECTION('',(0.,1.));
#9921 = ( GEOMETRIC_REPRESENTATION_CONTEXT(2) 
PARAMETRIC_REPRESENTATION_CONTEXT() REPRESENTATION_CONTEXT('2D SPACE',''
  ) );
#9922 = ORIENTED_EDGE('',*,*,#9923,.F.);
#9923 = EDGE_CURVE('',#9901,#9901,#9924,.T.);
#9924 = SURFACE_CURVE('',#9925,(#9930,#9937),.PCURVE_S1.);
#9925 = CIRCLE('',#9926,3.5);
#9926 = AXIS2_PLACEMENT_3D('',#9927,#9928,#9929);
#9927 = CARTESIAN_POINT('',(557.15,-18.,2.78E+03));
#9928 = DIRECTION('',(1.,0.,0.));
#9929 = DIRECTION('',(-0.,0.,1.));
#9930 = PCURVE('',#9763,#9931);
#9931 = DEFINITIONAL_REPRESENTATION('',(#9932),#9936);
#9932 = LINE('',#9933,#9934);
#9933 = CARTESIAN_POINT('',(0.,460.));
#9934 = VECTOR('',#9935,1.);
#9935 = DIRECTION('',(1.,0.));
#9936 = ( GEOMETRIC_REPRESENTATION_CONTEXT(2) 
PARAMETRIC_REPRESENTATION_CONTEXT() REPRESENTATION_CONTEXT('2D SPACE',''
  ) );
#9937 = PCURVE('',#9938,#9943);
#9938 = PLANE('',#9939);
#9939 = AXIS2_PLACEMENT_3D('',#9940,#9941,#9942);
#9940 = CARTESIAN_POINT('',(557.15,-18.,2.78E+03));
#9941 = DIRECTION('',(1.,0.,0.));
#9942 = DIRECTION('',(-0.,0.,1.));
#9943 = DEFINITIONAL_REPRESENTATION('',(#9944),#9948);
#9944 = CIRCLE('',#9945,3.5);
#9945 = AXIS2_PLACEMENT_2D('',#9946,#9947);
#9946 = CARTESIAN_POINT('',(0.,0.));
#9947 = DIRECTION('',(1.,0.));
#9948 = ( GEOMETRIC_REPRESENTATION_CONTEXT(2) 
PARAMETRIC_REPRESENTATION_CONTEXT() REPRESENTATION_CONTEXT('2D SPACE',''
  ) );
#9949 = ORIENTED_EDGE('',*,*,#9898,.F.);
#9950 = ORIENTED_EDGE('',*,*,#9951,.T.);
#9951 = EDGE_CURVE('',#9899,#9736,#9952,.T.);
#9952 = SURFACE_CURVE('',#9953,(#9958,#9965),.PCURVE_S1.);
#9953 = CIRCLE('',#9954,3.5);
#9954 = AXIS2_PLACEMENT_3D('',#9955,#9956,#9957);
#9955 = CARTESIAN_POINT('',(97.15,-18.,2.78E+03));
#9956 = DIRECTION('',(1.,0.,0.));
#9957 = DIRECTION('',(-0.,0.,1.));
#9958 = PCURVE('',#9763,#9959);
#9959 = DEFINITIONAL_REPRESENTATION('',(#9960),#9964);
#9960 = LINE('',#9961,#9962);
#9961 = CARTESIAN_POINT('',(0.,0.));
#9962 = VECTOR('',#9963,1.);
#9963 = DIRECTION('',(1.,0.));
#9964 = ( GEOMETRIC_REPRESENTATION_CONTEXT(2) 
PARAMETRIC_REPRESENTATION_CONTEXT() REPRESENTATION_CONTEXT('2D SPACE',''
  ) );
#9965 = PCURVE('',#9884,#9966);
#9966 = DEFINITIONAL_REPRESENTATION('',(#9967),#9971);
#9967 = CIRCLE('',#9968,3.5);
#9968 = AXIS2_PLACEMENT_2D('',#9969,#9970);
#9969 = CARTESIAN_POINT('',(0.,0.));
#9970 = DIRECTION('',(1.,0.));
#9971 = ( GEOMETRIC_REPRESENTATION_CONTEXT(2) 
PARAMETRIC_REPRESENTATION_CONTEXT() REPRESENTATION_CONTEXT('2D SPACE',''
  ) );
#9972 = ORIENTED_EDGE('',*,*,#9735,.T.);
#9973 = ORIENTED_EDGE('',*,*,#9974,.T.);
#9974 = EDGE_CURVE('',#9707,#9899,#9975,.T.);
#9975 = SURFACE_CURVE('',#9976,(#9981,#9988),.PCURVE_S1.);
#9976 = CIRCLE('',#9977,3.5);
#9977 = AXIS2_PLACEMENT_3D('',#9978,#9979,#9980);
#9978 = CARTESIAN_POINT('',(97.15,-18.,2.78E+03));
#9979 = DIRECTION('',(1.,0.,0.));
#9980 = DIRECTION('',(-0.,0.,1.));
#9981 = PCURVE('',#9763,#9982);
#9982 = DEFINITIONAL_REPRESENTATION('',(#9983),#9987);
#9983 = LINE('',#9984,#9985);
#9984 = CARTESIAN_POINT('',(0.,0.));
#9985 = VECTOR('',#9986,1.);
#9986 = DIRECTION('',(1.,0.));
#9987 = ( GEOMETRIC_REPRESENTATION_CONTEXT(2) 
PARAMETRIC_REPRESENTATION_CONTEXT() REPRESENTATION_CONTEXT('2D SPACE',''
  ) );
#9988 = PCURVE('',#9884,#9989);
#9989 = DEFINITIONAL_REPRESENTATION('',(#9990),#9994);
#9990 = CIRCLE('',#9991,3.5);
#9991 = AXIS2_PLACEMENT_2D('',#9992,#9993);
#9992 = CARTESIAN_POINT('',(0.,0.));
#9993 = DIRECTION('',(1.,0.));
#9994 = ( GEOMETRIC_REPRESENTATION_CONTEXT(2) 
PARAMETRIC_REPRESENTATION_CONTEXT() REPRESENTATION_CONTEXT('2D SPACE',''
  ) );
#9995 = FACE_BOUND('',#9996,.T.);
#9996 = EDGE_LOOP('',(#9997));
#9997 = ORIENTED_EDGE('',*,*,#9998,.F.);
#9998 = EDGE_CURVE('',#9999,#9999,#10001,.T.);
#9999 = VERTEX_POINT('',#10000);
#10000 = CARTESIAN_POINT('',(329.92643578923,-17.30160958407,
    2.776570386199E+03));
#10001 = SURFACE_CURVE('',#10002,(#10145,#10291),.PCURVE_S1.);
#10002 = B_SPLINE_CURVE_WITH_KNOTS('',8,(#10003,#10004,#10005,#10006,
    #10007,#10008,#10009,#10010,#10011,#10012,#10013,#10014,#10015,
    #10016,#10017,#10018,#10019,#10020,#10021,#10022,#10023,#10024,
    #10025,#10026,#10027,#10028,#10029,#10030,#10031,#10032,#10033,
    #10034,#10035,#10036,#10037,#10038,#10039,#10040,#10041,#10042,
    #10043,#10044,#10045,#10046,#10047,#10048,#10049,#10050,#10051,
    #10052,#10053,#10054,#10055,#10056,#10057,#10058,#10059,#10060,
    #10061,#10062,#10063,#10064,#10065,#10066,#10067,#10068,#10069,
    #10070,#10071,#10072,#10073,#10074,#10075,#10076,#10077,#10078,
    #10079,#10080,#10081,#10082,#10083,#10084,#10085,#10086,#10087,
    #10088,#10089,#10090,#10091,#10092,#10093,#10094,#10095,#10096,
    #10097,#10098,#10099,#10100,#10101,#10102,#10103,#10104,#10105,
    #10106,#10107,#10108,#10109,#10110,#10111,#10112,#10113,#10114,
    #10115,#10116,#10117,#10118,#10119,#10120,#10121,#10122,#10123,
    #10124,#10125,#10126,#10127,#10128,#10129,#10130,#10131,#10132,
    #10133,#10134,#10135,#10136,#10137,#10138,#10139,#10140,#10141,
    #10142,#10143,#10144),.UNSPECIFIED.,.T.,.F.,(9,7,7,7,7,7,7,7,7,7,7,7
    ,7,7,7,7,7,7,7,7,9),(0.,4.94905857453E-02,7.547070422746E-02,
    9.562611466103E-02,0.125206128156,0.218595235275,0.284728173586,
    0.410612384271,0.454237497061,0.498845606587,0.526891745267,
    0.576645996789,0.670770242509,0.799928591714,0.842303107761,
    0.866044538655,0.90197004052,0.934677930793,0.946815408055,
    0.970743475122,1.),.UNSPECIFIED.);
#10003 = CARTESIAN_POINT('',(329.92643578926,-17.30160958408,
    2.776570386199E+03));
#10004 = CARTESIAN_POINT('',(329.8934692198,-17.4473108124,
    2.776540716286E+03));
#10005 = CARTESIAN_POINT('',(329.85312363693,-17.59174949823,
    2.776518671062E+03));
#10006 = CARTESIAN_POINT('',(329.80556167459,-17.73363509239,
    2.776504034374E+03));
#10007 = CARTESIAN_POINT('',(329.75100061208,-17.87172363946,
    2.77649634081E+03));
#10008 = CARTESIAN_POINT('',(329.68970555335,-18.00486010942,
    2.776494904842E+03));
#10009 = CARTESIAN_POINT('',(329.62198733037,-18.13202014909,
    2.776498868149E+03));
#10010 = CARTESIAN_POINT('',(329.54820513063,-18.25235125337,
    2.776507265123E+03));
#10011 = CARTESIAN_POINT('',(329.4270763404,-18.42446039804,
    2.776525322717E+03));
#10012 = CARTESIAN_POINT('',(329.38383938311,-18.48162456949,
    2.776532485632E+03));
#10013 = CARTESIAN_POINT('',(329.3391394328,-18.53659517834,
    2.77654044828E+03));
#10014 = CARTESIAN_POINT('',(329.29305883353,-18.58928359895,
    2.776549061268E+03));
#10015 = CARTESIAN_POINT('',(329.24568574399,-18.63962286602,
    2.77655817653E+03));
#10016 = CARTESIAN_POINT('',(329.19711406399,-18.68756726844,
    2.776567651027E+03));
#10017 = CARTESIAN_POINT('',(329.14744336105,-18.73309194305,
    2.776577350449E+03));
#10018 = CARTESIAN_POINT('',(329.05747316061,-18.80962991341,
    2.776594757674E+03));
#10019 = CARTESIAN_POINT('',(329.01757854003,-18.84160047628,
    2.776602422615E+03));
#10020 = CARTESIAN_POINT('',(328.97713583441,-18.87211029439,
    2.776610092103E+03));
#10021 = CARTESIAN_POINT('',(328.9361883123,-18.90117006255,
    2.776617714806E+03));
#10022 = CARTESIAN_POINT('',(328.8947816071,-18.92879491555,
    2.77662524395E+03));
#10023 = CARTESIAN_POINT('',(328.85296371264,-18.95500431053,
    2.776632637592E+03));
#10024 = CARTESIAN_POINT('',(328.81078497871,-18.97982190946,
    2.776639858881E+03));
#10025 = CARTESIAN_POINT('',(328.70594451427,-19.0376958167,
    2.776657175114E+03));
#10026 = CARTESIAN_POINT('',(328.6429625891,-19.06915880154,
    2.776667028943E+03));
#10027 = CARTESIAN_POINT('',(328.57943695975,-19.09780295679,
    2.776676352536E+03));
#10028 = CARTESIAN_POINT('',(328.51545752979,-19.12376353314,
    2.776685081669E+03));
#10029 = CARTESIAN_POINT('',(328.4511198556,-19.14717318577,
    2.776693171029E+03));
#10030 = CARTESIAN_POINT('',(328.38652552408,-19.16816266896,
    2.776700592076E+03));
#10031 = CARTESIAN_POINT('',(328.32178253038,-19.1868615307,
    2.776707330892E+03));
#10032 = CARTESIAN_POINT('',(328.05249410297,-19.25560978711,
    2.776732503173E+03));
#10033 = CARTESIAN_POINT('',(327.84728572887,-19.28636621361,
    2.776744838746E+03));
#10034 = CARTESIAN_POINT('',(327.64254575736,-19.30020088311,
    2.77675053747E+03));
#10035 = CARTESIAN_POINT('',(327.43923920736,-19.30042101955,
    2.776750599492E+03));
#10036 = CARTESIAN_POINT('',(327.23799450093,-19.28951065093,
    2.776746126159E+03));
#10037 = CARTESIAN_POINT('',(327.03895416718,-19.26928768738,
    2.77673805602E+03));
#10038 = CARTESIAN_POINT('',(326.84166399876,-19.24092546528,
    2.776727146144E+03));
#10039 = CARTESIAN_POINT('',(326.50582241709,-19.17947166442,
    2.776704611869E+03));
#10040 = CARTESIAN_POINT('',(326.36723688685,-19.15023141105,
    2.776694145891E+03));
#10041 = CARTESIAN_POINT('',(326.22942203433,-19.11753570159,
    2.776682798696E+03));
#10042 = CARTESIAN_POINT('',(326.09242873585,-19.08161344539,
    2.776670789665E+03));
#10043 = CARTESIAN_POINT('',(325.95624777329,-19.04261934835,
    2.776658313317E+03));
#10044 = CARTESIAN_POINT('',(325.82082490237,-19.00063717125,
    2.776645542434E+03));
#10045 = CARTESIAN_POINT('',(325.68607535217,-18.9556814192,
    2.776632635821E+03));
#10046 = CARTESIAN_POINT('',(325.29649037117,-18.81635988282,
    2.776595223846E+03));
#10047 = CARTESIAN_POINT('',(325.05032581928,-18.71661411765,
    2.776571463188E+03));
#10048 = CARTESIAN_POINT('',(324.80850711484,-18.6077270109,
    2.776549158008E+03));
#10049 = CARTESIAN_POINT('',(324.56732315098,-18.48750644939,
    2.776528820404E+03));
#10050 = CARTESIAN_POINT('',(324.32558926034,-18.35346065669,
    2.776511554142E+03));
#10051 = CARTESIAN_POINT('',(324.08522332252,-18.20326978157,
    2.776499320833E+03));
#10052 = CARTESIAN_POINT('',(323.85154160009,-18.03511757643,
    2.776495175911E+03));
#10053 = CARTESIAN_POINT('',(323.55837113415,-17.78334807241,
    2.776506109856E+03));
#10054 = CARTESIAN_POINT('',(323.48486762973,-17.7163183821,
    2.776510395458E+03));
#10055 = CARTESIAN_POINT('',(323.41274554872,-17.64620489657,
    2.776516360871E+03));
#10056 = CARTESIAN_POINT('',(323.34189960266,-17.57224979806,
    2.776524320962E+03));
#10057 = CARTESIAN_POINT('',(323.27269168401,-17.49380742634,
    2.776534703277E+03));
#10058 = CARTESIAN_POINT('',(323.20595822158,-17.41036373576,
    2.776548050864E+03));
#10059 = CARTESIAN_POINT('',(323.14301817994,-17.32155502568,
    2.776565021925E+03));
#10060 = CARTESIAN_POINT('',(323.02705327281,-17.1306904613,
    2.776608232092E+03));
#10061 = CARTESIAN_POINT('',(322.96740154526,-17.01705677867,
    2.776637234556E+03));
#10062 = CARTESIAN_POINT('',(322.91664088448,-16.89284208816,
    2.776674033992E+03));
#10063 = CARTESIAN_POINT('',(322.88160628993,-16.76277552347,
    2.776719069822E+03));
#10064 = CARTESIAN_POINT('',(322.86629688063,-16.63119444873,
    2.776771969069E+03));
#10065 = CARTESIAN_POINT('',(322.87194221433,-16.50195615523,
    2.776831480798E+03));
#10066 = CARTESIAN_POINT('',(322.89699040064,-16.37843832557,
    2.77689549414E+03));
#10067 = CARTESIAN_POINT('',(322.96233415044,-16.19178938535,
    2.777002124097E+03));
#10068 = CARTESIAN_POINT('',(322.99303320151,-16.12464268841,
    2.777043073474E+03));
#10069 = CARTESIAN_POINT('',(323.02804297208,-16.06206789179,
    2.77708352374E+03));
#10070 = CARTESIAN_POINT('',(323.06639947812,-16.00371018114,
    2.777123271089E+03));
#10071 = CARTESIAN_POINT('',(323.10733726798,-15.94919727257,
    2.777162193679E+03));
#10072 = CARTESIAN_POINT('',(323.15028819383,-15.89814375668,
    2.777200249568E+03));
#10073 = CARTESIAN_POINT('',(323.19488064406,-15.85015444283,
    2.777237473802E+03));
#10074 = CARTESIAN_POINT('',(323.32264783955,-15.72441464563,
    2.777338727682E+03));
#10075 = CARTESIAN_POINT('',(323.40973846085,-15.6516240012,
    2.777401812436E+03));
#10076 = CARTESIAN_POINT('',(323.50022213297,-15.58562317214,
    2.777462839549E+03));
#10077 = CARTESIAN_POINT('',(323.59271055076,-15.52556675752,
    2.777521656738E+03));
#10078 = CARTESIAN_POINT('',(323.68639805507,-15.47061562995,
    2.777578329169E+03));
#10079 = CARTESIAN_POINT('',(323.78104483058,-15.4199541137,
    2.777633115591E+03));
#10080 = CARTESIAN_POINT('',(323.87696131777,-15.3728042646,
    2.777686440217E+03));
#10081 = CARTESIAN_POINT('',(324.16045009395,-15.24450449296,
    2.777838027887E+03));
#10082 = CARTESIAN_POINT('',(324.35174267425,-15.17131839271,
    2.77793302921E+03));
#10083 = CARTESIAN_POINT('',(324.54610808844,-15.10736620438,
    2.778023325664E+03));
#10084 = CARTESIAN_POINT('',(324.74192897351,-15.05127833939,
    2.778108744456E+03));
#10085 = CARTESIAN_POINT('',(324.93862213536,-15.00185635926,
    2.778189386469E+03));
#10086 = CARTESIAN_POINT('',(325.13647139974,-14.95810220904,
    2.778265495117E+03));
#10087 = CARTESIAN_POINT('',(325.33640512943,-14.91924433838,
    2.778337270592E+03));
#10088 = CARTESIAN_POINT('',(325.81870683266,-14.83743155959,
    2.778497022972E+03));
#10089 = CARTESIAN_POINT('',(326.09627900844,-14.79965500361,
    2.778578509149E+03));
#10090 = CARTESIAN_POINT('',(326.37593337686,-14.76913550249,
    2.778649883724E+03));
#10091 = CARTESIAN_POINT('',(326.66065209607,-14.74513154447,
    2.77871040028E+03));
#10092 = CARTESIAN_POINT('',(326.95141443817,-14.72767800029,
    2.778757392136E+03));
#10093 = CARTESIAN_POINT('',(327.24699020944,-14.7174260603,
    2.778786220396E+03));
#10094 = CARTESIAN_POINT('',(327.5447001465,-14.71557226683,
    2.778790262369E+03));
#10095 = CARTESIAN_POINT('',(327.93867807278,-14.72990637906,
    2.778752367087E+03));
#10096 = CARTESIAN_POINT('',(328.03641221811,-14.73482778533,
    2.778739448982E+03));
#10097 = CARTESIAN_POINT('',(328.13432955353,-14.74130081673,
    2.778722643866E+03));
#10098 = CARTESIAN_POINT('',(328.2322149929,-14.7495323251,
    2.778701614702E+03));
#10099 = CARTESIAN_POINT('',(328.32986195166,-14.75977468936,
    2.778676020396E+03));
#10100 = CARTESIAN_POINT('',(328.42706996177,-14.77234107717,
    2.778645520771E+03));
#10101 = CARTESIAN_POINT('',(328.52364117386,-14.78762605543,
    2.778609783901E+03));
#10102 = CARTESIAN_POINT('',(328.67301354491,-14.81649973695,
    2.778545363035E+03));
#10103 = CARTESIAN_POINT('',(328.72634984048,-14.82787139855,
    2.778520504596E+03));
#10104 = CARTESIAN_POINT('',(328.77928756182,-14.84032026409,
    2.778493896125E+03));
#10105 = CARTESIAN_POINT('',(328.8317349781,-14.85392441688,
    2.778465525916E+03));
#10106 = CARTESIAN_POINT('',(328.88360563886,-14.86876608271,
    2.778435394939E+03));
#10107 = CARTESIAN_POINT('',(328.93481831356,-14.88493141862,
    2.778403516892E+03));
#10108 = CARTESIAN_POINT('',(328.98529693124,-14.90251030167,
    2.77836991825E+03));
#10109 = CARTESIAN_POINT('',(329.11013652904,-14.95047674917,
    2.778281252767E+03));
#10110 = CARTESIAN_POINT('',(329.18340062654,-14.98278540539,
    2.778224058863E+03));
#10111 = CARTESIAN_POINT('',(329.25442331241,-15.018798924,
    2.778163270576E+03));
#10112 = CARTESIAN_POINT('',(329.32289661451,-15.05878192537,
    2.778099200745E+03));
#10113 = CARTESIAN_POINT('',(329.38854029942,-15.10297106193,
    2.778032256248E+03));
#10114 = CARTESIAN_POINT('',(329.45109868926,-15.15155538743,
    2.777962928635E+03));
#10115 = CARTESIAN_POINT('',(329.51033808466,-15.20465284611,
    2.777891780204E+03));
#10116 = CARTESIAN_POINT('',(329.61676221847,-15.31475137301,
    2.777753551207E+03));
#10117 = CARTESIAN_POINT('',(329.66456046346,-15.3709860843,
    2.777686665532E+03));
#10118 = CARTESIAN_POINT('',(329.70931476495,-15.4310432652,
    2.777619182647E+03));
#10119 = CARTESIAN_POINT('',(329.75091278661,-15.49493688749,
    2.777551537277E+03));
#10120 = CARTESIAN_POINT('',(329.78925365332,-15.56263424615,
    2.7774841714E+03));
#10121 = CARTESIAN_POINT('',(329.82424752739,-15.63405312182,
    2.777417522387E+03));
#10122 = CARTESIAN_POINT('',(329.85581572719,-15.7090605048,
    2.777352012623E+03));
#10123 = CARTESIAN_POINT('',(329.89430990504,-15.81657070422,
    2.777264301416E+03));
#10124 = CARTESIAN_POINT('',(329.90424830231,-15.84613970196,
    2.777240772068E+03));
#10125 = CARTESIAN_POINT('',(329.91370324541,-15.87617120319,
    2.7772174726E+03));
#10126 = CARTESIAN_POINT('',(329.92267159462,-15.90665569456,
    2.777194422482E+03));
#10127 = CARTESIAN_POINT('',(329.93115040521,-15.93758281986,
    2.777171640615E+03));
#10128 = CARTESIAN_POINT('',(329.93913692751,-15.96894138001,
    2.777149145337E+03));
#10129 = CARTESIAN_POINT('',(329.94662860685,-16.00071933308,
    2.777126954417E+03));
#10130 = CARTESIAN_POINT('',(329.96741213593,-16.09635288907,
    2.777061971366E+03));
#10131 = CARTESIAN_POINT('',(329.97926967597,-16.16138628805,
    2.777020104281E+03));
#10132 = CARTESIAN_POINT('',(329.98917653792,-16.22790111519,
    2.776979618267E+03));
#10133 = CARTESIAN_POINT('',(329.99711757904,-16.29578476637,
    2.776940635133E+03));
#10134 = CARTESIAN_POINT('',(330.00308154697,-16.36491511384,
    2.776903263579E+03));
#10135 = CARTESIAN_POINT('',(330.00706094694,-16.43516071075,
    2.776867598736E+03));
#10136 = CARTESIAN_POINT('',(330.00905190906,-16.50638099568,
    2.7768337217E+03));
#10137 = CARTESIAN_POINT('',(330.00905668011,-16.66651556008,
    2.776762545454E+03));
#10138 = CARTESIAN_POINT('',(330.00608615253,-16.75582972421,
    2.77672616767E+03));
#10139 = CARTESIAN_POINT('',(330.00014361473,-16.84610063063,
    2.776692684679E+03));
#10140 = CARTESIAN_POINT('',(329.99123779315,-16.93704553463,
    2.776662180272E+03));
#10141 = CARTESIAN_POINT('',(329.9793852511,-17.02837092809,
    2.776634702945E+03));
#10142 = CARTESIAN_POINT('',(329.96461064121,-17.11977616194,
    2.776610265769E+03));
#10143 = CARTESIAN_POINT('',(329.9469469578,-17.21095706853,
    2.77658884625E+03));
#10144 = CARTESIAN_POINT('',(329.92643578926,-17.30160958408,
    2.776570386199E+03));
#10145 = PCURVE('',#9763,#10146);
#10146 = DEFINITIONAL_REPRESENTATION('',(#10147),#10290);
#10147 = B_SPLINE_CURVE_WITH_KNOTS('',8,(#10148,#10149,#10150,#10151,
    #10152,#10153,#10154,#10155,#10156,#10157,#10158,#10159,#10160,
    #10161,#10162,#10163,#10164,#10165,#10166,#10167,#10168,#10169,
    #10170,#10171,#10172,#10173,#10174,#10175,#10176,#10177,#10178,
    #10179,#10180,#10181,#10182,#10183,#10184,#10185,#10186,#10187,
    #10188,#10189,#10190,#10191,#10192,#10193,#10194,#10195,#10196,
    #10197,#10198,#10199,#10200,#10201,#10202,#10203,#10204,#10205,
    #10206,#10207,#10208,#10209,#10210,#10211,#10212,#10213,#10214,
    #10215,#10216,#10217,#10218,#10219,#10220,#10221,#10222,#10223,
    #10224,#10225,#10226,#10227,#10228,#10229,#10230,#10231,#10232,
    #10233,#10234,#10235,#10236,#10237,#10238,#10239,#10240,#10241,
    #10242,#10243,#10244,#10245,#10246,#10247,#10248,#10249,#10250,
    #10251,#10252,#10253,#10254,#10255,#10256,#10257,#10258,#10259,
    #10260,#10261,#10262,#10263,#10264,#10265,#10266,#10267,#10268,
    #10269,#10270,#10271,#10272,#10273,#10274,#10275,#10276,#10277,
    #10278,#10279,#10280,#10281,#10282,#10283,#10284,#10285,#10286,
    #10287,#10288,#10289),.UNSPECIFIED.,.T.,.F.,(9,7,7,7,7,7,7,7,7,7,7,7
    ,7,7,7,7,7,7,7,7,9),(0.,4.94905857453E-02,7.547070422746E-02,
    9.562611466103E-02,0.125206128156,0.218595235275,0.284728173586,
    0.410612384271,0.454237497061,0.498845606587,0.526891745267,
    0.576645996789,0.670770242509,0.799928591714,0.842303107761,
    0.866044538655,0.90197004052,0.934677930793,0.946815408055,
    0.970743475122,1.),.UNSPECIFIED.);
#10148 = CARTESIAN_POINT('',(3.342481232595,232.77643578926));
#10149 = CARTESIAN_POINT('',(3.299997956997,232.7434692198));
#10150 = CARTESIAN_POINT('',(3.258302788715,232.70312363693));
#10151 = CARTESIAN_POINT('',(3.217628158521,232.65556167459));
#10152 = CARTESIAN_POINT('',(3.178196680025,232.60100061208));
#10153 = CARTESIAN_POINT('',(3.140225119071,232.53970555335));
#10154 = CARTESIAN_POINT('',(3.103922021973,232.47198733037));
#10155 = CARTESIAN_POINT('',(3.069479002571,232.39820513063));
#10156 = CARTESIAN_POINT('',(3.020035045959,232.2770763404));
#10157 = CARTESIAN_POINT('',(3.003578063817,232.23383938311));
#10158 = CARTESIAN_POINT('',(2.987712969389,232.1891394328));
#10159 = CARTESIAN_POINT('',(2.972464060431,232.14305883353));
#10160 = CARTESIAN_POINT('',(2.957851444256,232.09568574399));
#10161 = CARTESIAN_POINT('',(2.943890777219,232.04711406399));
#10162 = CARTESIAN_POINT('',(2.930593004201,231.99744336105));
#10163 = CARTESIAN_POINT('',(2.908166575955,231.90747316061));
#10164 = CARTESIAN_POINT('',(2.898773912575,231.86757854003));
#10165 = CARTESIAN_POINT('',(2.889786493461,231.82713583441));
#10166 = CARTESIAN_POINT('',(2.881203653997,231.7861883123));
#10167 = CARTESIAN_POINT('',(2.873023611761,231.7447816071));
#10168 = CARTESIAN_POINT('',(2.865243398846,231.70296371264));
#10169 = CARTESIAN_POINT('',(2.857858794181,231.66078497871));
#10170 = CARTESIAN_POINT('',(2.840599094591,231.55594451427));
#10171 = CARTESIAN_POINT('',(2.831179848544,231.4929625891));
#10172 = CARTESIAN_POINT('',(2.822574034617,231.42943695975));
#10173 = CARTESIAN_POINT('',(2.814749294975,231.36545752979));
#10174 = CARTESIAN_POINT('',(2.807673105879,231.3011198556));
#10175 = CARTESIAN_POINT('',(2.801312486521,231.23652552408));
#10176 = CARTESIAN_POINT('',(2.795633707856,231.17178253038));
#10177 = CARTESIAN_POINT('',(2.774716053005,230.90249410297));
#10178 = CARTESIAN_POINT('',(2.765252214482,230.69728572887));
#10179 = CARTESIAN_POINT('',(2.760975607915,230.49254575736));
#10180 = CARTESIAN_POINT('',(2.760910410689,230.28923920736));
#10181 = CARTESIAN_POINT('',(2.76428073185,230.08799450093));
#10182 = CARTESIAN_POINT('',(2.770500591711,229.88895416718));
#10183 = CARTESIAN_POINT('',(2.779182038718,229.69166399876));
#10184 = CARTESIAN_POINT('',(2.797883480735,229.35582241709));
#10185 = CARTESIAN_POINT('',(2.80675661401,229.21723688684));
#10186 = CARTESIAN_POINT('',(2.816644029001,229.07942203433));
#10187 = CARTESIAN_POINT('',(2.827464377486,228.94242873585));
#10188 = CARTESIAN_POINT('',(2.839159770414,228.80624777329));
#10189 = CARTESIAN_POINT('',(2.851694901734,228.67082490237));
#10190 = CARTESIAN_POINT('',(2.865056297027,228.53607535217));
#10191 = CARTESIAN_POINT('',(2.906272646502,228.14649037117));
#10192 = CARTESIAN_POINT('',(2.935556964245,227.90032581928));
#10193 = CARTESIAN_POINT('',(2.967286030135,227.65850711485));
#10194 = CARTESIAN_POINT('',(3.002077640046,227.41732315098));
#10195 = CARTESIAN_POINT('',(3.040622814741,227.17558926034));
#10196 = CARTESIAN_POINT('',(3.083575481384,226.93522332252));
#10197 = CARTESIAN_POINT('',(3.131522331478,226.70154160009));
#10198 = CARTESIAN_POINT('',(3.203524278338,226.40837113415));
#10199 = CARTESIAN_POINT('',(3.222710726636,226.33486762973));
#10200 = CARTESIAN_POINT('',(3.242807885278,226.26274554872));
#10201 = CARTESIAN_POINT('',(3.264048705784,226.19189960266));
#10202 = CARTESIAN_POINT('',(3.286641358466,226.12269168401));
#10203 = CARTESIAN_POINT('',(3.31076817324,226.05595822158));
#10204 = CARTESIAN_POINT('',(3.336586488777,225.99301817994));
#10205 = CARTESIAN_POINT('',(3.392499249161,225.87705327281));
#10206 = CARTESIAN_POINT('',(3.425994351523,225.81740154526));
#10207 = CARTESIAN_POINT('',(3.462964282616,225.76664088448));
#10208 = CARTESIAN_POINT('',(3.502206898297,225.73160628993));
#10209 = CARTESIAN_POINT('',(3.542629172046,225.71629688063));
#10210 = CARTESIAN_POINT('',(3.583207309012,225.72194221433));
#10211 = CARTESIAN_POINT('',(3.622922642462,225.74699040064));
#10212 = CARTESIAN_POINT('',(3.684339767313,225.81233415044));
#10213 = CARTESIAN_POINT('',(3.706801483606,225.84303320151));
#10214 = CARTESIAN_POINT('',(3.728078542386,225.87804297208));
#10215 = CARTESIAN_POINT('',(3.748241434939,225.91639947812));
#10216 = CARTESIAN_POINT('',(3.767370758687,225.95733726798));
#10217 = CARTESIAN_POINT('',(3.785558366225,226.00028819383));
#10218 = CARTESIAN_POINT('',(3.802908060574,226.04488064406));
#10219 = CARTESIAN_POINT('',(3.849033749491,226.17264783955));
#10220 = CARTESIAN_POINT('',(3.876536729364,226.25973846085));
#10221 = CARTESIAN_POINT('',(3.902199035477,226.35022213297));
#10222 = CARTESIAN_POINT('',(3.926198598211,226.44271055076));
#10223 = CARTESIAN_POINT('',(3.948739232182,226.53639805507));
#10224 = CARTESIAN_POINT('',(3.970050123265,226.63104483058));
#10225 = CARTESIAN_POINT('',(3.990382589611,226.72696131777));
#10226 = CARTESIAN_POINT('',(4.04712378738,227.01045009395));
#10227 = CARTESIAN_POINT('',(4.081351219109,227.20174267425));
#10228 = CARTESIAN_POINT('',(4.112926073599,227.39610808844));
#10229 = CARTESIAN_POINT('',(4.142090482676,227.59192897351));
#10230 = CARTESIAN_POINT('',(4.169090996347,227.78862213536));
#10231 = CARTESIAN_POINT('',(4.194159614288,227.98647139974));
#10232 = CARTESIAN_POINT('',(4.217473192621,228.18640512943));
#10233 = CARTESIAN_POINT('',(4.268754055003,228.66870683266));
#10234 = CARTESIAN_POINT('',(4.294396198692,228.94627900844));
#10235 = CARTESIAN_POINT('',(4.316562195102,229.22593337686));
#10236 = CARTESIAN_POINT('',(4.335150743549,229.51065209607));
#10237 = CARTESIAN_POINT('',(4.349475409704,229.80141443816));
#10238 = CARTESIAN_POINT('',(4.358215814263,230.09699020944));
#10239 = CARTESIAN_POINT('',(4.35948317822,230.3947001465));
#10240 = CARTESIAN_POINT('',(4.347907273807,230.78867807278));
#10241 = CARTESIAN_POINT('',(4.343957598236,230.88641221811));
#10242 = CARTESIAN_POINT('',(4.338812388287,230.98432955353));
#10243 = CARTESIAN_POINT('',(4.332360330455,231.0822149929));
#10244 = CARTESIAN_POINT('',(4.324484345666,231.17986195166));
#10245 = CARTESIAN_POINT('',(4.315060677141,231.27706996177));
#10246 = CARTESIAN_POINT('',(4.303957023414,231.37364117386));
#10247 = CARTESIAN_POINT('',(4.283786854733,231.52301354491));
#10248 = CARTESIAN_POINT('',(4.275976808651,231.57634984048));
#10249 = CARTESIAN_POINT('',(4.267584010564,231.62928756182));
#10250 = CARTESIAN_POINT('',(4.258595345258,231.6817349781));
#10251 = CARTESIAN_POINT('',(4.248999972117,231.73360563886));
#10252 = CARTESIAN_POINT('',(4.238789147211,231.78481831356));
#10253 = CARTESIAN_POINT('',(4.227956045391,231.83529693124));
#10254 = CARTESIAN_POINT('',(4.199153624887,231.96013652904));
#10255 = CARTESIAN_POINT('',(4.180388635277,232.03340062654));
#10256 = CARTESIAN_POINT('',(4.160208647912,232.10442331241));
#10257 = CARTESIAN_POINT('',(4.138643135435,232.17289661451));
#10258 = CARTESIAN_POINT('',(4.115741258894,232.23854029942));
#10259 = CARTESIAN_POINT('',(4.091570905236,232.30109868926));
#10260 = CARTESIAN_POINT('',(4.066218512167,232.36033808466));
#10261 = CARTESIAN_POINT('',(4.015727905739,232.46676221847));
#10262 = CARTESIAN_POINT('',(3.990769695303,232.51456046346));
#10263 = CARTESIAN_POINT('',(3.964976378744,232.55931476495));
#10264 = CARTESIAN_POINT('',(3.938414723753,232.60091278661));
#10265 = CARTESIAN_POINT('',(3.911154917826,232.63925365332));
#10266 = CARTESIAN_POINT('',(3.883269295678,232.67424752739));
#10267 = CARTESIAN_POINT('',(3.854831812269,232.70581572719));
#10268 = CARTESIAN_POINT('',(3.815188814767,232.74430990504));
#10269 = CARTESIAN_POINT('',(3.804392971411,232.75424830231));
#10270 = CARTESIAN_POINT('',(3.793534361713,232.76370324541));
#10271 = CARTESIAN_POINT('',(3.782616627482,232.77267159462));
#10272 = CARTESIAN_POINT('',(3.771643422019,232.78115040521));
#10273 = CARTESIAN_POINT('',(3.760618410121,232.78913692751));
#10274 = CARTESIAN_POINT('',(3.749545268081,232.79662860685));
#10275 = CARTESIAN_POINT('',(3.71651025395,232.81741213593));
#10276 = CARTESIAN_POINT('',(3.694418595619,232.82926967597));
#10277 = CARTESIAN_POINT('',(3.672182587487,232.83917653792));
#10278 = CARTESIAN_POINT('',(3.649831271191,232.84711757904));
#10279 = CARTESIAN_POINT('',(3.627393213953,232.85308154697));
#10280 = CARTESIAN_POINT('',(3.60489687132,232.85706094694));
#10281 = CARTESIAN_POINT('',(3.582370949908,232.85905190906));
#10282 = CARTESIAN_POINT('',(3.532302313968,232.85905668011));
#10283 = CARTESIAN_POINT('',(3.504762156785,232.85608615253));
#10284 = CARTESIAN_POINT('',(3.477276248863,232.85014361473));
#10285 = CARTESIAN_POINT('',(3.449896363499,232.84123779315));
#10286 = CARTESIAN_POINT('',(3.422674363324,232.8293852511));
#10287 = CARTESIAN_POINT('',(3.395662466604,232.81461064121));
#10288 = CARTESIAN_POINT('',(3.368913513545,232.7969469578));
#10289 = CARTESIAN_POINT('',(3.342481232595,232.77643578926));
#10290 = ( GEOMETRIC_REPRESENTATION_CONTEXT(2) 
PARAMETRIC_REPRESENTATION_CONTEXT() REPRESENTATION_CONTEXT('2D SPACE',''
  ) );
#10291 = PCURVE('',#10292,#10297);
#10292 = CYLINDRICAL_SURFACE('',#10293,2.5);
#10293 = AXIS2_PLACEMENT_3D('',#10294,#10295,#10296);
#10294 = CARTESIAN_POINT('',(330.,-18.,2.78E+03));
#10295 = DIRECTION('',(-0.712470499879,0.284988199952,-0.641223449891));
#10296 = DIRECTION('',(0.668964731622,0.,-0.743294146247));
#10297 = DEFINITIONAL_REPRESENTATION('',(#10298),#10441);
#10298 = B_SPLINE_CURVE_WITH_KNOTS('',8,(#10299,#10300,#10301,#10302,
    #10303,#10304,#10305,#10306,#10307,#10308,#10309,#10310,#10311,
    #10312,#10313,#10314,#10315,#10316,#10317,#10318,#10319,#10320,
    #10321,#10322,#10323,#10324,#10325,#10326,#10327,#10328,#10329,
    #10330,#10331,#10332,#10333,#10334,#10335,#10336,#10337,#10338,
    #10339,#10340,#10341,#10342,#10343,#10344,#10345,#10346,#10347,
    #10348,#10349,#10350,#10351,#10352,#10353,#10354,#10355,#10356,
    #10357,#10358,#10359,#10360,#10361,#10362,#10363,#10364,#10365,
    #10366,#10367,#10368,#10369,#10370,#10371,#10372,#10373,#10374,
    #10375,#10376,#10377,#10378,#10379,#10380,#10381,#10382,#10383,
    #10384,#10385,#10386,#10387,#10388,#10389,#10390,#10391,#10392,
    #10393,#10394,#10395,#10396,#10397,#10398,#10399,#10400,#10401,
    #10402,#10403,#10404,#10405,#10406,#10407,#10408,#10409,#10410,
    #10411,#10412,#10413,#10414,#10415,#10416,#10417,#10418,#10419,
    #10420,#10421,#10422,#10423,#10424,#10425,#10426,#10427,#10428,
    #10429,#10430,#10431,#10432,#10433,#10434,#10435,#10436,#10437,
    #10438,#10439,#10440),.UNSPECIFIED.,.F.,.F.,(9,7,7,7,7,7,7,7,7,7,7,7
    ,7,7,7,7,7,7,7,7,9),(0.,4.94905857453E-02,7.547070422746E-02,
    9.562611466103E-02,0.125206128156,0.218595235275,0.284728173586,
    0.410612384271,0.454237497061,0.498845606587,0.526891745267,
    0.576645996789,0.670770242509,0.799928591714,0.842303107761,
    0.866044538655,0.90197004052,0.934677930793,0.946815408055,
    0.970743475122,1.),.UNSPECIFIED.);
#10299 = CARTESIAN_POINT('',(0.,2.450594151038));
#10300 = CARTESIAN_POINT('',(6.091957582927E-02,2.451583772131));
#10301 = CARTESIAN_POINT('',(0.121398936994,2.453301403566));
#10302 = CARTESIAN_POINT('',(0.181290178494,2.456137566036));
#10303 = CARTESIAN_POINT('',(0.240457459698,2.460590400469));
#10304 = CARTESIAN_POINT('',(0.298769466279,2.467239775065));
#10305 = CARTESIAN_POINT('',(0.356096929903,2.476706534904));
#10306 = CARTESIAN_POINT('',(0.412315205655,2.489596894128));
#10307 = CARTESIAN_POINT('',(0.496182465153,2.515269556217));
#10308 = CARTESIAN_POINT('',(0.524704365105,2.525190468934));
#10309 = CARTESIAN_POINT('',(0.552851894381,2.536266053659));
#10310 = CARTESIAN_POINT('',(0.580601517316,2.54855869354));
#10311 = CARTESIAN_POINT('',(0.607931821074,2.562119605462));
#10312 = CARTESIAN_POINT('',(0.634823461437,2.576986635459));
#10313 = CARTESIAN_POINT('',(0.661259108602,2.593182054113));
#10314 = CARTESIAN_POINT('',(0.707366519281,2.624308828719));
#10315 = CARTESIAN_POINT('',(0.727221250017,2.638706396124));
#10316 = CARTESIAN_POINT('',(0.74678502989,2.653907836615));
#10317 = CARTESIAN_POINT('',(0.766055144562,2.669912191439));
#10318 = CARTESIAN_POINT('',(0.785028778515,2.686712626479));
#10319 = CARTESIAN_POINT('',(0.803703072921,2.704296298077));
#10320 = CARTESIAN_POINT('',(0.822075183517,2.722644218861));
#10321 = CARTESIAN_POINT('',(0.866657635158,2.76974300161));
#10322 = CARTESIAN_POINT('',(0.892501146692,2.799330679592));
#10323 = CARTESIAN_POINT('',(0.917700335567,2.830449063858));
#10324 = CARTESIAN_POINT('',(0.942278396187,2.863036737956));
#10325 = CARTESIAN_POINT('',(0.966254700966,2.897016870267));
#10326 = CARTESIAN_POINT('',(0.989645246441,2.932298121617));
#10327 = CARTESIAN_POINT('',(1.012463099364,2.968775552894));
#10328 = CARTESIAN_POINT('',(1.104983990242,3.124902114735));
#10329 = CARTESIAN_POINT('',(1.169769307582,3.254431950225));
#10330 = CARTESIAN_POINT('',(1.230200358433,3.392706266982));
#10331 = CARTESIAN_POINT('',(1.287071424398,3.537453680573));
#10332 = CARTESIAN_POINT('',(1.341035689049,3.686812328984));
#10333 = CARTESIAN_POINT('',(1.392687422304,3.839560763495));
#10334 = CARTESIAN_POINT('',(1.442608339562,3.995202755791));
#10335 = CARTESIAN_POINT('',(1.526037459495,4.266443088951));
#10336 = CARTESIAN_POINT('',(1.560007808079,4.380225348483));
#10337 = CARTESIAN_POINT('',(1.593469501104,4.495008344465));
#10338 = CARTESIAN_POINT('',(1.62653307343,4.610549919545));
#10339 = CARTESIAN_POINT('',(1.659310945507,4.726687822413));
#10340 = CARTESIAN_POINT('',(1.691918411453,4.843326037791));
#10341 = CARTESIAN_POINT('',(1.724476119052,4.960418998541));
#10342 = CARTESIAN_POINT('',(1.819240407664,5.301681234778));
#10343 = CARTESIAN_POINT('',(1.879913359003,5.520728472684));
#10344 = CARTESIAN_POINT('',(1.94097158545,5.738351311534));
#10345 = CARTESIAN_POINT('',(2.003941727771,5.95749016071));
#10346 = CARTESIAN_POINT('',(2.07007514346,6.178991427647));
#10347 = CARTESIAN_POINT('',(2.140357583534,6.400891979352));
#10348 = CARTESIAN_POINT('',(2.215645077086,6.617962528683));
#10349 = CARTESIAN_POINT('',(2.324890408598,6.891578072932));
#10350 = CARTESIAN_POINT('',(2.353696203158,6.960301793513));
#10351 = CARTESIAN_POINT('',(2.383580348592,7.027843002169));
#10352 = CARTESIAN_POINT('',(2.414878282962,7.094290782005));
#10353 = CARTESIAN_POINT('',(2.447876866915,7.159297148431));
#10354 = CARTESIAN_POINT('',(2.482821130608,7.2220644534));
#10355 = CARTESIAN_POINT('',(2.519923723624,7.281334568688));
#10356 = CARTESIAN_POINT('',(2.599719407161,7.390642920246));
#10357 = CARTESIAN_POINT('',(2.647254226419,7.446930214684));
#10358 = CARTESIAN_POINT('',(2.699369534283,7.494898748264));
#10359 = CARTESIAN_POINT('',(2.754380625314,7.528049268855));
#10360 = CARTESIAN_POINT('',(2.81088202024,7.542535587672));
#10361 = CARTESIAN_POINT('',(2.867596285711,7.53718452649));
#10362 = CARTESIAN_POINT('',(2.923246422949,7.513492700226));
#10363 = CARTESIAN_POINT('',(3.009655866768,7.451756323091));
#10364 = CARTESIAN_POINT('',(3.041347434693,7.422762469824));
#10365 = CARTESIAN_POINT('',(3.071474965769,7.38971446098));
#10366 = CARTESIAN_POINT('',(3.100142254767,7.353530908739));
#10367 = CARTESIAN_POINT('',(3.127462247778,7.314941399231));
#10368 = CARTESIAN_POINT('',(3.153561673568,7.274487452633));
#10369 = CARTESIAN_POINT('',(3.178584607622,7.232523984065));
#10370 = CARTESIAN_POINT('',(3.245467094861,7.112401622269));
#10371 = CARTESIAN_POINT('',(3.28576908562,7.030645175305));
#10372 = CARTESIAN_POINT('',(3.323814576779,6.945855669307));
#10373 = CARTESIAN_POINT('',(3.359840455016,6.859360809037));
#10374 = CARTESIAN_POINT('',(3.394119929314,6.771931957376));
#10375 = CARTESIAN_POINT('',(3.426973199068,6.683806517649));
#10376 = CARTESIAN_POINT('',(3.45877571902,6.594713000035));
#10377 = CARTESIAN_POINT('',(3.548965635284,6.33209796206));
#10378 = CARTESIAN_POINT('',(3.60521645907,6.155747740336));
#10379 = CARTESIAN_POINT('',(3.659118324905,5.977593531926));
#10380 = CARTESIAN_POINT('',(3.711083668237,5.799288775517));
#10381 = CARTESIAN_POINT('',(3.761575478634,5.621525831647));
#10382 = CARTESIAN_POINT('',(3.811117756951,5.44423083354));
#10383 = CARTESIAN_POINT('',(3.860297484293,5.266833866664));
#10384 = CARTESIAN_POINT('',(3.977678255499,4.844086835041));
#10385 = CARTESIAN_POINT('',(4.044252845555,4.604839873242));
#10386 = CARTESIAN_POINT('',(4.111348973893,4.36852503205));
#10387 = CARTESIAN_POINT('',(4.180431682892,4.133707554033));
#10388 = CARTESIAN_POINT('',(4.252698554036,3.901389737217));
#10389 = CARTESIAN_POINT('',(4.329287165529,3.675237045131));
#10390 = CARTESIAN_POINT('',(4.411505627965,3.461063998964));
#10391 = CARTESIAN_POINT('',(4.530842827447,3.200580639283));
#10392 = CARTESIAN_POINT('',(4.561303621474,3.137828792859));
#10393 = CARTESIAN_POINT('',(4.592797761062,3.076996677175));
#10394 = CARTESIAN_POINT('',(4.62539152393,3.018394699368));
#10395 = CARTESIAN_POINT('',(4.659164299285,2.962316838187));
#10396 = CARTESIAN_POINT('',(4.694210218258,2.909034800869));
#10397 = CARTESIAN_POINT('',(4.730641637658,2.858789942069));
#10398 = CARTESIAN_POINT('',(4.789858547961,2.785446045224));
#10399 = CARTESIAN_POINT('',(4.811584773433,2.760144533253));
#10400 = CARTESIAN_POINT('',(4.833771263628,2.735942163749));
#10401 = CARTESIAN_POINT('',(4.856416473722,2.712889547134));
#10402 = CARTESIAN_POINT('',(4.87951939335,2.691024221168));
#10403 = CARTESIAN_POINT('',(4.90307973604,2.670370722681));
#10404 = CARTESIAN_POINT('',(4.927098128655,2.650940659302));
#10405 = CARTESIAN_POINT('',(4.988616638603,2.605180644082));
#10406 = CARTESIAN_POINT('',(5.026680926193,2.580448622655));
#10407 = CARTESIAN_POINT('',(5.065724810088,2.558562501427));
#10408 = CARTESIAN_POINT('',(5.105697567659,2.539465688332));
#10409 = CARTESIAN_POINT('',(5.146541985002,2.523029497667));
#10410 = CARTESIAN_POINT('',(5.18819267855,2.509067022117));
#10411 = CARTESIAN_POINT('',(5.230572860468,2.497350593873));
#10412 = CARTESIAN_POINT('',(5.31275351259,2.478785431733));
#10413 = CARTESIAN_POINT('',(5.352451925628,2.471593026251));
#10414 = CARTESIAN_POINT('',(5.392644093157,2.465862927129));
#10415 = CARTESIAN_POINT('',(5.433287479002,2.461392432969));
#10416 = CARTESIAN_POINT('',(5.474338583444,2.457979328203));
#10417 = CARTESIAN_POINT('',(5.515753238856,2.455430598416));
#10418 = CARTESIAN_POINT('',(5.557486322125,2.453569365003));
#10419 = CARTESIAN_POINT('',(5.615078236285,2.451746743451));
#10420 = CARTESIAN_POINT('',(5.6307041903,2.451326682621));
#10421 = CARTESIAN_POINT('',(5.646366688511,2.450971856226));
#10422 = CARTESIAN_POINT('',(5.662063662902,2.450674728278));
#10423 = CARTESIAN_POINT('',(5.67779303483,2.450428227251));
#10424 = CARTESIAN_POINT('',(5.693552715025,2.450225746086));
#10425 = CARTESIAN_POINT('',(5.709340603589,2.450061142182));
#10426 = CARTESIAN_POINT('',(5.756330601226,2.449667711967));
#10427 = CARTESIAN_POINT('',(5.787610161131,2.449531969527));
#10428 = CARTESIAN_POINT('',(5.818974768973,2.449478263806));
#10429 = CARTESIAN_POINT('',(5.850407145193,2.449471366451));
#10430 = CARTESIAN_POINT('',(5.881890704955,2.449484398376));
#10431 = CARTESIAN_POINT('',(5.913409031685,2.449499161094));
#10432 = CARTESIAN_POINT('',(5.944945350608,2.449506468057));
#10433 = CARTESIAN_POINT('',(6.01504144095,2.449506485692));
#10434 = CARTESIAN_POINT('',(6.053597657688,2.449495703938));
#10435 = CARTESIAN_POINT('',(6.092120629274,2.449473522666));
#10436 = CARTESIAN_POINT('',(6.130580672163,2.449460574723));
#10437 = CARTESIAN_POINT('',(6.16894800557,2.4494976079));
#10438 = CARTESIAN_POINT('',(6.207192314554,2.449644358973));
#10439 = CARTESIAN_POINT('',(6.245282313096,2.449978427735));
#10440 = CARTESIAN_POINT('',(6.28318530718,2.450594151038));
#10441 = ( GEOMETRIC_REPRESENTATION_CONTEXT(2) 
PARAMETRIC_REPRESENTATION_CONTEXT() REPRESENTATION_CONTEXT('2D SPACE',''
  ) );
#10442 = FACE_BOUND('',#10443,.T.);
#10443 = EDGE_LOOP('',(#10444));
#10444 = ORIENTED_EDGE('',*,*,#10445,.F.);
#10445 = EDGE_CURVE('',#10446,#10446,#10448,.T.);
#10446 = VERTEX_POINT('',#10447);
#10447 = CARTESIAN_POINT('',(474.51503977537,-17.07845378354,
    2.776623499952E+03));
#10448 = SURFACE_CURVE('',#10449,(#10606,#10766),.PCURVE_S1.);
#10449 = B_SPLINE_CURVE_WITH_KNOTS('',8,(#10450,#10451,#10452,#10453,
    #10454,#10455,#10456,#10457,#10458,#10459,#10460,#10461,#10462,
    #10463,#10464,#10465,#10466,#10467,#10468,#10469,#10470,#10471,
    #10472,#10473,#10474,#10475,#10476,#10477,#10478,#10479,#10480,
    #10481,#10482,#10483,#10484,#10485,#10486,#10487,#10488,#10489,
    #10490,#10491,#10492,#10493,#10494,#10495,#10496,#10497,#10498,
    #10499,#10500,#10501,#10502,#10503,#10504,#10505,#10506,#10507,
    #10508,#10509,#10510,#10511,#10512,#10513,#10514,#10515,#10516,
    #10517,#10518,#10519,#10520,#10521,#10522,#10523,#10524,#10525,
    #10526,#10527,#10528,#10529,#10530,#10531,#10532,#10533,#10534,
    #10535,#10536,#10537,#10538,#10539,#10540,#10541,#10542,#10543,
    #10544,#10545,#10546,#10547,#10548,#10549,#10550,#10551,#10552,
    #10553,#10554,#10555,#10556,#10557,#10558,#10559,#10560,#10561,
    #10562,#10563,#10564,#10565,#10566,#10567,#10568,#10569,#10570,
    #10571,#10572,#10573,#10574,#10575,#10576,#10577,#10578,#10579,
    #10580,#10581,#10582,#10583,#10584,#10585,#10586,#10587,#10588,
    #10589,#10590,#10591,#10592,#10593,#10594,#10595,#10596,#10597,
    #10598,#10599,#10600,#10601,#10602,#10603,#10604,#10605),
  .UNSPECIFIED.,.T.,.F.,(9,7,7,7,7,7,7,7,7,7,7,7,7,7,7,7,7,7,7,7,7,7,9),
  (0.,3.150716346341E-02,5.957606626992E-02,7.384998052059E-02,
    8.839312459024E-02,0.119336756362,0.145601603984,0.181155613884,
    0.195525099595,0.221085354572,0.342301928897,0.457765950939,
    0.506489625631,0.558419843735,0.656973498516,0.710658363884,
    0.836173500108,0.862545475366,0.877974680943,0.914261591961,
    0.942000275199,0.979657133622,1.),.UNSPECIFIED.);
#10450 = CARTESIAN_POINT('',(474.51503977538,-17.07845378353,
    2.776623499952E+03));
#10451 = CARTESIAN_POINT('',(474.49633249986,-16.99367748635,
    2.776646637899E+03));
#10452 = CARTESIAN_POINT('',(474.48018614086,-16.90861244503,
    2.776672468516E+03));
#10453 = CARTESIAN_POINT('',(474.4666593231,-16.82353031973,
    2.776701020353E+03));
#10454 = CARTESIAN_POINT('',(474.45579860469,-16.73869682901,
    2.776732293514E+03));
#10455 = CARTESIAN_POINT('',(474.44763884493,-16.65437066675,
    2.776766259362E+03));
#10456 = CARTESIAN_POINT('',(474.44220357207,-16.57080241909,
    2.776802860216E+03));
#10457 = CARTESIAN_POINT('',(474.43950535109,-16.48823348137,
    2.776842009048E+03));
#10458 = CARTESIAN_POINT('',(474.43958249945,-16.33443264023,
    2.776920631831E+03));
#10459 = CARTESIAN_POINT('',(474.44179261721,-16.26296304598,
    2.776959595803E+03));
#10460 = CARTESIAN_POINT('',(474.44617532502,-16.19264939796,
    2.77700039659E+03));
#10461 = CARTESIAN_POINT('',(474.45272251689,-16.12364370115,
    2.777042933275E+03));
#10462 = CARTESIAN_POINT('',(474.46141896972,-16.05608652614,
    2.777087089083E+03));
#10463 = CARTESIAN_POINT('',(474.47224215234,-15.9901067754,
    2.777132731936E+03));
#10464 = CARTESIAN_POINT('',(474.4851620347,-15.92582144959,
    2.777179715006E+03));
#10465 = CARTESIAN_POINT('',(474.50775811654,-15.8315593119,
    2.777252369282E+03));
#10466 = CARTESIAN_POINT('',(474.51590860037,-15.80024523133,
    2.777277168853E+03));
#10467 = CARTESIAN_POINT('',(474.52458784004,-15.76940542664,
    2.777302256039E+03));
#10468 = CARTESIAN_POINT('',(474.53379112964,-15.7390510081,
    2.777327610561E+03));
#10469 = CARTESIAN_POINT('',(474.54351356573,-15.70919194174,
    2.777353211799E+03));
#10470 = CARTESIAN_POINT('',(474.55375004741,-15.67983704937,
    2.777379038799E+03));
#10471 = CARTESIAN_POINT('',(474.56449527623,-15.65099400856,
    2.777405070265E+03));
#10472 = CARTESIAN_POINT('',(474.58720440141,-15.59381044646,
    2.777457993307E+03));
#10473 = CARTESIAN_POINT('',(474.59918753863,-15.56548972485,
    2.777484891982E+03));
#10474 = CARTESIAN_POINT('',(474.6116874083,-15.53771400702,
    2.777511957799E+03));
#10475 = CARTESIAN_POINT('',(474.62469818943,-15.51048904829,
    2.777539167854E+03));
#10476 = CARTESIAN_POINT('',(474.63821399967,-15.48381954011,
    2.777566499119E+03));
#10477 = CARTESIAN_POINT('',(474.65222889527,-15.45770911001,
    2.777593928448E+03));
#10478 = CARTESIAN_POINT('',(474.66673687116,-15.43216032166,
    2.777621432579E+03));
#10479 = CARTESIAN_POINT('',(474.7136368903,-15.35401239768,
    2.777707618412E+03));
#10480 = CARTESIAN_POINT('',(474.74774827347,-15.30339757015,
    2.777766484047E+03));
#10481 = CARTESIAN_POINT('',(474.78400727193,-15.25534704239,
    2.777825359709E+03));
#10482 = CARTESIAN_POINT('',(474.82235473157,-15.20985844393,
    2.777884018143E+03));
#10483 = CARTESIAN_POINT('',(474.8627306137,-15.16691189275,
    2.777942232298E+03));
#10484 = CARTESIAN_POINT('',(474.9050735261,-15.12647170436,
    2.777999777459E+03));
#10485 = CARTESIAN_POINT('',(474.94932025418,-15.08848810086,
    2.778056433384E+03));
#10486 = CARTESIAN_POINT('',(475.0345221127,-15.02269094641,
    2.778159139672E+03));
#10487 = CARTESIAN_POINT('',(475.07497127036,-14.99420191616,
    2.778205508052E+03));
#10488 = CARTESIAN_POINT('',(475.11670085464,-14.96740457964,
    2.778250945461E+03));
#10489 = CARTESIAN_POINT('',(475.15965776134,-14.94226029921,
    2.778295313992E+03));
#10490 = CARTESIAN_POINT('',(475.20378768504,-14.91872104442,
    2.778338485249E+03));
#10491 = CARTESIAN_POINT('',(475.24903511173,-14.89673138718,
    2.778380341646E+03));
#10492 = CARTESIAN_POINT('',(475.2953433115,-14.87623049692,
    2.778420777707E+03));
#10493 = CARTESIAN_POINT('',(475.40669797171,-14.83133098462,
    2.778512391271E+03));
#10494 = CARTESIAN_POINT('',(475.47254845678,-14.80813053737,
    2.77856228444E+03));
#10495 = CARTESIAN_POINT('',(475.54002844925,-14.7874009511,
    2.77860913207E+03));
#10496 = CARTESIAN_POINT('',(475.60895626913,-14.76897069171,
    2.778652740995E+03));
#10497 = CARTESIAN_POINT('',(475.67914227592,-14.75266141728,
    2.778692974755E+03));
#10498 = CARTESIAN_POINT('',(475.75038481941,-14.73829730006,
    2.778729753348E+03));
#10499 = CARTESIAN_POINT('',(475.82246575882,-14.72571078731,
    2.778763051686E+03));
#10500 = CARTESIAN_POINT('',(475.92451976803,-14.71031279481,
    2.7788049589E+03));
#10501 = CARTESIAN_POINT('',(475.95399688565,-14.70614470383,
    2.778816459063E+03));
#10502 = CARTESIAN_POINT('',(475.9835670759,-14.70222948068,
    2.778827401101E+03));
#10503 = CARTESIAN_POINT('',(476.01322009602,-14.69855658353,
    2.778837789666E+03));
#10504 = CARTESIAN_POINT('',(476.04294528782,-14.69511597594,
    2.778847630194E+03));
#10505 = CARTESIAN_POINT('',(476.07273157767,-14.69189812681,
    2.778856928907E+03));
#10506 = CARTESIAN_POINT('',(476.10256747648,-14.68889401045,
    2.778865692808E+03));
#10507 = CARTESIAN_POINT('',(476.18557985807,-14.68111645245,
    2.778888581332E+03));
#10508 = CARTESIAN_POINT('',(476.23882204024,-14.67678848744,
    2.778901561029E+03));
#10509 = CARTESIAN_POINT('',(476.29213654524,-14.67305899687,
    2.778912924142E+03));
#10510 = CARTESIAN_POINT('',(476.3454903744,-14.66988256862,
    2.778922727693E+03));
#10511 = CARTESIAN_POINT('',(476.39884849234,-14.66721972019,
    2.77893103022E+03));
#10512 = CARTESIAN_POINT('',(476.45217370806,-14.66503602586,
    2.778937891631E+03));
#10513 = CARTESIAN_POINT('',(476.50542655591,-14.66330124381,
    2.778943373069E+03));
#10514 = CARTESIAN_POINT('',(476.81056898386,-14.65576263749,
    2.778967282651E+03));
#10515 = CARTESIAN_POINT('',(477.06100041416,-14.65900308906,
    2.778957470614E+03));
#10516 = CARTESIAN_POINT('',(477.30828697317,-14.66890532894,
    2.778924553728E+03));
#10517 = CARTESIAN_POINT('',(477.55109710354,-14.68487471521,
    2.778873977992E+03));
#10518 = CARTESIAN_POINT('',(477.78875458215,-14.7067544878,
    2.778809735074E+03));
#10519 = CARTESIAN_POINT('',(478.02170985443,-14.73476503085,
    2.77873430996E+03));
#10520 = CARTESIAN_POINT('',(478.25146269187,-14.76965244999,
    2.778648719505E+03));
#10521 = CARTESIAN_POINT('',(478.69708649233,-14.85472984708,
    2.778461380165E+03));
#10522 = CARTESIAN_POINT('',(478.90668058994,-14.90288961295,
    2.778363289383E+03));
#10523 = CARTESIAN_POINT('',(479.11216473954,-14.95885452135,
    2.778258423157E+03));
#10524 = CARTESIAN_POINT('',(479.31592405725,-15.02452595824,
    2.778145638432E+03));
#10525 = CARTESIAN_POINT('',(479.51817495812,-15.10243729411,
    2.778024032954E+03));
#10526 = CARTESIAN_POINT('',(479.71658964374,-15.1956632833,
    2.777893440474E+03));
#10527 = CARTESIAN_POINT('',(479.90608918999,-15.30777016863,
    2.777754816461E+03));
#10528 = CARTESIAN_POINT('',(480.15107057594,-15.49935940255,
    2.777549748489E+03));
#10529 = CARTESIAN_POINT('',(480.22129122632,-15.56070271624,
    2.77748740677E+03));
#10530 = CARTESIAN_POINT('',(480.28890388167,-15.62738466485,
    2.777423247736E+03));
#10531 = CARTESIAN_POINT('',(480.35327576973,-15.70028713991,
    2.77735713987E+03));
#10532 = CARTESIAN_POINT('',(480.41326828407,-15.78031051246,
    2.777289178616E+03));
#10533 = CARTESIAN_POINT('',(480.46723087685,-15.86835389521,
    2.777219708245E+03));
#10534 = CARTESIAN_POINT('',(480.51299086945,-15.96528851382,
    2.777149337873E+03));
#10535 = CARTESIAN_POINT('',(480.58498088743,-16.18557763892,
    2.777003933184E+03));
#10536 = CARTESIAN_POINT('',(480.6091010498,-16.30833629633,
    2.776930160835E+03));
#10537 = CARTESIAN_POINT('',(480.61667697654,-16.43754906482,
    2.776860670678E+03));
#10538 = CARTESIAN_POINT('',(480.60625618975,-16.57031526622,
    2.776797677708E+03));
#10539 = CARTESIAN_POINT('',(480.57843185637,-16.70323560152,
    2.776742624041E+03));
#10540 = CARTESIAN_POINT('',(480.53584267801,-16.83251952374,
    2.776696132978E+03));
#10541 = CARTESIAN_POINT('',(480.48322252401,-16.95396990627,
    2.776658072535E+03));
#10542 = CARTESIAN_POINT('',(480.32182198394,-17.26808081095,
    2.776570731146E+03));
#10543 = CARTESIAN_POINT('',(480.18979799298,-17.4564255722,
    2.77653381164E+03));
#10544 = CARTESIAN_POINT('',(480.04325482304,-17.62655733722,
    2.776511793202E+03));
#10545 = CARTESIAN_POINT('',(479.89009724352,-17.77939582344,
    2.776500244522E+03));
#10546 = CARTESIAN_POINT('',(479.73473664078,-17.91707806801,
    2.776495961425E+03));
#10547 = CARTESIAN_POINT('',(479.57809104455,-18.04268861185,
    2.776496846935E+03));
#10548 = CARTESIAN_POINT('',(479.41767117586,-18.16000454638,
    2.7765018412E+03));
#10549 = CARTESIAN_POINT('',(479.15560649332,-18.33367062852,
    2.776515399989E+03));
#10550 = CARTESIAN_POINT('',(479.06221787682,-18.39229123981,
    2.776521212701E+03));
#10551 = CARTESIAN_POINT('',(478.96800432302,-18.44837554075,
    2.776527884655E+03));
#10552 = CARTESIAN_POINT('',(478.87305865064,-18.50200631481,
    2.776535265038E+03));
#10553 = CARTESIAN_POINT('',(478.77742552599,-18.55325866818,
    2.776543219756E+03));
#10554 = CARTESIAN_POINT('',(478.68111058736,-18.6021936541,
    2.776551626818E+03));
#10555 = CARTESIAN_POINT('',(478.58408956954,-18.64885189718,
    2.776560371729E+03));
#10556 = CARTESIAN_POINT('',(478.25772630567,-18.79704341178,
    2.776590317408E+03));
#10557 = CARTESIAN_POINT('',(478.02768109104,-18.88726560819,
    2.776612284533E+03));
#10558 = CARTESIAN_POINT('',(477.79447372362,-18.96518133319,
    2.776633882239E+03));
#10559 = CARTESIAN_POINT('',(477.55657631749,-19.03043093478,
    2.776653912423E+03));
#10560 = CARTESIAN_POINT('',(477.31351799684,-19.08114728576,
    2.776670739494E+03));
#10561 = CARTESIAN_POINT('',(477.06595908718,-19.11401499306,
    2.776682151076E+03));
#10562 = CARTESIAN_POINT('',(476.81521554316,-19.12427732783,
    2.776685424376E+03));
#10563 = CARTESIAN_POINT('',(476.50981843029,-19.10099724087,
    2.776677678037E+03));
#10564 = CARTESIAN_POINT('',(476.45667795114,-19.09564955417,
    2.776675904843E+03));
#10565 = CARTESIAN_POINT('',(476.40346386053,-19.08893060525,
    2.776673688711E+03));
#10566 = CARTESIAN_POINT('',(476.35021496028,-19.080773625,
    2.776671018156E+03));
#10567 = CARTESIAN_POINT('',(476.2969678349,-19.07111034947,
    2.776667885717E+03));
#10568 = CARTESIAN_POINT('',(476.24375696927,-19.05987062538,
    2.776664288742E+03));
#10569 = CARTESIAN_POINT('',(476.19061486627,-19.04698201559,
    2.776660230167E+03));
#10570 = CARTESIAN_POINT('',(476.10653896567,-19.02382014052,
    2.776653080166E+03));
#10571 = CARTESIAN_POINT('',(476.07554492193,-19.01468215391,
    2.776650286689E+03));
#10572 = CARTESIAN_POINT('',(476.04460338804,-19.00494273817,
    2.776647341382E+03));
#10573 = CARTESIAN_POINT('',(476.0137272389,-18.99458957917,
    2.776644247768E+03));
#10574 = CARTESIAN_POINT('',(475.98292886946,-18.98361075524,
    2.776641010382E+03));
#10575 = CARTESIAN_POINT('',(475.95222019479,-18.97199473712,
    2.77663763477E+03));
#10576 = CARTESIAN_POINT('',(475.92161265001,-18.95973038797,
    2.776634127485E+03));
#10577 = CARTESIAN_POINT('',(475.81939696952,-18.91641323029,
    2.776621955668E+03));
#10578 = CARTESIAN_POINT('',(475.74826947299,-18.88236247236,
    2.776612725698E+03));
#10579 = CARTESIAN_POINT('',(475.67796441359,-18.84454613076,
    2.776602914662E+03));
#10580 = CARTESIAN_POINT('',(475.60869147684,-18.80289000783,
    2.7765926681E+03));
#10581 = CARTESIAN_POINT('',(475.54064488298,-18.75735772424,
    2.776582168474E+03));
#10582 = CARTESIAN_POINT('',(475.47400754934,-18.707955131,
    2.776571631608E+03));
#10583 = CARTESIAN_POINT('',(475.40895485301,-18.65473567663,
    2.776561299739E+03));
#10584 = CARTESIAN_POINT('',(475.29727218528,-18.55428872258,
    2.776543887337E+03));
#10585 = CARTESIAN_POINT('',(475.24992995637,-18.50861888516,
    2.776536617026E+03));
#10586 = CARTESIAN_POINT('',(475.20369309113,-18.46083598587,
    2.776529733004E+03));
#10587 = CARTESIAN_POINT('',(475.15862203856,-18.4109927749,
    2.7765233537E+03));
#10588 = CARTESIAN_POINT('',(475.11477592177,-18.35915611036,
    2.776517600534E+03));
#10589 = CARTESIAN_POINT('',(475.07221254715,-18.30540708468,
    2.776512595281E+03));
#10590 = CARTESIAN_POINT('',(475.03098841361,-18.24984115118,
    2.776508457426E+03));
#10591 = CARTESIAN_POINT('',(474.93708762349,-18.11481699261,
    2.776501017195E+03));
#10592 = CARTESIAN_POINT('',(474.88557164539,-18.0338986807,
    2.776498541306E+03));
#10593 = CARTESIAN_POINT('',(474.83671541392,-17.95003404852,
    2.776498159033E+03));
#10594 = CARTESIAN_POINT('',(474.79062081203,-17.86347144676,
    2.77650014463E+03));
#10595 = CARTESIAN_POINT('',(474.74738735366,-17.77448280253,
    2.776504753876E+03));
#10596 = CARTESIAN_POINT('',(474.70711220643,-17.68335971306,
    2.776512217927E+03));
#10597 = CARTESIAN_POINT('',(474.66988986241,-17.59040967335,
    2.776522738592E+03));
#10598 = CARTESIAN_POINT('',(474.61740173105,-17.44492505561,
    2.776543911062E+03));
#10599 = CARTESIAN_POINT('',(474.59990853307,-17.39345507188,
    2.776552278893E+03));
#10600 = CARTESIAN_POINT('',(474.58334806444,-17.34159751957,
    2.776561614659E+03));
#10601 = CARTESIAN_POINT('',(474.56773556611,-17.28940795614,
    2.776571941355E+03));
#10602 = CARTESIAN_POINT('',(474.55308537745,-17.23694236873,
    2.77658327869E+03));
#10603 = CARTESIAN_POINT('',(474.53941099512,-17.18425707915,
    2.776595642977E+03));
#10604 = CARTESIAN_POINT('',(474.52672513187,-17.13140864878,
    2.776609047012E+03));
#10605 = CARTESIAN_POINT('',(474.51503977538,-17.07845378353,
    2.776623499952E+03));
#10606 = PCURVE('',#9763,#10607);
#10607 = DEFINITIONAL_REPRESENTATION('',(#10608),#10765);
#10608 = B_SPLINE_CURVE_WITH_KNOTS('',8,(#10609,#10610,#10611,#10612,
    #10613,#10614,#10615,#10616,#10617,#10618,#10619,#10620,#10621,
    #10622,#10623,#10624,#10625,#10626,#10627,#10628,#10629,#10630,
    #10631,#10632,#10633,#10634,#10635,#10636,#10637,#10638,#10639,
    #10640,#10641,#10642,#10643,#10644,#10645,#10646,#10647,#10648,
    #10649,#10650,#10651,#10652,#10653,#10654,#10655,#10656,#10657,
    #10658,#10659,#10660,#10661,#10662,#10663,#10664,#10665,#10666,
    #10667,#10668,#10669,#10670,#10671,#10672,#10673,#10674,#10675,
    #10676,#10677,#10678,#10679,#10680,#10681,#10682,#10683,#10684,
    #10685,#10686,#10687,#10688,#10689,#10690,#10691,#10692,#10693,
    #10694,#10695,#10696,#10697,#10698,#10699,#10700,#10701,#10702,
    #10703,#10704,#10705,#10706,#10707,#10708,#10709,#10710,#10711,
    #10712,#10713,#10714,#10715,#10716,#10717,#10718,#10719,#10720,
    #10721,#10722,#10723,#10724,#10725,#10726,#10727,#10728,#10729,
    #10730,#10731,#10732,#10733,#10734,#10735,#10736,#10737,#10738,
    #10739,#10740,#10741,#10742,#10743,#10744,#10745,#10746,#10747,
    #10748,#10749,#10750,#10751,#10752,#10753,#10754,#10755,#10756,
    #10757,#10758,#10759,#10760,#10761,#10762,#10763,#10764),
  .UNSPECIFIED.,.T.,.F.,(9,7,7,7,7,7,7,7,7,7,7,7,7,7,7,7,7,7,7,7,7,7,9),
  (0.,3.150716346341E-02,5.957606626992E-02,7.384998052059E-02,
    8.839312459024E-02,0.119336756362,0.145601603984,0.181155613884,
    0.195525099595,0.221085354572,0.342301928897,0.457765950939,
    0.506489625631,0.558419843735,0.656973498516,0.710658363884,
    0.836173500108,0.862545475366,0.877974680943,0.914261591961,
    0.942000275199,0.979657133622,1.),.UNSPECIFIED.);
#10609 = CARTESIAN_POINT('',(3.408032850195,377.36503977538));
#10610 = CARTESIAN_POINT('',(3.433140593711,377.34633249986));
#10611 = CARTESIAN_POINT('',(3.45853050581,377.33018614086));
#10612 = CARTESIAN_POINT('',(3.484153922388,377.3166593231));
#10613 = CARTESIAN_POINT('',(3.5099640465,377.30579860469));
#10614 = CARTESIAN_POINT('',(3.535915197823,377.29763884493));
#10615 = CARTESIAN_POINT('',(3.561962062107,377.29220357207));
#10616 = CARTESIAN_POINT('',(3.588058940634,377.28950535109));
#10617 = CARTESIAN_POINT('',(3.63741085544,377.28958249945));
#10618 = CARTESIAN_POINT('',(3.660660017775,377.29179261721));
#10619 = CARTESIAN_POINT('',(3.683873152943,377.29617532502));
#10620 = CARTESIAN_POINT('',(3.707017587836,377.30272251689));
#10621 = CARTESIAN_POINT('',(3.730060874166,377.31141896972));
#10622 = CARTESIAN_POINT('',(3.752970352651,377.32224215234));
#10623 = CARTESIAN_POINT('',(3.775712717206,377.3351620347));
#10624 = CARTESIAN_POINT('',(3.809716311843,377.35775811654));
#10625 = CARTESIAN_POINT('',(3.821128122412,377.36590860037));
#10626 = CARTESIAN_POINT('',(3.832485081383,377.37458784004));
#10627 = CARTESIAN_POINT('',(3.843783345563,377.38379112964));
#10628 = CARTESIAN_POINT('',(3.855019158026,377.39351356573));
#10629 = CARTESIAN_POINT('',(3.866188848111,377.40375004741));
#10630 = CARTESIAN_POINT('',(3.877288831425,377.41449527623));
#10631 = CARTESIAN_POINT('',(3.899550371683,377.43720440141));
#10632 = CARTESIAN_POINT('',(3.910709131192,377.44918753863));
#10633 = CARTESIAN_POINT('',(3.921788216164,377.4616874083));
#10634 = CARTESIAN_POINT('',(3.932784011103,377.47469818943));
#10635 = CARTESIAN_POINT('',(3.943692957226,377.48821399967));
#10636 = CARTESIAN_POINT('',(3.954511552455,377.50222889527));
#10637 = CARTESIAN_POINT('',(3.965236351425,377.51673687116));
#10638 = CARTESIAN_POINT('',(3.998476474469,377.5636368903));
#10639 = CARTESIAN_POINT('',(4.020649852829,377.59774827347));
#10640 = CARTESIAN_POINT('',(4.042350920636,377.63400727193));
#10641 = CARTESIAN_POINT('',(4.063546679561,377.67235473157));
#10642 = CARTESIAN_POINT('',(4.084204366994,377.7127306137));
#10643 = CARTESIAN_POINT('',(4.104291510163,377.7550735261));
#10644 = CARTESIAN_POINT('',(4.123775980254,377.79932025418));
#10645 = CARTESIAN_POINT('',(4.158625917591,377.8845221127));
#10646 = CARTESIAN_POINT('',(4.174172018414,377.92497127036));
#10647 = CARTESIAN_POINT('',(4.189239703413,377.96670085464));
#10648 = CARTESIAN_POINT('',(4.20380644959,378.00965776134));
#10649 = CARTESIAN_POINT('',(4.21785198891,378.05378768504));
#10650 = CARTESIAN_POINT('',(4.23135844068,378.09903511173));
#10651 = CARTESIAN_POINT('',(4.244310443924,378.1453433115));
#10652 = CARTESIAN_POINT('',(4.273460318747,378.25669797171));
#10653 = CARTESIAN_POINT('',(4.289178035236,378.32254845678));
#10654 = CARTESIAN_POINT('',(4.30381092895,378.39002844925));
#10655 = CARTESIAN_POINT('',(4.317334332355,378.45895626913));
#10656 = CARTESIAN_POINT('',(4.329736049959,378.52914227592));
#10657 = CARTESIAN_POINT('',(4.341016078086,378.60038481941));
#10658 = CARTESIAN_POINT('',(4.351186415133,378.67246575882));
#10659 = CARTESIAN_POINT('',(4.363942567013,378.77451976803));
#10660 = CARTESIAN_POINT('',(4.367437453417,378.80399688565));
#10661 = CARTESIAN_POINT('',(4.370757811251,378.8335670759));
#10662 = CARTESIAN_POINT('',(4.373905972797,378.86322009602));
#10663 = CARTESIAN_POINT('',(4.376884412872,378.89294528782));
#10664 = CARTESIAN_POINT('',(4.379695748822,378.92273157767));
#10665 = CARTESIAN_POINT('',(4.382342740531,378.95256747648));
#10666 = CARTESIAN_POINT('',(4.389249554333,379.03557985807));
#10667 = CARTESIAN_POINT('',(4.393158708767,379.08882204024));
#10668 = CARTESIAN_POINT('',(4.396575645018,379.14213654524));
#10669 = CARTESIAN_POINT('',(4.399519982812,379.1954903744));
#10670 = CARTESIAN_POINT('',(4.402011146024,379.24884849234));
#10671 = CARTESIAN_POINT('',(4.404068438398,379.30217370806));
#10672 = CARTESIAN_POINT('',(4.405711119265,379.35542655591));
#10673 = CARTESIAN_POINT('',(4.412873940838,379.66056898386));
#10674 = CARTESIAN_POINT('',(4.409921928969,379.91100041416));
#10675 = CARTESIAN_POINT('',(4.400101333112,380.15828697317));
#10676 = CARTESIAN_POINT('',(4.384947192374,380.40109710354));
#10677 = CARTESIAN_POINT('',(4.365569299391,380.63875458215));
#10678 = CARTESIAN_POINT('',(4.342596638897,380.87170985443));
#10679 = CARTESIAN_POINT('',(4.316209164241,381.10146269187));
#10680 = CARTESIAN_POINT('',(4.257422665795,381.54708649233));
#10681 = CARTESIAN_POINT('',(4.226215217516,381.75668058994));
#10682 = CARTESIAN_POINT('',(4.192287057809,381.96216473953));
#10683 = CARTESIAN_POINT('',(4.155053923643,382.16592405725));
#10684 = CARTESIAN_POINT('',(4.113876606103,382.36817495811));
#10685 = CARTESIAN_POINT('',(4.068154861884,382.56658964374));
#10686 = CARTESIAN_POINT('',(4.017346866094,382.75608918999));
#10687 = CARTESIAN_POINT('',(3.937163755347,383.00107057594));
#10688 = CARTESIAN_POINT('',(3.912183159509,383.07129122632));
#10689 = CARTESIAN_POINT('',(3.88576134903,383.13890388167));
#10690 = CARTESIAN_POINT('',(3.857669621832,383.20327576973));
#10691 = CARTESIAN_POINT('',(3.827708218135,383.26326828407));
#10692 = CARTESIAN_POINT('',(3.795705695473,383.31723087685));
#10693 = CARTESIAN_POINT('',(3.761515467751,383.36299086945));
#10694 = CARTESIAN_POINT('',(3.686101063011,383.43498088743));
#10695 = CARTESIAN_POINT('',(3.645217577692,383.4591010498));
#10696 = CARTESIAN_POINT('',(3.603379346719,383.46667697654));
#10697 = CARTESIAN_POINT('',(3.561498563036,383.45625618975));
#10698 = CARTESIAN_POINT('',(3.520487982695,383.42843185637));
#10699 = CARTESIAN_POINT('',(3.481290869497,383.38584267801));
#10700 = CARTESIAN_POINT('',(3.444945890763,383.33322252401));
#10701 = CARTESIAN_POINT('',(3.351795067869,383.17182198394));
#10702 = CARTESIAN_POINT('',(3.297123392114,383.03979799298));
#10703 = CARTESIAN_POINT('',(3.248259643813,382.89325482305));
#10704 = CARTESIAN_POINT('',(3.204567927303,382.74009724352));
#10705 = CARTESIAN_POINT('',(3.165274813799,382.58473664078));
#10706 = CARTESIAN_POINT('',(3.129424202686,382.42809104455));
#10707 = CARTESIAN_POINT('',(3.095896006523,382.26767117586));
#10708 = CARTESIAN_POINT('',(3.046126128865,382.00560649332));
#10709 = CARTESIAN_POINT('',(3.029298881141,381.91221787682));
#10710 = CARTESIAN_POINT('',(3.013166858644,381.81800432302));
#10711 = CARTESIAN_POINT('',(2.997704314079,381.72305865064));
#10712 = CARTESIAN_POINT('',(2.9828894488,381.62742552599));
#10713 = CARTESIAN_POINT('',(2.968705904136,381.53111058736));
#10714 = CARTESIAN_POINT('',(2.955144252713,381.43408956954));
#10715 = CARTESIAN_POINT('',(2.911948005088,381.10772630567));
#10716 = CARTESIAN_POINT('',(2.885437875095,380.87768109104));
#10717 = CARTESIAN_POINT('',(2.862352427705,380.64447372362));
#10718 = CARTESIAN_POINT('',(2.842863786956,380.40657631749));
#10719 = CARTESIAN_POINT('',(2.827596092477,380.16351799684));
#10720 = CARTESIAN_POINT('',(2.817655890861,379.91595908718));
#10721 = CARTESIAN_POINT('',(2.814578590293,379.66521554316));
#10722 = CARTESIAN_POINT('',(2.821588601845,379.35981843029));
#10723 = CARTESIAN_POINT('',(2.823198310822,379.30667795114));
#10724 = CARTESIAN_POINT('',(2.825219738381,379.25346386053));
#10725 = CARTESIAN_POINT('',(2.827672021563,379.20021496028));
#10726 = CARTESIAN_POINT('',(2.830574359448,379.1469678349));
#10727 = CARTESIAN_POINT('',(2.833946087576,379.09375696927));
#10728 = CARTESIAN_POINT('',(2.837806752365,379.04061486627));
#10729 = CARTESIAN_POINT('',(2.844732569046,378.95653896567));
#10730 = CARTESIAN_POINT('',(2.847462689392,378.92554492193));
#10731 = CARTESIAN_POINT('',(2.85036981607,378.89460338804));
#10732 = CARTESIAN_POINT('',(2.853457053088,378.8637272389));
#10733 = CARTESIAN_POINT('',(2.856727338967,378.83292886946));
#10734 = CARTESIAN_POINT('',(2.860183446736,378.80222019479));
#10735 = CARTESIAN_POINT('',(2.863827983937,378.77161265001));
#10736 = CARTESIAN_POINT('',(2.876683632391,378.66939696952));
#10737 = CARTESIAN_POINT('',(2.886763064306,378.59826947299));
#10738 = CARTESIAN_POINT('',(2.897924326345,378.52796441359));
#10739 = CARTESIAN_POINT('',(2.910178731893,378.45869147684));
#10740 = CARTESIAN_POINT('',(2.923526159309,378.39064488298));
#10741 = CARTESIAN_POINT('',(2.937954857473,378.32400754934));
#10742 = CARTESIAN_POINT('',(2.953441167333,378.25895485301));
#10743 = CARTESIAN_POINT('',(2.982568309175,378.14727218528));
#10744 = CARTESIAN_POINT('',(2.995779908474,378.09992995637));
#10745 = CARTESIAN_POINT('',(3.009570532085,378.05369309113));
#10746 = CARTESIAN_POINT('',(3.023923868777,378.00862203856));
#10747 = CARTESIAN_POINT('',(3.038820868557,377.96477592177));
#10748 = CARTESIAN_POINT('',(3.054239889901,377.92221254715));
#10749 = CARTESIAN_POINT('',(3.070156846984,377.88098841361));
#10750 = CARTESIAN_POINT('',(3.108793702015,377.78708762349));
#10751 = CARTESIAN_POINT('',(3.131917123411,377.73557164539));
#10752 = CARTESIAN_POINT('',(3.155864935875,377.68671541392));
#10753 = CARTESIAN_POINT('',(3.180584323878,377.64062081203));
#10754 = CARTESIAN_POINT('',(3.206021677168,377.59738735366));
#10755 = CARTESIAN_POINT('',(3.232123469183,377.55711220643));
#10756 = CARTESIAN_POINT('',(3.258836678281,377.51988986241));
#10757 = CARTESIAN_POINT('',(3.300841583226,377.46740173105));
#10758 = CARTESIAN_POINT('',(3.315738306903,377.44990853307));
#10759 = CARTESIAN_POINT('',(3.330789306767,377.43334806444));
#10760 = CARTESIAN_POINT('',(3.345985153293,377.41773556611));
#10761 = CARTESIAN_POINT('',(3.361316566098,377.40308537745));
#10762 = CARTESIAN_POINT('',(3.376774376546,377.38941099512));
#10763 = CARTESIAN_POINT('',(3.392349490353,377.37672513187));
#10764 = CARTESIAN_POINT('',(3.408032850195,377.36503977538));
#10765 = ( GEOMETRIC_REPRESENTATION_CONTEXT(2) 
PARAMETRIC_REPRESENTATION_CONTEXT() REPRESENTATION_CONTEXT('2D SPACE',''
  ) );
#10766 = PCURVE('',#10767,#10772);
#10767 = CYLINDRICAL_SURFACE('',#10768,2.5);
#10768 = AXIS2_PLACEMENT_3D('',#10769,#10770,#10771);
#10769 = CARTESIAN_POINT('',(475.,-18.,2.78E+03));
#10770 = DIRECTION('',(0.584338839953,0.369056109444,-0.722734880994));
#10771 = DIRECTION('',(-0.777630026941,-2.775557561563E-17,
    -0.628722149442));
#10772 = DEFINITIONAL_REPRESENTATION('',(#10773),#10930);
#10773 = B_SPLINE_CURVE_WITH_KNOTS('',8,(#10774,#10775,#10776,#10777,
    #10778,#10779,#10780,#10781,#10782,#10783,#10784,#10785,#10786,
    #10787,#10788,#10789,#10790,#10791,#10792,#10793,#10794,#10795,
    #10796,#10797,#10798,#10799,#10800,#10801,#10802,#10803,#10804,
    #10805,#10806,#10807,#10808,#10809,#10810,#10811,#10812,#10813,
    #10814,#10815,#10816,#10817,#10818,#10819,#10820,#10821,#10822,
    #10823,#10824,#10825,#10826,#10827,#10828,#10829,#10830,#10831,
    #10832,#10833,#10834,#10835,#10836,#10837,#10838,#10839,#10840,
    #10841,#10842,#10843,#10844,#10845,#10846,#10847,#10848,#10849,
    #10850,#10851,#10852,#10853,#10854,#10855,#10856,#10857,#10858,
    #10859,#10860,#10861,#10862,#10863,#10864,#10865,#10866,#10867,
    #10868,#10869,#10870,#10871,#10872,#10873,#10874,#10875,#10876,
    #10877,#10878,#10879,#10880,#10881,#10882,#10883,#10884,#10885,
    #10886,#10887,#10888,#10889,#10890,#10891,#10892,#10893,#10894,
    #10895,#10896,#10897,#10898,#10899,#10900,#10901,#10902,#10903,
    #10904,#10905,#10906,#10907,#10908,#10909,#10910,#10911,#10912,
    #10913,#10914,#10915,#10916,#10917,#10918,#10919,#10920,#10921,
    #10922,#10923,#10924,#10925,#10926,#10927,#10928,#10929),
  .UNSPECIFIED.,.F.,.F.,(9,7,7,7,7,7,7,7,7,7,7,7,7,7,7,7,7,7,7,7,7,7,9),
  (0.,3.150716346341E-02,5.957606626992E-02,7.384998052059E-02,
    8.839312459024E-02,0.119336756362,0.145601603984,0.181155613884,
    0.195525099595,0.221085354572,0.342301928897,0.457765950939,
    0.506489625631,0.558419843735,0.656973498516,0.710658363884,
    0.836173500108,0.862545475366,0.877974680943,0.914261591961,
    0.942000275199,0.979657133622,1.),.UNSPECIFIED.);
#10774 = CARTESIAN_POINT('',(-8.881784197001E-16,2.49703552627));
#10775 = CARTESIAN_POINT('',(3.59091007176E-02,2.500668748323));
#10776 = CARTESIAN_POINT('',(7.199697017639E-02,2.503958888399));
#10777 = CARTESIAN_POINT('',(0.108231001485,2.506819313312));
#10778 = CARTESIAN_POINT('',(0.144581589008,2.509179087375));
#10779 = CARTESIAN_POINT('',(0.181020965651,2.510983804861));
#10780 = CARTESIAN_POINT('',(0.217522040147,2.512196422462));
#10781 = CARTESIAN_POINT('',(0.254057234337,2.512798091743));
#10782 = CARTESIAN_POINT('',(0.323149921615,2.51278088453));
#10783 = CARTESIAN_POINT('',(0.355699132795,2.51228801121));
#10784 = CARTESIAN_POINT('',(0.38822399845,2.511310526973));
#10785 = CARTESIAN_POINT('',(0.420704514963,2.509860533639));
#10786 = CARTESIAN_POINT('',(0.453120958859,2.507961654368));
#10787 = CARTESIAN_POINT('',(0.485453215,2.505648608506));
#10788 = CARTESIAN_POINT('',(0.51768010479,2.502966786433));
#10789 = CARTESIAN_POINT('',(0.566101860458,2.498448792634));
#10790 = CARTESIAN_POINT('',(0.582393521002,2.496844574677));
#10791 = CARTESIAN_POINT('',(0.598651529371,2.495166425509));
#10792 = CARTESIAN_POINT('',(0.614873839714,2.493422151642));
#10793 = CARTESIAN_POINT('',(0.631058526967,2.491620111132));
#10794 = CARTESIAN_POINT('',(0.647203786852,2.489769213582));
#10795 = CARTESIAN_POINT('',(0.663307935877,2.48787892014));
#10796 = CARTESIAN_POINT('',(0.695733833004,2.484003358555));
#10797 = CARTESIAN_POINT('',(0.712053946429,2.482016896109));
#10798 = CARTESIAN_POINT('',(0.728328140365,2.480010443225));
#10799 = CARTESIAN_POINT('',(0.744554891911,2.477995029962));
#10800 = CARTESIAN_POINT('',(0.760732766511,2.475982129368));
#10801 = CARTESIAN_POINT('',(0.776860417958,2.473983657483));
#10802 = CARTESIAN_POINT('',(0.792936588392,2.472011973336));
#10803 = CARTESIAN_POINT('',(0.843053554485,2.46596893726));
#10804 = CARTESIAN_POINT('',(0.876909984482,2.462037006859));
#10805 = CARTESIAN_POINT('',(0.910517217752,2.458406394272));
#10806 = CARTESIAN_POINT('',(0.943863775676,2.45520765293));
#10807 = CARTESIAN_POINT('',(0.97693853037,2.4525771357));
#10808 = CARTESIAN_POINT('',(1.009730353497,2.45065454742));
#10809 = CARTESIAN_POINT('',(1.042227765084,2.449580497432));
#10810 = CARTESIAN_POINT('',(1.101742036684,2.449420677627));
#10811 = CARTESIAN_POINT('',(1.128850171033,2.450058696093));
#10812 = CARTESIAN_POINT('',(1.155726789679,2.451493433408));
#10813 = CARTESIAN_POINT('',(1.182357465301,2.453807787676));
#10814 = CARTESIAN_POINT('',(1.208729373156,2.4570805486));
#10815 = CARTESIAN_POINT('',(1.234831125271,2.461384716881));
#10816 = CARTESIAN_POINT('',(1.260652604635,2.466785823612));
#10817 = CARTESIAN_POINT('',(1.320747037041,2.482212797972));
#10818 = CARTESIAN_POINT('',(1.354762612574,2.493194526949));
#10819 = CARTESIAN_POINT('',(1.388193974252,2.506417671741));
#10820 = CARTESIAN_POINT('',(1.421011082096,2.521978982296));
#10821 = CARTESIAN_POINT('',(1.453188738015,2.539932087889));
#10822 = CARTESIAN_POINT('',(1.484704198287,2.560281866358));
#10823 = CARTESIAN_POINT('',(1.515535068423,2.582980818069));
#10824 = CARTESIAN_POINT('',(1.557831734964,2.618009857097));
#10825 = CARTESIAN_POINT('',(1.569892376884,2.628461172155));
#10826 = CARTESIAN_POINT('',(1.581840191406,2.639276927699));
#10827 = CARTESIAN_POINT('',(1.59367583412,2.650451666078));
#10828 = CARTESIAN_POINT('',(1.605399830937,2.661978934065));
#10829 = CARTESIAN_POINT('',(1.617012578095,2.673851282864));
#10830 = CARTESIAN_POINT('',(1.62851434215,2.686060268102));
#10831 = CARTESIAN_POINT('',(1.660167277018,2.720895647454));
#10832 = CARTESIAN_POINT('',(1.680072545043,2.744223504597));
#10833 = CARTESIAN_POINT('',(1.699635953549,2.768541113711));
#10834 = CARTESIAN_POINT('',(1.718870586636,2.79380474007));
#10835 = CARTESIAN_POINT('',(1.737787826761,2.819966176046));
#10836 = CARTESIAN_POINT('',(1.756397458482,2.846973095398));
#10837 = CARTESIAN_POINT('',(1.774707772204,2.874769407546));
#10838 = CARTESIAN_POINT('',(1.87817346955,3.038577860319));
#10839 = CARTESIAN_POINT('',(1.957382565173,3.190810264325));
#10840 = CARTESIAN_POINT('',(2.0319830081,3.355445104747));
#10841 = CARTESIAN_POINT('',(2.103069632551,3.527987744306));
#10842 = CARTESIAN_POINT('',(2.171590334236,3.705215973023));
#10843 = CARTESIAN_POINT('',(2.238499594935,3.88551568571));
#10844 = CARTESIAN_POINT('',(2.304935042838,4.068752983969));
#10845 = CARTESIAN_POINT('',(2.436468789439,4.433146621179));
#10846 = CARTESIAN_POINT('',(2.499586804153,4.608740567126));
#10847 = CARTESIAN_POINT('',(2.563401588122,4.783949224885));
#10848 = CARTESIAN_POINT('',(2.629340187911,4.960290718048));
#10849 = CARTESIAN_POINT('',(2.698570049125,5.137608640394));
#10850 = CARTESIAN_POINT('',(2.772027346977,5.313528167444));
#10851 = CARTESIAN_POINT('',(2.850547555812,5.483074791245));
#10852 = CARTESIAN_POINT('',(2.970605324444,5.703729529371));
#10853 = CARTESIAN_POINT('',(3.00757330989,5.767179592458));
#10854 = CARTESIAN_POINT('',(3.046259167564,5.828448884809));
#10855 = CARTESIAN_POINT('',(3.086985911597,5.886937235728));
#10856 = CARTESIAN_POINT('',(3.130029785688,5.941578046565));
#10857 = CARTESIAN_POINT('',(3.175633608289,5.990826197458));
#10858 = CARTESIAN_POINT('',(3.224025504483,6.032650347093));
#10859 = CARTESIAN_POINT('',(3.330244372092,6.098506904326));
#10860 = CARTESIAN_POINT('',(3.387559452334,6.12061426908));
#10861 = CARTESIAN_POINT('',(3.446037967678,6.127577376281));
#10862 = CARTESIAN_POINT('',(3.504557288071,6.118017144402));
#10863 = CARTESIAN_POINT('',(3.562014716669,6.092492449453));
#10864 = CARTESIAN_POINT('',(3.617230896694,6.053493630006));
#10865 = CARTESIAN_POINT('',(3.668800670322,6.0054312344));
#10866 = CARTESIAN_POINT('',(3.801888448774,5.858318749798));
#10867 = CARTESIAN_POINT('',(3.881288737361,5.738345234442));
#10868 = CARTESIAN_POINT('',(3.953855128131,5.605839693958));
#10869 = CARTESIAN_POINT('',(4.020450056693,5.468284428627));
#10870 = CARTESIAN_POINT('',(4.082065711379,5.329784264374));
#10871 = CARTESIAN_POINT('',(4.14002969612,5.191252830745));
#10872 = CARTESIAN_POINT('',(4.196113592,5.050607578481));
#10873 = CARTESIAN_POINT('',(4.283273775588,4.823581067557));
#10874 = CARTESIAN_POINT('',(4.313523946194,4.743175127854));
#10875 = CARTESIAN_POINT('',(4.343358371261,4.662602181221));
#10876 = CARTESIAN_POINT('',(4.372848793135,4.581994911759));
#10877 = CARTESIAN_POINT('',(4.402068936254,4.50144861677));
#10878 = CARTESIAN_POINT('',(4.431094696523,4.421032224778));
#10879 = CARTESIAN_POINT('',(4.460004330691,4.340799313552));
#10880 = CARTESIAN_POINT('',(4.556386751804,4.073758812336));
#10881 = CARTESIAN_POINT('',(4.622919080137,3.890160997867));
#10882 = CARTESIAN_POINT('',(4.689898266828,3.709524185541));
#10883 = CARTESIAN_POINT('',(4.75847104031,3.531954214738));
#10884 = CARTESIAN_POINT('',(4.829598429525,3.359047107225));
#10885 = CARTESIAN_POINT('',(4.904231980344,3.194011244578));
#10886 = CARTESIAN_POINT('',(4.983472157729,3.04133894743));
#10887 = CARTESIAN_POINT('',(5.086921711038,2.877073760124));
#10888 = CARTESIAN_POINT('',(5.105173862689,2.849276860173));
#10889 = CARTESIAN_POINT('',(5.123723306155,2.822263145184));
#10890 = CARTESIAN_POINT('',(5.142578378094,2.796088231378));
#10891 = CARTESIAN_POINT('',(5.161748893547,2.770804081408));
#10892 = CARTESIAN_POINT('',(5.181246248503,2.746458653908));
#10893 = CARTESIAN_POINT('',(5.201083522465,2.723095553036));
#10894 = CARTESIAN_POINT('',(5.233089160369,2.687682325606));
#10895 = CARTESIAN_POINT('',(5.245022241817,2.67496267507));
#10896 = CARTESIAN_POINT('',(5.257074974091,2.662605402445));
#10897 = CARTESIAN_POINT('',(5.269247655958,2.650620028426));
#10898 = CARTESIAN_POINT('',(5.281540736223,2.639014918375));
#10899 = CARTESIAN_POINT('',(5.293954813725,2.627797282318));
#10900 = CARTESIAN_POINT('',(5.306490637344,2.616973174949));
#10901 = CARTESIAN_POINT('',(5.34891970715,2.582028041524));
#10902 = CARTESIAN_POINT('',(5.379380011208,2.55970294393));
#10903 = CARTESIAN_POINT('',(5.410507149845,2.53966809728));
#10904 = CARTESIAN_POINT('',(5.442279537726,2.521968223779));
#10905 = CARTESIAN_POINT('',(5.474675160391,2.506598369817));
#10906 = CARTESIAN_POINT('',(5.507669594778,2.493507276897));
#10907 = CARTESIAN_POINT('',(5.541233762359,2.482602627075));
#10908 = CARTESIAN_POINT('',(5.601396570531,2.466997218492));
#10909 = CARTESIAN_POINT('',(5.627764028075,2.461442555477));
#10910 = CARTESIAN_POINT('',(5.654424249849,2.45703445263));
#10911 = CARTESIAN_POINT('',(5.681366507712,2.453703173662));
#10912 = CARTESIAN_POINT('',(5.708578698685,2.451370836073));
#10913 = CARTESIAN_POINT('',(5.736047160568,2.449953279979));
#10914 = CARTESIAN_POINT('',(5.763756487562,2.449361936932));
#10915 = CARTESIAN_POINT('',(5.829609808156,2.449700863685));
#10916 = CARTESIAN_POINT('',(5.867952512414,2.45125088506));
#10917 = CARTESIAN_POINT('',(5.906699283684,2.453929328544));
#10918 = CARTESIAN_POINT('',(5.945831520979,2.457505858904));
#10919 = CARTESIAN_POINT('',(5.98533065341,2.461753410295));
#10920 = CARTESIAN_POINT('',(6.025178413046,2.466454080229));
#10921 = CARTESIAN_POINT('',(6.065356924497,2.471403747269));
#10922 = CARTESIAN_POINT('',(6.127722899417,2.479122797952));
#10923 = CARTESIAN_POINT('',(6.149689760884,2.481848432022));
#10924 = CARTESIAN_POINT('',(6.171744431889,2.484562569112));
#10925 = CARTESIAN_POINT('',(6.193882446996,2.487236994253));
#10926 = CARTESIAN_POINT('',(6.216099571703,2.48984517804));
#10927 = CARTESIAN_POINT('',(6.238391735048,2.492362431661));
#10928 = CARTESIAN_POINT('',(6.260754962222,2.49476606192));
#10929 = CARTESIAN_POINT('',(6.28318530718,2.49703552627));
#10930 = ( GEOMETRIC_REPRESENTATION_CONTEXT(2) 
PARAMETRIC_REPRESENTATION_CONTEXT() REPRESENTATION_CONTEXT('2D SPACE',''
  ) );
#10931 = ADVANCED_FACE('',(#10932),#9884,.F.);
#10932 = FACE_BOUND('',#10933,.F.);
#10933 = EDGE_LOOP('',(#10934,#10935,#10936));
#10934 = ORIENTED_EDGE('',*,*,#9974,.T.);
#10935 = ORIENTED_EDGE('',*,*,#9951,.T.);
#10936 = ORIENTED_EDGE('',*,*,#9871,.T.);
#10937 = ADVANCED_FACE('',(#10938,#10941),#9938,.T.);
#10938 = FACE_BOUND('',#10939,.T.);
#10939 = EDGE_LOOP('',(#10940));
#10940 = ORIENTED_EDGE('',*,*,#9923,.T.);
#10941 = FACE_BOUND('',#10942,.T.);
#10942 = EDGE_LOOP('',(#10943,#10978,#11004));
#10943 = ORIENTED_EDGE('',*,*,#10944,.F.);
#10944 = EDGE_CURVE('',#10945,#10947,#10949,.T.);
#10945 = VERTEX_POINT('',#10946);
#10946 = CARTESIAN_POINT('',(557.15,-16.5,2.778E+03));
#10947 = VERTEX_POINT('',#10948);
#10948 = CARTESIAN_POINT('',(557.15,-15.25385318781,2.780352672964E+03)
  );
#10949 = SURFACE_CURVE('',#10950,(#10955,#10962),.PCURVE_S1.);
#10950 = ELLIPSE('',#10951,2.875359302018,2.5);
#10951 = AXIS2_PLACEMENT_3D('',#10952,#10953,#10954);
#10952 = CARTESIAN_POINT('',(557.15,-18.,2.78E+03));
#10953 = DIRECTION('',(1.,0.,0.));
#10954 = DIRECTION('',(-0.,0.8,0.6));
#10955 = PCURVE('',#9938,#10956);
#10956 = DEFINITIONAL_REPRESENTATION('',(#10957),#10961);
#10957 = ELLIPSE('',#10958,2.875359302018,2.5);
#10958 = AXIS2_PLACEMENT_2D('',#10959,#10960);
#10959 = CARTESIAN_POINT('',(0.,0.));
#10960 = DIRECTION('',(0.6,-0.8));
#10961 = ( GEOMETRIC_REPRESENTATION_CONTEXT(2) 
PARAMETRIC_REPRESENTATION_CONTEXT() REPRESENTATION_CONTEXT('2D SPACE',''
  ) );
#10962 = PCURVE('',#10963,#10968);
#10963 = CYLINDRICAL_SURFACE('',#10964,2.5);
#10964 = AXIS2_PLACEMENT_3D('',#10965,#10966,#10967);
#10965 = CARTESIAN_POINT('',(557.15,-18.,2.78E+03));
#10966 = DIRECTION('',(0.869456557393,0.395207526088,0.296405644566));
#10967 = DIRECTION('',(-0.413802944301,0.910366477463,
    -1.387778780781E-17));
#10968 = DEFINITIONAL_REPRESENTATION('',(#10969),#10977);
#10969 = B_SPLINE_CURVE_WITH_KNOTS('',6,(#10970,#10971,#10972,#10973,
    #10974,#10975,#10976),.UNSPECIFIED.,.F.,.F.,(7,7),(4.712387290785,
    5.705340548549),.PIECEWISE_BEZIER_KNOTS.);
#10970 = CARTESIAN_POINT('',(5.290232049415,-2.399999857516E-06));
#10971 = CARTESIAN_POINT('',(5.455724259043,0.235071761402));
#10972 = CARTESIAN_POINT('',(5.621216468669,0.470144616783));
#10973 = CARTESIAN_POINT('',(5.786708678298,0.693637735908));
#10974 = CARTESIAN_POINT('',(5.952200887924,0.89392502203));
#10975 = CARTESIAN_POINT('',(6.117693097552,1.061429963344));
#10976 = CARTESIAN_POINT('',(6.28318530718,1.189832145099));
#10977 = ( GEOMETRIC_REPRESENTATION_CONTEXT(2) 
PARAMETRIC_REPRESENTATION_CONTEXT() REPRESENTATION_CONTEXT('2D SPACE',''
  ) );
#10978 = ORIENTED_EDGE('',*,*,#10979,.T.);
#10979 = EDGE_CURVE('',#10945,#10980,#10982,.T.);
#10980 = VERTEX_POINT('',#10981);
#10981 = CARTESIAN_POINT('',(557.15,-19.5,2.782E+03));
#10982 = SURFACE_CURVE('',#10983,(#10987,#10993),.PCURVE_S1.);
#10983 = LINE('',#10984,#10985);
#10984 = CARTESIAN_POINT('',(557.15,-18.,2.78E+03));
#10985 = VECTOR('',#10986,1.);
#10986 = DIRECTION('',(0.,-0.6,0.8));
#10987 = PCURVE('',#9938,#10988);
#10988 = DEFINITIONAL_REPRESENTATION('',(#10989),#10992);
#10989 = B_SPLINE_CURVE_WITH_KNOTS('',1,(#10990,#10991),.UNSPECIFIED.,
  .F.,.F.,(2,2),(-2.984569191767,2.984569191767),
  .PIECEWISE_BEZIER_KNOTS.);
#10990 = CARTESIAN_POINT('',(-2.387655353414,-1.79074151506));
#10991 = CARTESIAN_POINT('',(2.387655353414,1.79074151506));
#10992 = ( GEOMETRIC_REPRESENTATION_CONTEXT(2) 
PARAMETRIC_REPRESENTATION_CONTEXT() REPRESENTATION_CONTEXT('2D SPACE',''
  ) );
#10993 = PCURVE('',#10994,#10999);
#10994 = PLANE('',#10995);
#10995 = AXIS2_PLACEMENT_3D('',#10996,#10997,#10998);
#10996 = CARTESIAN_POINT('',(557.15,-18.,2.78E+03));
#10997 = DIRECTION('',(0.869456557393,0.395207526088,0.296405644566));
#10998 = DIRECTION('',(-0.413802944301,0.910366477463,
    -1.387778780781E-17));
#10999 = DEFINITIONAL_REPRESENTATION('',(#11000),#11003);
#11000 = B_SPLINE_CURVE_WITH_KNOTS('',1,(#11001,#11002),.UNSPECIFIED.,
  .F.,.F.,(2,2),(-2.984569191767,2.984569191767),
  .PIECEWISE_BEZIER_KNOTS.);
#11001 = CARTESIAN_POINT('',(1.630231045111,-2.5));
#11002 = CARTESIAN_POINT('',(-1.630231045111,2.5));
#11003 = ( GEOMETRIC_REPRESENTATION_CONTEXT(2) 
PARAMETRIC_REPRESENTATION_CONTEXT() REPRESENTATION_CONTEXT('2D SPACE',''
  ) );
#11004 = ORIENTED_EDGE('',*,*,#11005,.F.);
#11005 = EDGE_CURVE('',#10947,#10980,#11006,.T.);
#11006 = SURFACE_CURVE('',#11007,(#11012,#11019),.PCURVE_S1.);
#11007 = ELLIPSE('',#11008,2.875359302018,2.5);
#11008 = AXIS2_PLACEMENT_3D('',#11009,#11010,#11011);
#11009 = CARTESIAN_POINT('',(557.15,-18.,2.78E+03));
#11010 = DIRECTION('',(1.,0.,0.));
#11011 = DIRECTION('',(-0.,0.8,0.6));
#11012 = PCURVE('',#9938,#11013);
#11013 = DEFINITIONAL_REPRESENTATION('',(#11014),#11018);
#11014 = ELLIPSE('',#11015,2.875359302018,2.5);
#11015 = AXIS2_PLACEMENT_2D('',#11016,#11017);
#11016 = CARTESIAN_POINT('',(0.,0.));
#11017 = DIRECTION('',(0.6,-0.8));
#11018 = ( GEOMETRIC_REPRESENTATION_CONTEXT(2) 
PARAMETRIC_REPRESENTATION_CONTEXT() REPRESENTATION_CONTEXT('2D SPACE',''
  ) );
#11019 = PCURVE('',#10963,#11020);
#11020 = DEFINITIONAL_REPRESENTATION('',(#11021),#11031);
#11021 = B_SPLINE_CURVE_WITH_KNOTS('',8,(#11022,#11023,#11024,#11025,
    #11026,#11027,#11028,#11029,#11030),.UNSPECIFIED.,.F.,.F.,(9,9),(
    5.705340548549,7.853983323574),.PIECEWISE_BEZIER_KNOTS.);
#11022 = CARTESIAN_POINT('',(0.,1.189832145099));
#11023 = CARTESIAN_POINT('',(0.268580346878,1.398218404448));
#11024 = CARTESIAN_POINT('',(0.537160693754,1.508513746506));
#11025 = CARTESIAN_POINT('',(0.805741040639,1.497817468913));
#11026 = CARTESIAN_POINT('',(1.074321387506,1.358297869343));
#11027 = CARTESIAN_POINT('',(1.342901734394,1.102576310093));
#11028 = CARTESIAN_POINT('',(1.611482081268,0.763010936621));
#11029 = CARTESIAN_POINT('',(1.880062428147,0.381503774542));
#11030 = CARTESIAN_POINT('',(2.148642775026,-2.399999857516E-06));
#11031 = ( GEOMETRIC_REPRESENTATION_CONTEXT(2) 
PARAMETRIC_REPRESENTATION_CONTEXT() REPRESENTATION_CONTEXT('2D SPACE',''
  ) );
#11032 = ADVANCED_FACE('',(#11033),#10292,.T.);
#11033 = FACE_BOUND('',#11034,.T.);
#11034 = EDGE_LOOP('',(#11035,#11058,#11085,#11086));
#11035 = ORIENTED_EDGE('',*,*,#11036,.T.);
#11036 = EDGE_CURVE('',#9999,#11037,#11039,.T.);
#11037 = VERTEX_POINT('',#11038);
#11038 = CARTESIAN_POINT('',(306.67241182905,-8.,2.755641764634E+03));
#11039 = SEAM_CURVE('',#11040,(#11044,#11051),.PCURVE_S1.);
#11040 = LINE('',#11041,#11042);
#11041 = CARTESIAN_POINT('',(331.67241182905,-18.,2.778141764634E+03));
#11042 = VECTOR('',#11043,1.);
#11043 = DIRECTION('',(-0.712470499879,0.284988199952,-0.641223449891));
#11044 = PCURVE('',#10292,#11045);
#11045 = DEFINITIONAL_REPRESENTATION('',(#11046),#11050);
#11046 = LINE('',#11047,#11048);
#11047 = CARTESIAN_POINT('',(6.28318530718,-0.));
#11048 = VECTOR('',#11049,1.);
#11049 = DIRECTION('',(0.,1.));
#11050 = ( GEOMETRIC_REPRESENTATION_CONTEXT(2) 
PARAMETRIC_REPRESENTATION_CONTEXT() REPRESENTATION_CONTEXT('2D SPACE',''
  ) );
#11051 = PCURVE('',#10292,#11052);
#11052 = DEFINITIONAL_REPRESENTATION('',(#11053),#11057);
#11053 = LINE('',#11054,#11055);
#11054 = CARTESIAN_POINT('',(0.,-0.));
#11055 = VECTOR('',#11056,1.);
#11056 = DIRECTION('',(0.,1.));
#11057 = ( GEOMETRIC_REPRESENTATION_CONTEXT(2) 
PARAMETRIC_REPRESENTATION_CONTEXT() REPRESENTATION_CONTEXT('2D SPACE',''
  ) );
#11058 = ORIENTED_EDGE('',*,*,#11059,.F.);
#11059 = EDGE_CURVE('',#11037,#11037,#11060,.T.);
#11060 = SURFACE_CURVE('',#11061,(#11066,#11073),.PCURVE_S1.);
#11061 = CIRCLE('',#11062,2.5);
#11062 = AXIS2_PLACEMENT_3D('',#11063,#11064,#11065);
#11063 = CARTESIAN_POINT('',(305.,-8.,2.7575E+03));
#11064 = DIRECTION('',(-0.712470499879,0.284988199952,-0.641223449891));
#11065 = DIRECTION('',(0.668964731622,0.,-0.743294146247));
#11066 = PCURVE('',#10292,#11067);
#11067 = DEFINITIONAL_REPRESENTATION('',(#11068),#11072);
#11068 = LINE('',#11069,#11070);
#11069 = CARTESIAN_POINT('',(0.,35.089172119046));
#11070 = VECTOR('',#11071,1.);
#11071 = DIRECTION('',(1.,0.));
#11072 = ( GEOMETRIC_REPRESENTATION_CONTEXT(2) 
PARAMETRIC_REPRESENTATION_CONTEXT() REPRESENTATION_CONTEXT('2D SPACE',''
  ) );
#11073 = PCURVE('',#11074,#11079);
#11074 = PLANE('',#11075);
#11075 = AXIS2_PLACEMENT_3D('',#11076,#11077,#11078);
#11076 = CARTESIAN_POINT('',(305.,-8.,2.7575E+03));
#11077 = DIRECTION('',(-0.712470499879,0.284988199952,-0.641223449891));
#11078 = DIRECTION('',(0.668964731622,0.,-0.743294146247));
#11079 = DEFINITIONAL_REPRESENTATION('',(#11080),#11084);
#11080 = CIRCLE('',#11081,2.5);
#11081 = AXIS2_PLACEMENT_2D('',#11082,#11083);
#11082 = CARTESIAN_POINT('',(0.,0.));
#11083 = DIRECTION('',(1.,0.));
#11084 = ( GEOMETRIC_REPRESENTATION_CONTEXT(2) 
PARAMETRIC_REPRESENTATION_CONTEXT() REPRESENTATION_CONTEXT('2D SPACE',''
  ) );
#11085 = ORIENTED_EDGE('',*,*,#11036,.F.);
#11086 = ORIENTED_EDGE('',*,*,#9998,.T.);
#11087 = ADVANCED_FACE('',(#11088),#10767,.T.);
#11088 = FACE_BOUND('',#11089,.T.);
#11089 = EDGE_LOOP('',(#11090,#11113,#11140,#11141));
#11090 = ORIENTED_EDGE('',*,*,#11091,.T.);
#11091 = EDGE_CURVE('',#10446,#11092,#11094,.T.);
#11092 = VERTEX_POINT('',#11093);
#11093 = CARTESIAN_POINT('',(492.05592493264,-6.,2.754928194626E+03));
#11094 = SEAM_CURVE('',#11095,(#11099,#11106),.PCURVE_S1.);
#11095 = LINE('',#11096,#11097);
#11096 = CARTESIAN_POINT('',(473.05592493264,-18.,2.778428194626E+03));
#11097 = VECTOR('',#11098,1.);
#11098 = DIRECTION('',(0.584338839953,0.369056109444,-0.722734880994));
#11099 = PCURVE('',#10767,#11100);
#11100 = DEFINITIONAL_REPRESENTATION('',(#11101),#11105);
#11101 = LINE('',#11102,#11103);
#11102 = CARTESIAN_POINT('',(6.28318530718,-0.));
#11103 = VECTOR('',#11104,1.);
#11104 = DIRECTION('',(0.,1.));
#11105 = ( GEOMETRIC_REPRESENTATION_CONTEXT(2) 
PARAMETRIC_REPRESENTATION_CONTEXT() REPRESENTATION_CONTEXT('2D SPACE',''
  ) );
#11106 = PCURVE('',#10767,#11107);
#11107 = DEFINITIONAL_REPRESENTATION('',(#11108),#11112);
#11108 = LINE('',#11109,#11110);
#11109 = CARTESIAN_POINT('',(0.,-0.));
#11110 = VECTOR('',#11111,1.);
#11111 = DIRECTION('',(0.,1.));
#11112 = ( GEOMETRIC_REPRESENTATION_CONTEXT(2) 
PARAMETRIC_REPRESENTATION_CONTEXT() REPRESENTATION_CONTEXT('2D SPACE',''
  ) );
#11113 = ORIENTED_EDGE('',*,*,#11114,.F.);
#11114 = EDGE_CURVE('',#11092,#11092,#11115,.T.);
#11115 = SURFACE_CURVE('',#11116,(#11121,#11128),.PCURVE_S1.);
#11116 = CIRCLE('',#11117,2.5);
#11117 = AXIS2_PLACEMENT_3D('',#11118,#11119,#11120);
#11118 = CARTESIAN_POINT('',(494.,-6.,2.7565E+03));
#11119 = DIRECTION('',(0.584338839953,0.369056109444,-0.722734880994));
#11120 = DIRECTION('',(-0.777630026941,0.,-0.628722149442));
#11121 = PCURVE('',#10767,#11122);
#11122 = DEFINITIONAL_REPRESENTATION('',(#11123),#11127);
#11123 = LINE('',#11124,#11125);
#11124 = CARTESIAN_POINT('',(0.,32.515380975778));
#11125 = VECTOR('',#11126,1.);
#11126 = DIRECTION('',(1.,0.));
#11127 = ( GEOMETRIC_REPRESENTATION_CONTEXT(2) 
PARAMETRIC_REPRESENTATION_CONTEXT() REPRESENTATION_CONTEXT('2D SPACE',''
  ) );
#11128 = PCURVE('',#11129,#11134);
#11129 = PLANE('',#11130);
#11130 = AXIS2_PLACEMENT_3D('',#11131,#11132,#11133);
#11131 = CARTESIAN_POINT('',(494.,-6.,2.7565E+03));
#11132 = DIRECTION('',(0.584338839953,0.369056109444,-0.722734880994));
#11133 = DIRECTION('',(-0.777630026941,-2.775557561563E-17,
    -0.628722149442));
#11134 = DEFINITIONAL_REPRESENTATION('',(#11135),#11139);
#11135 = CIRCLE('',#11136,2.5);
#11136 = AXIS2_PLACEMENT_2D('',#11137,#11138);
#11137 = CARTESIAN_POINT('',(0.,0.));
#11138 = DIRECTION('',(1.,0.));
#11139 = ( GEOMETRIC_REPRESENTATION_CONTEXT(2) 
PARAMETRIC_REPRESENTATION_CONTEXT() REPRESENTATION_CONTEXT('2D SPACE',''
  ) );
#11140 = ORIENTED_EDGE('',*,*,#11091,.F.);
#11141 = ORIENTED_EDGE('',*,*,#10445,.T.);
#11142 = ADVANCED_FACE('',(#11143),#10963,.T.);
#11143 = FACE_BOUND('',#11144,.T.);
#11144 = EDGE_LOOP('',(#11145,#11168,#11195,#11196,#11197,#11219));
#11145 = ORIENTED_EDGE('',*,*,#11146,.T.);
#11146 = EDGE_CURVE('',#10947,#11147,#11149,.T.);
#11147 = VERTEX_POINT('',#11148);
#11148 = CARTESIAN_POINT('',(578.11549263924,-5.724083806343,2.7875E+03)
  );
#11149 = SEAM_CURVE('',#11150,(#11154,#11161),.PCURVE_S1.);
#11150 = LINE('',#11151,#11152);
#11151 = CARTESIAN_POINT('',(556.11549263924,-15.72408380634,2.78E+03));
#11152 = VECTOR('',#11153,1.);
#11153 = DIRECTION('',(0.869456557393,0.395207526088,0.296405644566));
#11154 = PCURVE('',#10963,#11155);
#11155 = DEFINITIONAL_REPRESENTATION('',(#11156),#11160);
#11156 = LINE('',#11157,#11158);
#11157 = CARTESIAN_POINT('',(6.28318530718,-0.));
#11158 = VECTOR('',#11159,1.);
#11159 = DIRECTION('',(0.,1.));
#11160 = ( GEOMETRIC_REPRESENTATION_CONTEXT(2) 
PARAMETRIC_REPRESENTATION_CONTEXT() REPRESENTATION_CONTEXT('2D SPACE',''
  ) );
#11161 = PCURVE('',#10963,#11162);
#11162 = DEFINITIONAL_REPRESENTATION('',(#11163),#11167);
#11163 = LINE('',#11164,#11165);
#11164 = CARTESIAN_POINT('',(0.,-0.));
#11165 = VECTOR('',#11166,1.);
#11166 = DIRECTION('',(0.,1.));
#11167 = ( GEOMETRIC_REPRESENTATION_CONTEXT(2) 
PARAMETRIC_REPRESENTATION_CONTEXT() REPRESENTATION_CONTEXT('2D SPACE',''
  ) );
#11168 = ORIENTED_EDGE('',*,*,#11169,.F.);
#11169 = EDGE_CURVE('',#11147,#11147,#11170,.T.);
#11170 = SURFACE_CURVE('',#11171,(#11176,#11183),.PCURVE_S1.);
#11171 = CIRCLE('',#11172,2.5);
#11172 = AXIS2_PLACEMENT_3D('',#11173,#11174,#11175);
#11173 = CARTESIAN_POINT('',(579.15,-8.,2.7875E+03));
#11174 = DIRECTION('',(0.869456557393,0.395207526088,0.296405644566));
#11175 = DIRECTION('',(-0.413802944301,0.910366477463,0.));
#11176 = PCURVE('',#10963,#11177);
#11177 = DEFINITIONAL_REPRESENTATION('',(#11178),#11182);
#11178 = LINE('',#11179,#11180);
#11179 = CARTESIAN_POINT('',(0.,25.30316185776));
#11180 = VECTOR('',#11181,1.);
#11181 = DIRECTION('',(1.,0.));
#11182 = ( GEOMETRIC_REPRESENTATION_CONTEXT(2) 
PARAMETRIC_REPRESENTATION_CONTEXT() REPRESENTATION_CONTEXT('2D SPACE',''
  ) );
#11183 = PCURVE('',#11184,#11189);
#11184 = PLANE('',#11185);
#11185 = AXIS2_PLACEMENT_3D('',#11186,#11187,#11188);
#11186 = CARTESIAN_POINT('',(579.15,-8.,2.7875E+03));
#11187 = DIRECTION('',(0.869456557393,0.395207526088,0.296405644566));
#11188 = DIRECTION('',(-0.413802944301,0.910366477463,
    -1.387778780781E-17));
#11189 = DEFINITIONAL_REPRESENTATION('',(#11190),#11194);
#11190 = CIRCLE('',#11191,2.5);
#11191 = AXIS2_PLACEMENT_2D('',#11192,#11193);
#11192 = CARTESIAN_POINT('',(0.,0.));
#11193 = DIRECTION('',(1.,0.));
#11194 = ( GEOMETRIC_REPRESENTATION_CONTEXT(2) 
PARAMETRIC_REPRESENTATION_CONTEXT() REPRESENTATION_CONTEXT('2D SPACE',''
  ) );
#11195 = ORIENTED_EDGE('',*,*,#11146,.F.);
#11196 = ORIENTED_EDGE('',*,*,#11005,.T.);
#11197 = ORIENTED_EDGE('',*,*,#11198,.T.);
#11198 = EDGE_CURVE('',#10980,#10945,#11199,.T.);
#11199 = SURFACE_CURVE('',#11200,(#11205,#11212),.PCURVE_S1.);
#11200 = CIRCLE('',#11201,2.5);
#11201 = AXIS2_PLACEMENT_3D('',#11202,#11203,#11204);
#11202 = CARTESIAN_POINT('',(557.15,-18.,2.78E+03));
#11203 = DIRECTION('',(0.869456557393,0.395207526088,0.296405644566));
#11204 = DIRECTION('',(-0.413802944301,0.910366477463,0.));
#11205 = PCURVE('',#10963,#11206);
#11206 = DEFINITIONAL_REPRESENTATION('',(#11207),#11211);
#11207 = LINE('',#11208,#11209);
#11208 = CARTESIAN_POINT('',(0.,0.));
#11209 = VECTOR('',#11210,1.);
#11210 = DIRECTION('',(1.,0.));
#11211 = ( GEOMETRIC_REPRESENTATION_CONTEXT(2) 
PARAMETRIC_REPRESENTATION_CONTEXT() REPRESENTATION_CONTEXT('2D SPACE',''
  ) );
#11212 = PCURVE('',#10994,#11213);
#11213 = DEFINITIONAL_REPRESENTATION('',(#11214),#11218);
#11214 = CIRCLE('',#11215,2.5);
#11215 = AXIS2_PLACEMENT_2D('',#11216,#11217);
#11216 = CARTESIAN_POINT('',(0.,0.));
#11217 = DIRECTION('',(1.,0.));
#11218 = ( GEOMETRIC_REPRESENTATION_CONTEXT(2) 
PARAMETRIC_REPRESENTATION_CONTEXT() REPRESENTATION_CONTEXT('2D SPACE',''
  ) );
#11219 = ORIENTED_EDGE('',*,*,#10944,.T.);
#11220 = ADVANCED_FACE('',(#11221),#10994,.F.);
#11221 = FACE_BOUND('',#11222,.F.);
#11222 = EDGE_LOOP('',(#11223,#11224));
#11223 = ORIENTED_EDGE('',*,*,#10979,.T.);
#11224 = ORIENTED_EDGE('',*,*,#11198,.T.);
#11225 = ADVANCED_FACE('',(#11226),#11074,.T.);
#11226 = FACE_BOUND('',#11227,.T.);
#11227 = EDGE_LOOP('',(#11228));
#11228 = ORIENTED_EDGE('',*,*,#11059,.T.);
#11229 = ADVANCED_FACE('',(#11230),#11129,.T.);
#11230 = FACE_BOUND('',#11231,.T.);
#11231 = EDGE_LOOP('',(#11232));
#11232 = ORIENTED_EDGE('',*,*,#11114,.T.);
#11233 = ADVANCED_FACE('',(#11234),#11184,.T.);
#11234 = FACE_BOUND('',#11235,.T.);
#11235 = EDGE_LOOP('',(#11236));
#11236 = ORIENTED_EDGE('',*,*,#11169,.T.);
#11237 = MANIFOLD_SOLID_BREP('',#11238);
#11238 = CLOSED_SHELL('',(#11239,#11380,#11404,#11408));
#11239 = ADVANCED_FACE('',(#11240),#11255,.T.);
#11240 = FACE_BOUND('',#11241,.T.);
#11241 = EDGE_LOOP('',(#11242,#11278,#11307,#11329,#11352,#11379));
#11242 = ORIENTED_EDGE('',*,*,#11243,.F.);
#11243 = EDGE_CURVE('',#11244,#11246,#11248,.T.);
#11244 = VERTEX_POINT('',#11245);
#11245 = CARTESIAN_POINT('',(-48.67960845682,-124.256797181,2.1E+03));
#11246 = VERTEX_POINT('',#11247);
#11247 = CARTESIAN_POINT('',(-55.5,-123.15,2.1E+03));
#11248 = SURFACE_CURVE('',#11249,(#11254,#11266),.PCURVE_S1.);
#11249 = CIRCLE('',#11250,3.5);
#11250 = AXIS2_PLACEMENT_3D('',#11251,#11252,#11253);
#11251 = CARTESIAN_POINT('',(-52.,-123.15,2.1E+03));
#11252 = DIRECTION('',(0.,0.,-1.));
#11253 = DIRECTION('',(-1.,0.,-0.));
#11254 = PCURVE('',#11255,#11260);
#11255 = CYLINDRICAL_SURFACE('',#11256,3.5);
#11256 = AXIS2_PLACEMENT_3D('',#11257,#11258,#11259);
#11257 = CARTESIAN_POINT('',(-52.,-123.15,2.15E+03));
#11258 = DIRECTION('',(0.,0.,-1.));
#11259 = DIRECTION('',(-1.,0.,-0.));
#11260 = DEFINITIONAL_REPRESENTATION('',(#11261),#11265);
#11261 = LINE('',#11262,#11263);
#11262 = CARTESIAN_POINT('',(0.,50.));
#11263 = VECTOR('',#11264,1.);
#11264 = DIRECTION('',(1.,0.));
#11265 = ( GEOMETRIC_REPRESENTATION_CONTEXT(2) 
PARAMETRIC_REPRESENTATION_CONTEXT() REPRESENTATION_CONTEXT('2D SPACE',''
  ) );
#11266 = PCURVE('',#11267,#11272);
#11267 = PLANE('',#11268);
#11268 = AXIS2_PLACEMENT_3D('',#11269,#11270,#11271);
#11269 = CARTESIAN_POINT('',(-52.,-123.15,2.1E+03));
#11270 = DIRECTION('',(0.,0.,-1.));
#11271 = DIRECTION('',(-1.,0.,-0.));
#11272 = DEFINITIONAL_REPRESENTATION('',(#11273),#11277);
#11273 = CIRCLE('',#11274,3.5);
#11274 = AXIS2_PLACEMENT_2D('',#11275,#11276);
#11275 = CARTESIAN_POINT('',(0.,0.));
#11276 = DIRECTION('',(1.,0.));
#11277 = ( GEOMETRIC_REPRESENTATION_CONTEXT(2) 
PARAMETRIC_REPRESENTATION_CONTEXT() REPRESENTATION_CONTEXT('2D SPACE',''
  ) );
#11278 = ORIENTED_EDGE('',*,*,#11279,.F.);
#11279 = EDGE_CURVE('',#11280,#11244,#11282,.T.);
#11280 = VERTEX_POINT('',#11281);
#11281 = CARTESIAN_POINT('',(-55.32039154317,-122.0432028189,2.1E+03));
#11282 = SURFACE_CURVE('',#11283,(#11288,#11295),.PCURVE_S1.);
#11283 = CIRCLE('',#11284,3.5);
#11284 = AXIS2_PLACEMENT_3D('',#11285,#11286,#11287);
#11285 = CARTESIAN_POINT('',(-52.,-123.15,2.1E+03));
#11286 = DIRECTION('',(0.,0.,-1.));
#11287 = DIRECTION('',(-1.,0.,-0.));
#11288 = PCURVE('',#11255,#11289);
#11289 = DEFINITIONAL_REPRESENTATION('',(#11290),#11294);
#11290 = LINE('',#11291,#11292);
#11291 = CARTESIAN_POINT('',(0.,50.));
#11292 = VECTOR('',#11293,1.);
#11293 = DIRECTION('',(1.,0.));
#11294 = ( GEOMETRIC_REPRESENTATION_CONTEXT(2) 
PARAMETRIC_REPRESENTATION_CONTEXT() REPRESENTATION_CONTEXT('2D SPACE',''
  ) );
#11295 = PCURVE('',#11296,#11301);
#11296 = PLANE('',#11297);
#11297 = AXIS2_PLACEMENT_3D('',#11298,#11299,#11300);
#11298 = CARTESIAN_POINT('',(-52.,-123.15,2.1E+03));
#11299 = DIRECTION('',(0.,0.,-1.));
#11300 = DIRECTION('',(-1.,0.,-0.));
#11301 = DEFINITIONAL_REPRESENTATION('',(#11302),#11306);
#11302 = CIRCLE('',#11303,3.5);
#11303 = AXIS2_PLACEMENT_2D('',#11304,#11305);
#11304 = CARTESIAN_POINT('',(0.,0.));
#11305 = DIRECTION('',(1.,0.));
#11306 = ( GEOMETRIC_REPRESENTATION_CONTEXT(2) 
PARAMETRIC_REPRESENTATION_CONTEXT() REPRESENTATION_CONTEXT('2D SPACE',''
  ) );
#11307 = ORIENTED_EDGE('',*,*,#11308,.F.);
#11308 = EDGE_CURVE('',#11246,#11280,#11309,.T.);
#11309 = SURFACE_CURVE('',#11310,(#11315,#11322),.PCURVE_S1.);
#11310 = CIRCLE('',#11311,3.5);
#11311 = AXIS2_PLACEMENT_3D('',#11312,#11313,#11314);
#11312 = CARTESIAN_POINT('',(-52.,-123.15,2.1E+03));
#11313 = DIRECTION('',(0.,0.,-1.));
#11314 = DIRECTION('',(-1.,0.,-0.));
#11315 = PCURVE('',#11255,#11316);
#11316 = DEFINITIONAL_REPRESENTATION('',(#11317),#11321);
#11317 = LINE('',#11318,#11319);
#11318 = CARTESIAN_POINT('',(0.,50.));
#11319 = VECTOR('',#11320,1.);
#11320 = DIRECTION('',(1.,0.));
#11321 = ( GEOMETRIC_REPRESENTATION_CONTEXT(2) 
PARAMETRIC_REPRESENTATION_CONTEXT() REPRESENTATION_CONTEXT('2D SPACE',''
  ) );
#11322 = PCURVE('',#11267,#11323);
#11323 = DEFINITIONAL_REPRESENTATION('',(#11324),#11328);
#11324 = CIRCLE('',#11325,3.5);
#11325 = AXIS2_PLACEMENT_2D('',#11326,#11327);
#11326 = CARTESIAN_POINT('',(0.,0.));
#11327 = DIRECTION('',(1.,0.));
#11328 = ( GEOMETRIC_REPRESENTATION_CONTEXT(2) 
PARAMETRIC_REPRESENTATION_CONTEXT() REPRESENTATION_CONTEXT('2D SPACE',''
  ) );
#11329 = ORIENTED_EDGE('',*,*,#11330,.F.);
#11330 = EDGE_CURVE('',#11331,#11246,#11333,.T.);
#11331 = VERTEX_POINT('',#11332);
#11332 = CARTESIAN_POINT('',(-55.5,-123.15,2.15E+03));
#11333 = SEAM_CURVE('',#11334,(#11338,#11345),.PCURVE_S1.);
#11334 = LINE('',#11335,#11336);
#11335 = CARTESIAN_POINT('',(-55.5,-123.15,2.15E+03));
#11336 = VECTOR('',#11337,1.);
#11337 = DIRECTION('',(0.,0.,-1.));
#11338 = PCURVE('',#11255,#11339);
#11339 = DEFINITIONAL_REPRESENTATION('',(#11340),#11344);
#11340 = LINE('',#11341,#11342);
#11341 = CARTESIAN_POINT('',(6.28318530718,-0.));
#11342 = VECTOR('',#11343,1.);
#11343 = DIRECTION('',(0.,1.));
#11344 = ( GEOMETRIC_REPRESENTATION_CONTEXT(2) 
PARAMETRIC_REPRESENTATION_CONTEXT() REPRESENTATION_CONTEXT('2D SPACE',''
  ) );
#11345 = PCURVE('',#11255,#11346);
#11346 = DEFINITIONAL_REPRESENTATION('',(#11347),#11351);
#11347 = LINE('',#11348,#11349);
#11348 = CARTESIAN_POINT('',(0.,-0.));
#11349 = VECTOR('',#11350,1.);
#11350 = DIRECTION('',(0.,1.));
#11351 = ( GEOMETRIC_REPRESENTATION_CONTEXT(2) 
PARAMETRIC_REPRESENTATION_CONTEXT() REPRESENTATION_CONTEXT('2D SPACE',''
  ) );
#11352 = ORIENTED_EDGE('',*,*,#11353,.T.);
#11353 = EDGE_CURVE('',#11331,#11331,#11354,.T.);
#11354 = SURFACE_CURVE('',#11355,(#11360,#11367),.PCURVE_S1.);
#11355 = CIRCLE('',#11356,3.5);
#11356 = AXIS2_PLACEMENT_3D('',#11357,#11358,#11359);
#11357 = CARTESIAN_POINT('',(-52.,-123.15,2.15E+03));
#11358 = DIRECTION('',(0.,0.,-1.));
#11359 = DIRECTION('',(-1.,0.,-0.));
#11360 = PCURVE('',#11255,#11361);
#11361 = DEFINITIONAL_REPRESENTATION('',(#11362),#11366);
#11362 = LINE('',#11363,#11364);
#11363 = CARTESIAN_POINT('',(0.,0.));
#11364 = VECTOR('',#11365,1.);
#11365 = DIRECTION('',(1.,0.));
#11366 = ( GEOMETRIC_REPRESENTATION_CONTEXT(2) 
PARAMETRIC_REPRESENTATION_CONTEXT() REPRESENTATION_CONTEXT('2D SPACE',''
  ) );
#11367 = PCURVE('',#11368,#11373);
#11368 = PLANE('',#11369);
#11369 = AXIS2_PLACEMENT_3D('',#11370,#11371,#11372);
#11370 = CARTESIAN_POINT('',(-52.,-123.15,2.15E+03));
#11371 = DIRECTION('',(0.,0.,-1.));
#11372 = DIRECTION('',(-1.,0.,-0.));
#11373 = DEFINITIONAL_REPRESENTATION('',(#11374),#11378);
#11374 = CIRCLE('',#11375,3.5);
#11375 = AXIS2_PLACEMENT_2D('',#11376,#11377);
#11376 = CARTESIAN_POINT('',(0.,0.));
#11377 = DIRECTION('',(1.,0.));
#11378 = ( GEOMETRIC_REPRESENTATION_CONTEXT(2) 
PARAMETRIC_REPRESENTATION_CONTEXT() REPRESENTATION_CONTEXT('2D SPACE',''
  ) );
#11379 = ORIENTED_EDGE('',*,*,#11330,.T.);
#11380 = ADVANCED_FACE('',(#11381),#11267,.T.);
#11381 = FACE_BOUND('',#11382,.T.);
#11382 = EDGE_LOOP('',(#11383,#11402,#11403));
#11383 = ORIENTED_EDGE('',*,*,#11384,.T.);
#11384 = EDGE_CURVE('',#11280,#11244,#11385,.T.);
#11385 = SURFACE_CURVE('',#11386,(#11390,#11396),.PCURVE_S1.);
#11386 = LINE('',#11387,#11388);
#11387 = CARTESIAN_POINT('',(-52.,-123.15,2.1E+03));
#11388 = VECTOR('',#11389,1.);
#11389 = DIRECTION('',(0.948683298051,-0.316227766017,0.));
#11390 = PCURVE('',#11267,#11391);
#11391 = DEFINITIONAL_REPRESENTATION('',(#11392),#11395);
#11392 = B_SPLINE_CURVE_WITH_KNOTS('',1,(#11393,#11394),.UNSPECIFIED.,
  .F.,.F.,(2,2),(-3.5,3.5),.PIECEWISE_BEZIER_KNOTS.);
#11393 = CARTESIAN_POINT('',(3.320391543177,1.106797181059));
#11394 = CARTESIAN_POINT('',(-3.320391543177,-1.106797181059));
#11395 = ( GEOMETRIC_REPRESENTATION_CONTEXT(2) 
PARAMETRIC_REPRESENTATION_CONTEXT() REPRESENTATION_CONTEXT('2D SPACE',''
  ) );
#11396 = PCURVE('',#11296,#11397);
#11397 = DEFINITIONAL_REPRESENTATION('',(#11398),#11401);
#11398 = B_SPLINE_CURVE_WITH_KNOTS('',1,(#11399,#11400),.UNSPECIFIED.,
  .F.,.F.,(2,2),(-3.5,3.5),.PIECEWISE_BEZIER_KNOTS.);
#11399 = CARTESIAN_POINT('',(3.320391543177,1.106797181059));
#11400 = CARTESIAN_POINT('',(-3.320391543177,-1.106797181059));
#11401 = ( GEOMETRIC_REPRESENTATION_CONTEXT(2) 
PARAMETRIC_REPRESENTATION_CONTEXT() REPRESENTATION_CONTEXT('2D SPACE',''
  ) );
#11402 = ORIENTED_EDGE('',*,*,#11243,.T.);
#11403 = ORIENTED_EDGE('',*,*,#11308,.T.);
#11404 = ADVANCED_FACE('',(#11405),#11368,.F.);
#11405 = FACE_BOUND('',#11406,.T.);
#11406 = EDGE_LOOP('',(#11407));
#11407 = ORIENTED_EDGE('',*,*,#11353,.F.);
#11408 = ADVANCED_FACE('',(#11409),#11296,.T.);
#11409 = FACE_BOUND('',#11410,.T.);
#11410 = EDGE_LOOP('',(#11411,#11412));
#11411 = ORIENTED_EDGE('',*,*,#11279,.T.);
#11412 = ORIENTED_EDGE('',*,*,#11384,.F.);
#11413 = ( GEOMETRIC_REPRESENTATION_CONTEXT(3) 
GLOBAL_UNCERTAINTY_ASSIGNED_CONTEXT((#11417)) 
GLOBAL_UNIT_ASSIGNED_CONTEXT((#11414,#11415,#11416)) 
REPRESENTATION_CONTEXT('Context #1',
  '3D Context with UNIT and UNCERTAINTY') );
#11414 = ( LENGTH_UNIT() NAMED_UNIT(*) SI_UNIT(.MILLI.,.METRE.) );
#11415 = ( NAMED_UNIT(*) PLANE_ANGLE_UNIT() SI_UNIT($,.RADIAN.) );
#11416 = ( NAMED_UNIT(*) SI_UNIT($,.STERADIAN.) SOLID_ANGLE_UNIT() );
#11417 = UNCERTAINTY_MEASURE_WITH_UNIT(LENGTH_MEASURE(2.E-07),#11414,
  'distance_accuracy_value','confusion accuracy');
#11418 = CONTEXT_DEPENDENT_SHAPE_REPRESENTATION(#11419,#11421);
#11419 = ( REPRESENTATION_RELATIONSHIP('','',#9051,#10) 
REPRESENTATION_RELATIONSHIP_WITH_TRANSFORMATION(#11420) 
SHAPE_REPRESENTATION_RELATIONSHIP() );
#11420 = ITEM_DEFINED_TRANSFORMATION('','',#11,#43);
#11421 = PRODUCT_DEFINITION_SHAPE('Placement','Placement of an item',
  #11422);
#11422 = NEXT_ASSEMBLY_USAGE_OCCURRENCE('19','=>[0:1:1:9]','',#5,#9046,$
  );
#11423 = PRODUCT_RELATED_PRODUCT_CATEGORY('part',$,(#9048));
#11424 = SHAPE_DEFINITION_REPRESENTATION(#11425,#11431);
#11425 = PRODUCT_DEFINITION_SHAPE('','',#11426);
#11426 = PRODUCT_DEFINITION('design','',#11427,#11430);
#11427 = PRODUCT_DEFINITION_FORMATION('','',#11428);
#11428 = PRODUCT('COMPOUND','COMPOUND','',(#11429));
#11429 = PRODUCT_CONTEXT('',#2,'mechanical');
#11430 = PRODUCT_DEFINITION_CONTEXT('part definition',#2,'design');
#11431 = SHAPE_REPRESENTATION('',(#11,#11432,#11739),#11837);
#11432 = MANIFOLD_SOLID_BREP('',#11433);
#11433 = CLOSED_SHELL('',(#11434,#11595,#11623,#11725,#11729,#11735));
#11434 = ADVANCED_FACE('',(#11435),#11450,.T.);
#11435 = FACE_BOUND('',#11436,.T.);
#11436 = EDGE_LOOP('',(#11437,#11473,#11512,#11535,#11562,#11563));
#11437 = ORIENTED_EDGE('',*,*,#11438,.F.);
#11438 = EDGE_CURVE('',#11439,#11441,#11443,.T.);
#11439 = VERTEX_POINT('',#11440);
#11440 = CARTESIAN_POINT('',(530.10379985922,14.960148697799,
    2.783240500352E+03));
#11441 = VERTEX_POINT('',#11442);
#11442 = CARTESIAN_POINT('',(529.89620014077,13.039851302201,
    2.783759499648E+03));
#11443 = SURFACE_CURVE('',#11444,(#11449,#11461),.PCURVE_S1.);
#11444 = CIRCLE('',#11445,1.);
#11445 = AXIS2_PLACEMENT_3D('',#11446,#11447,#11448);
#11446 = CARTESIAN_POINT('',(530.,14.,2.7835E+03));
#11447 = DIRECTION('',(0.571669670368,0.1559099101,0.805534535519));
#11448 = DIRECTION('',(0.815507144735,2.775557561563E-17,-0.578747005941
    ));
#11449 = PCURVE('',#11450,#11455);
#11450 = CYLINDRICAL_SURFACE('',#11451,1.);
#11451 = AXIS2_PLACEMENT_3D('',#11452,#11453,#11454);
#11452 = CARTESIAN_POINT('',(508.,8.,2.7525E+03));
#11453 = DIRECTION('',(0.571669670368,0.1559099101,0.805534535519));
#11454 = DIRECTION('',(0.815507144735,1.387778780781E-17,-0.578747005941
    ));
#11455 = DEFINITIONAL_REPRESENTATION('',(#11456),#11460);
#11456 = LINE('',#11457,#11458);
#11457 = CARTESIAN_POINT('',(0.,38.483762809788));
#11458 = VECTOR('',#11459,1.);
#11459 = DIRECTION('',(1.,0.));
#11460 = ( GEOMETRIC_REPRESENTATION_CONTEXT(2) 
PARAMETRIC_REPRESENTATION_CONTEXT() REPRESENTATION_CONTEXT('2D SPACE',''
  ) );
#11461 = PCURVE('',#11462,#11467);
#11462 = PLANE('',#11463);
#11463 = AXIS2_PLACEMENT_3D('',#11464,#11465,#11466);
#11464 = CARTESIAN_POINT('',(530.,14.,2.7835E+03));
#11465 = DIRECTION('',(0.571669670368,0.1559099101,0.805534535519));
#11466 = DIRECTION('',(0.815507144735,1.387778780781E-17,-0.578747005941
    ));
#11467 = DEFINITIONAL_REPRESENTATION('',(#11468),#11472);
#11468 = CIRCLE('',#11469,1.);
#11469 = AXIS2_PLACEMENT_2D('',#11470,#11471);
#11470 = CARTESIAN_POINT('',(0.,0.));
#11471 = DIRECTION('',(1.,0.));
#11472 = ( GEOMETRIC_REPRESENTATION_CONTEXT(2) 
PARAMETRIC_REPRESENTATION_CONTEXT() REPRESENTATION_CONTEXT('2D SPACE',''
  ) );
#11473 = ORIENTED_EDGE('',*,*,#11474,.F.);
#11474 = EDGE_CURVE('',#11475,#11439,#11477,.T.);
#11475 = VERTEX_POINT('',#11476);
#11476 = CARTESIAN_POINT('',(530.64611393856,13.953801852863,
    2.782682562567E+03));
#11477 = SURFACE_CURVE('',#11478,(#11483,#11495),.PCURVE_S1.);
#11478 = ELLIPSE('',#11479,1.045431034692,1.);
#11479 = AXIS2_PLACEMENT_3D('',#11480,#11481,#11482);
#11480 = CARTESIAN_POINT('',(530.,14.,2.7835E+03));
#11481 = DIRECTION('',(0.784149781317,8.149652931751E-02,0.615197071002)
  );
#11482 = DIRECTION('',(-0.611828987288,0.267343961637,0.744441063141));
#11483 = PCURVE('',#11450,#11484);
#11484 = DEFINITIONAL_REPRESENTATION('',(#11485),#11494);
#11485 = B_SPLINE_CURVE_WITH_KNOTS('',7,(#11486,#11487,#11488,#11489,
    #11490,#11491,#11492,#11493),.UNSPECIFIED.,.F.,.F.,(8,8),(
    3.378640618639,4.712389964517),.PIECEWISE_BEZIER_KNOTS.);
#11486 = CARTESIAN_POINT('',(4.018829713459E-11,38.187449719734));
#11487 = CARTESIAN_POINT('',(0.19053562088,38.201089463324));
#11488 = CARTESIAN_POINT('',(0.381071241719,38.227279462639));
#11489 = CARTESIAN_POINT('',(0.571606862561,38.265210310157));
#11490 = CARTESIAN_POINT('',(0.762142483397,38.312959472682));
#11491 = CARTESIAN_POINT('',(0.952678104239,38.367598266395));
#11492 = CARTESIAN_POINT('',(1.143213725078,38.425680661564));
#11493 = CARTESIAN_POINT('',(1.333749345918,38.483763109788));
#11494 = ( GEOMETRIC_REPRESENTATION_CONTEXT(2) 
PARAMETRIC_REPRESENTATION_CONTEXT() REPRESENTATION_CONTEXT('2D SPACE',''
  ) );
#11495 = PCURVE('',#11496,#11501);
#11496 = CYLINDRICAL_SURFACE('',#11497,1.);
#11497 = AXIS2_PLACEMENT_3D('',#11498,#11499,#11500);
#11498 = CARTESIAN_POINT('',(530.,14.,2.7835E+03));
#11499 = DIRECTION('',(0.928476690885,0.,0.371390676354));
#11500 = DIRECTION('',(-0.371390676354,0.,0.928476690885));
#11501 = DEFINITIONAL_REPRESENTATION('',(#11502),#11511);
#11502 = B_SPLINE_CURVE_WITH_KNOTS('',7,(#11503,#11504,#11505,#11506,
    #11507,#11508,#11509,#11510),.UNSPECIFIED.,.F.,.F.,(8,8),(
    3.378640618639,4.712389964517),.PIECEWISE_BEZIER_KNOTS.);
#11503 = CARTESIAN_POINT('',(3.095378057384,0.296313090054));
#11504 = CARTESIAN_POINT('',(3.285913678224,0.282673346463));
#11505 = CARTESIAN_POINT('',(3.476449299063,0.25648334714));
#11506 = CARTESIAN_POINT('',(3.666984919904,0.218552499645));
#11507 = CARTESIAN_POINT('',(3.857520540741,0.170803337089));
#11508 = CARTESIAN_POINT('',(4.048056161584,0.116164543402));
#11509 = CARTESIAN_POINT('',(4.238591782422,5.808214822358E-02));
#11510 = CARTESIAN_POINT('',(4.429127403262,-3.000004653586E-07));
#11511 = ( GEOMETRIC_REPRESENTATION_CONTEXT(2) 
PARAMETRIC_REPRESENTATION_CONTEXT() REPRESENTATION_CONTEXT('2D SPACE',''
  ) );
#11512 = ORIENTED_EDGE('',*,*,#11513,.F.);
#11513 = EDGE_CURVE('',#11514,#11475,#11516,.T.);
#11514 = VERTEX_POINT('',#11515);
#11515 = CARTESIAN_POINT('',(508.81550714473,8.,2.751921252994E+03));
#11516 = SEAM_CURVE('',#11517,(#11521,#11528),.PCURVE_S1.);
#11517 = LINE('',#11518,#11519);
#11518 = CARTESIAN_POINT('',(508.81550714473,8.,2.751921252994E+03));
#11519 = VECTOR('',#11520,1.);
#11520 = DIRECTION('',(0.571669670368,0.1559099101,0.805534535519));
#11521 = PCURVE('',#11450,#11522);
#11522 = DEFINITIONAL_REPRESENTATION('',(#11523),#11527);
#11523 = LINE('',#11524,#11525);
#11524 = CARTESIAN_POINT('',(6.28318530718,-0.));
#11525 = VECTOR('',#11526,1.);
#11526 = DIRECTION('',(0.,1.));
#11527 = ( GEOMETRIC_REPRESENTATION_CONTEXT(2) 
PARAMETRIC_REPRESENTATION_CONTEXT() REPRESENTATION_CONTEXT('2D SPACE',''
  ) );
#11528 = PCURVE('',#11450,#11529);
#11529 = DEFINITIONAL_REPRESENTATION('',(#11530),#11534);
#11530 = LINE('',#11531,#11532);
#11531 = CARTESIAN_POINT('',(0.,-0.));
#11532 = VECTOR('',#11533,1.);
#11533 = DIRECTION('',(0.,1.));
#11534 = ( GEOMETRIC_REPRESENTATION_CONTEXT(2) 
PARAMETRIC_REPRESENTATION_CONTEXT() REPRESENTATION_CONTEXT('2D SPACE',''
  ) );
#11535 = ORIENTED_EDGE('',*,*,#11536,.T.);
#11536 = EDGE_CURVE('',#11514,#11514,#11537,.T.);
#11537 = SURFACE_CURVE('',#11538,(#11543,#11550),.PCURVE_S1.);
#11538 = CIRCLE('',#11539,1.);
#11539 = AXIS2_PLACEMENT_3D('',#11540,#11541,#11542);
#11540 = CARTESIAN_POINT('',(508.,8.,2.7525E+03));
#11541 = DIRECTION('',(0.571669670368,0.1559099101,0.805534535519));
#11542 = DIRECTION('',(0.815507144735,2.775557561563E-17,-0.578747005941
    ));
#11543 = PCURVE('',#11450,#11544);
#11544 = DEFINITIONAL_REPRESENTATION('',(#11545),#11549);
#11545 = LINE('',#11546,#11547);
#11546 = CARTESIAN_POINT('',(0.,0.));
#11547 = VECTOR('',#11548,1.);
#11548 = DIRECTION('',(1.,0.));
#11549 = ( GEOMETRIC_REPRESENTATION_CONTEXT(2) 
PARAMETRIC_REPRESENTATION_CONTEXT() REPRESENTATION_CONTEXT('2D SPACE',''
  ) );
#11550 = PCURVE('',#11551,#11556);
#11551 = PLANE('',#11552);
#11552 = AXIS2_PLACEMENT_3D('',#11553,#11554,#11555);
#11553 = CARTESIAN_POINT('',(508.,8.,2.7525E+03));
#11554 = DIRECTION('',(0.571669670368,0.1559099101,0.805534535519));
#11555 = DIRECTION('',(0.815507144735,1.387778780781E-17,-0.578747005941
    ));
#11556 = DEFINITIONAL_REPRESENTATION('',(#11557),#11561);
#11557 = CIRCLE('',#11558,1.);
#11558 = AXIS2_PLACEMENT_2D('',#11559,#11560);
#11559 = CARTESIAN_POINT('',(0.,0.));
#11560 = DIRECTION('',(1.,0.));
#11561 = ( GEOMETRIC_REPRESENTATION_CONTEXT(2) 
PARAMETRIC_REPRESENTATION_CONTEXT() REPRESENTATION_CONTEXT('2D SPACE',''
  ) );
#11562 = ORIENTED_EDGE('',*,*,#11513,.T.);
#11563 = ORIENTED_EDGE('',*,*,#11564,.F.);
#11564 = EDGE_CURVE('',#11441,#11475,#11565,.T.);
#11565 = SURFACE_CURVE('',#11566,(#11571,#11583),.PCURVE_S1.);
#11566 = ELLIPSE('',#11567,1.045431034692,1.);
#11567 = AXIS2_PLACEMENT_3D('',#11568,#11569,#11570);
#11568 = CARTESIAN_POINT('',(530.,14.,2.7835E+03));
#11569 = DIRECTION('',(0.784149781317,8.149652931751E-02,0.615197071002)
  );
#11570 = DIRECTION('',(-0.611828987288,0.267343961637,0.744441063141));
#11571 = PCURVE('',#11450,#11572);
#11572 = DEFINITIONAL_REPRESENTATION('',(#11573),#11582);
#11573 = B_SPLINE_CURVE_WITH_KNOTS('',7,(#11574,#11575,#11576,#11577,
    #11578,#11579,#11580,#11581),.UNSPECIFIED.,.F.,.F.,(8,8),(
    1.570796464426,3.378640618639),.PIECEWISE_BEZIER_KNOTS.);
#11574 = CARTESIAN_POINT('',(4.475341153007,38.483762767833));
#11575 = CARTESIAN_POINT('',(4.733604603609,38.405034320985));
#11576 = CARTESIAN_POINT('',(4.991868054213,38.326306825918));
#11577 = CARTESIAN_POINT('',(5.250131504808,38.256149664772));
#11578 = CARTESIAN_POINT('',(5.508394955418,38.20316821196));
#11579 = CARTESIAN_POINT('',(5.766658406015,38.173532618554));
#11580 = CARTESIAN_POINT('',(6.024921856618,38.168961590168));
#11581 = CARTESIAN_POINT('',(6.28318530722,38.187449719734));
#11582 = ( GEOMETRIC_REPRESENTATION_CONTEXT(2) 
PARAMETRIC_REPRESENTATION_CONTEXT() REPRESENTATION_CONTEXT('2D SPACE',''
  ) );
#11583 = PCURVE('',#11496,#11584);
#11584 = DEFINITIONAL_REPRESENTATION('',(#11585),#11594);
#11585 = B_SPLINE_CURVE_WITH_KNOTS('',7,(#11586,#11587,#11588,#11589,
    #11590,#11591,#11592,#11593),.UNSPECIFIED.,.F.,.F.,(8,8),(
    1.570796464426,3.378640618639),.PIECEWISE_BEZIER_KNOTS.);
#11586 = CARTESIAN_POINT('',(1.287533903171,4.195521796646E-08));
#11587 = CARTESIAN_POINT('',(1.545797353773,7.87284888023E-02));
#11588 = CARTESIAN_POINT('',(1.804060804379,0.157455983853));
#11589 = CARTESIAN_POINT('',(2.06232425497,0.227613145065));
#11590 = CARTESIAN_POINT('',(2.320587705583,0.280594597796));
#11591 = CARTESIAN_POINT('',(2.578851156178,0.310230191246));
#11592 = CARTESIAN_POINT('',(2.837114606782,0.31480121962));
#11593 = CARTESIAN_POINT('',(3.095378057384,0.296313090054));
#11594 = ( GEOMETRIC_REPRESENTATION_CONTEXT(2) 
PARAMETRIC_REPRESENTATION_CONTEXT() REPRESENTATION_CONTEXT('2D SPACE',''
  ) );
#11595 = ADVANCED_FACE('',(#11596),#11462,.T.);
#11596 = FACE_BOUND('',#11597,.T.);
#11597 = EDGE_LOOP('',(#11598,#11622));
#11598 = ORIENTED_EDGE('',*,*,#11599,.T.);
#11599 = EDGE_CURVE('',#11441,#11439,#11600,.T.);
#11600 = SURFACE_CURVE('',#11601,(#11605,#11611),.PCURVE_S1.);
#11601 = LINE('',#11602,#11603);
#11602 = CARTESIAN_POINT('',(530.,14.,2.7835E+03));
#11603 = VECTOR('',#11604,1.);
#11604 = DIRECTION('',(0.103799859222,0.960148697799,-0.259499648054));
#11605 = PCURVE('',#11462,#11606);
#11606 = DEFINITIONAL_REPRESENTATION('',(#11607),#11610);
#11607 = B_SPLINE_CURVE_WITH_KNOTS('',1,(#11608,#11609),.UNSPECIFIED.,
  .F.,.F.,(2,2),(-1.028769066108,1.028769066108),
  .PIECEWISE_BEZIER_KNOTS.);
#11608 = CARTESIAN_POINT('',(-0.241590130966,-1.));
#11609 = CARTESIAN_POINT('',(0.241590130966,1.));
#11610 = ( GEOMETRIC_REPRESENTATION_CONTEXT(2) 
PARAMETRIC_REPRESENTATION_CONTEXT() REPRESENTATION_CONTEXT('2D SPACE',''
  ) );
#11611 = PCURVE('',#11612,#11617);
#11612 = PLANE('',#11613);
#11613 = AXIS2_PLACEMENT_3D('',#11614,#11615,#11616);
#11614 = CARTESIAN_POINT('',(530.,14.,2.7835E+03));
#11615 = DIRECTION('',(0.928476690885,0.,0.371390676354));
#11616 = DIRECTION('',(-0.371390676354,0.,0.928476690885));
#11617 = DEFINITIONAL_REPRESENTATION('',(#11618),#11621);
#11618 = B_SPLINE_CURVE_WITH_KNOTS('',1,(#11619,#11620),.UNSPECIFIED.,
  .F.,.F.,(2,2),(-1.028769066108,1.028769066108),
  .PIECEWISE_BEZIER_KNOTS.);
#11619 = CARTESIAN_POINT('',(0.287530331353,0.98777127916));
#11620 = CARTESIAN_POINT('',(-0.287530331353,-0.98777127916));
#11621 = ( GEOMETRIC_REPRESENTATION_CONTEXT(2) 
PARAMETRIC_REPRESENTATION_CONTEXT() REPRESENTATION_CONTEXT('2D SPACE',''
  ) );
#11622 = ORIENTED_EDGE('',*,*,#11438,.T.);
#11623 = ADVANCED_FACE('',(#11624),#11496,.T.);
#11624 = FACE_BOUND('',#11625,.T.);
#11625 = EDGE_LOOP('',(#11626,#11651,#11678,#11679,#11701,#11702,#11703)
  );
#11626 = ORIENTED_EDGE('',*,*,#11627,.T.);
#11627 = EDGE_CURVE('',#11628,#11630,#11632,.T.);
#11628 = VERTEX_POINT('',#11629);
#11629 = CARTESIAN_POINT('',(529.62860932364,14.,2.784428476691E+03));
#11630 = VERTEX_POINT('',#11631);
#11631 = CARTESIAN_POINT('',(539.62860932364,14.,2.788428476691E+03));
#11632 = SEAM_CURVE('',#11633,(#11637,#11644),.PCURVE_S1.);
#11633 = LINE('',#11634,#11635);
#11634 = CARTESIAN_POINT('',(529.62860932364,14.,2.784428476691E+03));
#11635 = VECTOR('',#11636,1.);
#11636 = DIRECTION('',(0.928476690885,1.232595164408E-32,0.371390676354)
  );
#11637 = PCURVE('',#11496,#11638);
#11638 = DEFINITIONAL_REPRESENTATION('',(#11639),#11643);
#11639 = LINE('',#11640,#11641);
#11640 = CARTESIAN_POINT('',(6.28318530718,-0.));
#11641 = VECTOR('',#11642,1.);
#11642 = DIRECTION('',(0.,1.));
#11643 = ( GEOMETRIC_REPRESENTATION_CONTEXT(2) 
PARAMETRIC_REPRESENTATION_CONTEXT() REPRESENTATION_CONTEXT('2D SPACE',''
  ) );
#11644 = PCURVE('',#11496,#11645);
#11645 = DEFINITIONAL_REPRESENTATION('',(#11646),#11650);
#11646 = LINE('',#11647,#11648);
#11647 = CARTESIAN_POINT('',(0.,-0.));
#11648 = VECTOR('',#11649,1.);
#11649 = DIRECTION('',(0.,1.));
#11650 = ( GEOMETRIC_REPRESENTATION_CONTEXT(2) 
PARAMETRIC_REPRESENTATION_CONTEXT() REPRESENTATION_CONTEXT('2D SPACE',''
  ) );
#11651 = ORIENTED_EDGE('',*,*,#11652,.F.);
#11652 = EDGE_CURVE('',#11630,#11630,#11653,.T.);
#11653 = SURFACE_CURVE('',#11654,(#11659,#11666),.PCURVE_S1.);
#11654 = CIRCLE('',#11655,1.);
#11655 = AXIS2_PLACEMENT_3D('',#11656,#11657,#11658);
#11656 = CARTESIAN_POINT('',(540.,14.,2.7875E+03));
#11657 = DIRECTION('',(0.928476690885,0.,0.371390676354));
#11658 = DIRECTION('',(-0.371390676354,0.,0.928476690885));
#11659 = PCURVE('',#11496,#11660);
#11660 = DEFINITIONAL_REPRESENTATION('',(#11661),#11665);
#11661 = LINE('',#11662,#11663);
#11662 = CARTESIAN_POINT('',(0.,10.770329614269));
#11663 = VECTOR('',#11664,1.);
#11664 = DIRECTION('',(1.,0.));
#11665 = ( GEOMETRIC_REPRESENTATION_CONTEXT(2) 
PARAMETRIC_REPRESENTATION_CONTEXT() REPRESENTATION_CONTEXT('2D SPACE',''
  ) );
#11666 = PCURVE('',#11667,#11672);
#11667 = PLANE('',#11668);
#11668 = AXIS2_PLACEMENT_3D('',#11669,#11670,#11671);
#11669 = CARTESIAN_POINT('',(540.,14.,2.7875E+03));
#11670 = DIRECTION('',(0.928476690885,0.,0.371390676354));
#11671 = DIRECTION('',(-0.371390676354,0.,0.928476690885));
#11672 = DEFINITIONAL_REPRESENTATION('',(#11673),#11677);
#11673 = CIRCLE('',#11674,1.);
#11674 = AXIS2_PLACEMENT_2D('',#11675,#11676);
#11675 = CARTESIAN_POINT('',(0.,0.));
#11676 = DIRECTION('',(1.,0.));
#11677 = ( GEOMETRIC_REPRESENTATION_CONTEXT(2) 
PARAMETRIC_REPRESENTATION_CONTEXT() REPRESENTATION_CONTEXT('2D SPACE',''
  ) );
#11678 = ORIENTED_EDGE('',*,*,#11627,.F.);
#11679 = ORIENTED_EDGE('',*,*,#11680,.T.);
#11680 = EDGE_CURVE('',#11628,#11441,#11681,.T.);
#11681 = SURFACE_CURVE('',#11682,(#11687,#11694),.PCURVE_S1.);
#11682 = CIRCLE('',#11683,1.);
#11683 = AXIS2_PLACEMENT_3D('',#11684,#11685,#11686);
#11684 = CARTESIAN_POINT('',(530.,14.,2.7835E+03));
#11685 = DIRECTION('',(0.928476690885,0.,0.371390676354));
#11686 = DIRECTION('',(-0.371390676354,0.,0.928476690885));
#11687 = PCURVE('',#11496,#11688);
#11688 = DEFINITIONAL_REPRESENTATION('',(#11689),#11693);
#11689 = LINE('',#11690,#11691);
#11690 = CARTESIAN_POINT('',(0.,0.));
#11691 = VECTOR('',#11692,1.);
#11692 = DIRECTION('',(1.,0.));
#11693 = ( GEOMETRIC_REPRESENTATION_CONTEXT(2) 
PARAMETRIC_REPRESENTATION_CONTEXT() REPRESENTATION_CONTEXT('2D SPACE',''
  ) );
#11694 = PCURVE('',#11612,#11695);
#11695 = DEFINITIONAL_REPRESENTATION('',(#11696),#11700);
#11696 = CIRCLE('',#11697,1.);
#11697 = AXIS2_PLACEMENT_2D('',#11698,#11699);
#11698 = CARTESIAN_POINT('',(0.,0.));
#11699 = DIRECTION('',(1.,0.));
#11700 = ( GEOMETRIC_REPRESENTATION_CONTEXT(2) 
PARAMETRIC_REPRESENTATION_CONTEXT() REPRESENTATION_CONTEXT('2D SPACE',''
  ) );
#11701 = ORIENTED_EDGE('',*,*,#11564,.T.);
#11702 = ORIENTED_EDGE('',*,*,#11474,.T.);
#11703 = ORIENTED_EDGE('',*,*,#11704,.T.);
#11704 = EDGE_CURVE('',#11439,#11628,#11705,.T.);
#11705 = SURFACE_CURVE('',#11706,(#11711,#11718),.PCURVE_S1.);
#11706 = CIRCLE('',#11707,1.);
#11707 = AXIS2_PLACEMENT_3D('',#11708,#11709,#11710);
#11708 = CARTESIAN_POINT('',(530.,14.,2.7835E+03));
#11709 = DIRECTION('',(0.928476690885,0.,0.371390676354));
#11710 = DIRECTION('',(-0.371390676354,0.,0.928476690885));
#11711 = PCURVE('',#11496,#11712);
#11712 = DEFINITIONAL_REPRESENTATION('',(#11713),#11717);
#11713 = LINE('',#11714,#11715);
#11714 = CARTESIAN_POINT('',(0.,0.));
#11715 = VECTOR('',#11716,1.);
#11716 = DIRECTION('',(1.,0.));
#11717 = ( GEOMETRIC_REPRESENTATION_CONTEXT(2) 
PARAMETRIC_REPRESENTATION_CONTEXT() REPRESENTATION_CONTEXT('2D SPACE',''
  ) );
#11718 = PCURVE('',#11612,#11719);
#11719 = DEFINITIONAL_REPRESENTATION('',(#11720),#11724);
#11720 = CIRCLE('',#11721,1.);
#11721 = AXIS2_PLACEMENT_2D('',#11722,#11723);
#11722 = CARTESIAN_POINT('',(0.,0.));
#11723 = DIRECTION('',(1.,0.));
#11724 = ( GEOMETRIC_REPRESENTATION_CONTEXT(2) 
PARAMETRIC_REPRESENTATION_CONTEXT() REPRESENTATION_CONTEXT('2D SPACE',''
  ) );
#11725 = ADVANCED_FACE('',(#11726),#11551,.F.);
#11726 = FACE_BOUND('',#11727,.T.);
#11727 = EDGE_LOOP('',(#11728));
#11728 = ORIENTED_EDGE('',*,*,#11536,.F.);
#11729 = ADVANCED_FACE('',(#11730),#11612,.F.);
#11730 = FACE_BOUND('',#11731,.F.);
#11731 = EDGE_LOOP('',(#11732,#11733,#11734));
#11732 = ORIENTED_EDGE('',*,*,#11704,.T.);
#11733 = ORIENTED_EDGE('',*,*,#11680,.T.);
#11734 = ORIENTED_EDGE('',*,*,#11599,.T.);
#11735 = ADVANCED_FACE('',(#11736),#11667,.T.);
#11736 = FACE_BOUND('',#11737,.T.);
#11737 = EDGE_LOOP('',(#11738));
#11738 = ORIENTED_EDGE('',*,*,#11652,.T.);
#11739 = MANIFOLD_SOLID_BREP('',#11740);
#11740 = CLOSED_SHELL('',(#11741,#11829,#11833));
#11741 = ADVANCED_FACE('',(#11742),#11755,.T.);
#11742 = FACE_BOUND('',#11743,.T.);
#11743 = EDGE_LOOP('',(#11744,#11778,#11801,#11828));
#11744 = ORIENTED_EDGE('',*,*,#11745,.F.);
#11745 = EDGE_CURVE('',#11746,#11746,#11748,.T.);
#11746 = VERTEX_POINT('',#11747);
#11747 = CARTESIAN_POINT('',(340.70710678118,14.,2.786792893219E+03));
#11748 = SURFACE_CURVE('',#11749,(#11754,#11766),.PCURVE_S1.);
#11749 = CIRCLE('',#11750,1.);
#11750 = AXIS2_PLACEMENT_3D('',#11751,#11752,#11753);
#11751 = CARTESIAN_POINT('',(340.,14.,2.7875E+03));
#11752 = DIRECTION('',(0.707106781187,0.,0.707106781187));
#11753 = DIRECTION('',(0.707106781187,0.,-0.707106781187));
#11754 = PCURVE('',#11755,#11760);
#11755 = CYLINDRICAL_SURFACE('',#11756,1.);
#11756 = AXIS2_PLACEMENT_3D('',#11757,#11758,#11759);
#11757 = CARTESIAN_POINT('',(320.,14.,2.7675E+03));
#11758 = DIRECTION('',(0.707106781187,0.,0.707106781187));
#11759 = DIRECTION('',(0.707106781187,0.,-0.707106781187));
#11760 = DEFINITIONAL_REPRESENTATION('',(#11761),#11765);
#11761 = LINE('',#11762,#11763);
#11762 = CARTESIAN_POINT('',(0.,28.284271247462));
#11763 = VECTOR('',#11764,1.);
#11764 = DIRECTION('',(1.,0.));
#11765 = ( GEOMETRIC_REPRESENTATION_CONTEXT(2) 
PARAMETRIC_REPRESENTATION_CONTEXT() REPRESENTATION_CONTEXT('2D SPACE',''
  ) );
#11766 = PCURVE('',#11767,#11772);
#11767 = PLANE('',#11768);
#11768 = AXIS2_PLACEMENT_3D('',#11769,#11770,#11771);
#11769 = CARTESIAN_POINT('',(340.,14.,2.7875E+03));
#11770 = DIRECTION('',(0.707106781187,0.,0.707106781187));
#11771 = DIRECTION('',(0.707106781187,0.,-0.707106781187));
#11772 = DEFINITIONAL_REPRESENTATION('',(#11773),#11777);
#11773 = CIRCLE('',#11774,1.);
#11774 = AXIS2_PLACEMENT_2D('',#11775,#11776);
#11775 = CARTESIAN_POINT('',(0.,0.));
#11776 = DIRECTION('',(1.,0.));
#11777 = ( GEOMETRIC_REPRESENTATION_CONTEXT(2) 
PARAMETRIC_REPRESENTATION_CONTEXT() REPRESENTATION_CONTEXT('2D SPACE',''
  ) );
#11778 = ORIENTED_EDGE('',*,*,#11779,.F.);
#11779 = EDGE_CURVE('',#11780,#11746,#11782,.T.);
#11780 = VERTEX_POINT('',#11781);
#11781 = CARTESIAN_POINT('',(320.70710678118,14.,2.766792893219E+03));
#11782 = SEAM_CURVE('',#11783,(#11787,#11794),.PCURVE_S1.);
#11783 = LINE('',#11784,#11785);
#11784 = CARTESIAN_POINT('',(320.70710678118,14.,2.766792893219E+03));
#11785 = VECTOR('',#11786,1.);
#11786 = DIRECTION('',(0.707106781187,0.,0.707106781187));
#11787 = PCURVE('',#11755,#11788);
#11788 = DEFINITIONAL_REPRESENTATION('',(#11789),#11793);
#11789 = LINE('',#11790,#11791);
#11790 = CARTESIAN_POINT('',(6.28318530718,-0.));
#11791 = VECTOR('',#11792,1.);
#11792 = DIRECTION('',(0.,1.));
#11793 = ( GEOMETRIC_REPRESENTATION_CONTEXT(2) 
PARAMETRIC_REPRESENTATION_CONTEXT() REPRESENTATION_CONTEXT('2D SPACE',''
  ) );
#11794 = PCURVE('',#11755,#11795);
#11795 = DEFINITIONAL_REPRESENTATION('',(#11796),#11800);
#11796 = LINE('',#11797,#11798);
#11797 = CARTESIAN_POINT('',(0.,-0.));
#11798 = VECTOR('',#11799,1.);
#11799 = DIRECTION('',(0.,1.));
#11800 = ( GEOMETRIC_REPRESENTATION_CONTEXT(2) 
PARAMETRIC_REPRESENTATION_CONTEXT() REPRESENTATION_CONTEXT('2D SPACE',''
  ) );
#11801 = ORIENTED_EDGE('',*,*,#11802,.T.);
#11802 = EDGE_CURVE('',#11780,#11780,#11803,.T.);
#11803 = SURFACE_CURVE('',#11804,(#11809,#11816),.PCURVE_S1.);
#11804 = CIRCLE('',#11805,1.);
#11805 = AXIS2_PLACEMENT_3D('',#11806,#11807,#11808);
#11806 = CARTESIAN_POINT('',(320.,14.,2.7675E+03));
#11807 = DIRECTION('',(0.707106781187,0.,0.707106781187));
#11808 = DIRECTION('',(0.707106781187,0.,-0.707106781187));
#11809 = PCURVE('',#11755,#11810);
#11810 = DEFINITIONAL_REPRESENTATION('',(#11811),#11815);
#11811 = LINE('',#11812,#11813);
#11812 = CARTESIAN_POINT('',(0.,0.));
#11813 = VECTOR('',#11814,1.);
#11814 = DIRECTION('',(1.,0.));
#11815 = ( GEOMETRIC_REPRESENTATION_CONTEXT(2) 
PARAMETRIC_REPRESENTATION_CONTEXT() REPRESENTATION_CONTEXT('2D SPACE',''
  ) );
#11816 = PCURVE('',#11817,#11822);
#11817 = PLANE('',#11818);
#11818 = AXIS2_PLACEMENT_3D('',#11819,#11820,#11821);
#11819 = CARTESIAN_POINT('',(320.,14.,2.7675E+03));
#11820 = DIRECTION('',(0.707106781187,0.,0.707106781187));
#11821 = DIRECTION('',(0.707106781187,0.,-0.707106781187));
#11822 = DEFINITIONAL_REPRESENTATION('',(#11823),#11827);
#11823 = CIRCLE('',#11824,1.);
#11824 = AXIS2_PLACEMENT_2D('',#11825,#11826);
#11825 = CARTESIAN_POINT('',(0.,0.));
#11826 = DIRECTION('',(1.,0.));
#11827 = ( GEOMETRIC_REPRESENTATION_CONTEXT(2) 
PARAMETRIC_REPRESENTATION_CONTEXT() REPRESENTATION_CONTEXT('2D SPACE',''
  ) );
#11828 = ORIENTED_EDGE('',*,*,#11779,.T.);
#11829 = ADVANCED_FACE('',(#11830),#11767,.T.);
#11830 = FACE_BOUND('',#11831,.T.);
#11831 = EDGE_LOOP('',(#11832));
#11832 = ORIENTED_EDGE('',*,*,#11745,.T.);
#11833 = ADVANCED_FACE('',(#11834),#11817,.F.);
#11834 = FACE_BOUND('',#11835,.T.);
#11835 = EDGE_LOOP('',(#11836));
#11836 = ORIENTED_EDGE('',*,*,#11802,.F.);
#11837 = ( GEOMETRIC_REPRESENTATION_CONTEXT(3) 
GLOBAL_UNCERTAINTY_ASSIGNED_CONTEXT((#11841)) 
GLOBAL_UNIT_ASSIGNED_CONTEXT((#11838,#11839,#11840)) 
REPRESENTATION_CONTEXT('Context #1',
  '3D Context with UNIT and UNCERTAINTY') );
#11838 = ( LENGTH_UNIT() NAMED_UNIT(*) SI_UNIT(.MILLI.,.METRE.) );
#11839 = ( NAMED_UNIT(*) PLANE_ANGLE_UNIT() SI_UNIT($,.RADIAN.) );
#11840 = ( NAMED_UNIT(*) SI_UNIT($,.STERADIAN.) SOLID_ANGLE_UNIT() );
#11841 = UNCERTAINTY_MEASURE_WITH_UNIT(LENGTH_MEASURE(2.E-07),#11838,
  'distance_accuracy_value','confusion accuracy');
#11842 = CONTEXT_DEPENDENT_SHAPE_REPRESENTATION(#11843,#11845);
#11843 = ( REPRESENTATION_RELATIONSHIP('','',#11431,#10) 
REPRESENTATION_RELATIONSHIP_WITH_TRANSFORMATION(#11844) 
SHAPE_REPRESENTATION_RELATIONSHIP() );
#11844 = ITEM_DEFINED_TRANSFORMATION('','',#11,#47);
#11845 = PRODUCT_DEFINITION_SHAPE('Placement','Placement of an item',
  #11846);
#11846 = NEXT_ASSEMBLY_USAGE_OCCURRENCE('20','=>[0:1:1:10]','',#5,#11426
  ,$);
#11847 = PRODUCT_RELATED_PRODUCT_CATEGORY('part',$,(#11428));
ENDSEC;
END-ISO-10303-21;
